project_id,task_id,task_type,planned_duration_days,actual_duration_days,delay_days,grace_period_days,penalty_per_day_inr,contractor_past_delay_rate,is_monsoon_period,material_supply_delay,preceding_task_delayed,task_sequence_index,delay_cause,violation,penalty_amount_inr,data_source
PROJ_0001,PROJ_0001_T01,guardrail_installation,25,29,4,5,10000,0.11,1,0,0,0,rain_monsoon,0,0,synthetic
PROJ_0001,PROJ_0001_T02,road_marking_and_signage_installation,15,17,2,0,10000,0.11,0,0,1,1,labour_dispute,1,20000,synthetic
PROJ_0001,PROJ_0001_T03,sub_base_course_preparation,45,36,0,0,10000,0.11,0,0,1,2,on_schedule,0,0,synthetic
PROJ_0002,PROJ_0002_T01,sub_base_course_preparation,45,39,0,0,10000,0.21,1,0,0,0,on_schedule,0,0,synthetic
PROJ_0002,PROJ_0002_T02,guardrail_installation,25,38,13,5,10000,0.21,1,0,0,1,rain_monsoon,1,80000,synthetic
PROJ_0002,PROJ_0002_T03,bituminous_macadam_laying,30,28,0,3,10000,0.21,1,0,1,2,on_schedule,0,0,synthetic
PROJ_0002,PROJ_0002_T04,site_clearance_and_excavation,20,19,0,0,10000,0.21,0,0,0,3,on_schedule,0,0,synthetic
PROJ_0002,PROJ_0002_T05,road_marking_and_signage_installation,15,15,0,0,10000,0.21,0,0,0,4,on_schedule,0,0,synthetic
PROJ_0002,PROJ_0002_T06,bridge_deck_construction,60,58,0,7,10000,0.21,1,0,0,5,on_schedule,0,0,synthetic
PROJ_0003,PROJ_0003_T01,bituminous_macadam_laying,30,30,0,3,10000,0.45,0,0,0,0,on_schedule,0,0,synthetic
PROJ_0003,PROJ_0003_T02,road_marking_and_signage_installation,15,15,0,0,10000,0.45,1,0,0,1,on_schedule,0,0,synthetic
PROJ_0003,PROJ_0003_T03,guardrail_installation,25,37,12,5,10000,0.45,1,0,0,2,labour_dispute,1,70000,synthetic
PROJ_0003,PROJ_0003_T04,bridge_deck_construction,60,58,0,7,10000,0.45,0,0,1,3,on_schedule,0,0,synthetic
PROJ_0004,PROJ_0004_T01,road_marking_and_signage_installation,15,13,0,0,10000,0.37,1,0,0,0,on_schedule,0,0,synthetic
PROJ_0004,PROJ_0004_T02,bridge_deck_construction,60,60,0,7,10000,0.37,0,0,0,1,on_schedule,0,0,synthetic
PROJ_0004,PROJ_0004_T03,site_clearance_and_excavation,20,22,2,0,10000,0.37,1,0,0,2,utility_shifting,1,20000,synthetic
PROJ_0004,PROJ_0004_T04,sub_base_course_preparation,45,59,14,0,10000,0.37,0,0,1,3,utility_shifting,1,140000,synthetic
PROJ_0005,PROJ_0005_T01,bridge_deck_construction,60,56,0,7,10000,0.3,1,0,0,0,on_schedule,0,0,synthetic
PROJ_0005,PROJ_0005_T02,site_clearance_and_excavation,20,19,0,0,10000,0.3,1,0,0,1,on_schedule,0,0,synthetic
PROJ_0005,PROJ_0005_T03,road_marking_and_signage_installation,15,13,0,0,10000,0.3,1,0,0,2,on_schedule,0,0,synthetic
PROJ_0005,PROJ_0005_T04,sub_base_course_preparation,45,49,4,0,10000,0.3,0,0,0,3,rain_monsoon,1,40000,synthetic
PROJ_0005,PROJ_0005_T05,bituminous_macadam_laying,30,30,0,3,10000,0.3,1,0,1,4,on_schedule,0,0,synthetic
PROJ_0005,PROJ_0005_T06,guardrail_installation,25,23,0,5,10000,0.3,1,0,0,5,on_schedule,0,0,synthetic
PROJ_0006,PROJ_0006_T01,sub_base_course_preparation,45,73,28,0,10000,0.36,1,0,0,0,equipment_breakdown,1,280000,synthetic
PROJ_0006,PROJ_0006_T02,bituminous_macadam_laying,30,39,9,3,10000,0.36,0,0,1,1,equipment_breakdown,1,60000,synthetic
PROJ_0006,PROJ_0006_T03,bridge_deck_construction,60,52,0,7,10000,0.36,0,0,1,2,on_schedule,0,0,synthetic
PROJ_0006,PROJ_0006_T04,guardrail_installation,25,31,6,5,10000,0.36,1,1,0,3,material_shortage,1,10000,synthetic
PROJ_0006,PROJ_0006_T05,road_marking_and_signage_installation,15,12,0,0,10000,0.36,1,0,1,4,on_schedule,0,0,synthetic
PROJ_0006,PROJ_0006_T06,site_clearance_and_excavation,20,18,0,0,10000,0.36,0,0,0,5,on_schedule,0,0,synthetic
PROJ_0007,PROJ_0007_T01,sub_base_course_preparation,45,37,0,0,10000,0.22,0,0,0,0,on_schedule,0,0,synthetic
PROJ_0007,PROJ_0007_T02,bituminous_macadam_laying,30,46,16,3,10000,0.22,1,0,0,1,equipment_breakdown,1,130000,synthetic
PROJ_0007,PROJ_0007_T03,bridge_deck_construction,60,57,0,7,10000,0.22,1,0,1,2,on_schedule,0,0,synthetic
PROJ_0008,PROJ_0008_T01,bridge_deck_construction,60,58,0,7,10000,0.56,1,0,0,0,on_schedule,0,0,synthetic
PROJ_0008,PROJ_0008_T02,road_marking_and_signage_installation,15,15,0,0,10000,0.56,0,0,0,1,on_schedule,0,0,synthetic
PROJ_0008,PROJ_0008_T03,guardrail_installation,25,28,3,5,10000,0.56,0,0,0,2,utility_shifting,0,0,synthetic
PROJ_0008,PROJ_0008_T04,sub_base_course_preparation,45,39,0,0,10000,0.56,0,0,1,3,on_schedule,0,0,synthetic
PROJ_0009,PROJ_0009_T01,bridge_deck_construction,60,63,3,7,10000,0.14,0,0,0,0,utility_shifting,0,0,synthetic
PROJ_0009,PROJ_0009_T02,bituminous_macadam_laying,30,26,0,3,10000,0.14,1,0,1,1,on_schedule,0,0,synthetic
PROJ_0009,PROJ_0009_T03,road_marking_and_signage_installation,15,18,3,0,10000,0.14,0,0,0,2,subcontractor_failure,1,30000,synthetic
PROJ_0010,PROJ_0010_T01,road_marking_and_signage_installation,15,15,0,0,10000,0.5,0,0,0,0,on_schedule,0,0,synthetic
PROJ_0010,PROJ_0010_T02,bituminous_macadam_laying,30,29,0,3,10000,0.5,0,0,0,1,on_schedule,0,0,synthetic
PROJ_0010,PROJ_0010_T03,sub_base_course_preparation,45,67,22,0,10000,0.5,0,0,0,2,rain_monsoon,1,220000,synthetic
PROJ_0010,PROJ_0010_T04,guardrail_installation,25,43,18,5,10000,0.5,0,0,1,3,subcontractor_failure,1,130000,synthetic
PROJ_0010,PROJ_0010_T05,bridge_deck_construction,60,52,0,7,10000,0.5,1,0,1,4,on_schedule,0,0,synthetic
PROJ_0010,PROJ_0010_T06,site_clearance_and_excavation,20,23,3,0,10000,0.5,0,0,0,5,subcontractor_failure,1,30000,synthetic
PROJ_0011,PROJ_0011_T01,sub_base_course_preparation,45,39,0,0,10000,0.43,0,0,0,0,on_schedule,0,0,synthetic
PROJ_0011,PROJ_0011_T02,bituminous_macadam_laying,30,27,0,3,10000,0.43,0,0,0,1,on_schedule,0,0,synthetic
PROJ_0011,PROJ_0011_T03,bridge_deck_construction,60,48,0,7,10000,0.43,0,0,0,2,on_schedule,0,0,synthetic
PROJ_0012,PROJ_0012_T01,site_clearance_and_excavation,20,30,10,0,10000,0.1,0,0,0,0,labour_dispute,1,100000,synthetic
PROJ_0012,PROJ_0012_T02,guardrail_installation,25,24,0,5,10000,0.1,0,0,1,1,on_schedule,0,0,synthetic
PROJ_0012,PROJ_0012_T03,bridge_deck_construction,60,48,0,7,10000,0.1,0,0,0,2,on_schedule,0,0,synthetic
PROJ_0012,PROJ_0012_T04,road_marking_and_signage_installation,15,13,0,0,10000,0.1,0,0,0,3,on_schedule,0,0,synthetic
PROJ_0012,PROJ_0012_T05,sub_base_course_preparation,45,37,0,0,10000,0.1,0,0,0,4,on_schedule,0,0,synthetic
PROJ_0012,PROJ_0012_T06,bituminous_macadam_laying,30,33,3,3,10000,0.1,1,0,0,5,labour_dispute,0,0,synthetic
PROJ_0013,PROJ_0013_T01,sub_base_course_preparation,45,42,0,0,10000,0.57,1,0,0,0,on_schedule,0,0,synthetic
PROJ_0013,PROJ_0013_T02,road_marking_and_signage_installation,15,13,0,0,10000,0.57,1,0,0,1,on_schedule,0,0,synthetic
PROJ_0013,PROJ_0013_T03,bituminous_macadam_laying,30,43,13,3,10000,0.57,1,0,0,2,equipment_breakdown,1,100000,synthetic
PROJ_0014,PROJ_0014_T01,bituminous_macadam_laying,30,28,0,3,10000,0.26,1,0,0,0,on_schedule,0,0,synthetic
PROJ_0014,PROJ_0014_T02,bridge_deck_construction,60,83,23,7,10000,0.26,0,0,0,1,rain_monsoon,1,160000,synthetic
PROJ_0014,PROJ_0014_T03,site_clearance_and_excavation,20,17,0,0,10000,0.26,1,0,1,2,on_schedule,0,0,synthetic
PROJ_0014,PROJ_0014_T04,guardrail_installation,25,25,0,5,10000,0.26,1,0,0,3,on_schedule,0,0,synthetic
PROJ_0014,PROJ_0014_T05,sub_base_course_preparation,45,44,0,0,10000,0.26,0,0,0,4,on_schedule,0,0,synthetic
PROJ_0014,PROJ_0014_T06,road_marking_and_signage_installation,15,14,0,0,10000,0.26,0,0,0,5,on_schedule,0,0,synthetic
PROJ_0015,PROJ_0015_T01,bituminous_macadam_laying,30,25,0,3,10000,0.23,1,0,0,0,on_schedule,0,0,synthetic
PROJ_0015,PROJ_0015_T02,sub_base_course_preparation,45,62,17,0,10000,0.23,1,0,0,1,subcontractor_failure,1,170000,synthetic
PROJ_0015,PROJ_0015_T03,road_marking_and_signage_installation,15,12,0,0,10000,0.23,0,0,1,2,on_schedule,0,0,synthetic
PROJ_0015,PROJ_0015_T04,site_clearance_and_excavation,20,18,0,0,10000,0.23,0,0,0,3,on_schedule,0,0,synthetic
PROJ_0016,PROJ_0016_T01,road_marking_and_signage_installation,15,15,0,0,10000,0.27,0,0,0,0,on_schedule,0,0,synthetic
PROJ_0016,PROJ_0016_T02,guardrail_installation,25,30,5,5,10000,0.27,1,1,0,1,material_shortage,0,0,synthetic
PROJ_0016,PROJ_0016_T03,bridge_deck_construction,60,50,0,7,10000,0.27,1,0,1,2,on_schedule,0,0,synthetic
PROJ_0017,PROJ_0017_T01,guardrail_installation,25,25,0,5,10000,0.12,0,0,0,0,on_schedule,0,0,synthetic
PROJ_0017,PROJ_0017_T02,bituminous_macadam_laying,30,28,0,3,10000,0.12,1,0,0,1,on_schedule,0,0,synthetic
PROJ_0017,PROJ_0017_T03,bridge_deck_construction,60,59,0,7,10000,0.12,0,0,0,2,on_schedule,0,0,synthetic
PROJ_0017,PROJ_0017_T04,sub_base_course_preparation,45,39,0,0,10000,0.12,0,0,0,3,on_schedule,0,0,synthetic
PROJ_0018,PROJ_0018_T01,bituminous_macadam_laying,30,30,0,3,10000,0.54,0,0,0,0,on_schedule,0,0,synthetic
PROJ_0018,PROJ_0018_T02,road_marking_and_signage_installation,15,28,13,0,10000,0.54,1,0,0,1,rain_monsoon,1,130000,synthetic
PROJ_0018,PROJ_0018_T03,guardrail_installation,25,23,0,5,10000,0.54,0,0,1,2,on_schedule,0,0,synthetic
PROJ_0018,PROJ_0018_T04,sub_base_course_preparation,45,75,30,0,10000,0.54,1,0,0,3,utility_shifting,1,300000,synthetic
PROJ_0019,PROJ_0019_T01,bridge_deck_construction,60,49,0,7,10000,0.21,1,0,0,0,on_schedule,0,0,synthetic
PROJ_0019,PROJ_0019_T02,road_marking_and_signage_installation,15,15,0,0,10000,0.21,1,0,0,1,on_schedule,0,0,synthetic
PROJ_0019,PROJ_0019_T03,site_clearance_and_excavation,20,16,0,0,10000,0.21,1,0,0,2,on_schedule,0,0,synthetic
PROJ_0019,PROJ_0019_T04,sub_base_course_preparation,45,62,17,0,10000,0.21,0,1,0,3,material_shortage,1,170000,synthetic
PROJ_0020,PROJ_0020_T01,guardrail_installation,25,39,14,5,10000,0.27,0,1,0,0,material_shortage,1,90000,synthetic
PROJ_0020,PROJ_0020_T02,site_clearance_and_excavation,20,16,0,0,10000,0.27,1,0,1,1,on_schedule,0,0,synthetic
PROJ_0020,PROJ_0020_T03,bituminous_macadam_laying,30,29,0,3,10000,0.27,0,0,0,2,on_schedule,0,0,synthetic
PROJ_0020,PROJ_0020_T04,road_marking_and_signage_installation,15,14,0,0,10000,0.27,1,0,0,3,on_schedule,0,0,synthetic
PROJ_0020,PROJ_0020_T05,sub_base_course_preparation,45,41,0,0,10000,0.27,1,0,0,4,on_schedule,0,0,synthetic
PROJ_0020,PROJ_0020_T06,bridge_deck_construction,60,56,0,7,10000,0.27,0,0,0,5,on_schedule,0,0,synthetic
PROJ_0021,PROJ_0021_T01,site_clearance_and_excavation,20,16,0,0,10000,0.31,1,0,0,0,on_schedule,0,0,synthetic
PROJ_0021,PROJ_0021_T02,road_marking_and_signage_installation,15,15,0,0,10000,0.31,1,0,0,1,on_schedule,0,0,synthetic
PROJ_0021,PROJ_0021_T03,guardrail_installation,25,23,0,5,10000,0.31,0,0,0,2,on_schedule,0,0,synthetic
PROJ_0021,PROJ_0021_T04,sub_base_course_preparation,45,38,0,0,10000,0.31,0,0,0,3,on_schedule,0,0,synthetic
PROJ_0022,PROJ_0022_T01,bridge_deck_construction,60,51,0,7,10000,0.36,0,0,0,0,on_schedule,0,0,synthetic
PROJ_0022,PROJ_0022_T02,sub_base_course_preparation,45,48,3,0,10000,0.36,1,0,0,1,labour_dispute,1,30000,synthetic
PROJ_0022,PROJ_0022_T03,guardrail_installation,25,20,0,5,10000,0.36,1,0,1,2,on_schedule,0,0,synthetic
PROJ_0022,PROJ_0022_T04,bituminous_macadam_laying,30,29,0,3,10000,0.36,0,0,0,3,on_schedule,0,0,synthetic
PROJ_0022,PROJ_0022_T05,site_clearance_and_excavation,20,19,0,0,10000,0.36,1,0,0,4,on_schedule,0,0,synthetic
PROJ_0023,PROJ_0023_T01,bridge_deck_construction,60,59,0,7,10000,0.22,1,0,0,0,on_schedule,0,0,synthetic
PROJ_0023,PROJ_0023_T02,bituminous_macadam_laying,30,38,8,3,10000,0.22,1,0,0,1,rain_monsoon,1,50000,synthetic
PROJ_0023,PROJ_0023_T03,sub_base_course_preparation,45,75,30,0,10000,0.22,1,0,1,2,utility_shifting,1,300000,synthetic
PROJ_0023,PROJ_0023_T04,road_marking_and_signage_installation,15,15,0,0,10000,0.22,1,0,1,3,on_schedule,0,0,synthetic
PROJ_0023,PROJ_0023_T05,site_clearance_and_excavation,20,19,0,0,10000,0.22,1,0,0,4,on_schedule,0,0,synthetic
PROJ_0023,PROJ_0023_T06,guardrail_installation,25,33,8,5,10000,0.22,1,0,0,5,land_acquisition,1,30000,synthetic
PROJ_0024,PROJ_0024_T01,bituminous_macadam_laying,30,28,0,3,10000,0.24,0,0,0,0,on_schedule,0,0,synthetic
PROJ_0024,PROJ_0024_T02,guardrail_installation,25,33,8,5,10000,0.24,0,0,0,1,design_change,1,30000,synthetic
PROJ_0024,PROJ_0024_T03,road_marking_and_signage_installation,15,12,0,0,10000,0.24,1,0,1,2,on_schedule,0,0,synthetic
PROJ_0024,PROJ_0024_T04,site_clearance_and_excavation,20,20,0,0,10000,0.24,1,0,0,3,on_schedule,0,0,synthetic
PROJ_0025,PROJ_0025_T01,site_clearance_and_excavation,20,32,12,0,10000,0.13,1,0,0,0,land_acquisition,1,120000,synthetic
PROJ_0025,PROJ_0025_T02,bridge_deck_construction,60,54,0,7,10000,0.13,0,0,1,1,on_schedule,0,0,synthetic
PROJ_0025,PROJ_0025_T03,bituminous_macadam_laying,30,26,0,3,10000,0.13,1,0,0,2,on_schedule,0,0,synthetic
PROJ_0025,PROJ_0025_T04,guardrail_installation,25,23,0,5,10000,0.13,1,0,0,3,on_schedule,0,0,synthetic
PROJ_0025,PROJ_0025_T05,road_marking_and_signage_installation,15,15,0,0,10000,0.13,0,0,0,4,on_schedule,0,0,synthetic
PROJ_0025,PROJ_0025_T06,sub_base_course_preparation,45,38,0,0,10000,0.13,0,0,0,5,on_schedule,0,0,synthetic
PROJ_0026,PROJ_0026_T01,bridge_deck_construction,60,50,0,7,10000,0.4,0,0,0,0,on_schedule,0,0,synthetic
PROJ_0026,PROJ_0026_T02,bituminous_macadam_laying,30,26,0,3,10000,0.4,0,0,0,1,on_schedule,0,0,synthetic
PROJ_0026,PROJ_0026_T03,sub_base_course_preparation,45,41,0,0,10000,0.4,1,0,0,2,on_schedule,0,0,synthetic
PROJ_0026,PROJ_0026_T04,guardrail_installation,25,39,14,5,10000,0.4,0,0,0,3,land_acquisition,1,90000,synthetic
PROJ_0026,PROJ_0026_T05,road_marking_and_signage_installation,15,12,0,0,10000,0.4,1,0,1,4,on_schedule,0,0,synthetic
PROJ_0026,PROJ_0026_T06,site_clearance_and_excavation,20,23,3,0,10000,0.4,0,1,0,5,material_shortage,1,30000,synthetic
PROJ_0027,PROJ_0027_T01,bituminous_macadam_laying,30,52,22,3,10000,0.2,0,0,0,0,rain_monsoon,1,190000,synthetic
PROJ_0027,PROJ_0027_T02,sub_base_course_preparation,45,40,0,0,10000,0.2,1,0,1,1,on_schedule,0,0,synthetic
PROJ_0027,PROJ_0027_T03,road_marking_and_signage_installation,15,25,10,0,10000,0.2,0,0,0,2,rain_monsoon,1,100000,synthetic
PROJ_0027,PROJ_0027_T04,bridge_deck_construction,60,49,0,7,10000,0.2,0,0,1,3,on_schedule,0,0,synthetic
PROJ_0028,PROJ_0028_T01,site_clearance_and_excavation,20,30,10,0,10000,0.39,0,0,0,0,rain_monsoon,1,100000,synthetic
PROJ_0028,PROJ_0028_T02,bridge_deck_construction,60,54,0,7,10000,0.39,1,0,1,1,on_schedule,0,0,synthetic
PROJ_0028,PROJ_0028_T03,road_marking_and_signage_installation,15,26,11,0,10000,0.39,0,0,0,2,utility_shifting,1,110000,synthetic
PROJ_0028,PROJ_0028_T04,bituminous_macadam_laying,30,30,0,3,10000,0.39,1,0,1,3,on_schedule,0,0,synthetic
PROJ_0028,PROJ_0028_T05,guardrail_installation,25,37,12,5,10000,0.39,0,0,0,4,subcontractor_failure,1,70000,synthetic
PROJ_0029,PROJ_0029_T01,sub_base_course_preparation,45,39,0,0,10000,0.19,0,0,0,0,on_schedule,0,0,synthetic
PROJ_0029,PROJ_0029_T02,guardrail_installation,25,23,0,5,10000,0.19,0,0,0,1,on_schedule,0,0,synthetic
PROJ_0029,PROJ_0029_T03,site_clearance_and_excavation,20,20,0,0,10000,0.19,1,0,0,2,on_schedule,0,0,synthetic
PROJ_0029,PROJ_0029_T04,road_marking_and_signage_installation,15,15,0,0,10000,0.19,1,0,0,3,on_schedule,0,0,synthetic
PROJ_0029,PROJ_0029_T05,bridge_deck_construction,60,74,14,7,10000,0.19,1,0,0,4,utility_shifting,1,70000,synthetic
PROJ_0029,PROJ_0029_T06,bituminous_macadam_laying,30,28,0,3,10000,0.19,1,0,1,5,on_schedule,0,0,synthetic
PROJ_0030,PROJ_0030_T01,road_marking_and_signage_installation,15,15,0,0,10000,0.36,0,0,0,0,on_schedule,0,0,synthetic
PROJ_0030,PROJ_0030_T02,bituminous_macadam_laying,30,29,0,3,10000,0.36,1,0,0,1,on_schedule,0,0,synthetic
PROJ_0030,PROJ_0030_T03,bridge_deck_construction,60,48,0,7,10000,0.36,0,0,0,2,on_schedule,0,0,synthetic
PROJ_0031,PROJ_0031_T01,bridge_deck_construction,60,56,0,7,10000,0.21,1,0,0,0,on_schedule,0,0,synthetic
PROJ_0031,PROJ_0031_T02,road_marking_and_signage_installation,15,14,0,0,10000,0.21,1,0,0,1,on_schedule,0,0,synthetic
PROJ_0031,PROJ_0031_T03,guardrail_installation,25,22,0,5,10000,0.21,1,0,0,2,on_schedule,0,0,synthetic
PROJ_0031,PROJ_0031_T04,site_clearance_and_excavation,20,24,4,0,10000,0.21,1,0,0,3,labour_dispute,1,40000,synthetic
PROJ_0031,PROJ_0031_T05,sub_base_course_preparation,45,57,12,0,10000,0.21,0,0,1,4,labour_dispute,1,120000,synthetic
PROJ_0032,PROJ_0032_T01,sub_base_course_preparation,45,38,0,0,10000,0.24,1,0,0,0,on_schedule,0,0,synthetic
PROJ_0032,PROJ_0032_T02,bridge_deck_construction,60,95,35,7,10000,0.24,1,0,0,1,equipment_breakdown,1,280000,synthetic
PROJ_0032,PROJ_0032_T03,guardrail_installation,25,27,2,5,10000,0.24,0,0,1,2,land_acquisition,0,0,synthetic
PROJ_0032,PROJ_0032_T04,bituminous_macadam_laying,30,30,0,3,10000,0.24,1,0,1,3,on_schedule,0,0,synthetic
PROJ_0032,PROJ_0032_T05,site_clearance_and_excavation,20,21,1,0,10000,0.24,1,0,0,4,land_acquisition,1,10000,synthetic
PROJ_0032,PROJ_0032_T06,road_marking_and_signage_installation,15,14,0,0,10000,0.24,0,0,1,5,on_schedule,0,0,synthetic
PROJ_0033,PROJ_0033_T01,site_clearance_and_excavation,20,16,0,0,10000,0.23,0,0,0,0,on_schedule,0,0,synthetic
PROJ_0033,PROJ_0033_T02,bituminous_macadam_laying,30,49,19,3,10000,0.23,0,0,0,1,land_acquisition,1,160000,synthetic
PROJ_0033,PROJ_0033_T03,sub_base_course_preparation,45,37,0,0,10000,0.23,1,0,1,2,on_schedule,0,0,synthetic
PROJ_0034,PROJ_0034_T01,site_clearance_and_excavation,20,19,0,0,10000,0.49,1,0,0,0,on_schedule,0,0,synthetic
PROJ_0034,PROJ_0034_T02,bridge_deck_construction,60,48,0,7,10000,0.49,0,0,0,1,on_schedule,0,0,synthetic
PROJ_0034,PROJ_0034_T03,sub_base_course_preparation,45,39,0,0,10000,0.49,0,0,0,2,on_schedule,0,0,synthetic
PROJ_0034,PROJ_0034_T04,road_marking_and_signage_installation,15,17,2,0,10000,0.49,0,0,0,3,equipment_breakdown,1,20000,synthetic
PROJ_0035,PROJ_0035_T01,road_marking_and_signage_installation,15,15,0,0,10000,0.38,1,0,0,0,on_schedule,0,0,synthetic
PROJ_0035,PROJ_0035_T02,bituminous_macadam_laying,30,40,10,3,10000,0.38,1,0,0,1,land_acquisition,1,70000,synthetic
PROJ_0035,PROJ_0035_T03,site_clearance_and_excavation,20,28,8,0,10000,0.38,0,0,1,2,land_acquisition,1,80000,synthetic
PROJ_0035,PROJ_0035_T04,bridge_deck_construction,60,56,0,7,10000,0.38,0,0,1,3,on_schedule,0,0,synthetic
PROJ_0036,PROJ_0036_T01,road_marking_and_signage_installation,15,14,0,0,10000,0.55,1,0,0,0,on_schedule,0,0,synthetic
PROJ_0036,PROJ_0036_T02,bituminous_macadam_laying,30,53,23,3,10000,0.55,1,0,0,1,land_acquisition,1,200000,synthetic
PROJ_0036,PROJ_0036_T03,sub_base_course_preparation,45,44,0,0,10000,0.55,1,0,1,2,on_schedule,0,0,synthetic
PROJ_0036,PROJ_0036_T04,site_clearance_and_excavation,20,20,0,0,10000,0.55,0,0,0,3,on_schedule,0,0,synthetic
PROJ_0037,PROJ_0037_T01,sub_base_course_preparation,45,40,0,0,10000,0.47,0,0,0,0,on_schedule,0,0,synthetic
PROJ_0037,PROJ_0037_T02,guardrail_installation,25,21,0,5,10000,0.47,1,0,0,1,on_schedule,0,0,synthetic
PROJ_0037,PROJ_0037_T03,bituminous_macadam_laying,30,27,0,3,10000,0.47,1,0,0,2,on_schedule,0,0,synthetic
PROJ_0037,PROJ_0037_T04,site_clearance_and_excavation,20,34,14,0,10000,0.47,0,0,0,3,subcontractor_failure,1,140000,synthetic
PROJ_0037,PROJ_0037_T05,bridge_deck_construction,60,54,0,7,10000,0.47,1,0,1,4,on_schedule,0,0,synthetic
PROJ_0037,PROJ_0037_T06,road_marking_and_signage_installation,15,17,2,0,10000,0.47,1,0,0,5,equipment_breakdown,1,20000,synthetic
PROJ_0038,PROJ_0038_T01,guardrail_installation,25,20,0,5,10000,0.45,1,0,0,0,on_schedule,0,0,synthetic
PROJ_0038,PROJ_0038_T02,site_clearance_and_excavation,20,16,0,0,10000,0.45,1,0,0,1,on_schedule,0,0,synthetic
PROJ_0038,PROJ_0038_T03,bituminous_macadam_laying,30,25,0,3,10000,0.45,1,0,0,2,on_schedule,0,0,synthetic
PROJ_0038,PROJ_0038_T04,road_marking_and_signage_installation,15,15,0,0,10000,0.45,1,0,0,3,on_schedule,0,0,synthetic
PROJ_0038,PROJ_0038_T05,sub_base_course_preparation,45,39,0,0,10000,0.45,1,0,0,4,on_schedule,0,0,synthetic
PROJ_0038,PROJ_0038_T06,bridge_deck_construction,60,52,0,7,10000,0.45,1,0,0,5,on_schedule,0,0,synthetic
PROJ_0039,PROJ_0039_T01,bridge_deck_construction,60,56,0,7,10000,0.16,1,0,0,0,on_schedule,0,0,synthetic
PROJ_0039,PROJ_0039_T02,sub_base_course_preparation,45,53,8,0,10000,0.16,0,0,0,1,subcontractor_failure,1,80000,synthetic
PROJ_0039,PROJ_0039_T03,road_marking_and_signage_installation,15,13,0,0,10000,0.16,1,0,1,2,on_schedule,0,0,synthetic
PROJ_0039,PROJ_0039_T04,guardrail_installation,25,22,0,5,10000,0.16,1,0,0,3,on_schedule,0,0,synthetic
PROJ_0039,PROJ_0039_T05,bituminous_macadam_laying,30,27,0,3,10000,0.16,1,0,0,4,on_schedule,0,0,synthetic
PROJ_0039,PROJ_0039_T06,site_clearance_and_excavation,20,25,5,0,10000,0.16,0,0,0,5,design_change,1,50000,synthetic
PROJ_0040,PROJ_0040_T01,guardrail_installation,25,20,0,5,10000,0.53,1,0,0,0,on_schedule,0,0,synthetic
PROJ_0040,PROJ_0040_T02,site_clearance_and_excavation,20,20,0,0,10000,0.53,1,0,0,1,on_schedule,0,0,synthetic
PROJ_0040,PROJ_0040_T03,bridge_deck_construction,60,55,0,7,10000,0.53,1,0,0,2,on_schedule,0,0,synthetic
PROJ_0040,PROJ_0040_T04,sub_base_course_preparation,45,44,0,0,10000,0.53,1,0,0,3,on_schedule,0,0,synthetic
PROJ_0041,PROJ_0041_T01,road_marking_and_signage_installation,15,15,0,0,10000,0.57,1,0,0,0,on_schedule,0,0,synthetic
PROJ_0041,PROJ_0041_T02,bridge_deck_construction,60,58,0,7,10000,0.57,0,0,0,1,on_schedule,0,0,synthetic
PROJ_0041,PROJ_0041_T03,site_clearance_and_excavation,20,16,0,0,10000,0.57,0,0,0,2,on_schedule,0,0,synthetic
PROJ_0041,PROJ_0041_T04,bituminous_macadam_laying,30,28,0,3,10000,0.57,1,0,0,3,on_schedule,0,0,synthetic
PROJ_0041,PROJ_0041_T05,sub_base_course_preparation,45,43,0,0,10000,0.57,0,0,0,4,on_schedule,0,0,synthetic
PROJ_0041,PROJ_0041_T06,guardrail_installation,25,23,0,5,10000,0.57,0,0,0,5,on_schedule,0,0,synthetic
PROJ_0042,PROJ_0042_T01,bridge_deck_construction,60,52,0,7,10000,0.3,1,0,0,0,on_schedule,0,0,synthetic
PROJ_0042,PROJ_0042_T02,road_marking_and_signage_installation,15,15,0,0,10000,0.3,0,0,0,1,on_schedule,0,0,synthetic
PROJ_0042,PROJ_0042_T03,bituminous_macadam_laying,30,30,0,3,10000,0.3,1,0,0,2,on_schedule,0,0,synthetic
PROJ_0042,PROJ_0042_T04,sub_base_course_preparation,45,43,0,0,10000,0.3,0,0,0,3,on_schedule,0,0,synthetic
PROJ_0043,PROJ_0043_T01,bridge_deck_construction,60,54,0,7,10000,0.22,0,0,0,0,on_schedule,0,0,synthetic
PROJ_0043,PROJ_0043_T02,guardrail_installation,25,25,0,5,10000,0.22,0,0,0,1,on_schedule,0,0,synthetic
PROJ_0043,PROJ_0043_T03,road_marking_and_signage_installation,15,14,0,0,10000,0.22,0,0,0,2,on_schedule,0,0,synthetic
PROJ_0044,PROJ_0044_T01,bituminous_macadam_laying,30,25,0,3,10000,0.26,0,0,0,0,on_schedule,0,0,synthetic
PROJ_0044,PROJ_0044_T02,guardrail_installation,25,24,0,5,10000,0.26,0,0,0,1,on_schedule,0,0,synthetic
PROJ_0044,PROJ_0044_T03,sub_base_course_preparation,45,51,6,0,10000,0.26,0,0,0,2,design_change,1,60000,synthetic
PROJ_0045,PROJ_0045_T01,road_marking_and_signage_installation,15,16,1,0,10000,0.56,1,0,0,0,subcontractor_failure,1,10000,synthetic
PROJ_0045,PROJ_0045_T02,bridge_deck_construction,60,50,0,7,10000,0.56,0,0,1,1,on_schedule,0,0,synthetic
PROJ_0045,PROJ_0045_T03,site_clearance_and_excavation,20,18,0,0,10000,0.56,1,0,0,2,on_schedule,0,0,synthetic
PROJ_0045,PROJ_0045_T04,guardrail_installation,25,23,0,5,10000,0.56,1,0,0,3,on_schedule,0,0,synthetic
PROJ_0045,PROJ_0045_T05,sub_base_course_preparation,45,40,0,0,10000,0.56,0,0,0,4,on_schedule,0,0,synthetic
PROJ_0045,PROJ_0045_T06,bituminous_macadam_laying,30,30,0,3,10000,0.56,1,0,0,5,on_schedule,0,0,synthetic
PROJ_0046,PROJ_0046_T01,sub_base_course_preparation,45,40,0,0,10000,0.22,0,0,0,0,on_schedule,0,0,synthetic
PROJ_0046,PROJ_0046_T02,guardrail_installation,25,25,0,5,10000,0.22,1,0,0,1,on_schedule,0,0,synthetic
PROJ_0046,PROJ_0046_T03,bridge_deck_construction,60,57,0,7,10000,0.22,0,0,0,2,on_schedule,0,0,synthetic
PROJ_0047,PROJ_0047_T01,guardrail_installation,25,25,0,5,10000,0.52,0,0,0,0,on_schedule,0,0,synthetic
PROJ_0047,PROJ_0047_T02,road_marking_and_signage_installation,15,12,0,0,10000,0.52,1,0,0,1,on_schedule,0,0,synthetic
PROJ_0047,PROJ_0047_T03,bridge_deck_construction,60,48,0,7,10000,0.52,1,0,0,2,on_schedule,0,0,synthetic
PROJ_0047,PROJ_0047_T04,bituminous_macadam_laying,30,24,0,3,10000,0.52,1,0,0,3,on_schedule,0,0,synthetic
PROJ_0047,PROJ_0047_T05,site_clearance_and_excavation,20,19,0,0,10000,0.52,0,0,0,4,on_schedule,0,0,synthetic
PROJ_0047,PROJ_0047_T06,sub_base_course_preparation,45,69,24,0,10000,0.52,0,0,0,5,land_acquisition,1,240000,synthetic
PROJ_0048,PROJ_0048_T01,site_clearance_and_excavation,20,17,0,0,10000,0.56,0,0,0,0,on_schedule,0,0,synthetic
PROJ_0048,PROJ_0048_T02,guardrail_installation,25,25,0,5,10000,0.56,1,0,0,1,on_schedule,0,0,synthetic
PROJ_0048,PROJ_0048_T03,sub_base_course_preparation,45,44,0,0,10000,0.56,1,0,0,2,on_schedule,0,0,synthetic
PROJ_0048,PROJ_0048_T04,bituminous_macadam_laying,30,43,13,3,10000,0.56,1,1,0,3,material_shortage,1,100000,synthetic
PROJ_0048,PROJ_0048_T05,road_marking_and_signage_installation,15,15,0,0,10000,0.56,1,0,1,4,on_schedule,0,0,synthetic
PROJ_0049,PROJ_0049_T01,bridge_deck_construction,60,57,0,7,10000,0.39,1,0,0,0,on_schedule,0,0,synthetic
PROJ_0049,PROJ_0049_T02,guardrail_installation,25,21,0,5,10000,0.39,0,0,0,1,on_schedule,0,0,synthetic
PROJ_0049,PROJ_0049_T03,bituminous_macadam_laying,30,27,0,3,10000,0.39,1,0,0,2,on_schedule,0,0,synthetic
PROJ_0049,PROJ_0049_T04,sub_base_course_preparation,45,37,0,0,10000,0.39,0,0,0,3,on_schedule,0,0,synthetic
PROJ_0049,PROJ_0049_T05,site_clearance_and_excavation,20,22,2,0,10000,0.39,1,0,0,4,land_acquisition,1,20000,synthetic
PROJ_0050,PROJ_0050_T01,sub_base_course_preparation,45,44,0,0,10000,0.15,1,0,0,0,on_schedule,0,0,synthetic
PROJ_0050,PROJ_0050_T02,road_marking_and_signage_installation,15,13,0,0,10000,0.15,1,0,0,1,on_schedule,0,0,synthetic
PROJ_0050,PROJ_0050_T03,site_clearance_and_excavation,20,19,0,0,10000,0.15,1,0,0,2,on_schedule,0,0,synthetic
PROJ_0051,PROJ_0051_T01,guardrail_installation,25,20,0,5,10000,0.12,1,0,0,0,on_schedule,0,0,synthetic
PROJ_0051,PROJ_0051_T02,road_marking_and_signage_installation,15,14,0,0,10000,0.12,0,0,0,1,on_schedule,0,0,synthetic
PROJ_0051,PROJ_0051_T03,site_clearance_and_excavation,20,17,0,0,10000,0.12,0,0,0,2,on_schedule,0,0,synthetic
PROJ_0051,PROJ_0051_T04,sub_base_course_preparation,45,43,0,0,10000,0.12,0,0,0,3,on_schedule,0,0,synthetic
PROJ_0051,PROJ_0051_T05,bituminous_macadam_laying,30,29,0,3,10000,0.12,0,0,0,4,on_schedule,0,0,synthetic
PROJ_0052,PROJ_0052_T01,road_marking_and_signage_installation,15,28,13,0,10000,0.49,0,0,0,0,labour_dispute,1,130000,synthetic
PROJ_0052,PROJ_0052_T02,bridge_deck_construction,60,51,0,7,10000,0.49,1,0,1,1,on_schedule,0,0,synthetic
PROJ_0052,PROJ_0052_T03,sub_base_course_preparation,45,45,0,0,10000,0.49,0,0,0,2,on_schedule,0,0,synthetic
PROJ_0053,PROJ_0053_T01,road_marking_and_signage_installation,15,12,0,0,10000,0.53,0,0,0,0,on_schedule,0,0,synthetic
PROJ_0053,PROJ_0053_T02,bridge_deck_construction,60,76,16,7,10000,0.53,0,0,0,1,utility_shifting,1,90000,synthetic
PROJ_0053,PROJ_0053_T03,guardrail_installation,25,27,2,5,10000,0.53,1,0,1,2,equipment_breakdown,0,0,synthetic
PROJ_0053,PROJ_0053_T04,bituminous_macadam_laying,30,29,0,3,10000,0.53,0,0,1,3,on_schedule,0,0,synthetic
PROJ_0053,PROJ_0053_T05,site_clearance_and_excavation,20,18,0,0,10000,0.53,0,0,0,4,on_schedule,0,0,synthetic
PROJ_0054,PROJ_0054_T01,sub_base_course_preparation,45,42,0,0,10000,0.35,1,0,0,0,on_schedule,0,0,synthetic
PROJ_0054,PROJ_0054_T02,bituminous_macadam_laying,30,27,0,3,10000,0.35,1,0,0,1,on_schedule,0,0,synthetic
PROJ_0054,PROJ_0054_T03,guardrail_installation,25,28,3,5,10000,0.35,0,0,0,2,utility_shifting,0,0,synthetic
PROJ_0054,PROJ_0054_T04,road_marking_and_signage_installation,15,20,5,0,10000,0.35,1,0,1,3,utility_shifting,1,50000,synthetic
PROJ_0054,PROJ_0054_T05,bridge_deck_construction,60,56,0,7,10000,0.35,1,0,1,4,on_schedule,0,0,synthetic
PROJ_0054,PROJ_0054_T06,site_clearance_and_excavation,20,20,0,0,10000,0.35,1,0,0,5,on_schedule,0,0,synthetic
PROJ_0055,PROJ_0055_T01,bituminous_macadam_laying,30,25,0,3,10000,0.5,1,0,0,0,on_schedule,0,0,synthetic
PROJ_0055,PROJ_0055_T02,sub_base_course_preparation,45,43,0,0,10000,0.5,1,0,0,1,on_schedule,0,0,synthetic
PROJ_0055,PROJ_0055_T03,road_marking_and_signage_installation,15,12,0,0,10000,0.5,1,0,0,2,on_schedule,0,0,synthetic
PROJ_0056,PROJ_0056_T01,guardrail_installation,25,28,3,5,10000,0.26,1,0,0,0,rain_monsoon,0,0,synthetic
PROJ_0056,PROJ_0056_T02,bridge_deck_construction,60,84,24,7,10000,0.26,0,0,1,1,equipment_breakdown,1,170000,synthetic
PROJ_0056,PROJ_0056_T03,road_marking_and_signage_installation,15,14,0,0,10000,0.26,0,0,1,2,on_schedule,0,0,synthetic
PROJ_0056,PROJ_0056_T04,sub_base_course_preparation,45,42,0,0,10000,0.26,0,0,0,3,on_schedule,0,0,synthetic
PROJ_0056,PROJ_0056_T05,site_clearance_and_excavation,20,20,0,0,10000,0.26,1,0,0,4,on_schedule,0,0,synthetic
PROJ_0056,PROJ_0056_T06,bituminous_macadam_laying,30,28,0,3,10000,0.26,0,0,0,5,on_schedule,0,0,synthetic
PROJ_0057,PROJ_0057_T01,road_marking_and_signage_installation,15,14,0,0,10000,0.43,0,0,0,0,on_schedule,0,0,synthetic
PROJ_0057,PROJ_0057_T02,bituminous_macadam_laying,30,30,0,3,10000,0.43,0,0,0,1,on_schedule,0,0,synthetic
PROJ_0057,PROJ_0057_T03,guardrail_installation,25,25,0,5,10000,0.43,1,0,0,2,on_schedule,0,0,synthetic
PROJ_0057,PROJ_0057_T04,site_clearance_and_excavation,20,29,9,0,10000,0.43,1,0,0,3,land_acquisition,1,90000,synthetic
PROJ_0058,PROJ_0058_T01,road_marking_and_signage_installation,15,12,0,0,10000,0.1,0,0,0,0,on_schedule,0,0,synthetic
PROJ_0058,PROJ_0058_T02,sub_base_course_preparation,45,39,0,0,10000,0.1,1,0,0,1,on_schedule,0,0,synthetic
PROJ_0058,PROJ_0058_T03,site_clearance_and_excavation,20,18,0,0,10000,0.1,0,0,0,2,on_schedule,0,0,synthetic
PROJ_0058,PROJ_0058_T04,bituminous_macadam_laying,30,29,0,3,10000,0.1,1,0,0,3,on_schedule,0,0,synthetic
PROJ_0058,PROJ_0058_T05,guardrail_installation,25,24,0,5,10000,0.1,0,0,0,4,on_schedule,0,0,synthetic
PROJ_0059,PROJ_0059_T01,sub_base_course_preparation,45,42,0,0,10000,0.18,1,0,0,0,on_schedule,0,0,synthetic
PROJ_0059,PROJ_0059_T02,bituminous_macadam_laying,30,27,0,3,10000,0.18,1,0,0,1,on_schedule,0,0,synthetic
PROJ_0059,PROJ_0059_T03,bridge_deck_construction,60,93,33,7,10000,0.18,1,0,0,2,rain_monsoon,1,260000,synthetic
PROJ_0060,PROJ_0060_T01,bridge_deck_construction,60,57,0,7,10000,0.16,0,0,0,0,on_schedule,0,0,synthetic
PROJ_0060,PROJ_0060_T02,sub_base_course_preparation,45,65,20,0,10000,0.16,0,0,0,1,labour_dispute,1,200000,synthetic
PROJ_0060,PROJ_0060_T03,site_clearance_and_excavation,20,18,0,0,10000,0.16,1,0,1,2,on_schedule,0,0,synthetic
PROJ_0060,PROJ_0060_T04,guardrail_installation,25,41,16,5,10000,0.16,0,0,0,3,design_change,1,110000,synthetic
PROJ_0060,PROJ_0060_T05,road_marking_and_signage_installation,15,24,9,0,10000,0.16,1,0,1,4,labour_dispute,1,90000,synthetic
PROJ_0060,PROJ_0060_T06,bituminous_macadam_laying,30,32,2,3,10000,0.16,0,0,1,5,design_change,0,0,synthetic
PROJ_0061,PROJ_0061_T01,guardrail_installation,25,23,0,5,10000,0.56,0,0,0,0,on_schedule,0,0,synthetic
PROJ_0061,PROJ_0061_T02,sub_base_course_preparation,45,38,0,0,10000,0.56,1,0,0,1,on_schedule,0,0,synthetic
PROJ_0061,PROJ_0061_T03,site_clearance_and_excavation,20,18,0,0,10000,0.56,0,0,0,2,on_schedule,0,0,synthetic
PROJ_0061,PROJ_0061_T04,bridge_deck_construction,60,49,0,7,10000,0.56,0,0,0,3,on_schedule,0,0,synthetic
PROJ_0061,PROJ_0061_T05,road_marking_and_signage_installation,15,15,0,0,10000,0.56,0,0,0,4,on_schedule,0,0,synthetic
PROJ_0061,PROJ_0061_T06,bituminous_macadam_laying,30,26,0,3,10000,0.56,1,0,0,5,on_schedule,0,0,synthetic
PROJ_0062,PROJ_0062_T01,road_marking_and_signage_installation,15,14,0,0,10000,0.27,1,0,0,0,on_schedule,0,0,synthetic
PROJ_0062,PROJ_0062_T02,bituminous_macadam_laying,30,30,0,3,10000,0.27,0,0,0,1,on_schedule,0,0,synthetic
PROJ_0062,PROJ_0062_T03,sub_base_course_preparation,45,55,10,0,10000,0.27,0,0,0,2,land_acquisition,1,100000,synthetic
PROJ_0062,PROJ_0062_T04,guardrail_installation,25,30,5,5,10000,0.27,0,0,1,3,rain_monsoon,0,0,synthetic
PROJ_0063,PROJ_0063_T01,sub_base_course_preparation,45,50,5,0,10000,0.33,1,0,0,0,subcontractor_failure,1,50000,synthetic
PROJ_0063,PROJ_0063_T02,bridge_deck_construction,60,60,0,7,10000,0.33,1,0,1,1,on_schedule,0,0,synthetic
PROJ_0063,PROJ_0063_T03,site_clearance_and_excavation,20,18,0,0,10000,0.33,0,0,0,2,on_schedule,0,0,synthetic
PROJ_0063,PROJ_0063_T04,guardrail_installation,25,23,0,5,10000,0.33,0,0,0,3,on_schedule,0,0,synthetic
PROJ_0063,PROJ_0063_T05,road_marking_and_signage_installation,15,29,14,0,10000,0.33,0,0,0,4,land_acquisition,1,140000,synthetic
PROJ_0063,PROJ_0063_T06,bituminous_macadam_laying,30,30,0,3,10000,0.33,0,0,1,5,on_schedule,0,0,synthetic
PROJ_0064,PROJ_0064_T01,sub_base_course_preparation,45,44,0,0,10000,0.33,0,0,0,0,on_schedule,0,0,synthetic
PROJ_0064,PROJ_0064_T02,bituminous_macadam_laying,30,27,0,3,10000,0.33,0,0,0,1,on_schedule,0,0,synthetic
PROJ_0064,PROJ_0064_T03,site_clearance_and_excavation,20,18,0,0,10000,0.33,0,0,0,2,on_schedule,0,0,synthetic
PROJ_0064,PROJ_0064_T04,guardrail_installation,25,21,0,5,10000,0.33,0,0,0,3,on_schedule,0,0,synthetic
PROJ_0064,PROJ_0064_T05,bridge_deck_construction,60,89,29,7,10000,0.33,0,0,0,4,subcontractor_failure,1,220000,synthetic
PROJ_0064,PROJ_0064_T06,road_marking_and_signage_installation,15,14,0,0,10000,0.33,1,0,1,5,on_schedule,0,0,synthetic
PROJ_0065,PROJ_0065_T01,bridge_deck_construction,60,56,0,7,10000,0.49,1,0,0,0,on_schedule,0,0,synthetic
PROJ_0065,PROJ_0065_T02,sub_base_course_preparation,45,45,0,0,10000,0.49,0,0,0,1,on_schedule,0,0,synthetic
PROJ_0065,PROJ_0065_T03,bituminous_macadam_laying,30,28,0,3,10000,0.49,0,0,0,2,on_schedule,0,0,synthetic
PROJ_0065,PROJ_0065_T04,guardrail_installation,25,22,0,5,10000,0.49,1,0,0,3,on_schedule,0,0,synthetic
PROJ_0065,PROJ_0065_T05,road_marking_and_signage_installation,15,27,12,0,10000,0.49,1,0,0,4,rain_monsoon,1,120000,synthetic
PROJ_0065,PROJ_0065_T06,site_clearance_and_excavation,20,18,0,0,10000,0.49,0,0,1,5,on_schedule,0,0,synthetic
PROJ_0066,PROJ_0066_T01,site_clearance_and_excavation,20,30,10,0,10000,0.42,0,0,0,0,equipment_breakdown,1,100000,synthetic
PROJ_0066,PROJ_0066_T02,sub_base_course_preparation,45,43,0,0,10000,0.42,0,0,1,1,on_schedule,0,0,synthetic
PROJ_0066,PROJ_0066_T03,guardrail_installation,25,30,5,5,10000,0.42,0,0,0,2,equipment_breakdown,0,0,synthetic
PROJ_0067,PROJ_0067_T01,bituminous_macadam_laying,30,28,0,3,10000,0.52,0,0,0,0,on_schedule,0,0,synthetic
PROJ_0067,PROJ_0067_T02,sub_base_course_preparation,45,38,0,0,10000,0.52,0,0,0,1,on_schedule,0,0,synthetic
PROJ_0067,PROJ_0067_T03,bridge_deck_construction,60,100,40,7,10000,0.52,1,0,0,2,equipment_breakdown,1,330000,synthetic
PROJ_0067,PROJ_0067_T04,guardrail_installation,25,37,12,5,10000,0.52,1,0,1,3,labour_dispute,1,70000,synthetic
PROJ_0067,PROJ_0067_T05,road_marking_and_signage_installation,15,15,0,0,10000,0.52,0,0,1,4,on_schedule,0,0,synthetic
PROJ_0068,PROJ_0068_T01,site_clearance_and_excavation,20,19,0,0,10000,0.25,1,0,0,0,on_schedule,0,0,synthetic
PROJ_0068,PROJ_0068_T02,road_marking_and_signage_installation,15,15,0,0,10000,0.25,1,0,0,1,on_schedule,0,0,synthetic
PROJ_0068,PROJ_0068_T03,guardrail_installation,25,21,0,5,10000,0.25,0,0,0,2,on_schedule,0,0,synthetic
PROJ_0068,PROJ_0068_T04,bridge_deck_construction,60,48,0,7,10000,0.25,1,0,0,3,on_schedule,0,0,synthetic
PROJ_0069,PROJ_0069_T01,bituminous_macadam_laying,30,26,0,3,10000,0.38,1,0,0,0,on_schedule,0,0,synthetic
PROJ_0069,PROJ_0069_T02,sub_base_course_preparation,45,38,0,0,10000,0.38,1,0,0,1,on_schedule,0,0,synthetic
PROJ_0069,PROJ_0069_T03,bridge_deck_construction,60,75,15,7,10000,0.38,1,0,0,2,subcontractor_failure,1,80000,synthetic
PROJ_0069,PROJ_0069_T04,road_marking_and_signage_installation,15,15,0,0,10000,0.38,0,0,1,3,on_schedule,0,0,synthetic
PROJ_0069,PROJ_0069_T05,site_clearance_and_excavation,20,18,0,0,10000,0.38,0,0,0,4,on_schedule,0,0,synthetic
PROJ_0070,PROJ_0070_T01,guardrail_installation,25,21,0,5,10000,0.6,0,0,0,0,on_schedule,0,0,synthetic
PROJ_0070,PROJ_0070_T02,road_marking_and_signage_installation,15,15,0,0,10000,0.6,0,0,0,1,on_schedule,0,0,synthetic
PROJ_0070,PROJ_0070_T03,bituminous_macadam_laying,30,27,0,3,10000,0.6,1,0,0,2,on_schedule,0,0,synthetic
PROJ_0070,PROJ_0070_T04,sub_base_course_preparation,45,37,0,0,10000,0.6,0,0,0,3,on_schedule,0,0,synthetic
PROJ_0070,PROJ_0070_T05,site_clearance_and_excavation,20,25,5,0,10000,0.6,0,0,0,4,design_change,1,50000,synthetic
PROJ_0070,PROJ_0070_T06,bridge_deck_construction,60,51,0,7,10000,0.6,1,0,1,5,on_schedule,0,0,synthetic
PROJ_0071,PROJ_0071_T01,site_clearance_and_excavation,20,36,16,0,10000,0.12,0,1,0,0,material_shortage,1,160000,synthetic
PROJ_0071,PROJ_0071_T02,sub_base_course_preparation,45,40,0,0,10000,0.12,1,0,1,1,on_schedule,0,0,synthetic
PROJ_0071,PROJ_0071_T03,bridge_deck_construction,60,83,23,7,10000,0.12,1,0,0,2,labour_dispute,1,160000,synthetic
PROJ_0072,PROJ_0072_T01,bituminous_macadam_laying,30,28,0,3,10000,0.43,0,0,0,0,on_schedule,0,0,synthetic
PROJ_0072,PROJ_0072_T02,sub_base_course_preparation,45,43,0,0,10000,0.43,0,0,0,1,on_schedule,0,0,synthetic
PROJ_0072,PROJ_0072_T03,guardrail_installation,25,22,0,5,10000,0.43,1,0,0,2,on_schedule,0,0,synthetic
PROJ_0072,PROJ_0072_T04,bridge_deck_construction,60,53,0,7,10000,0.43,0,0,0,3,on_schedule,0,0,synthetic
PROJ_0073,PROJ_0073_T01,bridge_deck_construction,60,53,0,7,10000,0.22,0,0,0,0,on_schedule,0,0,synthetic
PROJ_0073,PROJ_0073_T02,bituminous_macadam_laying,30,29,0,3,10000,0.22,1,0,0,1,on_schedule,0,0,synthetic
PROJ_0073,PROJ_0073_T03,guardrail_installation,25,23,0,5,10000,0.22,0,0,0,2,on_schedule,0,0,synthetic
PROJ_0073,PROJ_0073_T04,sub_base_course_preparation,45,37,0,0,10000,0.22,1,0,0,3,on_schedule,0,0,synthetic
PROJ_0073,PROJ_0073_T05,site_clearance_and_excavation,20,27,7,0,10000,0.22,0,1,0,4,material_shortage,1,70000,synthetic
PROJ_0074,PROJ_0074_T01,guardrail_installation,25,24,0,5,10000,0.26,1,0,0,0,on_schedule,0,0,synthetic
PROJ_0074,PROJ_0074_T02,sub_base_course_preparation,45,39,0,0,10000,0.26,1,0,0,1,on_schedule,0,0,synthetic
PROJ_0074,PROJ_0074_T03,site_clearance_and_excavation,20,16,0,0,10000,0.26,1,0,0,2,on_schedule,0,0,synthetic
PROJ_0075,PROJ_0075_T01,guardrail_installation,25,23,0,5,10000,0.16,1,0,0,0,on_schedule,0,0,synthetic
PROJ_0075,PROJ_0075_T02,site_clearance_and_excavation,20,19,0,0,10000,0.16,1,0,0,1,on_schedule,0,0,synthetic
PROJ_0075,PROJ_0075_T03,sub_base_course_preparation,45,44,0,0,10000,0.16,1,0,0,2,on_schedule,0,0,synthetic
PROJ_0075,PROJ_0075_T04,bridge_deck_construction,60,59,0,7,10000,0.16,1,0,0,3,on_schedule,0,0,synthetic
PROJ_0075,PROJ_0075_T05,road_marking_and_signage_installation,15,25,10,0,10000,0.16,1,0,0,4,equipment_breakdown,1,100000,synthetic
PROJ_0076,PROJ_0076_T01,guardrail_installation,25,40,15,5,10000,0.15,1,0,0,0,utility_shifting,1,100000,synthetic
PROJ_0076,PROJ_0076_T02,bridge_deck_construction,60,83,23,7,10000,0.15,1,0,1,1,design_change,1,160000,synthetic
PROJ_0076,PROJ_0076_T03,sub_base_course_preparation,45,36,0,0,10000,0.15,0,0,1,2,on_schedule,0,0,synthetic
PROJ_0076,PROJ_0076_T04,road_marking_and_signage_installation,15,15,0,0,10000,0.15,1,0,0,3,on_schedule,0,0,synthetic
PROJ_0076,PROJ_0076_T05,site_clearance_and_excavation,20,17,0,0,10000,0.15,0,0,0,4,on_schedule,0,0,synthetic
PROJ_0077,PROJ_0077_T01,bridge_deck_construction,60,84,24,7,10000,0.52,1,0,0,0,utility_shifting,1,170000,synthetic
PROJ_0077,PROJ_0077_T02,site_clearance_and_excavation,20,16,0,0,10000,0.52,0,0,1,1,on_schedule,0,0,synthetic
PROJ_0077,PROJ_0077_T03,bituminous_macadam_laying,30,26,0,3,10000,0.52,1,0,0,2,on_schedule,0,0,synthetic
PROJ_0077,PROJ_0077_T04,sub_base_course_preparation,45,37,0,0,10000,0.52,0,0,0,3,on_schedule,0,0,synthetic
PROJ_0078,PROJ_0078_T01,bridge_deck_construction,60,55,0,7,10000,0.3,1,0,0,0,on_schedule,0,0,synthetic
PROJ_0078,PROJ_0078_T02,guardrail_installation,25,20,0,5,10000,0.3,1,0,0,1,on_schedule,0,0,synthetic
PROJ_0078,PROJ_0078_T03,road_marking_and_signage_installation,15,15,0,0,10000,0.3,0,0,0,2,on_schedule,0,0,synthetic
PROJ_0078,PROJ_0078_T04,bituminous_macadam_laying,30,26,0,3,10000,0.3,1,0,0,3,on_schedule,0,0,synthetic
PROJ_0078,PROJ_0078_T05,sub_base_course_preparation,45,54,9,0,10000,0.3,1,0,0,4,rain_monsoon,1,90000,synthetic
PROJ_0079,PROJ_0079_T01,site_clearance_and_excavation,20,16,0,0,10000,0.55,1,0,0,0,on_schedule,0,0,synthetic
PROJ_0079,PROJ_0079_T02,bituminous_macadam_laying,30,30,0,3,10000,0.55,0,0,0,1,on_schedule,0,0,synthetic
PROJ_0079,PROJ_0079_T03,guardrail_installation,25,25,0,5,10000,0.55,0,0,0,2,on_schedule,0,0,synthetic
PROJ_0079,PROJ_0079_T04,bridge_deck_construction,60,56,0,7,10000,0.55,0,0,0,3,on_schedule,0,0,synthetic
PROJ_0080,PROJ_0080_T01,road_marking_and_signage_installation,15,24,9,0,10000,0.59,1,0,0,0,utility_shifting,1,90000,synthetic
PROJ_0080,PROJ_0080_T02,bridge_deck_construction,60,56,0,7,10000,0.59,0,0,1,1,on_schedule,0,0,synthetic
PROJ_0080,PROJ_0080_T03,site_clearance_and_excavation,20,16,0,0,10000,0.59,0,0,0,2,on_schedule,0,0,synthetic
PROJ_0081,PROJ_0081_T01,bridge_deck_construction,60,81,21,7,10000,0.3,1,0,0,0,rain_monsoon,1,140000,synthetic
PROJ_0081,PROJ_0081_T02,site_clearance_and_excavation,20,20,0,0,10000,0.3,1,0,1,1,on_schedule,0,0,synthetic
PROJ_0081,PROJ_0081_T03,sub_base_course_preparation,45,57,12,0,10000,0.3,1,0,0,2,equipment_breakdown,1,120000,synthetic
PROJ_0081,PROJ_0081_T04,road_marking_and_signage_installation,15,12,0,0,10000,0.3,0,0,1,3,on_schedule,0,0,synthetic
PROJ_0081,PROJ_0081_T05,bituminous_macadam_laying,30,26,0,3,10000,0.3,0,0,0,4,on_schedule,0,0,synthetic
PROJ_0082,PROJ_0082_T01,bridge_deck_construction,60,49,0,7,10000,0.26,1,0,0,0,on_schedule,0,0,synthetic
PROJ_0082,PROJ_0082_T02,road_marking_and_signage_installation,15,24,9,0,10000,0.26,0,0,0,1,land_acquisition,1,90000,synthetic
PROJ_0082,PROJ_0082_T03,guardrail_installation,25,24,0,5,10000,0.26,0,0,1,2,on_schedule,0,0,synthetic
PROJ_0082,PROJ_0082_T04,site_clearance_and_excavation,20,17,0,0,10000,0.26,0,0,0,3,on_schedule,0,0,synthetic
PROJ_0083,PROJ_0083_T01,bridge_deck_construction,60,62,2,7,10000,0.43,0,0,0,0,rain_monsoon,0,0,synthetic
PROJ_0083,PROJ_0083_T02,sub_base_course_preparation,45,45,0,0,10000,0.43,1,0,1,1,on_schedule,0,0,synthetic
PROJ_0083,PROJ_0083_T03,guardrail_installation,25,24,0,5,10000,0.43,1,0,0,2,on_schedule,0,0,synthetic
PROJ_0083,PROJ_0083_T04,site_clearance_and_excavation,20,16,0,0,10000,0.43,1,0,0,3,on_schedule,0,0,synthetic
PROJ_0084,PROJ_0084_T01,guardrail_installation,25,20,0,5,10000,0.42,0,0,0,0,on_schedule,0,0,synthetic
PROJ_0084,PROJ_0084_T02,site_clearance_and_excavation,20,34,14,0,10000,0.42,1,0,0,1,subcontractor_failure,1,140000,synthetic
PROJ_0084,PROJ_0084_T03,road_marking_and_signage_installation,15,25,10,0,10000,0.42,1,0,1,2,equipment_breakdown,1,100000,synthetic
PROJ_0084,PROJ_0084_T04,bridge_deck_construction,60,53,0,7,10000,0.42,1,0,1,3,on_schedule,0,0,synthetic
PROJ_0084,PROJ_0084_T05,sub_base_course_preparation,45,38,0,0,10000,0.42,1,0,0,4,on_schedule,0,0,synthetic
PROJ_0085,PROJ_0085_T01,site_clearance_and_excavation,20,17,0,0,10000,0.26,0,0,0,0,on_schedule,0,0,synthetic
PROJ_0085,PROJ_0085_T02,bituminous_macadam_laying,30,43,13,3,10000,0.26,0,0,0,1,design_change,1,100000,synthetic
PROJ_0085,PROJ_0085_T03,guardrail_installation,25,21,0,5,10000,0.26,1,0,1,2,on_schedule,0,0,synthetic
PROJ_0086,PROJ_0086_T01,road_marking_and_signage_installation,15,12,0,0,10000,0.19,1,0,0,0,on_schedule,0,0,synthetic
PROJ_0086,PROJ_0086_T02,site_clearance_and_excavation,20,17,0,0,10000,0.19,0,0,0,1,on_schedule,0,0,synthetic
PROJ_0086,PROJ_0086_T03,sub_base_course_preparation,45,36,0,0,10000,0.19,0,0,0,2,on_schedule,0,0,synthetic
PROJ_0086,PROJ_0086_T04,bridge_deck_construction,60,57,0,7,10000,0.19,1,0,0,3,on_schedule,0,0,synthetic
PROJ_0086,PROJ_0086_T05,guardrail_installation,25,20,0,5,10000,0.19,0,0,0,4,on_schedule,0,0,synthetic
PROJ_0087,PROJ_0087_T01,guardrail_installation,25,43,18,5,10000,0.17,1,0,0,0,labour_dispute,1,130000,synthetic
PROJ_0087,PROJ_0087_T02,bridge_deck_construction,60,49,0,7,10000,0.17,1,0,1,1,on_schedule,0,0,synthetic
PROJ_0087,PROJ_0087_T03,site_clearance_and_excavation,20,20,0,0,10000,0.17,1,0,0,2,on_schedule,0,0,synthetic
PROJ_0087,PROJ_0087_T04,road_marking_and_signage_installation,15,12,0,0,10000,0.17,0,0,0,3,on_schedule,0,0,synthetic
PROJ_0087,PROJ_0087_T05,bituminous_macadam_laying,30,27,0,3,10000,0.17,1,0,0,4,on_schedule,0,0,synthetic
PROJ_0087,PROJ_0087_T06,sub_base_course_preparation,45,41,0,0,10000,0.17,1,0,0,5,on_schedule,0,0,synthetic
PROJ_0088,PROJ_0088_T01,sub_base_course_preparation,45,67,22,0,10000,0.2,1,0,0,0,subcontractor_failure,1,220000,synthetic
PROJ_0088,PROJ_0088_T02,site_clearance_and_excavation,20,37,17,0,10000,0.2,1,0,1,1,equipment_breakdown,1,170000,synthetic
PROJ_0088,PROJ_0088_T03,bituminous_macadam_laying,30,26,0,3,10000,0.2,0,0,1,2,on_schedule,0,0,synthetic
PROJ_0088,PROJ_0088_T04,bridge_deck_construction,60,57,0,7,10000,0.2,1,0,0,3,on_schedule,0,0,synthetic
PROJ_0089,PROJ_0089_T01,sub_base_course_preparation,45,36,0,0,10000,0.35,1,0,0,0,on_schedule,0,0,synthetic
PROJ_0089,PROJ_0089_T02,bridge_deck_construction,60,49,0,7,10000,0.35,1,0,0,1,on_schedule,0,0,synthetic
PROJ_0089,PROJ_0089_T03,site_clearance_and_excavation,20,16,0,0,10000,0.35,1,0,0,2,on_schedule,0,0,synthetic
PROJ_0089,PROJ_0089_T04,guardrail_installation,25,44,19,5,10000,0.35,0,0,0,3,labour_dispute,1,140000,synthetic
PROJ_0089,PROJ_0089_T05,road_marking_and_signage_installation,15,13,0,0,10000,0.35,1,0,1,4,on_schedule,0,0,synthetic
PROJ_0090,PROJ_0090_T01,road_marking_and_signage_installation,15,21,6,0,10000,0.51,0,0,0,0,design_change,1,60000,synthetic
PROJ_0090,PROJ_0090_T02,bituminous_macadam_laying,30,25,0,3,10000,0.51,1,0,1,1,on_schedule,0,0,synthetic
PROJ_0090,PROJ_0090_T03,sub_base_course_preparation,45,45,0,0,10000,0.51,1,0,0,2,on_schedule,0,0,synthetic
PROJ_0090,PROJ_0090_T04,site_clearance_and_excavation,20,16,0,0,10000,0.51,0,0,0,3,on_schedule,0,0,synthetic
PROJ_0091,PROJ_0091_T01,bridge_deck_construction,60,55,0,7,10000,0.38,1,0,0,0,on_schedule,0,0,synthetic
PROJ_0091,PROJ_0091_T02,site_clearance_and_excavation,20,18,0,0,10000,0.38,1,0,0,1,on_schedule,0,0,synthetic
PROJ_0091,PROJ_0091_T03,sub_base_course_preparation,45,61,16,0,10000,0.38,1,0,0,2,land_acquisition,1,160000,synthetic
PROJ_0091,PROJ_0091_T04,road_marking_and_signage_installation,15,20,5,0,10000,0.38,0,0,1,3,land_acquisition,1,50000,synthetic
PROJ_0092,PROJ_0092_T01,guardrail_installation,25,23,0,5,10000,0.26,1,0,0,0,on_schedule,0,0,synthetic
PROJ_0092,PROJ_0092_T02,sub_base_course_preparation,45,38,0,0,10000,0.26,1,0,0,1,on_schedule,0,0,synthetic
PROJ_0092,PROJ_0092_T03,bridge_deck_construction,60,66,6,7,10000,0.26,1,0,0,2,utility_shifting,0,0,synthetic
PROJ_0092,PROJ_0092_T04,road_marking_and_signage_installation,15,15,0,0,10000,0.26,0,0,1,3,on_schedule,0,0,synthetic
PROJ_0092,PROJ_0092_T05,bituminous_macadam_laying,30,48,18,3,10000,0.26,1,0,0,4,land_acquisition,1,150000,synthetic
PROJ_0092,PROJ_0092_T06,site_clearance_and_excavation,20,28,8,0,10000,0.26,0,0,1,5,labour_dispute,1,80000,synthetic
PROJ_0093,PROJ_0093_T01,bituminous_macadam_laying,30,24,0,3,10000,0.42,0,0,0,0,on_schedule,0,0,synthetic
PROJ_0093,PROJ_0093_T02,bridge_deck_construction,60,96,36,7,10000,0.42,1,0,0,1,equipment_breakdown,1,290000,synthetic
PROJ_0093,PROJ_0093_T03,site_clearance_and_excavation,20,19,0,0,10000,0.42,1,0,1,2,on_schedule,0,0,synthetic
PROJ_0093,PROJ_0093_T04,road_marking_and_signage_installation,15,14,0,0,10000,0.42,1,0,0,3,on_schedule,0,0,synthetic
PROJ_0094,PROJ_0094_T01,bituminous_macadam_laying,30,25,0,3,10000,0.42,1,0,0,0,on_schedule,0,0,synthetic
PROJ_0094,PROJ_0094_T02,sub_base_course_preparation,45,38,0,0,10000,0.42,0,0,0,1,on_schedule,0,0,synthetic
PROJ_0094,PROJ_0094_T03,road_marking_and_signage_installation,15,15,0,0,10000,0.42,1,0,0,2,on_schedule,0,0,synthetic
PROJ_0094,PROJ_0094_T04,guardrail_installation,25,35,10,5,10000,0.42,0,1,0,3,material_shortage,1,50000,synthetic
PROJ_0094,PROJ_0094_T05,bridge_deck_construction,60,99,39,7,10000,0.42,1,0,1,4,rain_monsoon,1,320000,synthetic
PROJ_0095,PROJ_0095_T01,bridge_deck_construction,60,60,0,7,10000,0.33,0,0,0,0,on_schedule,0,0,synthetic
PROJ_0095,PROJ_0095_T02,sub_base_course_preparation,45,43,0,0,10000,0.33,1,0,0,1,on_schedule,0,0,synthetic
PROJ_0095,PROJ_0095_T03,site_clearance_and_excavation,20,16,0,0,10000,0.33,1,0,0,2,on_schedule,0,0,synthetic
PROJ_0095,PROJ_0095_T04,bituminous_macadam_laying,30,28,0,3,10000,0.33,0,0,0,3,on_schedule,0,0,synthetic
PROJ_0095,PROJ_0095_T05,road_marking_and_signage_installation,15,29,14,0,10000,0.33,1,0,0,4,design_change,1,140000,synthetic
PROJ_0096,PROJ_0096_T01,bridge_deck_construction,60,51,0,7,10000,0.14,0,0,0,0,on_schedule,0,0,synthetic
PROJ_0096,PROJ_0096_T02,bituminous_macadam_laying,30,25,0,3,10000,0.14,1,0,0,1,on_schedule,0,0,synthetic
PROJ_0096,PROJ_0096_T03,road_marking_and_signage_installation,15,14,0,0,10000,0.14,1,0,0,2,on_schedule,0,0,synthetic
PROJ_0096,PROJ_0096_T04,sub_base_course_preparation,45,45,0,0,10000,0.14,0,0,0,3,on_schedule,0,0,synthetic
PROJ_0096,PROJ_0096_T05,site_clearance_and_excavation,20,18,0,0,10000,0.14,0,0,0,4,on_schedule,0,0,synthetic
PROJ_0097,PROJ_0097_T01,site_clearance_and_excavation,20,20,0,0,10000,0.43,1,0,0,0,on_schedule,0,0,synthetic
PROJ_0097,PROJ_0097_T02,guardrail_installation,25,25,0,5,10000,0.43,1,0,0,1,on_schedule,0,0,synthetic
PROJ_0097,PROJ_0097_T03,road_marking_and_signage_installation,15,13,0,0,10000,0.43,0,0,0,2,on_schedule,0,0,synthetic
PROJ_0098,PROJ_0098_T01,site_clearance_and_excavation,20,19,0,0,10000,0.34,0,0,0,0,on_schedule,0,0,synthetic
PROJ_0098,PROJ_0098_T02,sub_base_course_preparation,45,45,0,0,10000,0.34,0,0,0,1,on_schedule,0,0,synthetic
PROJ_0098,PROJ_0098_T03,guardrail_installation,25,24,0,5,10000,0.34,1,0,0,2,on_schedule,0,0,synthetic
PROJ_0098,PROJ_0098_T04,road_marking_and_signage_installation,15,25,10,0,10000,0.34,0,0,0,3,rain_monsoon,1,100000,synthetic
PROJ_0099,PROJ_0099_T01,road_marking_and_signage_installation,15,13,0,0,10000,0.39,1,0,0,0,on_schedule,0,0,synthetic
PROJ_0099,PROJ_0099_T02,bridge_deck_construction,60,93,33,7,10000,0.39,0,0,0,1,subcontractor_failure,1,260000,synthetic
PROJ_0099,PROJ_0099_T03,guardrail_installation,25,24,0,5,10000,0.39,1,0,1,2,on_schedule,0,0,synthetic
PROJ_0099,PROJ_0099_T04,site_clearance_and_excavation,20,16,0,0,10000,0.39,1,0,0,3,on_schedule,0,0,synthetic
PROJ_0100,PROJ_0100_T01,site_clearance_and_excavation,20,16,0,0,10000,0.46,1,0,0,0,on_schedule,0,0,synthetic
PROJ_0100,PROJ_0100_T02,guardrail_installation,25,20,0,5,10000,0.46,0,0,0,1,on_schedule,0,0,synthetic
PROJ_0100,PROJ_0100_T03,bituminous_macadam_laying,30,24,0,3,10000,0.46,1,0,0,2,on_schedule,0,0,synthetic
PROJ_0100,PROJ_0100_T04,sub_base_course_preparation,45,72,27,0,10000,0.46,0,0,0,3,equipment_breakdown,1,270000,synthetic
PROJ_0100,PROJ_0100_T05,bridge_deck_construction,60,59,0,7,10000,0.46,1,0,1,4,on_schedule,0,0,synthetic
PROJ_0101,PROJ_0101_T01,site_clearance_and_excavation,20,20,0,0,10000,0.6,0,0,0,0,on_schedule,0,0,synthetic
PROJ_0101,PROJ_0101_T02,bridge_deck_construction,60,53,0,7,10000,0.6,0,0,0,1,on_schedule,0,0,synthetic
PROJ_0101,PROJ_0101_T03,sub_base_course_preparation,45,71,26,0,10000,0.6,0,0,0,2,equipment_breakdown,1,260000,synthetic
PROJ_0101,PROJ_0101_T04,road_marking_and_signage_installation,15,12,0,0,10000,0.6,1,0,1,3,on_schedule,0,0,synthetic
PROJ_0101,PROJ_0101_T05,bituminous_macadam_laying,30,29,0,3,10000,0.6,1,0,0,4,on_schedule,0,0,synthetic
PROJ_0102,PROJ_0102_T01,road_marking_and_signage_installation,15,12,0,0,10000,0.51,0,0,0,0,on_schedule,0,0,synthetic
PROJ_0102,PROJ_0102_T02,site_clearance_and_excavation,20,19,0,0,10000,0.51,0,0,0,1,on_schedule,0,0,synthetic
PROJ_0102,PROJ_0102_T03,guardrail_installation,25,28,3,5,10000,0.51,0,0,0,2,rain_monsoon,0,0,synthetic
PROJ_0102,PROJ_0102_T04,bituminous_macadam_laying,30,29,0,3,10000,0.51,0,0,1,3,on_schedule,0,0,synthetic
PROJ_0102,PROJ_0102_T05,bridge_deck_construction,60,63,3,7,10000,0.51,1,0,0,4,design_change,0,0,synthetic
PROJ_0102,PROJ_0102_T06,sub_base_course_preparation,45,59,14,0,10000,0.51,0,1,1,5,material_shortage,1,140000,synthetic
PROJ_0103,PROJ_0103_T01,bridge_deck_construction,60,50,0,7,10000,0.22,0,0,0,0,on_schedule,0,0,synthetic
PROJ_0103,PROJ_0103_T02,sub_base_course_preparation,45,40,0,0,10000,0.22,0,0,0,1,on_schedule,0,0,synthetic
PROJ_0103,PROJ_0103_T03,guardrail_installation,25,24,0,5,10000,0.22,0,0,0,2,on_schedule,0,0,synthetic
PROJ_0103,PROJ_0103_T04,site_clearance_and_excavation,20,19,0,0,10000,0.22,1,0,0,3,on_schedule,0,0,synthetic
PROJ_0103,PROJ_0103_T05,road_marking_and_signage_installation,15,21,6,0,10000,0.22,1,0,0,4,design_change,1,60000,synthetic
PROJ_0104,PROJ_0104_T01,guardrail_installation,25,22,0,5,10000,0.3,0,0,0,0,on_schedule,0,0,synthetic
PROJ_0104,PROJ_0104_T02,site_clearance_and_excavation,20,16,0,0,10000,0.3,1,0,0,1,on_schedule,0,0,synthetic
PROJ_0104,PROJ_0104_T03,road_marking_and_signage_installation,15,13,0,0,10000,0.3,1,0,0,2,on_schedule,0,0,synthetic
PROJ_0104,PROJ_0104_T04,bridge_deck_construction,60,74,14,7,10000,0.3,0,0,0,3,utility_shifting,1,70000,synthetic
PROJ_0104,PROJ_0104_T05,sub_base_course_preparation,45,41,0,0,10000,0.3,0,0,1,4,on_schedule,0,0,synthetic
PROJ_0104,PROJ_0104_T06,bituminous_macadam_laying,30,30,0,3,10000,0.3,0,0,0,5,on_schedule,0,0,synthetic
PROJ_0105,PROJ_0105_T01,bridge_deck_construction,60,51,0,7,10000,0.23,0,0,0,0,on_schedule,0,0,synthetic
PROJ_0105,PROJ_0105_T02,sub_base_course_preparation,45,41,0,0,10000,0.23,1,0,0,1,on_schedule,0,0,synthetic
PROJ_0105,PROJ_0105_T03,bituminous_macadam_laying,30,24,0,3,10000,0.23,0,0,0,2,on_schedule,0,0,synthetic
PROJ_0106,PROJ_0106_T01,bituminous_macadam_laying,30,25,0,3,10000,0.58,1,0,0,0,on_schedule,0,0,synthetic
PROJ_0106,PROJ_0106_T02,site_clearance_and_excavation,20,20,0,0,10000,0.58,1,0,0,1,on_schedule,0,0,synthetic
PROJ_0106,PROJ_0106_T03,road_marking_and_signage_installation,15,15,0,0,10000,0.58,1,0,0,2,on_schedule,0,0,synthetic
PROJ_0106,PROJ_0106_T04,guardrail_installation,25,22,0,5,10000,0.58,1,0,0,3,on_schedule,0,0,synthetic
PROJ_0107,PROJ_0107_T01,site_clearance_and_excavation,20,18,0,0,10000,0.28,0,0,0,0,on_schedule,0,0,synthetic
PROJ_0107,PROJ_0107_T02,bridge_deck_construction,60,54,0,7,10000,0.28,0,0,0,1,on_schedule,0,0,synthetic
PROJ_0107,PROJ_0107_T03,bituminous_macadam_laying,30,25,0,3,10000,0.28,0,0,0,2,on_schedule,0,0,synthetic
PROJ_0107,PROJ_0107_T04,guardrail_installation,25,43,18,5,10000,0.28,1,0,0,3,design_change,1,130000,synthetic
PROJ_0107,PROJ_0107_T05,road_marking_and_signage_installation,15,21,6,0,10000,0.28,1,0,1,4,labour_dispute,1,60000,synthetic
PROJ_0108,PROJ_0108_T01,bridge_deck_construction,60,58,0,7,10000,0.35,1,0,0,0,on_schedule,0,0,synthetic
PROJ_0108,PROJ_0108_T02,guardrail_installation,25,25,0,5,10000,0.35,1,0,0,1,on_schedule,0,0,synthetic
PROJ_0108,PROJ_0108_T03,sub_base_course_preparation,45,77,32,0,10000,0.35,0,0,0,2,equipment_breakdown,1,320000,synthetic
PROJ_0108,PROJ_0108_T04,road_marking_and_signage_installation,15,12,0,0,10000,0.35,0,0,1,3,on_schedule,0,0,synthetic
PROJ_0109,PROJ_0109_T01,bridge_deck_construction,60,48,0,7,10000,0.31,0,0,0,0,on_schedule,0,0,synthetic
PROJ_0109,PROJ_0109_T02,road_marking_and_signage_installation,15,14,0,0,10000,0.31,0,0,0,1,on_schedule,0,0,synthetic
PROJ_0109,PROJ_0109_T03,bituminous_macadam_laying,30,29,0,3,10000,0.31,1,0,0,2,on_schedule,0,0,synthetic
PROJ_0110,PROJ_0110_T01,sub_base_course_preparation,45,40,0,0,10000,0.11,0,0,0,0,on_schedule,0,0,synthetic
PROJ_0110,PROJ_0110_T02,bridge_deck_construction,60,59,0,7,10000,0.11,1,0,0,1,on_schedule,0,0,synthetic
PROJ_0110,PROJ_0110_T03,site_clearance_and_excavation,20,17,0,0,10000,0.11,0,0,0,2,on_schedule,0,0,synthetic
PROJ_0110,PROJ_0110_T04,bituminous_macadam_laying,30,28,0,3,10000,0.11,0,0,0,3,on_schedule,0,0,synthetic
PROJ_0110,PROJ_0110_T05,guardrail_installation,25,24,0,5,10000,0.11,1,0,0,4,on_schedule,0,0,synthetic
PROJ_0110,PROJ_0110_T06,road_marking_and_signage_installation,15,14,0,0,10000,0.11,1,0,0,5,on_schedule,0,0,synthetic
PROJ_0111,PROJ_0111_T01,site_clearance_and_excavation,20,17,0,0,10000,0.29,1,0,0,0,on_schedule,0,0,synthetic
PROJ_0111,PROJ_0111_T02,bridge_deck_construction,60,49,0,7,10000,0.29,0,0,0,1,on_schedule,0,0,synthetic
PROJ_0111,PROJ_0111_T03,road_marking_and_signage_installation,15,22,7,0,10000,0.29,1,0,0,2,design_change,1,70000,synthetic
PROJ_0112,PROJ_0112_T01,bridge_deck_construction,60,54,0,7,10000,0.42,1,0,0,0,on_schedule,0,0,synthetic
PROJ_0112,PROJ_0112_T02,road_marking_and_signage_installation,15,12,0,0,10000,0.42,0,0,0,1,on_schedule,0,0,synthetic
PROJ_0112,PROJ_0112_T03,bituminous_macadam_laying,30,53,23,3,10000,0.42,1,0,0,2,subcontractor_failure,1,200000,synthetic
PROJ_0113,PROJ_0113_T01,bridge_deck_construction,60,81,21,7,10000,0.56,0,1,0,0,material_shortage,1,140000,synthetic
PROJ_0113,PROJ_0113_T02,guardrail_installation,25,25,0,5,10000,0.56,1,0,1,1,on_schedule,0,0,synthetic
PROJ_0113,PROJ_0113_T03,bituminous_macadam_laying,30,26,0,3,10000,0.56,0,0,0,2,on_schedule,0,0,synthetic
PROJ_0114,PROJ_0114_T01,site_clearance_and_excavation,20,17,0,0,10000,0.38,0,0,0,0,on_schedule,0,0,synthetic
PROJ_0114,PROJ_0114_T02,sub_base_course_preparation,45,41,0,0,10000,0.38,0,0,0,1,on_schedule,0,0,synthetic
PROJ_0114,PROJ_0114_T03,guardrail_installation,25,33,8,5,10000,0.38,1,0,0,2,rain_monsoon,1,30000,synthetic
PROJ_0114,PROJ_0114_T04,road_marking_and_signage_installation,15,15,0,0,10000,0.38,1,0,1,3,on_schedule,0,0,synthetic
PROJ_0115,PROJ_0115_T01,site_clearance_and_excavation,20,19,0,0,10000,0.42,1,0,0,0,on_schedule,0,0,synthetic
PROJ_0115,PROJ_0115_T02,bridge_deck_construction,60,98,38,7,10000,0.42,0,0,0,1,design_change,1,310000,synthetic
PROJ_0115,PROJ_0115_T03,road_marking_and_signage_installation,15,14,0,0,10000,0.42,0,0,1,2,on_schedule,0,0,synthetic
PROJ_0116,PROJ_0116_T01,road_marking_and_signage_installation,15,14,0,0,10000,0.14,1,0,0,0,on_schedule,0,0,synthetic
PROJ_0116,PROJ_0116_T02,site_clearance_and_excavation,20,21,1,0,10000,0.14,1,0,0,1,land_acquisition,1,10000,synthetic
PROJ_0116,PROJ_0116_T03,bridge_deck_construction,60,52,0,7,10000,0.14,0,0,1,2,on_schedule,0,0,synthetic
PROJ_0117,PROJ_0117_T01,site_clearance_and_excavation,20,32,12,0,10000,0.14,1,0,0,0,rain_monsoon,1,120000,synthetic
PROJ_0117,PROJ_0117_T02,bridge_deck_construction,60,48,0,7,10000,0.14,1,0,1,1,on_schedule,0,0,synthetic
PROJ_0117,PROJ_0117_T03,sub_base_course_preparation,45,37,0,0,10000,0.14,0,0,0,2,on_schedule,0,0,synthetic
PROJ_0117,PROJ_0117_T04,bituminous_macadam_laying,30,25,0,3,10000,0.14,1,0,0,3,on_schedule,0,0,synthetic
PROJ_0118,PROJ_0118_T01,guardrail_installation,25,39,14,5,10000,0.17,1,0,0,0,land_acquisition,1,90000,synthetic
PROJ_0118,PROJ_0118_T02,bridge_deck_construction,60,60,0,7,10000,0.17,0,0,1,1,on_schedule,0,0,synthetic
PROJ_0118,PROJ_0118_T03,site_clearance_and_excavation,20,17,0,0,10000,0.17,1,0,0,2,on_schedule,0,0,synthetic
PROJ_0118,PROJ_0118_T04,bituminous_macadam_laying,30,25,0,3,10000,0.17,1,0,0,3,on_schedule,0,0,synthetic
PROJ_0119,PROJ_0119_T01,bituminous_macadam_laying,30,27,0,3,10000,0.17,1,0,0,0,on_schedule,0,0,synthetic
PROJ_0119,PROJ_0119_T02,site_clearance_and_excavation,20,19,0,0,10000,0.17,0,0,0,1,on_schedule,0,0,synthetic
PROJ_0119,PROJ_0119_T03,guardrail_installation,25,24,0,5,10000,0.17,0,0,0,2,on_schedule,0,0,synthetic
PROJ_0120,PROJ_0120_T01,site_clearance_and_excavation,20,18,0,0,10000,0.26,1,0,0,0,on_schedule,0,0,synthetic
PROJ_0120,PROJ_0120_T02,guardrail_installation,25,24,0,5,10000,0.26,0,0,0,1,on_schedule,0,0,synthetic
PROJ_0120,PROJ_0120_T03,sub_base_course_preparation,45,44,0,0,10000,0.26,0,0,0,2,on_schedule,0,0,synthetic
PROJ_0120,PROJ_0120_T04,bridge_deck_construction,60,56,0,7,10000,0.26,0,0,0,3,on_schedule,0,0,synthetic
PROJ_0120,PROJ_0120_T05,road_marking_and_signage_installation,15,15,0,0,10000,0.26,0,0,0,4,on_schedule,0,0,synthetic
PROJ_0120,PROJ_0120_T06,bituminous_macadam_laying,30,26,0,3,10000,0.26,0,0,0,5,on_schedule,0,0,synthetic
PROJ_0121,PROJ_0121_T01,road_marking_and_signage_installation,15,12,0,0,10000,0.44,1,0,0,0,on_schedule,0,0,synthetic
PROJ_0121,PROJ_0121_T02,guardrail_installation,25,23,0,5,10000,0.44,1,0,0,1,on_schedule,0,0,synthetic
PROJ_0121,PROJ_0121_T03,bridge_deck_construction,60,59,0,7,10000,0.44,1,0,0,2,on_schedule,0,0,synthetic
PROJ_0121,PROJ_0121_T04,site_clearance_and_excavation,20,18,0,0,10000,0.44,0,0,0,3,on_schedule,0,0,synthetic
PROJ_0121,PROJ_0121_T05,bituminous_macadam_laying,30,38,8,3,10000,0.44,0,0,0,4,utility_shifting,1,50000,synthetic
PROJ_0121,PROJ_0121_T06,sub_base_course_preparation,45,36,0,0,10000,0.44,1,0,1,5,on_schedule,0,0,synthetic
PROJ_0122,PROJ_0122_T01,site_clearance_and_excavation,20,37,17,0,10000,0.58,1,0,0,0,labour_dispute,1,170000,synthetic
PROJ_0122,PROJ_0122_T02,bituminous_macadam_laying,30,27,0,3,10000,0.58,0,0,1,1,on_schedule,0,0,synthetic
PROJ_0122,PROJ_0122_T03,sub_base_course_preparation,45,36,0,0,10000,0.58,1,0,0,2,on_schedule,0,0,synthetic
PROJ_0122,PROJ_0122_T04,bridge_deck_construction,60,87,27,7,10000,0.58,0,0,0,3,rain_monsoon,1,200000,synthetic
PROJ_0122,PROJ_0122_T05,road_marking_and_signage_installation,15,13,0,0,10000,0.58,1,0,1,4,on_schedule,0,0,synthetic
PROJ_0123,PROJ_0123_T01,road_marking_and_signage_installation,15,27,12,0,10000,0.27,1,0,0,0,subcontractor_failure,1,120000,synthetic
PROJ_0123,PROJ_0123_T02,sub_base_course_preparation,45,48,3,0,10000,0.27,0,0,1,1,rain_monsoon,1,30000,synthetic
PROJ_0123,PROJ_0123_T03,site_clearance_and_excavation,20,16,0,0,10000,0.27,0,0,1,2,on_schedule,0,0,synthetic
PROJ_0123,PROJ_0123_T04,bridge_deck_construction,60,59,0,7,10000,0.27,0,0,0,3,on_schedule,0,0,synthetic
PROJ_0123,PROJ_0123_T05,guardrail_installation,25,24,0,5,10000,0.27,0,0,0,4,on_schedule,0,0,synthetic
PROJ_0124,PROJ_0124_T01,site_clearance_and_excavation,20,34,14,0,10000,0.38,0,0,0,0,design_change,1,140000,synthetic
PROJ_0124,PROJ_0124_T02,road_marking_and_signage_installation,15,13,0,0,10000,0.38,1,0,1,1,on_schedule,0,0,synthetic
PROJ_0124,PROJ_0124_T03,bridge_deck_construction,60,54,0,7,10000,0.38,0,0,0,2,on_schedule,0,0,synthetic
PROJ_0124,PROJ_0124_T04,guardrail_installation,25,21,0,5,10000,0.38,1,0,0,3,on_schedule,0,0,synthetic
PROJ_0124,PROJ_0124_T05,bituminous_macadam_laying,30,30,0,3,10000,0.38,0,0,0,4,on_schedule,0,0,synthetic
PROJ_0125,PROJ_0125_T01,sub_base_course_preparation,45,43,0,0,10000,0.5,0,0,0,0,on_schedule,0,0,synthetic
PROJ_0125,PROJ_0125_T02,road_marking_and_signage_installation,15,29,14,0,10000,0.5,1,0,0,1,subcontractor_failure,1,140000,synthetic
PROJ_0125,PROJ_0125_T03,guardrail_installation,25,24,0,5,10000,0.5,1,0,1,2,on_schedule,0,0,synthetic
PROJ_0126,PROJ_0126_T01,site_clearance_and_excavation,20,18,0,0,10000,0.27,0,0,0,0,on_schedule,0,0,synthetic
PROJ_0126,PROJ_0126_T02,sub_base_course_preparation,45,41,0,0,10000,0.27,0,0,0,1,on_schedule,0,0,synthetic
PROJ_0126,PROJ_0126_T03,road_marking_and_signage_installation,15,17,2,0,10000,0.27,1,0,0,2,equipment_breakdown,1,20000,synthetic
PROJ_0127,PROJ_0127_T01,site_clearance_and_excavation,20,17,0,0,10000,0.36,1,0,0,0,on_schedule,0,0,synthetic
PROJ_0127,PROJ_0127_T02,sub_base_course_preparation,45,38,0,0,10000,0.36,0,0,0,1,on_schedule,0,0,synthetic
PROJ_0127,PROJ_0127_T03,road_marking_and_signage_installation,15,13,0,0,10000,0.36,0,0,0,2,on_schedule,0,0,synthetic
PROJ_0127,PROJ_0127_T04,guardrail_installation,25,23,0,5,10000,0.36,0,0,0,3,on_schedule,0,0,synthetic
PROJ_0128,PROJ_0128_T01,site_clearance_and_excavation,20,19,0,0,10000,0.58,1,0,0,0,on_schedule,0,0,synthetic
PROJ_0128,PROJ_0128_T02,road_marking_and_signage_installation,15,15,0,0,10000,0.58,1,0,0,1,on_schedule,0,0,synthetic
PROJ_0128,PROJ_0128_T03,sub_base_course_preparation,45,47,2,0,10000,0.58,1,0,0,2,labour_dispute,1,20000,synthetic
PROJ_0128,PROJ_0128_T04,bridge_deck_construction,60,75,15,7,10000,0.58,0,0,1,3,land_acquisition,1,80000,synthetic
PROJ_0128,PROJ_0128_T05,guardrail_installation,25,24,0,5,10000,0.58,1,0,1,4,on_schedule,0,0,synthetic
PROJ_0129,PROJ_0129_T01,guardrail_installation,25,20,0,5,10000,0.39,1,0,0,0,on_schedule,0,0,synthetic
PROJ_0129,PROJ_0129_T02,sub_base_course_preparation,45,42,0,0,10000,0.39,0,0,0,1,on_schedule,0,0,synthetic
PROJ_0129,PROJ_0129_T03,bridge_deck_construction,60,58,0,7,10000,0.39,0,0,0,2,on_schedule,0,0,synthetic
PROJ_0130,PROJ_0130_T01,bituminous_macadam_laying,30,24,0,3,10000,0.54,0,0,0,0,on_schedule,0,0,synthetic
PROJ_0130,PROJ_0130_T02,site_clearance_and_excavation,20,32,12,0,10000,0.54,0,0,0,1,design_change,1,120000,synthetic
PROJ_0130,PROJ_0130_T03,guardrail_installation,25,21,0,5,10000,0.54,0,0,1,2,on_schedule,0,0,synthetic
PROJ_0130,PROJ_0130_T04,road_marking_and_signage_installation,15,14,0,0,10000,0.54,1,0,0,3,on_schedule,0,0,synthetic
PROJ_0130,PROJ_0130_T05,bridge_deck_construction,60,50,0,7,10000,0.54,1,0,0,4,on_schedule,0,0,synthetic
PROJ_0131,PROJ_0131_T01,guardrail_installation,25,22,0,5,10000,0.24,0,0,0,0,on_schedule,0,0,synthetic
PROJ_0131,PROJ_0131_T02,sub_base_course_preparation,45,38,0,0,10000,0.24,0,0,0,1,on_schedule,0,0,synthetic
PROJ_0131,PROJ_0131_T03,bituminous_macadam_laying,30,41,11,3,10000,0.24,1,0,0,2,labour_dispute,1,80000,synthetic
PROJ_0131,PROJ_0131_T04,site_clearance_and_excavation,20,20,0,0,10000,0.24,1,0,1,3,on_schedule,0,0,synthetic
PROJ_0131,PROJ_0131_T05,road_marking_and_signage_installation,15,15,0,0,10000,0.24,1,0,0,4,on_schedule,0,0,synthetic
PROJ_0132,PROJ_0132_T01,bituminous_macadam_laying,30,26,0,3,10000,0.42,1,0,0,0,on_schedule,0,0,synthetic
PROJ_0132,PROJ_0132_T02,site_clearance_and_excavation,20,18,0,0,10000,0.42,0,0,0,1,on_schedule,0,0,synthetic
PROJ_0132,PROJ_0132_T03,guardrail_installation,25,25,0,5,10000,0.42,0,0,0,2,on_schedule,0,0,synthetic
PROJ_0133,PROJ_0133_T01,bridge_deck_construction,60,51,0,7,10000,0.42,1,0,0,0,on_schedule,0,0,synthetic
PROJ_0133,PROJ_0133_T02,guardrail_installation,25,22,0,5,10000,0.42,1,0,0,1,on_schedule,0,0,synthetic
PROJ_0133,PROJ_0133_T03,bituminous_macadam_laying,30,25,0,3,10000,0.42,1,0,0,2,on_schedule,0,0,synthetic
PROJ_0133,PROJ_0133_T04,sub_base_course_preparation,45,36,0,0,10000,0.42,0,0,0,3,on_schedule,0,0,synthetic
PROJ_0133,PROJ_0133_T05,road_marking_and_signage_installation,15,28,13,0,10000,0.42,0,0,0,4,subcontractor_failure,1,130000,synthetic
PROJ_0133,PROJ_0133_T06,site_clearance_and_excavation,20,26,6,0,10000,0.42,1,0,1,5,subcontractor_failure,1,60000,synthetic
PROJ_0134,PROJ_0134_T01,site_clearance_and_excavation,20,18,0,0,10000,0.6,0,0,0,0,on_schedule,0,0,synthetic
PROJ_0134,PROJ_0134_T02,road_marking_and_signage_installation,15,14,0,0,10000,0.6,0,0,0,1,on_schedule,0,0,synthetic
PROJ_0134,PROJ_0134_T03,sub_base_course_preparation,45,40,0,0,10000,0.6,0,0,0,2,on_schedule,0,0,synthetic
PROJ_0135,PROJ_0135_T01,bridge_deck_construction,60,60,0,7,10000,0.43,0,0,0,0,on_schedule,0,0,synthetic
PROJ_0135,PROJ_0135_T02,road_marking_and_signage_installation,15,12,0,0,10000,0.43,0,0,0,1,on_schedule,0,0,synthetic
PROJ_0135,PROJ_0135_T03,bituminous_macadam_laying,30,46,16,3,10000,0.43,0,0,0,2,rain_monsoon,1,130000,synthetic
PROJ_0135,PROJ_0135_T04,sub_base_course_preparation,45,44,0,0,10000,0.43,1,0,1,3,on_schedule,0,0,synthetic
PROJ_0135,PROJ_0135_T05,guardrail_installation,25,36,11,5,10000,0.43,1,0,0,4,rain_monsoon,1,60000,synthetic
PROJ_0136,PROJ_0136_T01,road_marking_and_signage_installation,15,12,0,0,10000,0.34,1,0,0,0,on_schedule,0,0,synthetic
PROJ_0136,PROJ_0136_T02,site_clearance_and_excavation,20,18,0,0,10000,0.34,0,0,0,1,on_schedule,0,0,synthetic
PROJ_0136,PROJ_0136_T03,bituminous_macadam_laying,30,30,0,3,10000,0.34,0,0,0,2,on_schedule,0,0,synthetic
PROJ_0136,PROJ_0136_T04,guardrail_installation,25,25,0,5,10000,0.34,0,0,0,3,on_schedule,0,0,synthetic
PROJ_0137,PROJ_0137_T01,bituminous_macadam_laying,30,29,0,3,10000,0.37,0,0,0,0,on_schedule,0,0,synthetic
PROJ_0137,PROJ_0137_T02,sub_base_course_preparation,45,38,0,0,10000,0.37,1,0,0,1,on_schedule,0,0,synthetic
PROJ_0137,PROJ_0137_T03,road_marking_and_signage_installation,15,15,0,0,10000,0.37,0,0,0,2,on_schedule,0,0,synthetic
PROJ_0138,PROJ_0138_T01,road_marking_and_signage_installation,15,15,0,0,10000,0.55,1,0,0,0,on_schedule,0,0,synthetic
PROJ_0138,PROJ_0138_T02,bituminous_macadam_laying,30,25,0,3,10000,0.55,1,0,0,1,on_schedule,0,0,synthetic
PROJ_0138,PROJ_0138_T03,site_clearance_and_excavation,20,17,0,0,10000,0.55,1,0,0,2,on_schedule,0,0,synthetic
PROJ_0139,PROJ_0139_T01,bridge_deck_construction,60,56,0,7,10000,0.52,0,0,0,0,on_schedule,0,0,synthetic
PROJ_0139,PROJ_0139_T02,guardrail_installation,25,22,0,5,10000,0.52,0,0,0,1,on_schedule,0,0,synthetic
PROJ_0139,PROJ_0139_T03,road_marking_and_signage_installation,15,13,0,0,10000,0.52,1,0,0,2,on_schedule,0,0,synthetic
PROJ_0140,PROJ_0140_T01,site_clearance_and_excavation,20,17,0,0,10000,0.16,1,0,0,0,on_schedule,0,0,synthetic
PROJ_0140,PROJ_0140_T02,sub_base_course_preparation,45,45,0,0,10000,0.16,1,0,0,1,on_schedule,0,0,synthetic
PROJ_0140,PROJ_0140_T03,bituminous_macadam_laying,30,29,0,3,10000,0.16,0,0,0,2,on_schedule,0,0,synthetic
PROJ_0140,PROJ_0140_T04,guardrail_installation,25,20,0,5,10000,0.16,0,0,0,3,on_schedule,0,0,synthetic
PROJ_0140,PROJ_0140_T05,bridge_deck_construction,60,48,0,7,10000,0.16,1,0,0,4,on_schedule,0,0,synthetic
PROJ_0140,PROJ_0140_T06,road_marking_and_signage_installation,15,16,1,0,10000,0.16,1,0,0,5,design_change,1,10000,synthetic
PROJ_0141,PROJ_0141_T01,site_clearance_and_excavation,20,27,7,0,10000,0.31,1,0,0,0,equipment_breakdown,1,70000,synthetic
PROJ_0141,PROJ_0141_T02,bituminous_macadam_laying,30,29,0,3,10000,0.31,0,0,1,1,on_schedule,0,0,synthetic
PROJ_0141,PROJ_0141_T03,road_marking_and_signage_installation,15,15,0,0,10000,0.31,0,0,0,2,on_schedule,0,0,synthetic
PROJ_0141,PROJ_0141_T04,bridge_deck_construction,60,66,6,7,10000,0.31,0,0,0,3,design_change,0,0,synthetic
PROJ_0141,PROJ_0141_T05,sub_base_course_preparation,45,45,0,0,10000,0.31,0,0,1,4,on_schedule,0,0,synthetic
PROJ_0141,PROJ_0141_T06,guardrail_installation,25,25,0,5,10000,0.31,0,0,0,5,on_schedule,0,0,synthetic
PROJ_0142,PROJ_0142_T01,road_marking_and_signage_installation,15,14,0,0,10000,0.11,1,0,0,0,on_schedule,0,0,synthetic
PROJ_0142,PROJ_0142_T02,bituminous_macadam_laying,30,35,5,3,10000,0.11,0,0,0,1,land_acquisition,1,20000,synthetic
PROJ_0142,PROJ_0142_T03,bridge_deck_construction,60,48,0,7,10000,0.11,1,0,1,2,on_schedule,0,0,synthetic
PROJ_0143,PROJ_0143_T01,bituminous_macadam_laying,30,49,19,3,10000,0.24,1,0,0,0,equipment_breakdown,1,160000,synthetic
PROJ_0143,PROJ_0143_T02,guardrail_installation,25,29,4,5,10000,0.24,0,0,1,1,rain_monsoon,0,0,synthetic
PROJ_0143,PROJ_0143_T03,bridge_deck_construction,60,48,0,7,10000,0.24,0,0,1,2,on_schedule,0,0,synthetic
PROJ_0143,PROJ_0143_T04,road_marking_and_signage_installation,15,12,0,0,10000,0.24,0,0,0,3,on_schedule,0,0,synthetic
PROJ_0143,PROJ_0143_T05,sub_base_course_preparation,45,69,24,0,10000,0.24,0,0,0,4,design_change,1,240000,synthetic
PROJ_0143,PROJ_0143_T06,site_clearance_and_excavation,20,22,2,0,10000,0.24,0,0,1,5,design_change,1,20000,synthetic
PROJ_0144,PROJ_0144_T01,bridge_deck_construction,60,64,4,7,10000,0.22,0,0,0,0,equipment_breakdown,0,0,synthetic
PROJ_0144,PROJ_0144_T02,guardrail_installation,25,20,0,5,10000,0.22,1,0,1,1,on_schedule,0,0,synthetic
PROJ_0144,PROJ_0144_T03,sub_base_course_preparation,45,75,30,0,10000,0.22,1,0,0,2,land_acquisition,1,300000,synthetic
PROJ_0144,PROJ_0144_T04,bituminous_macadam_laying,30,28,0,3,10000,0.22,1,0,1,3,on_schedule,0,0,synthetic
PROJ_0144,PROJ_0144_T05,road_marking_and_signage_installation,15,19,4,0,10000,0.22,1,0,0,4,land_acquisition,1,40000,synthetic
PROJ_0145,PROJ_0145_T01,sub_base_course_preparation,45,39,0,0,10000,0.33,0,0,0,0,on_schedule,0,0,synthetic
PROJ_0145,PROJ_0145_T02,site_clearance_and_excavation,20,34,14,0,10000,0.33,0,1,0,1,material_shortage,1,140000,synthetic
PROJ_0145,PROJ_0145_T03,road_marking_and_signage_installation,15,12,0,0,10000,0.33,1,0,1,2,on_schedule,0,0,synthetic
PROJ_0145,PROJ_0145_T04,guardrail_installation,25,38,13,5,10000,0.33,0,0,0,3,land_acquisition,1,80000,synthetic
PROJ_0146,PROJ_0146_T01,road_marking_and_signage_installation,15,13,0,0,10000,0.36,1,0,0,0,on_schedule,0,0,synthetic
PROJ_0146,PROJ_0146_T02,site_clearance_and_excavation,20,28,8,0,10000,0.36,1,0,0,1,design_change,1,80000,synthetic
PROJ_0146,PROJ_0146_T03,sub_base_course_preparation,45,37,0,0,10000,0.36,0,0,1,2,on_schedule,0,0,synthetic
PROJ_0146,PROJ_0146_T04,bituminous_macadam_laying,30,29,0,3,10000,0.36,1,0,0,3,on_schedule,0,0,synthetic
PROJ_0147,PROJ_0147_T01,bituminous_macadam_laying,30,26,0,3,10000,0.4,1,0,0,0,on_schedule,0,0,synthetic
PROJ_0147,PROJ_0147_T02,site_clearance_and_excavation,20,19,0,0,10000,0.4,1,0,0,1,on_schedule,0,0,synthetic
PROJ_0147,PROJ_0147_T03,road_marking_and_signage_installation,15,14,0,0,10000,0.4,0,0,0,2,on_schedule,0,0,synthetic
PROJ_0148,PROJ_0148_T01,road_marking_and_signage_installation,15,18,3,0,10000,0.57,1,0,0,0,subcontractor_failure,1,30000,synthetic
PROJ_0148,PROJ_0148_T02,sub_base_course_preparation,45,37,0,0,10000,0.57,1,0,1,1,on_schedule,0,0,synthetic
PROJ_0148,PROJ_0148_T03,bituminous_macadam_laying,30,25,0,3,10000,0.57,1,0,0,2,on_schedule,0,0,synthetic
PROJ_0149,PROJ_0149_T01,bituminous_macadam_laying,30,29,0,3,10000,0.33,0,0,0,0,on_schedule,0,0,synthetic
PROJ_0149,PROJ_0149_T02,bridge_deck_construction,60,81,21,7,10000,0.33,0,0,0,1,equipment_breakdown,1,140000,synthetic
PROJ_0149,PROJ_0149_T03,road_marking_and_signage_installation,15,14,0,0,10000,0.33,1,0,1,2,on_schedule,0,0,synthetic
PROJ_0149,PROJ_0149_T04,guardrail_installation,25,25,0,5,10000,0.33,1,0,0,3,on_schedule,0,0,synthetic
PROJ_0149,PROJ_0149_T05,site_clearance_and_excavation,20,26,6,0,10000,0.33,1,1,0,4,material_shortage,1,60000,synthetic
PROJ_0150,PROJ_0150_T01,sub_base_course_preparation,45,49,4,0,10000,0.38,0,0,0,0,labour_dispute,1,40000,synthetic
PROJ_0150,PROJ_0150_T02,road_marking_and_signage_installation,15,22,7,0,10000,0.38,0,0,1,1,utility_shifting,1,70000,synthetic
PROJ_0150,PROJ_0150_T03,bituminous_macadam_laying,30,26,0,3,10000,0.38,0,0,1,2,on_schedule,0,0,synthetic
PROJ_0150,PROJ_0150_T04,bridge_deck_construction,60,65,5,7,10000,0.38,1,0,0,3,labour_dispute,0,0,synthetic
PROJ_0150,PROJ_0150_T05,site_clearance_and_excavation,20,16,0,0,10000,0.38,1,0,1,4,on_schedule,0,0,synthetic
PROJ_0150,PROJ_0150_T06,guardrail_installation,25,40,15,5,10000,0.38,0,1,0,5,material_shortage,1,100000,synthetic
PROJ_0151,PROJ_0151_T01,site_clearance_and_excavation,20,17,0,0,10000,0.51,1,0,0,0,on_schedule,0,0,synthetic
PROJ_0151,PROJ_0151_T02,bridge_deck_construction,60,50,0,7,10000,0.51,0,0,0,1,on_schedule,0,0,synthetic
PROJ_0151,PROJ_0151_T03,bituminous_macadam_laying,30,28,0,3,10000,0.51,0,0,0,2,on_schedule,0,0,synthetic
PROJ_0151,PROJ_0151_T04,road_marking_and_signage_installation,15,15,0,0,10000,0.51,1,0,0,3,on_schedule,0,0,synthetic
PROJ_0151,PROJ_0151_T05,guardrail_installation,25,23,0,5,10000,0.51,0,0,0,4,on_schedule,0,0,synthetic
PROJ_0151,PROJ_0151_T06,sub_base_course_preparation,45,70,25,0,10000,0.51,1,0,0,5,equipment_breakdown,1,250000,synthetic
PROJ_0152,PROJ_0152_T01,sub_base_course_preparation,45,41,0,0,10000,0.42,1,0,0,0,on_schedule,0,0,synthetic
PROJ_0152,PROJ_0152_T02,road_marking_and_signage_installation,15,15,0,0,10000,0.42,1,0,0,1,on_schedule,0,0,synthetic
PROJ_0152,PROJ_0152_T03,bituminous_macadam_laying,30,28,0,3,10000,0.42,1,0,0,2,on_schedule,0,0,synthetic
PROJ_0152,PROJ_0152_T04,bridge_deck_construction,60,50,0,7,10000,0.42,0,0,0,3,on_schedule,0,0,synthetic
PROJ_0153,PROJ_0153_T01,bituminous_macadam_laying,30,25,0,3,10000,0.4,0,0,0,0,on_schedule,0,0,synthetic
PROJ_0153,PROJ_0153_T02,guardrail_installation,25,33,8,5,10000,0.4,0,0,0,1,land_acquisition,1,30000,synthetic
PROJ_0153,PROJ_0153_T03,bridge_deck_construction,60,51,0,7,10000,0.4,1,0,1,2,on_schedule,0,0,synthetic
PROJ_0153,PROJ_0153_T04,road_marking_and_signage_installation,15,13,0,0,10000,0.4,0,0,0,3,on_schedule,0,0,synthetic
PROJ_0153,PROJ_0153_T05,sub_base_course_preparation,45,66,21,0,10000,0.4,0,0,0,4,utility_shifting,1,210000,synthetic
PROJ_0154,PROJ_0154_T01,sub_base_course_preparation,45,48,3,0,10000,0.57,0,0,0,0,rain_monsoon,1,30000,synthetic
PROJ_0154,PROJ_0154_T02,road_marking_and_signage_installation,15,19,4,0,10000,0.57,1,1,1,1,material_shortage,1,40000,synthetic
PROJ_0154,PROJ_0154_T03,bridge_deck_construction,60,100,40,7,10000,0.57,0,0,1,2,labour_dispute,1,330000,synthetic
PROJ_0154,PROJ_0154_T04,site_clearance_and_excavation,20,17,0,0,10000,0.57,1,0,1,3,on_schedule,0,0,synthetic
PROJ_0154,PROJ_0154_T05,guardrail_installation,25,30,5,5,10000,0.57,0,0,0,4,equipment_breakdown,0,0,synthetic
PROJ_0155,PROJ_0155_T01,guardrail_installation,25,21,0,5,10000,0.58,1,0,0,0,on_schedule,0,0,synthetic
PROJ_0155,PROJ_0155_T02,site_clearance_and_excavation,20,19,0,0,10000,0.58,1,0,0,1,on_schedule,0,0,synthetic
PROJ_0155,PROJ_0155_T03,bituminous_macadam_laying,30,48,18,3,10000,0.58,0,0,0,2,utility_shifting,1,150000,synthetic
PROJ_0155,PROJ_0155_T04,road_marking_and_signage_installation,15,13,0,0,10000,0.58,1,0,1,3,on_schedule,0,0,synthetic
PROJ_0155,PROJ_0155_T05,bridge_deck_construction,60,79,19,7,10000,0.58,0,0,0,4,equipment_breakdown,1,120000,synthetic
PROJ_0156,PROJ_0156_T01,sub_base_course_preparation,45,66,21,0,10000,0.57,0,0,0,0,labour_dispute,1,210000,synthetic
PROJ_0156,PROJ_0156_T02,site_clearance_and_excavation,20,17,0,0,10000,0.57,1,0,1,1,on_schedule,0,0,synthetic
PROJ_0156,PROJ_0156_T03,bituminous_macadam_laying,30,25,0,3,10000,0.57,1,0,0,2,on_schedule,0,0,synthetic
PROJ_0157,PROJ_0157_T01,bituminous_macadam_laying,30,29,0,3,10000,0.18,0,0,0,0,on_schedule,0,0,synthetic
PROJ_0157,PROJ_0157_T02,guardrail_installation,25,20,0,5,10000,0.18,0,0,0,1,on_schedule,0,0,synthetic
PROJ_0157,PROJ_0157_T03,site_clearance_and_excavation,20,35,15,0,10000,0.18,0,0,0,2,design_change,1,150000,synthetic
PROJ_0157,PROJ_0157_T04,bridge_deck_construction,60,55,0,7,10000,0.18,1,0,1,3,on_schedule,0,0,synthetic
PROJ_0157,PROJ_0157_T05,road_marking_and_signage_installation,15,15,0,0,10000,0.18,0,0,0,4,on_schedule,0,0,synthetic
PROJ_0158,PROJ_0158_T01,sub_base_course_preparation,45,41,0,0,10000,0.49,1,0,0,0,on_schedule,0,0,synthetic
PROJ_0158,PROJ_0158_T02,road_marking_and_signage_installation,15,12,0,0,10000,0.49,1,0,0,1,on_schedule,0,0,synthetic
PROJ_0158,PROJ_0158_T03,bridge_deck_construction,60,85,25,7,10000,0.49,0,0,0,2,equipment_breakdown,1,180000,synthetic
PROJ_0158,PROJ_0158_T04,site_clearance_and_excavation,20,16,0,0,10000,0.49,1,0,1,3,on_schedule,0,0,synthetic
PROJ_0158,PROJ_0158_T05,bituminous_macadam_laying,30,28,0,3,10000,0.49,1,0,0,4,on_schedule,0,0,synthetic
PROJ_0158,PROJ_0158_T06,guardrail_installation,25,23,0,5,10000,0.49,0,0,0,5,on_schedule,0,0,synthetic
PROJ_0159,PROJ_0159_T01,bituminous_macadam_laying,30,26,0,3,10000,0.18,0,0,0,0,on_schedule,0,0,synthetic
PROJ_0159,PROJ_0159_T02,guardrail_installation,25,38,13,5,10000,0.18,0,0,0,1,subcontractor_failure,1,80000,synthetic
PROJ_0159,PROJ_0159_T03,road_marking_and_signage_installation,15,16,1,0,10000,0.18,0,0,1,2,design_change,1,10000,synthetic
PROJ_0159,PROJ_0159_T04,bridge_deck_construction,60,58,0,7,10000,0.18,1,0,1,3,on_schedule,0,0,synthetic
PROJ_0159,PROJ_0159_T05,site_clearance_and_excavation,20,21,1,0,10000,0.18,0,0,0,4,labour_dispute,1,10000,synthetic
PROJ_0159,PROJ_0159_T06,sub_base_course_preparation,45,37,0,0,10000,0.18,1,0,1,5,on_schedule,0,0,synthetic
PROJ_0160,PROJ_0160_T01,site_clearance_and_excavation,20,18,0,0,10000,0.25,0,0,0,0,on_schedule,0,0,synthetic
PROJ_0160,PROJ_0160_T02,bridge_deck_construction,60,54,0,7,10000,0.25,0,0,0,1,on_schedule,0,0,synthetic
PROJ_0160,PROJ_0160_T03,sub_base_course_preparation,45,42,0,0,10000,0.25,1,0,0,2,on_schedule,0,0,synthetic
PROJ_0161,PROJ_0161_T01,guardrail_installation,25,22,0,5,10000,0.32,0,0,0,0,on_schedule,0,0,synthetic
PROJ_0161,PROJ_0161_T02,site_clearance_and_excavation,20,24,4,0,10000,0.32,1,0,0,1,rain_monsoon,1,40000,synthetic
PROJ_0161,PROJ_0161_T03,sub_base_course_preparation,45,42,0,0,10000,0.32,0,0,1,2,on_schedule,0,0,synthetic
PROJ_0161,PROJ_0161_T04,road_marking_and_signage_installation,15,15,0,0,10000,0.32,1,0,0,3,on_schedule,0,0,synthetic
PROJ_0162,PROJ_0162_T01,road_marking_and_signage_installation,15,13,0,0,10000,0.39,0,0,0,0,on_schedule,0,0,synthetic
PROJ_0162,PROJ_0162_T02,site_clearance_and_excavation,20,19,0,0,10000,0.39,0,0,0,1,on_schedule,0,0,synthetic
PROJ_0162,PROJ_0162_T03,guardrail_installation,25,21,0,5,10000,0.39,0,0,0,2,on_schedule,0,0,synthetic
PROJ_0162,PROJ_0162_T04,bituminous_macadam_laying,30,25,0,3,10000,0.39,0,0,0,3,on_schedule,0,0,synthetic
PROJ_0162,PROJ_0162_T05,bridge_deck_construction,60,58,0,7,10000,0.39,1,0,0,4,on_schedule,0,0,synthetic
PROJ_0162,PROJ_0162_T06,sub_base_course_preparation,45,55,10,0,10000,0.39,1,0,0,5,land_acquisition,1,100000,synthetic
PROJ_0163,PROJ_0163_T01,sub_base_course_preparation,45,44,0,0,10000,0.14,1,0,0,0,on_schedule,0,0,synthetic
PROJ_0163,PROJ_0163_T02,site_clearance_and_excavation,20,16,0,0,10000,0.14,1,0,0,1,on_schedule,0,0,synthetic
PROJ_0163,PROJ_0163_T03,guardrail_installation,25,30,5,5,10000,0.14,0,0,0,2,equipment_breakdown,0,0,synthetic
PROJ_0164,PROJ_0164_T01,bituminous_macadam_laying,30,26,0,3,10000,0.38,1,0,0,0,on_schedule,0,0,synthetic
PROJ_0164,PROJ_0164_T02,guardrail_installation,25,24,0,5,10000,0.38,1,0,0,1,on_schedule,0,0,synthetic
PROJ_0164,PROJ_0164_T03,sub_base_course_preparation,45,63,18,0,10000,0.38,0,0,0,2,design_change,1,180000,synthetic
PROJ_0165,PROJ_0165_T01,guardrail_installation,25,20,0,5,10000,0.12,1,0,0,0,on_schedule,0,0,synthetic
PROJ_0165,PROJ_0165_T02,road_marking_and_signage_installation,15,14,0,0,10000,0.12,1,0,0,1,on_schedule,0,0,synthetic
PROJ_0165,PROJ_0165_T03,bituminous_macadam_laying,30,27,0,3,10000,0.12,0,0,0,2,on_schedule,0,0,synthetic
PROJ_0165,PROJ_0165_T04,bridge_deck_construction,60,51,0,7,10000,0.12,0,0,0,3,on_schedule,0,0,synthetic
PROJ_0165,PROJ_0165_T05,sub_base_course_preparation,45,43,0,0,10000,0.12,1,0,0,4,on_schedule,0,0,synthetic
PROJ_0165,PROJ_0165_T06,site_clearance_and_excavation,20,19,0,0,10000,0.12,0,0,0,5,on_schedule,0,0,synthetic
PROJ_0166,PROJ_0166_T01,site_clearance_and_excavation,20,17,0,0,10000,0.32,0,0,0,0,on_schedule,0,0,synthetic
PROJ_0166,PROJ_0166_T02,bridge_deck_construction,60,56,0,7,10000,0.32,1,0,0,1,on_schedule,0,0,synthetic
PROJ_0166,PROJ_0166_T03,guardrail_installation,25,42,17,5,10000,0.32,0,1,0,2,material_shortage,1,120000,synthetic
PROJ_0166,PROJ_0166_T04,bituminous_macadam_laying,30,37,7,3,10000,0.32,0,1,1,3,material_shortage,1,40000,synthetic
PROJ_0167,PROJ_0167_T01,guardrail_installation,25,23,0,5,10000,0.33,1,0,0,0,on_schedule,0,0,synthetic
PROJ_0167,PROJ_0167_T02,road_marking_and_signage_installation,15,12,0,0,10000,0.33,0,0,0,1,on_schedule,0,0,synthetic
PROJ_0167,PROJ_0167_T03,bridge_deck_construction,60,92,32,7,10000,0.33,0,0,0,2,subcontractor_failure,1,250000,synthetic
PROJ_0168,PROJ_0168_T01,guardrail_installation,25,27,2,5,10000,0.39,0,0,0,0,equipment_breakdown,0,0,synthetic
PROJ_0168,PROJ_0168_T02,bridge_deck_construction,60,58,0,7,10000,0.39,0,0,1,1,on_schedule,0,0,synthetic
PROJ_0168,PROJ_0168_T03,road_marking_and_signage_installation,15,14,0,0,10000,0.39,1,0,0,2,on_schedule,0,0,synthetic
PROJ_0168,PROJ_0168_T04,site_clearance_and_excavation,20,16,0,0,10000,0.39,1,0,0,3,on_schedule,0,0,synthetic
PROJ_0168,PROJ_0168_T05,bituminous_macadam_laying,30,29,0,3,10000,0.39,0,0,0,4,on_schedule,0,0,synthetic
PROJ_0168,PROJ_0168_T06,sub_base_course_preparation,45,36,0,0,10000,0.39,0,0,0,5,on_schedule,0,0,synthetic
PROJ_0169,PROJ_0169_T01,guardrail_installation,25,21,0,5,10000,0.4,1,0,0,0,on_schedule,0,0,synthetic
PROJ_0169,PROJ_0169_T02,bridge_deck_construction,60,56,0,7,10000,0.4,1,0,0,1,on_schedule,0,0,synthetic
PROJ_0169,PROJ_0169_T03,site_clearance_and_excavation,20,16,0,0,10000,0.4,1,0,0,2,on_schedule,0,0,synthetic
PROJ_0169,PROJ_0169_T04,road_marking_and_signage_installation,15,14,0,0,10000,0.4,1,0,0,3,on_schedule,0,0,synthetic
PROJ_0169,PROJ_0169_T05,sub_base_course_preparation,45,43,0,0,10000,0.4,0,0,0,4,on_schedule,0,0,synthetic
PROJ_0170,PROJ_0170_T01,bridge_deck_construction,60,94,34,7,10000,0.59,0,0,0,0,labour_dispute,1,270000,synthetic
PROJ_0170,PROJ_0170_T02,guardrail_installation,25,24,0,5,10000,0.59,1,0,1,1,on_schedule,0,0,synthetic
PROJ_0170,PROJ_0170_T03,sub_base_course_preparation,45,38,0,0,10000,0.59,0,0,0,2,on_schedule,0,0,synthetic
PROJ_0170,PROJ_0170_T04,road_marking_and_signage_installation,15,14,0,0,10000,0.59,1,0,0,3,on_schedule,0,0,synthetic
PROJ_0170,PROJ_0170_T05,site_clearance_and_excavation,20,19,0,0,10000,0.59,1,0,0,4,on_schedule,0,0,synthetic
PROJ_0171,PROJ_0171_T01,sub_base_course_preparation,45,39,0,0,10000,0.39,1,0,0,0,on_schedule,0,0,synthetic
PROJ_0171,PROJ_0171_T02,road_marking_and_signage_installation,15,14,0,0,10000,0.39,1,0,0,1,on_schedule,0,0,synthetic
PROJ_0171,PROJ_0171_T03,guardrail_installation,25,25,0,5,10000,0.39,0,0,0,2,on_schedule,0,0,synthetic
PROJ_0172,PROJ_0172_T01,road_marking_and_signage_installation,15,13,0,0,10000,0.15,1,0,0,0,on_schedule,0,0,synthetic
PROJ_0172,PROJ_0172_T02,guardrail_installation,25,22,0,5,10000,0.15,1,0,0,1,on_schedule,0,0,synthetic
PROJ_0172,PROJ_0172_T03,bridge_deck_construction,60,53,0,7,10000,0.15,1,0,0,2,on_schedule,0,0,synthetic
PROJ_0172,PROJ_0172_T04,sub_base_course_preparation,45,40,0,0,10000,0.15,1,0,0,3,on_schedule,0,0,synthetic
PROJ_0172,PROJ_0172_T05,site_clearance_and_excavation,20,19,0,0,10000,0.15,0,0,0,4,on_schedule,0,0,synthetic
PROJ_0173,PROJ_0173_T01,road_marking_and_signage_installation,15,15,0,0,10000,0.34,1,0,0,0,on_schedule,0,0,synthetic
PROJ_0173,PROJ_0173_T02,sub_base_course_preparation,45,38,0,0,10000,0.34,0,0,0,1,on_schedule,0,0,synthetic
PROJ_0173,PROJ_0173_T03,bituminous_macadam_laying,30,26,0,3,10000,0.34,1,0,0,2,on_schedule,0,0,synthetic
PROJ_0174,PROJ_0174_T01,bridge_deck_construction,60,48,0,7,10000,0.17,0,0,0,0,on_schedule,0,0,synthetic
PROJ_0174,PROJ_0174_T02,road_marking_and_signage_installation,15,13,0,0,10000,0.17,0,0,0,1,on_schedule,0,0,synthetic
PROJ_0174,PROJ_0174_T03,bituminous_macadam_laying,30,25,0,3,10000,0.17,1,0,0,2,on_schedule,0,0,synthetic
PROJ_0174,PROJ_0174_T04,sub_base_course_preparation,45,37,0,0,10000,0.17,0,0,0,3,on_schedule,0,0,synthetic
PROJ_0174,PROJ_0174_T05,guardrail_installation,25,25,0,5,10000,0.17,1,0,0,4,on_schedule,0,0,synthetic
PROJ_0174,PROJ_0174_T06,site_clearance_and_excavation,20,19,0,0,10000,0.17,1,0,0,5,on_schedule,0,0,synthetic
PROJ_0175,PROJ_0175_T01,road_marking_and_signage_installation,15,13,0,0,10000,0.12,0,0,0,0,on_schedule,0,0,synthetic
PROJ_0175,PROJ_0175_T02,guardrail_installation,25,25,0,5,10000,0.12,0,0,0,1,on_schedule,0,0,synthetic
PROJ_0175,PROJ_0175_T03,bituminous_macadam_laying,30,42,12,3,10000,0.12,0,0,0,2,land_acquisition,1,90000,synthetic
PROJ_0176,PROJ_0176_T01,sub_base_course_preparation,45,48,3,0,10000,0.29,1,0,0,0,land_acquisition,1,30000,synthetic
PROJ_0176,PROJ_0176_T02,guardrail_installation,25,24,0,5,10000,0.29,1,0,1,1,on_schedule,0,0,synthetic
PROJ_0176,PROJ_0176_T03,road_marking_and_signage_installation,15,13,0,0,10000,0.29,1,0,0,2,on_schedule,0,0,synthetic
PROJ_0177,PROJ_0177_T01,road_marking_and_signage_installation,15,13,0,0,10000,0.28,0,0,0,0,on_schedule,0,0,synthetic
PROJ_0177,PROJ_0177_T02,bridge_deck_construction,60,57,0,7,10000,0.28,0,0,0,1,on_schedule,0,0,synthetic
PROJ_0177,PROJ_0177_T03,site_clearance_and_excavation,20,22,2,0,10000,0.28,1,0,0,2,design_change,1,20000,synthetic
PROJ_0177,PROJ_0177_T04,bituminous_macadam_laying,30,28,0,3,10000,0.28,0,0,1,3,on_schedule,0,0,synthetic
PROJ_0177,PROJ_0177_T05,guardrail_installation,25,20,0,5,10000,0.28,0,0,0,4,on_schedule,0,0,synthetic
PROJ_0177,PROJ_0177_T06,sub_base_course_preparation,45,36,0,0,10000,0.28,0,0,0,5,on_schedule,0,0,synthetic
PROJ_0178,PROJ_0178_T01,site_clearance_and_excavation,20,17,0,0,10000,0.31,0,0,0,0,on_schedule,0,0,synthetic
PROJ_0178,PROJ_0178_T02,bituminous_macadam_laying,30,29,0,3,10000,0.31,0,0,0,1,on_schedule,0,0,synthetic
PROJ_0178,PROJ_0178_T03,guardrail_installation,25,25,0,5,10000,0.31,0,0,0,2,on_schedule,0,0,synthetic
PROJ_0179,PROJ_0179_T01,bridge_deck_construction,60,60,0,7,10000,0.41,0,0,0,0,on_schedule,0,0,synthetic
PROJ_0179,PROJ_0179_T02,road_marking_and_signage_installation,15,13,0,0,10000,0.41,1,0,0,1,on_schedule,0,0,synthetic
PROJ_0179,PROJ_0179_T03,site_clearance_and_excavation,20,17,0,0,10000,0.41,1,0,0,2,on_schedule,0,0,synthetic
PROJ_0179,PROJ_0179_T04,bituminous_macadam_laying,30,26,0,3,10000,0.41,0,0,0,3,on_schedule,0,0,synthetic
PROJ_0179,PROJ_0179_T05,guardrail_installation,25,41,16,5,10000,0.41,1,0,0,4,labour_dispute,1,110000,synthetic
PROJ_0180,PROJ_0180_T01,bituminous_macadam_laying,30,33,3,3,10000,0.22,0,0,0,0,rain_monsoon,0,0,synthetic
PROJ_0180,PROJ_0180_T02,bridge_deck_construction,60,58,0,7,10000,0.22,0,0,1,1,on_schedule,0,0,synthetic
PROJ_0180,PROJ_0180_T03,sub_base_course_preparation,45,40,0,0,10000,0.22,1,0,0,2,on_schedule,0,0,synthetic
PROJ_0180,PROJ_0180_T04,guardrail_installation,25,20,0,5,10000,0.22,0,0,0,3,on_schedule,0,0,synthetic
PROJ_0180,PROJ_0180_T05,road_marking_and_signage_installation,15,14,0,0,10000,0.22,1,0,0,4,on_schedule,0,0,synthetic
PROJ_0181,PROJ_0181_T01,bituminous_macadam_laying,30,25,0,3,10000,0.31,1,0,0,0,on_schedule,0,0,synthetic
PROJ_0181,PROJ_0181_T02,bridge_deck_construction,60,55,0,7,10000,0.31,1,0,0,1,on_schedule,0,0,synthetic
PROJ_0181,PROJ_0181_T03,sub_base_course_preparation,45,37,0,0,10000,0.31,1,0,0,2,on_schedule,0,0,synthetic
PROJ_0181,PROJ_0181_T04,site_clearance_and_excavation,20,17,0,0,10000,0.31,0,0,0,3,on_schedule,0,0,synthetic
PROJ_0181,PROJ_0181_T05,guardrail_installation,25,23,0,5,10000,0.31,1,0,0,4,on_schedule,0,0,synthetic
PROJ_0182,PROJ_0182_T01,site_clearance_and_excavation,20,17,0,0,10000,0.44,0,0,0,0,on_schedule,0,0,synthetic
PROJ_0182,PROJ_0182_T02,bridge_deck_construction,60,57,0,7,10000,0.44,1,0,0,1,on_schedule,0,0,synthetic
PROJ_0182,PROJ_0182_T03,road_marking_and_signage_installation,15,15,0,0,10000,0.44,0,0,0,2,on_schedule,0,0,synthetic
PROJ_0182,PROJ_0182_T04,bituminous_macadam_laying,30,30,0,3,10000,0.44,1,0,0,3,on_schedule,0,0,synthetic
PROJ_0182,PROJ_0182_T05,guardrail_installation,25,25,0,5,10000,0.44,0,0,0,4,on_schedule,0,0,synthetic
PROJ_0182,PROJ_0182_T06,sub_base_course_preparation,45,43,0,0,10000,0.44,0,0,0,5,on_schedule,0,0,synthetic
PROJ_0183,PROJ_0183_T01,bituminous_macadam_laying,30,29,0,3,10000,0.32,0,0,0,0,on_schedule,0,0,synthetic
PROJ_0183,PROJ_0183_T02,guardrail_installation,25,25,0,5,10000,0.32,0,0,0,1,on_schedule,0,0,synthetic
PROJ_0183,PROJ_0183_T03,sub_base_course_preparation,45,42,0,0,10000,0.32,0,0,0,2,on_schedule,0,0,synthetic
PROJ_0183,PROJ_0183_T04,bridge_deck_construction,60,56,0,7,10000,0.32,0,0,0,3,on_schedule,0,0,synthetic
PROJ_0183,PROJ_0183_T05,site_clearance_and_excavation,20,26,6,0,10000,0.32,1,0,0,4,subcontractor_failure,1,60000,synthetic
PROJ_0183,PROJ_0183_T06,road_marking_and_signage_installation,15,12,0,0,10000,0.32,1,0,1,5,on_schedule,0,0,synthetic
PROJ_0184,PROJ_0184_T01,guardrail_installation,25,21,0,5,10000,0.22,0,0,0,0,on_schedule,0,0,synthetic
PROJ_0184,PROJ_0184_T02,bituminous_macadam_laying,30,30,0,3,10000,0.22,1,0,0,1,on_schedule,0,0,synthetic
PROJ_0184,PROJ_0184_T03,road_marking_and_signage_installation,15,23,8,0,10000,0.22,1,0,0,2,subcontractor_failure,1,80000,synthetic
PROJ_0184,PROJ_0184_T04,bridge_deck_construction,60,92,32,7,10000,0.22,0,1,1,3,material_shortage,1,250000,synthetic
PROJ_0184,PROJ_0184_T05,site_clearance_and_excavation,20,16,0,0,10000,0.22,0,0,1,4,on_schedule,0,0,synthetic
PROJ_0185,PROJ_0185_T01,sub_base_course_preparation,45,43,0,0,10000,0.5,1,0,0,0,on_schedule,0,0,synthetic
PROJ_0185,PROJ_0185_T02,guardrail_installation,25,20,0,5,10000,0.5,0,0,0,1,on_schedule,0,0,synthetic
PROJ_0185,PROJ_0185_T03,road_marking_and_signage_installation,15,14,0,0,10000,0.5,1,0,0,2,on_schedule,0,0,synthetic
PROJ_0186,PROJ_0186_T01,bituminous_macadam_laying,30,29,0,3,10000,0.46,1,0,0,0,on_schedule,0,0,synthetic
PROJ_0186,PROJ_0186_T02,bridge_deck_construction,60,53,0,7,10000,0.46,0,0,0,1,on_schedule,0,0,synthetic
PROJ_0186,PROJ_0186_T03,road_marking_and_signage_installation,15,18,3,0,10000,0.46,0,0,0,2,subcontractor_failure,1,30000,synthetic
PROJ_0186,PROJ_0186_T04,sub_base_course_preparation,45,42,0,0,10000,0.46,0,0,1,3,on_schedule,0,0,synthetic
PROJ_0186,PROJ_0186_T05,site_clearance_and_excavation,20,27,7,0,10000,0.46,0,0,0,4,labour_dispute,1,70000,synthetic
PROJ_0187,PROJ_0187_T01,road_marking_and_signage_installation,15,15,0,0,10000,0.21,1,0,0,0,on_schedule,0,0,synthetic
PROJ_0187,PROJ_0187_T02,guardrail_installation,25,24,0,5,10000,0.21,0,0,0,1,on_schedule,0,0,synthetic
PROJ_0187,PROJ_0187_T03,bituminous_macadam_laying,30,24,0,3,10000,0.21,0,0,0,2,on_schedule,0,0,synthetic
PROJ_0187,PROJ_0187_T04,bridge_deck_construction,60,54,0,7,10000,0.21,1,0,0,3,on_schedule,0,0,synthetic
PROJ_0187,PROJ_0187_T05,site_clearance_and_excavation,20,17,0,0,10000,0.21,0,0,0,4,on_schedule,0,0,synthetic
PROJ_0187,PROJ_0187_T06,sub_base_course_preparation,45,38,0,0,10000,0.21,0,0,0,5,on_schedule,0,0,synthetic
PROJ_0188,PROJ_0188_T01,sub_base_course_preparation,45,41,0,0,10000,0.43,1,0,0,0,on_schedule,0,0,synthetic
PROJ_0188,PROJ_0188_T02,guardrail_installation,25,21,0,5,10000,0.43,0,0,0,1,on_schedule,0,0,synthetic
PROJ_0188,PROJ_0188_T03,site_clearance_and_excavation,20,20,0,0,10000,0.43,1,0,0,2,on_schedule,0,0,synthetic
PROJ_0188,PROJ_0188_T04,road_marking_and_signage_installation,15,14,0,0,10000,0.43,0,0,0,3,on_schedule,0,0,synthetic
PROJ_0188,PROJ_0188_T05,bituminous_macadam_laying,30,50,20,3,10000,0.43,1,0,0,4,land_acquisition,1,170000,synthetic
PROJ_0188,PROJ_0188_T06,bridge_deck_construction,60,50,0,7,10000,0.43,0,0,1,5,on_schedule,0,0,synthetic
PROJ_0189,PROJ_0189_T01,guardrail_installation,25,24,0,5,10000,0.46,1,0,0,0,on_schedule,0,0,synthetic
PROJ_0189,PROJ_0189_T02,sub_base_course_preparation,45,42,0,0,10000,0.46,0,0,0,1,on_schedule,0,0,synthetic
PROJ_0189,PROJ_0189_T03,site_clearance_and_excavation,20,16,0,0,10000,0.46,1,0,0,2,on_schedule,0,0,synthetic
PROJ_0189,PROJ_0189_T04,bridge_deck_construction,60,64,4,7,10000,0.46,1,0,0,3,labour_dispute,0,0,synthetic
PROJ_0189,PROJ_0189_T05,road_marking_and_signage_installation,15,13,0,0,10000,0.46,1,0,1,4,on_schedule,0,0,synthetic
PROJ_0190,PROJ_0190_T01,bituminous_macadam_laying,30,27,0,3,10000,0.17,0,0,0,0,on_schedule,0,0,synthetic
PROJ_0190,PROJ_0190_T02,guardrail_installation,25,25,0,5,10000,0.17,0,0,0,1,on_schedule,0,0,synthetic
PROJ_0190,PROJ_0190_T03,road_marking_and_signage_installation,15,15,0,0,10000,0.17,0,0,0,2,on_schedule,0,0,synthetic
PROJ_0190,PROJ_0190_T04,sub_base_course_preparation,45,40,0,0,10000,0.17,0,0,0,3,on_schedule,0,0,synthetic
PROJ_0190,PROJ_0190_T05,bridge_deck_construction,60,54,0,7,10000,0.17,1,0,0,4,on_schedule,0,0,synthetic
PROJ_0191,PROJ_0191_T01,bituminous_macadam_laying,30,29,0,3,10000,0.58,1,0,0,0,on_schedule,0,0,synthetic
PROJ_0191,PROJ_0191_T02,bridge_deck_construction,60,56,0,7,10000,0.58,0,0,0,1,on_schedule,0,0,synthetic
PROJ_0191,PROJ_0191_T03,guardrail_installation,25,21,0,5,10000,0.58,1,0,0,2,on_schedule,0,0,synthetic
PROJ_0191,PROJ_0191_T04,sub_base_course_preparation,45,37,0,0,10000,0.58,0,0,0,3,on_schedule,0,0,synthetic
PROJ_0191,PROJ_0191_T05,road_marking_and_signage_installation,15,12,0,0,10000,0.58,1,0,0,4,on_schedule,0,0,synthetic
PROJ_0192,PROJ_0192_T01,sub_base_course_preparation,45,62,17,0,10000,0.31,1,1,0,0,material_shortage,1,170000,synthetic
PROJ_0192,PROJ_0192_T02,guardrail_installation,25,21,0,5,10000,0.31,0,0,1,1,on_schedule,0,0,synthetic
PROJ_0192,PROJ_0192_T03,road_marking_and_signage_installation,15,21,6,0,10000,0.31,1,1,0,2,material_shortage,1,60000,synthetic
PROJ_0193,PROJ_0193_T01,sub_base_course_preparation,45,44,0,0,10000,0.49,0,0,0,0,on_schedule,0,0,synthetic
PROJ_0193,PROJ_0193_T02,guardrail_installation,25,21,0,5,10000,0.49,1,0,0,1,on_schedule,0,0,synthetic
PROJ_0193,PROJ_0193_T03,bituminous_macadam_laying,30,27,0,3,10000,0.49,0,0,0,2,on_schedule,0,0,synthetic
PROJ_0193,PROJ_0193_T04,bridge_deck_construction,60,51,0,7,10000,0.49,1,0,0,3,on_schedule,0,0,synthetic
PROJ_0193,PROJ_0193_T05,road_marking_and_signage_installation,15,14,0,0,10000,0.49,0,0,0,4,on_schedule,0,0,synthetic
PROJ_0193,PROJ_0193_T06,site_clearance_and_excavation,20,20,0,0,10000,0.49,1,0,0,5,on_schedule,0,0,synthetic
PROJ_0194,PROJ_0194_T01,guardrail_installation,25,24,0,5,10000,0.16,0,0,0,0,on_schedule,0,0,synthetic
PROJ_0194,PROJ_0194_T02,site_clearance_and_excavation,20,18,0,0,10000,0.16,1,0,0,1,on_schedule,0,0,synthetic
PROJ_0194,PROJ_0194_T03,road_marking_and_signage_installation,15,12,0,0,10000,0.16,1,0,0,2,on_schedule,0,0,synthetic
PROJ_0195,PROJ_0195_T01,guardrail_installation,25,22,0,5,10000,0.37,0,0,0,0,on_schedule,0,0,synthetic
PROJ_0195,PROJ_0195_T02,bituminous_macadam_laying,30,24,0,3,10000,0.37,0,0,0,1,on_schedule,0,0,synthetic
PROJ_0195,PROJ_0195_T03,bridge_deck_construction,60,95,35,7,10000,0.37,0,1,0,2,material_shortage,1,280000,synthetic
PROJ_0195,PROJ_0195_T04,site_clearance_and_excavation,20,27,7,0,10000,0.37,0,0,1,3,design_change,1,70000,synthetic
PROJ_0195,PROJ_0195_T05,road_marking_and_signage_installation,15,29,14,0,10000,0.37,0,0,1,4,design_change,1,140000,synthetic
PROJ_0196,PROJ_0196_T01,bridge_deck_construction,60,72,12,7,10000,0.11,0,0,0,0,land_acquisition,1,50000,synthetic
PROJ_0196,PROJ_0196_T02,guardrail_installation,25,21,0,5,10000,0.11,1,0,1,1,on_schedule,0,0,synthetic
PROJ_0196,PROJ_0196_T03,bituminous_macadam_laying,30,27,0,3,10000,0.11,1,0,0,2,on_schedule,0,0,synthetic
PROJ_0196,PROJ_0196_T04,site_clearance_and_excavation,20,16,0,0,10000,0.11,1,0,0,3,on_schedule,0,0,synthetic
PROJ_0197,PROJ_0197_T01,bridge_deck_construction,60,57,0,7,10000,0.37,0,0,0,0,on_schedule,0,0,synthetic
PROJ_0197,PROJ_0197_T02,sub_base_course_preparation,45,37,0,0,10000,0.37,1,0,0,1,on_schedule,0,0,synthetic
PROJ_0197,PROJ_0197_T03,bituminous_macadam_laying,30,24,0,3,10000,0.37,1,0,0,2,on_schedule,0,0,synthetic
PROJ_0198,PROJ_0198_T01,guardrail_installation,25,24,0,5,10000,0.4,0,0,0,0,on_schedule,0,0,synthetic
PROJ_0198,PROJ_0198_T02,site_clearance_and_excavation,20,33,13,0,10000,0.4,0,0,0,1,land_acquisition,1,130000,synthetic
PROJ_0198,PROJ_0198_T03,sub_base_course_preparation,45,41,0,0,10000,0.4,0,0,1,2,on_schedule,0,0,synthetic
PROJ_0198,PROJ_0198_T04,road_marking_and_signage_installation,15,13,0,0,10000,0.4,0,0,0,3,on_schedule,0,0,synthetic
PROJ_0198,PROJ_0198_T05,bituminous_macadam_laying,30,49,19,3,10000,0.4,0,0,0,4,design_change,1,160000,synthetic
PROJ_0199,PROJ_0199_T01,bridge_deck_construction,60,75,15,7,10000,0.21,0,0,0,0,land_acquisition,1,80000,synthetic
PROJ_0199,PROJ_0199_T02,guardrail_installation,25,44,19,5,10000,0.21,1,1,1,1,material_shortage,1,140000,synthetic
PROJ_0199,PROJ_0199_T03,road_marking_and_signage_installation,15,12,0,0,10000,0.21,1,0,1,2,on_schedule,0,0,synthetic
PROJ_0199,PROJ_0199_T04,site_clearance_and_excavation,20,18,0,0,10000,0.21,0,0,0,3,on_schedule,0,0,synthetic
PROJ_0199,PROJ_0199_T05,bituminous_macadam_laying,30,49,19,3,10000,0.21,1,0,0,4,subcontractor_failure,1,160000,synthetic
PROJ_0200,PROJ_0200_T01,bridge_deck_construction,60,53,0,7,10000,0.16,1,0,0,0,on_schedule,0,0,synthetic
PROJ_0200,PROJ_0200_T02,road_marking_and_signage_installation,15,14,0,0,10000,0.16,0,0,0,1,on_schedule,0,0,synthetic
PROJ_0200,PROJ_0200_T03,bituminous_macadam_laying,30,26,0,3,10000,0.16,1,0,0,2,on_schedule,0,0,synthetic
PROJ_0200,PROJ_0200_T04,sub_base_course_preparation,45,38,0,0,10000,0.16,0,0,0,3,on_schedule,0,0,synthetic
PROJ_0200,PROJ_0200_T05,site_clearance_and_excavation,20,17,0,0,10000,0.16,1,0,0,4,on_schedule,0,0,synthetic
PROJ_0201,PROJ_0201_T01,road_marking_and_signage_installation,15,14,0,0,10000,0.52,1,0,0,0,on_schedule,0,0,synthetic
PROJ_0201,PROJ_0201_T02,guardrail_installation,25,21,0,5,10000,0.52,0,0,0,1,on_schedule,0,0,synthetic
PROJ_0201,PROJ_0201_T03,site_clearance_and_excavation,20,17,0,0,10000,0.52,0,0,0,2,on_schedule,0,0,synthetic
PROJ_0201,PROJ_0201_T04,bridge_deck_construction,60,101,41,7,10000,0.52,0,0,0,3,rain_monsoon,1,340000,synthetic
PROJ_0201,PROJ_0201_T05,sub_base_course_preparation,45,44,0,0,10000,0.52,0,0,1,4,on_schedule,0,0,synthetic
PROJ_0202,PROJ_0202_T01,road_marking_and_signage_installation,15,13,0,0,10000,0.48,1,0,0,0,on_schedule,0,0,synthetic
PROJ_0202,PROJ_0202_T02,bituminous_macadam_laying,30,47,17,3,10000,0.48,1,0,0,1,rain_monsoon,1,140000,synthetic
PROJ_0202,PROJ_0202_T03,guardrail_installation,25,20,0,5,10000,0.48,0,0,1,2,on_schedule,0,0,synthetic
PROJ_0202,PROJ_0202_T04,site_clearance_and_excavation,20,20,0,0,10000,0.48,0,0,0,3,on_schedule,0,0,synthetic
PROJ_0202,PROJ_0202_T05,bridge_deck_construction,60,50,0,7,10000,0.48,1,0,0,4,on_schedule,0,0,synthetic
PROJ_0202,PROJ_0202_T06,sub_base_course_preparation,45,55,10,0,10000,0.48,1,0,0,5,subcontractor_failure,1,100000,synthetic
PROJ_0203,PROJ_0203_T01,site_clearance_and_excavation,20,17,0,0,10000,0.21,0,0,0,0,on_schedule,0,0,synthetic
PROJ_0203,PROJ_0203_T02,road_marking_and_signage_installation,15,14,0,0,10000,0.21,1,0,0,1,on_schedule,0,0,synthetic
PROJ_0203,PROJ_0203_T03,bituminous_macadam_laying,30,27,0,3,10000,0.21,0,0,0,2,on_schedule,0,0,synthetic
PROJ_0204,PROJ_0204_T01,guardrail_installation,25,22,0,5,10000,0.59,0,0,0,0,on_schedule,0,0,synthetic
PROJ_0204,PROJ_0204_T02,bituminous_macadam_laying,30,27,0,3,10000,0.59,1,0,0,1,on_schedule,0,0,synthetic
PROJ_0204,PROJ_0204_T03,bridge_deck_construction,60,49,0,7,10000,0.59,1,0,0,2,on_schedule,0,0,synthetic
PROJ_0205,PROJ_0205_T01,road_marking_and_signage_installation,15,12,0,0,10000,0.59,0,0,0,0,on_schedule,0,0,synthetic
PROJ_0205,PROJ_0205_T02,sub_base_course_preparation,45,39,0,0,10000,0.59,0,0,0,1,on_schedule,0,0,synthetic
PROJ_0205,PROJ_0205_T03,site_clearance_and_excavation,20,18,0,0,10000,0.59,0,0,0,2,on_schedule,0,0,synthetic
PROJ_0205,PROJ_0205_T04,bridge_deck_construction,60,71,11,7,10000,0.59,0,0,0,3,utility_shifting,1,40000,synthetic
PROJ_0205,PROJ_0205_T05,guardrail_installation,25,23,0,5,10000,0.59,1,0,1,4,on_schedule,0,0,synthetic
PROJ_0205,PROJ_0205_T06,bituminous_macadam_laying,30,27,0,3,10000,0.59,1,0,0,5,on_schedule,0,0,synthetic
PROJ_0206,PROJ_0206_T01,road_marking_and_signage_installation,15,13,0,0,10000,0.21,0,0,0,0,on_schedule,0,0,synthetic
PROJ_0206,PROJ_0206_T02,site_clearance_and_excavation,20,16,0,0,10000,0.21,0,0,0,1,on_schedule,0,0,synthetic
PROJ_0206,PROJ_0206_T03,bituminous_macadam_laying,30,39,9,3,10000,0.21,1,0,0,2,equipment_breakdown,1,60000,synthetic
PROJ_0206,PROJ_0206_T04,sub_base_course_preparation,45,45,0,0,10000,0.21,0,0,1,3,on_schedule,0,0,synthetic
PROJ_0206,PROJ_0206_T05,guardrail_installation,25,25,0,5,10000,0.21,1,0,0,4,on_schedule,0,0,synthetic
PROJ_0206,PROJ_0206_T06,bridge_deck_construction,60,51,0,7,10000,0.21,1,0,0,5,on_schedule,0,0,synthetic
PROJ_0207,PROJ_0207_T01,road_marking_and_signage_installation,15,14,0,0,10000,0.53,0,0,0,0,on_schedule,0,0,synthetic
PROJ_0207,PROJ_0207_T02,bridge_deck_construction,60,53,0,7,10000,0.53,1,0,0,1,on_schedule,0,0,synthetic
PROJ_0207,PROJ_0207_T03,site_clearance_and_excavation,20,16,0,0,10000,0.53,0,0,0,2,on_schedule,0,0,synthetic
PROJ_0207,PROJ_0207_T04,guardrail_installation,25,21,0,5,10000,0.53,0,0,0,3,on_schedule,0,0,synthetic
PROJ_0207,PROJ_0207_T05,bituminous_macadam_laying,30,47,17,3,10000,0.53,0,0,0,4,design_change,1,140000,synthetic
PROJ_0207,PROJ_0207_T06,sub_base_course_preparation,45,38,0,0,10000,0.53,1,0,1,5,on_schedule,0,0,synthetic
PROJ_0208,PROJ_0208_T01,sub_base_course_preparation,45,54,9,0,10000,0.54,1,1,0,0,material_shortage,1,90000,synthetic
PROJ_0208,PROJ_0208_T02,bridge_deck_construction,60,53,0,7,10000,0.54,0,0,1,1,on_schedule,0,0,synthetic
PROJ_0208,PROJ_0208_T03,bituminous_macadam_laying,30,27,0,3,10000,0.54,0,0,0,2,on_schedule,0,0,synthetic
PROJ_0209,PROJ_0209_T01,site_clearance_and_excavation,20,17,0,0,10000,0.49,0,0,0,0,on_schedule,0,0,synthetic
PROJ_0209,PROJ_0209_T02,guardrail_installation,25,24,0,5,10000,0.49,1,0,0,1,on_schedule,0,0,synthetic
PROJ_0209,PROJ_0209_T03,bituminous_macadam_laying,30,31,1,3,10000,0.49,0,1,0,2,material_shortage,0,0,synthetic
PROJ_0209,PROJ_0209_T04,road_marking_and_signage_installation,15,15,0,0,10000,0.49,0,0,1,3,on_schedule,0,0,synthetic
PROJ_0209,PROJ_0209_T05,bridge_deck_construction,60,53,0,7,10000,0.49,1,0,0,4,on_schedule,0,0,synthetic
PROJ_0209,PROJ_0209_T06,sub_base_course_preparation,45,38,0,0,10000,0.49,1,0,0,5,on_schedule,0,0,synthetic
PROJ_0210,PROJ_0210_T01,sub_base_course_preparation,45,42,0,0,10000,0.23,0,0,0,0,on_schedule,0,0,synthetic
PROJ_0210,PROJ_0210_T02,site_clearance_and_excavation,20,20,0,0,10000,0.23,1,0,0,1,on_schedule,0,0,synthetic
PROJ_0210,PROJ_0210_T03,guardrail_installation,25,43,18,5,10000,0.23,1,0,0,2,subcontractor_failure,1,130000,synthetic
PROJ_0210,PROJ_0210_T04,bridge_deck_construction,60,57,0,7,10000,0.23,1,0,1,3,on_schedule,0,0,synthetic
PROJ_0210,PROJ_0210_T05,road_marking_and_signage_installation,15,15,0,0,10000,0.23,0,0,0,4,on_schedule,0,0,synthetic
PROJ_0211,PROJ_0211_T01,site_clearance_and_excavation,20,33,13,0,10000,0.47,0,0,0,0,utility_shifting,1,130000,synthetic
PROJ_0211,PROJ_0211_T02,road_marking_and_signage_installation,15,26,11,0,10000,0.47,0,1,1,1,material_shortage,1,110000,synthetic
PROJ_0211,PROJ_0211_T03,bituminous_macadam_laying,30,27,0,3,10000,0.47,1,0,1,2,on_schedule,0,0,synthetic
PROJ_0212,PROJ_0212_T01,road_marking_and_signage_installation,15,15,0,0,10000,0.13,1,0,0,0,on_schedule,0,0,synthetic
PROJ_0212,PROJ_0212_T02,guardrail_installation,25,24,0,5,10000,0.13,1,0,0,1,on_schedule,0,0,synthetic
PROJ_0212,PROJ_0212_T03,bituminous_macadam_laying,30,28,0,3,10000,0.13,0,0,0,2,on_schedule,0,0,synthetic
PROJ_0213,PROJ_0213_T01,site_clearance_and_excavation,20,20,0,0,10000,0.42,1,0,0,0,on_schedule,0,0,synthetic
PROJ_0213,PROJ_0213_T02,bituminous_macadam_laying,30,50,20,3,10000,0.42,0,0,0,1,labour_dispute,1,170000,synthetic
PROJ_0213,PROJ_0213_T03,road_marking_and_signage_installation,15,14,0,0,10000,0.42,0,0,1,2,on_schedule,0,0,synthetic
PROJ_0213,PROJ_0213_T04,guardrail_installation,25,21,0,5,10000,0.42,0,0,0,3,on_schedule,0,0,synthetic
PROJ_0214,PROJ_0214_T01,guardrail_installation,25,25,0,5,10000,0.49,0,0,0,0,on_schedule,0,0,synthetic
PROJ_0214,PROJ_0214_T02,site_clearance_and_excavation,20,20,0,0,10000,0.49,1,0,0,1,on_schedule,0,0,synthetic
PROJ_0214,PROJ_0214_T03,sub_base_course_preparation,45,44,0,0,10000,0.49,1,0,0,2,on_schedule,0,0,synthetic
PROJ_0214,PROJ_0214_T04,bridge_deck_construction,60,52,0,7,10000,0.49,0,0,0,3,on_schedule,0,0,synthetic
PROJ_0214,PROJ_0214_T05,bituminous_macadam_laying,30,25,0,3,10000,0.49,1,0,0,4,on_schedule,0,0,synthetic
PROJ_0215,PROJ_0215_T01,guardrail_installation,25,22,0,5,10000,0.39,0,0,0,0,on_schedule,0,0,synthetic
PROJ_0215,PROJ_0215_T02,road_marking_and_signage_installation,15,14,0,0,10000,0.39,1,0,0,1,on_schedule,0,0,synthetic
PROJ_0215,PROJ_0215_T03,site_clearance_and_excavation,20,19,0,0,10000,0.39,1,0,0,2,on_schedule,0,0,synthetic
PROJ_0215,PROJ_0215_T04,bridge_deck_construction,60,60,0,7,10000,0.39,1,0,0,3,on_schedule,0,0,synthetic
PROJ_0215,PROJ_0215_T05,bituminous_macadam_laying,30,27,0,3,10000,0.39,1,0,0,4,on_schedule,0,0,synthetic
PROJ_0215,PROJ_0215_T06,sub_base_course_preparation,45,36,0,0,10000,0.39,1,0,0,5,on_schedule,0,0,synthetic
PROJ_0216,PROJ_0216_T01,site_clearance_and_excavation,20,19,0,0,10000,0.23,1,0,0,0,on_schedule,0,0,synthetic
PROJ_0216,PROJ_0216_T02,road_marking_and_signage_installation,15,12,0,0,10000,0.23,1,0,0,1,on_schedule,0,0,synthetic
PROJ_0216,PROJ_0216_T03,sub_base_course_preparation,45,51,6,0,10000,0.23,1,0,0,2,design_change,1,60000,synthetic
PROJ_0217,PROJ_0217_T01,road_marking_and_signage_installation,15,14,0,0,10000,0.38,0,0,0,0,on_schedule,0,0,synthetic
PROJ_0217,PROJ_0217_T02,site_clearance_and_excavation,20,17,0,0,10000,0.38,1,0,0,1,on_schedule,0,0,synthetic
PROJ_0217,PROJ_0217_T03,guardrail_installation,25,21,0,5,10000,0.38,0,0,0,2,on_schedule,0,0,synthetic
PROJ_0218,PROJ_0218_T01,road_marking_and_signage_installation,15,17,2,0,10000,0.2,0,0,0,0,subcontractor_failure,1,20000,synthetic
PROJ_0218,PROJ_0218_T02,bridge_deck_construction,60,56,0,7,10000,0.2,0,0,1,1,on_schedule,0,0,synthetic
PROJ_0218,PROJ_0218_T03,guardrail_installation,25,22,0,5,10000,0.2,1,0,0,2,on_schedule,0,0,synthetic
PROJ_0218,PROJ_0218_T04,bituminous_macadam_laying,30,28,0,3,10000,0.2,1,0,0,3,on_schedule,0,0,synthetic
PROJ_0218,PROJ_0218_T05,site_clearance_and_excavation,20,20,0,0,10000,0.2,1,0,0,4,on_schedule,0,0,synthetic
PROJ_0219,PROJ_0219_T01,sub_base_course_preparation,45,36,0,0,10000,0.21,1,0,0,0,on_schedule,0,0,synthetic
PROJ_0219,PROJ_0219_T02,road_marking_and_signage_installation,15,13,0,0,10000,0.21,1,0,0,1,on_schedule,0,0,synthetic
PROJ_0219,PROJ_0219_T03,bituminous_macadam_laying,30,29,0,3,10000,0.21,1,0,0,2,on_schedule,0,0,synthetic
PROJ_0219,PROJ_0219_T04,guardrail_installation,25,20,0,5,10000,0.21,0,0,0,3,on_schedule,0,0,synthetic
PROJ_0219,PROJ_0219_T05,bridge_deck_construction,60,54,0,7,10000,0.21,0,0,0,4,on_schedule,0,0,synthetic
PROJ_0219,PROJ_0219_T06,site_clearance_and_excavation,20,20,0,0,10000,0.21,1,0,0,5,on_schedule,0,0,synthetic
PROJ_0220,PROJ_0220_T01,road_marking_and_signage_installation,15,13,0,0,10000,0.37,1,0,0,0,on_schedule,0,0,synthetic
PROJ_0220,PROJ_0220_T02,guardrail_installation,25,23,0,5,10000,0.37,1,0,0,1,on_schedule,0,0,synthetic
PROJ_0220,PROJ_0220_T03,site_clearance_and_excavation,20,19,0,0,10000,0.37,1,0,0,2,on_schedule,0,0,synthetic
PROJ_0220,PROJ_0220_T04,sub_base_course_preparation,45,45,0,0,10000,0.37,0,0,0,3,on_schedule,0,0,synthetic
PROJ_0221,PROJ_0221_T01,bridge_deck_construction,60,54,0,7,10000,0.51,0,0,0,0,on_schedule,0,0,synthetic
PROJ_0221,PROJ_0221_T02,guardrail_installation,25,30,5,5,10000,0.51,0,0,0,1,subcontractor_failure,0,0,synthetic
PROJ_0221,PROJ_0221_T03,road_marking_and_signage_installation,15,23,8,0,10000,0.51,1,0,1,2,equipment_breakdown,1,80000,synthetic
PROJ_0221,PROJ_0221_T04,sub_base_course_preparation,45,40,0,0,10000,0.51,1,0,1,3,on_schedule,0,0,synthetic
PROJ_0222,PROJ_0222_T01,bridge_deck_construction,60,52,0,7,10000,0.3,1,0,0,0,on_schedule,0,0,synthetic
PROJ_0222,PROJ_0222_T02,road_marking_and_signage_installation,15,12,0,0,10000,0.3,1,0,0,1,on_schedule,0,0,synthetic
PROJ_0222,PROJ_0222_T03,bituminous_macadam_laying,30,26,0,3,10000,0.3,1,0,0,2,on_schedule,0,0,synthetic
PROJ_0223,PROJ_0223_T01,guardrail_installation,25,25,0,5,10000,0.38,0,0,0,0,on_schedule,0,0,synthetic
PROJ_0223,PROJ_0223_T02,bridge_deck_construction,60,58,0,7,10000,0.38,0,0,0,1,on_schedule,0,0,synthetic
PROJ_0223,PROJ_0223_T03,bituminous_macadam_laying,30,26,0,3,10000,0.38,1,0,0,2,on_schedule,0,0,synthetic
PROJ_0223,PROJ_0223_T04,road_marking_and_signage_installation,15,15,0,0,10000,0.38,1,0,0,3,on_schedule,0,0,synthetic
PROJ_0223,PROJ_0223_T05,site_clearance_and_excavation,20,19,0,0,10000,0.38,1,0,0,4,on_schedule,0,0,synthetic
PROJ_0224,PROJ_0224_T01,road_marking_and_signage_installation,15,21,6,0,10000,0.42,1,0,0,0,labour_dispute,1,60000,synthetic
PROJ_0224,PROJ_0224_T02,bridge_deck_construction,60,52,0,7,10000,0.42,1,0,1,1,on_schedule,0,0,synthetic
PROJ_0224,PROJ_0224_T03,guardrail_installation,25,23,0,5,10000,0.42,1,0,0,2,on_schedule,0,0,synthetic
PROJ_0224,PROJ_0224_T04,sub_base_course_preparation,45,41,0,0,10000,0.42,1,0,0,3,on_schedule,0,0,synthetic
PROJ_0224,PROJ_0224_T05,site_clearance_and_excavation,20,17,0,0,10000,0.42,0,0,0,4,on_schedule,0,0,synthetic
PROJ_0224,PROJ_0224_T06,bituminous_macadam_laying,30,38,8,3,10000,0.42,0,0,0,5,land_acquisition,1,50000,synthetic
PROJ_0225,PROJ_0225_T01,bituminous_macadam_laying,30,24,0,3,10000,0.18,1,0,0,0,on_schedule,0,0,synthetic
PROJ_0225,PROJ_0225_T02,bridge_deck_construction,60,49,0,7,10000,0.18,0,0,0,1,on_schedule,0,0,synthetic
PROJ_0225,PROJ_0225_T03,sub_base_course_preparation,45,38,0,0,10000,0.18,0,0,0,2,on_schedule,0,0,synthetic
PROJ_0225,PROJ_0225_T04,road_marking_and_signage_installation,15,15,0,0,10000,0.18,1,0,0,3,on_schedule,0,0,synthetic
PROJ_0226,PROJ_0226_T01,guardrail_installation,25,21,0,5,10000,0.22,0,0,0,0,on_schedule,0,0,synthetic
PROJ_0226,PROJ_0226_T02,site_clearance_and_excavation,20,32,12,0,10000,0.22,1,0,0,1,utility_shifting,1,120000,synthetic
PROJ_0226,PROJ_0226_T03,road_marking_and_signage_installation,15,14,0,0,10000,0.22,1,0,1,2,on_schedule,0,0,synthetic
PROJ_0226,PROJ_0226_T04,bituminous_macadam_laying,30,53,23,3,10000,0.22,1,0,0,3,equipment_breakdown,1,200000,synthetic
PROJ_0227,PROJ_0227_T01,bridge_deck_construction,60,55,0,7,10000,0.36,1,0,0,0,on_schedule,0,0,synthetic
PROJ_0227,PROJ_0227_T02,sub_base_course_preparation,45,40,0,0,10000,0.36,0,0,0,1,on_schedule,0,0,synthetic
PROJ_0227,PROJ_0227_T03,guardrail_installation,25,20,0,5,10000,0.36,0,0,0,2,on_schedule,0,0,synthetic
PROJ_0227,PROJ_0227_T04,road_marking_and_signage_installation,15,15,0,0,10000,0.36,0,0,0,3,on_schedule,0,0,synthetic
PROJ_0227,PROJ_0227_T05,site_clearance_and_excavation,20,19,0,0,10000,0.36,1,0,0,4,on_schedule,0,0,synthetic
PROJ_0227,PROJ_0227_T06,bituminous_macadam_laying,30,44,14,3,10000,0.36,0,0,0,5,land_acquisition,1,110000,synthetic
PROJ_0228,PROJ_0228_T01,road_marking_and_signage_installation,15,13,0,0,10000,0.37,1,0,0,0,on_schedule,0,0,synthetic
PROJ_0228,PROJ_0228_T02,site_clearance_and_excavation,20,17,0,0,10000,0.37,1,0,0,1,on_schedule,0,0,synthetic
PROJ_0228,PROJ_0228_T03,sub_base_course_preparation,45,61,16,0,10000,0.37,1,0,0,2,land_acquisition,1,160000,synthetic
PROJ_0229,PROJ_0229_T01,bituminous_macadam_laying,30,28,0,3,10000,0.31,1,0,0,0,on_schedule,0,0,synthetic
PROJ_0229,PROJ_0229_T02,road_marking_and_signage_installation,15,15,0,0,10000,0.31,0,0,0,1,on_schedule,0,0,synthetic
PROJ_0229,PROJ_0229_T03,sub_base_course_preparation,45,38,0,0,10000,0.31,0,0,0,2,on_schedule,0,0,synthetic
PROJ_0229,PROJ_0229_T04,site_clearance_and_excavation,20,16,0,0,10000,0.31,0,0,0,3,on_schedule,0,0,synthetic
PROJ_0229,PROJ_0229_T05,bridge_deck_construction,60,52,0,7,10000,0.31,1,0,0,4,on_schedule,0,0,synthetic
PROJ_0230,PROJ_0230_T01,bridge_deck_construction,60,92,32,7,10000,0.46,1,0,0,0,labour_dispute,1,250000,synthetic
PROJ_0230,PROJ_0230_T02,bituminous_macadam_laying,30,30,0,3,10000,0.46,1,0,1,1,on_schedule,0,0,synthetic
PROJ_0230,PROJ_0230_T03,road_marking_and_signage_installation,15,15,0,0,10000,0.46,0,0,0,2,on_schedule,0,0,synthetic
PROJ_0230,PROJ_0230_T04,sub_base_course_preparation,45,38,0,0,10000,0.46,0,0,0,3,on_schedule,0,0,synthetic
PROJ_0231,PROJ_0231_T01,bituminous_macadam_laying,30,26,0,3,10000,0.49,1,0,0,0,on_schedule,0,0,synthetic
PROJ_0231,PROJ_0231_T02,sub_base_course_preparation,45,37,0,0,10000,0.49,0,0,0,1,on_schedule,0,0,synthetic
PROJ_0231,PROJ_0231_T03,site_clearance_and_excavation,20,19,0,0,10000,0.49,0,0,0,2,on_schedule,0,0,synthetic
PROJ_0231,PROJ_0231_T04,bridge_deck_construction,60,48,0,7,10000,0.49,0,0,0,3,on_schedule,0,0,synthetic
PROJ_0231,PROJ_0231_T05,guardrail_installation,25,20,0,5,10000,0.49,0,0,0,4,on_schedule,0,0,synthetic
PROJ_0232,PROJ_0232_T01,guardrail_installation,25,25,0,5,10000,0.29,1,0,0,0,on_schedule,0,0,synthetic
PROJ_0232,PROJ_0232_T02,bridge_deck_construction,60,64,4,7,10000,0.29,0,0,0,1,labour_dispute,0,0,synthetic
PROJ_0232,PROJ_0232_T03,road_marking_and_signage_installation,15,22,7,0,10000,0.29,0,0,1,2,utility_shifting,1,70000,synthetic
PROJ_0232,PROJ_0232_T04,sub_base_course_preparation,45,63,18,0,10000,0.29,1,0,1,3,rain_monsoon,1,180000,synthetic
PROJ_0232,PROJ_0232_T05,bituminous_macadam_laying,30,24,0,3,10000,0.29,0,0,1,4,on_schedule,0,0,synthetic
PROJ_0232,PROJ_0232_T06,site_clearance_and_excavation,20,19,0,0,10000,0.29,0,0,0,5,on_schedule,0,0,synthetic
PROJ_0233,PROJ_0233_T01,road_marking_and_signage_installation,15,12,0,0,10000,0.49,0,0,0,0,on_schedule,0,0,synthetic
PROJ_0233,PROJ_0233_T02,bridge_deck_construction,60,50,0,7,10000,0.49,0,0,0,1,on_schedule,0,0,synthetic
PROJ_0233,PROJ_0233_T03,site_clearance_and_excavation,20,28,8,0,10000,0.49,1,0,0,2,utility_shifting,1,80000,synthetic
PROJ_0233,PROJ_0233_T04,bituminous_macadam_laying,30,27,0,3,10000,0.49,0,0,1,3,on_schedule,0,0,synthetic
PROJ_0233,PROJ_0233_T05,sub_base_course_preparation,45,70,25,0,10000,0.49,0,0,0,4,utility_shifting,1,250000,synthetic
PROJ_0234,PROJ_0234_T01,site_clearance_and_excavation,20,26,6,0,10000,0.55,1,0,0,0,utility_shifting,1,60000,synthetic
PROJ_0234,PROJ_0234_T02,bridge_deck_construction,60,52,0,7,10000,0.55,0,0,1,1,on_schedule,0,0,synthetic
PROJ_0234,PROJ_0234_T03,guardrail_installation,25,30,5,5,10000,0.55,1,0,0,2,subcontractor_failure,0,0,synthetic
PROJ_0234,PROJ_0234_T04,sub_base_course_preparation,45,44,0,0,10000,0.55,1,0,1,3,on_schedule,0,0,synthetic
PROJ_0234,PROJ_0234_T05,road_marking_and_signage_installation,15,15,0,0,10000,0.55,0,0,0,4,on_schedule,0,0,synthetic
PROJ_0235,PROJ_0235_T01,guardrail_installation,25,20,0,5,10000,0.41,1,0,0,0,on_schedule,0,0,synthetic
PROJ_0235,PROJ_0235_T02,sub_base_course_preparation,45,77,32,0,10000,0.41,1,0,0,1,equipment_breakdown,1,320000,synthetic
PROJ_0235,PROJ_0235_T03,road_marking_and_signage_installation,15,14,0,0,10000,0.41,0,0,1,2,on_schedule,0,0,synthetic
PROJ_0236,PROJ_0236_T01,bituminous_macadam_laying,30,32,2,3,10000,0.36,0,0,0,0,labour_dispute,0,0,synthetic
PROJ_0236,PROJ_0236_T02,bridge_deck_construction,60,49,0,7,10000,0.36,0,0,1,1,on_schedule,0,0,synthetic
PROJ_0236,PROJ_0236_T03,road_marking_and_signage_installation,15,15,0,0,10000,0.36,1,0,0,2,on_schedule,0,0,synthetic
PROJ_0237,PROJ_0237_T01,road_marking_and_signage_installation,15,12,0,0,10000,0.12,1,0,0,0,on_schedule,0,0,synthetic
PROJ_0237,PROJ_0237_T02,sub_base_course_preparation,45,36,0,0,10000,0.12,1,0,0,1,on_schedule,0,0,synthetic
PROJ_0237,PROJ_0237_T03,bituminous_macadam_laying,30,27,0,3,10000,0.12,1,0,0,2,on_schedule,0,0,synthetic
PROJ_0237,PROJ_0237_T04,site_clearance_and_excavation,20,16,0,0,10000,0.12,1,0,0,3,on_schedule,0,0,synthetic
PROJ_0237,PROJ_0237_T05,guardrail_installation,25,25,0,5,10000,0.12,0,0,0,4,on_schedule,0,0,synthetic
PROJ_0238,PROJ_0238_T01,road_marking_and_signage_installation,15,13,0,0,10000,0.14,0,0,0,0,on_schedule,0,0,synthetic
PROJ_0238,PROJ_0238_T02,sub_base_course_preparation,45,39,0,0,10000,0.14,0,0,0,1,on_schedule,0,0,synthetic
PROJ_0238,PROJ_0238_T03,bituminous_macadam_laying,30,28,0,3,10000,0.14,1,0,0,2,on_schedule,0,0,synthetic
PROJ_0238,PROJ_0238_T04,site_clearance_and_excavation,20,20,0,0,10000,0.14,1,0,0,3,on_schedule,0,0,synthetic
PROJ_0238,PROJ_0238_T05,guardrail_installation,25,25,0,5,10000,0.14,1,0,0,4,on_schedule,0,0,synthetic
PROJ_0239,PROJ_0239_T01,road_marking_and_signage_installation,15,13,0,0,10000,0.18,1,0,0,0,on_schedule,0,0,synthetic
PROJ_0239,PROJ_0239_T02,sub_base_course_preparation,45,41,0,0,10000,0.18,1,0,0,1,on_schedule,0,0,synthetic
PROJ_0239,PROJ_0239_T03,site_clearance_and_excavation,20,19,0,0,10000,0.18,1,0,0,2,on_schedule,0,0,synthetic
PROJ_0240,PROJ_0240_T01,sub_base_course_preparation,45,43,0,0,10000,0.4,1,0,0,0,on_schedule,0,0,synthetic
PROJ_0240,PROJ_0240_T02,bridge_deck_construction,60,48,0,7,10000,0.4,0,0,0,1,on_schedule,0,0,synthetic
PROJ_0240,PROJ_0240_T03,road_marking_and_signage_installation,15,12,0,0,10000,0.4,0,0,0,2,on_schedule,0,0,synthetic
PROJ_0240,PROJ_0240_T04,site_clearance_and_excavation,20,18,0,0,10000,0.4,0,0,0,3,on_schedule,0,0,synthetic
PROJ_0240,PROJ_0240_T05,guardrail_installation,25,33,8,5,10000,0.4,1,0,0,4,labour_dispute,1,30000,synthetic
PROJ_0241,PROJ_0241_T01,bridge_deck_construction,60,90,30,7,10000,0.49,0,0,0,0,utility_shifting,1,230000,synthetic
PROJ_0241,PROJ_0241_T02,guardrail_installation,25,37,12,5,10000,0.49,0,0,1,1,labour_dispute,1,70000,synthetic
PROJ_0241,PROJ_0241_T03,road_marking_and_signage_installation,15,20,5,0,10000,0.49,1,0,1,2,rain_monsoon,1,50000,synthetic
PROJ_0242,PROJ_0242_T01,bridge_deck_construction,60,59,0,7,10000,0.47,0,0,0,0,on_schedule,0,0,synthetic
PROJ_0242,PROJ_0242_T02,guardrail_installation,25,22,0,5,10000,0.47,0,0,0,1,on_schedule,0,0,synthetic
PROJ_0242,PROJ_0242_T03,site_clearance_and_excavation,20,20,0,0,10000,0.47,1,0,0,2,on_schedule,0,0,synthetic
PROJ_0242,PROJ_0242_T04,bituminous_macadam_laying,30,32,2,3,10000,0.47,1,0,0,3,utility_shifting,0,0,synthetic
PROJ_0243,PROJ_0243_T01,bituminous_macadam_laying,30,24,0,3,10000,0.31,1,0,0,0,on_schedule,0,0,synthetic
PROJ_0243,PROJ_0243_T02,road_marking_and_signage_installation,15,13,0,0,10000,0.31,1,0,0,1,on_schedule,0,0,synthetic
PROJ_0243,PROJ_0243_T03,bridge_deck_construction,60,51,0,7,10000,0.31,0,0,0,2,on_schedule,0,0,synthetic
PROJ_0243,PROJ_0243_T04,guardrail_installation,25,38,13,5,10000,0.31,0,0,0,3,subcontractor_failure,1,80000,synthetic
PROJ_0243,PROJ_0243_T05,sub_base_course_preparation,45,64,19,0,10000,0.31,0,0,1,4,design_change,1,190000,synthetic
PROJ_0243,PROJ_0243_T06,site_clearance_and_excavation,20,23,3,0,10000,0.31,0,0,1,5,subcontractor_failure,1,30000,synthetic
PROJ_0244,PROJ_0244_T01,site_clearance_and_excavation,20,17,0,0,10000,0.23,1,0,0,0,on_schedule,0,0,synthetic
PROJ_0244,PROJ_0244_T02,sub_base_course_preparation,45,45,0,0,10000,0.23,0,0,0,1,on_schedule,0,0,synthetic
PROJ_0244,PROJ_0244_T03,bridge_deck_construction,60,59,0,7,10000,0.23,0,0,0,2,on_schedule,0,0,synthetic
PROJ_0244,PROJ_0244_T04,guardrail_installation,25,34,9,5,10000,0.23,1,0,0,3,design_change,1,40000,synthetic
PROJ_0244,PROJ_0244_T05,bituminous_macadam_laying,30,28,0,3,10000,0.23,0,0,1,4,on_schedule,0,0,synthetic
PROJ_0244,PROJ_0244_T06,road_marking_and_signage_installation,15,22,7,0,10000,0.23,1,0,0,5,design_change,1,70000,synthetic
PROJ_0245,PROJ_0245_T01,guardrail_installation,25,24,0,5,10000,0.2,1,0,0,0,on_schedule,0,0,synthetic
PROJ_0245,PROJ_0245_T02,sub_base_course_preparation,45,43,0,0,10000,0.2,0,0,0,1,on_schedule,0,0,synthetic
PROJ_0245,PROJ_0245_T03,bituminous_macadam_laying,30,25,0,3,10000,0.2,0,0,0,2,on_schedule,0,0,synthetic
PROJ_0245,PROJ_0245_T04,road_marking_and_signage_installation,15,13,0,0,10000,0.2,0,0,0,3,on_schedule,0,0,synthetic
PROJ_0245,PROJ_0245_T05,site_clearance_and_excavation,20,22,2,0,10000,0.2,0,0,0,4,labour_dispute,1,20000,synthetic
PROJ_0246,PROJ_0246_T01,bridge_deck_construction,60,74,14,7,10000,0.11,0,0,0,0,labour_dispute,1,70000,synthetic
PROJ_0246,PROJ_0246_T02,bituminous_macadam_laying,30,30,0,3,10000,0.11,1,0,1,1,on_schedule,0,0,synthetic
PROJ_0246,PROJ_0246_T03,guardrail_installation,25,24,0,5,10000,0.11,0,0,0,2,on_schedule,0,0,synthetic
PROJ_0246,PROJ_0246_T04,road_marking_and_signage_installation,15,12,0,0,10000,0.11,1,0,0,3,on_schedule,0,0,synthetic
PROJ_0246,PROJ_0246_T05,site_clearance_and_excavation,20,20,0,0,10000,0.11,0,0,0,4,on_schedule,0,0,synthetic
PROJ_0247,PROJ_0247_T01,guardrail_installation,25,20,0,5,10000,0.19,0,0,0,0,on_schedule,0,0,synthetic
PROJ_0247,PROJ_0247_T02,road_marking_and_signage_installation,15,14,0,0,10000,0.19,1,0,0,1,on_schedule,0,0,synthetic
PROJ_0247,PROJ_0247_T03,bridge_deck_construction,60,48,0,7,10000,0.19,1,0,0,2,on_schedule,0,0,synthetic
PROJ_0247,PROJ_0247_T04,bituminous_macadam_laying,30,29,0,3,10000,0.19,1,0,0,3,on_schedule,0,0,synthetic
PROJ_0247,PROJ_0247_T05,sub_base_course_preparation,45,70,25,0,10000,0.19,1,0,0,4,rain_monsoon,1,250000,synthetic
PROJ_0248,PROJ_0248_T01,sub_base_course_preparation,45,65,20,0,10000,0.53,1,0,0,0,utility_shifting,1,200000,synthetic
PROJ_0248,PROJ_0248_T02,bituminous_macadam_laying,30,25,0,3,10000,0.53,0,0,1,1,on_schedule,0,0,synthetic
PROJ_0248,PROJ_0248_T03,road_marking_and_signage_installation,15,14,0,0,10000,0.53,1,0,0,2,on_schedule,0,0,synthetic
PROJ_0248,PROJ_0248_T04,bridge_deck_construction,60,51,0,7,10000,0.53,1,0,0,3,on_schedule,0,0,synthetic
PROJ_0248,PROJ_0248_T05,site_clearance_and_excavation,20,18,0,0,10000,0.53,1,0,0,4,on_schedule,0,0,synthetic
PROJ_0248,PROJ_0248_T06,guardrail_installation,25,20,0,5,10000,0.53,1,0,0,5,on_schedule,0,0,synthetic
PROJ_0249,PROJ_0249_T01,site_clearance_and_excavation,20,20,0,0,10000,0.18,0,0,0,0,on_schedule,0,0,synthetic
PROJ_0249,PROJ_0249_T02,road_marking_and_signage_installation,15,13,0,0,10000,0.18,1,0,0,1,on_schedule,0,0,synthetic
PROJ_0249,PROJ_0249_T03,bituminous_macadam_laying,30,28,0,3,10000,0.18,1,0,0,2,on_schedule,0,0,synthetic
PROJ_0249,PROJ_0249_T04,guardrail_installation,25,21,0,5,10000,0.18,0,0,0,3,on_schedule,0,0,synthetic
PROJ_0250,PROJ_0250_T01,bridge_deck_construction,60,56,0,7,10000,0.39,0,0,0,0,on_schedule,0,0,synthetic
PROJ_0250,PROJ_0250_T02,road_marking_and_signage_installation,15,13,0,0,10000,0.39,0,0,0,1,on_schedule,0,0,synthetic
PROJ_0250,PROJ_0250_T03,sub_base_course_preparation,45,44,0,0,10000,0.39,0,0,0,2,on_schedule,0,0,synthetic
PROJ_0250,PROJ_0250_T04,site_clearance_and_excavation,20,25,5,0,10000,0.39,1,1,0,3,material_shortage,1,50000,synthetic
PROJ_0251,PROJ_0251_T01,guardrail_installation,25,26,1,5,10000,0.58,0,0,0,0,land_acquisition,0,0,synthetic
PROJ_0251,PROJ_0251_T02,site_clearance_and_excavation,20,17,0,0,10000,0.58,0,0,1,1,on_schedule,0,0,synthetic
PROJ_0251,PROJ_0251_T03,bridge_deck_construction,60,59,0,7,10000,0.58,1,0,0,2,on_schedule,0,0,synthetic
PROJ_0251,PROJ_0251_T04,bituminous_macadam_laying,30,50,20,3,10000,0.58,1,0,0,3,subcontractor_failure,1,170000,synthetic
PROJ_0251,PROJ_0251_T05,sub_base_course_preparation,45,70,25,0,10000,0.58,1,0,1,4,subcontractor_failure,1,250000,synthetic
PROJ_0251,PROJ_0251_T06,road_marking_and_signage_installation,15,19,4,0,10000,0.58,0,0,1,5,labour_dispute,1,40000,synthetic
PROJ_0252,PROJ_0252_T01,bituminous_macadam_laying,30,45,15,3,10000,0.48,1,0,0,0,subcontractor_failure,1,120000,synthetic
PROJ_0252,PROJ_0252_T02,guardrail_installation,25,21,0,5,10000,0.48,1,0,1,1,on_schedule,0,0,synthetic
PROJ_0252,PROJ_0252_T03,site_clearance_and_excavation,20,16,0,0,10000,0.48,1,0,0,2,on_schedule,0,0,synthetic
PROJ_0252,PROJ_0252_T04,bridge_deck_construction,60,54,0,7,10000,0.48,0,0,0,3,on_schedule,0,0,synthetic
PROJ_0252,PROJ_0252_T05,sub_base_course_preparation,45,43,0,0,10000,0.48,1,0,0,4,on_schedule,0,0,synthetic
PROJ_0252,PROJ_0252_T06,road_marking_and_signage_installation,15,12,0,0,10000,0.48,0,0,0,5,on_schedule,0,0,synthetic
PROJ_0253,PROJ_0253_T01,bituminous_macadam_laying,30,27,0,3,10000,0.59,1,0,0,0,on_schedule,0,0,synthetic
PROJ_0253,PROJ_0253_T02,sub_base_course_preparation,45,40,0,0,10000,0.59,1,0,0,1,on_schedule,0,0,synthetic
PROJ_0253,PROJ_0253_T03,site_clearance_and_excavation,20,30,10,0,10000,0.59,0,1,0,2,material_shortage,1,100000,synthetic
PROJ_0253,PROJ_0253_T04,guardrail_installation,25,25,0,5,10000,0.59,1,0,1,3,on_schedule,0,0,synthetic
PROJ_0253,PROJ_0253_T05,bridge_deck_construction,60,93,33,7,10000,0.59,0,0,0,4,rain_monsoon,1,260000,synthetic
PROJ_0253,PROJ_0253_T06,road_marking_and_signage_installation,15,13,0,0,10000,0.59,1,0,1,5,on_schedule,0,0,synthetic
PROJ_0254,PROJ_0254_T01,bituminous_macadam_laying,30,41,11,3,10000,0.26,0,0,0,0,equipment_breakdown,1,80000,synthetic
PROJ_0254,PROJ_0254_T02,road_marking_and_signage_installation,15,27,12,0,10000,0.26,1,0,1,1,subcontractor_failure,1,120000,synthetic
PROJ_0254,PROJ_0254_T03,site_clearance_and_excavation,20,33,13,0,10000,0.26,1,0,1,2,equipment_breakdown,1,130000,synthetic
PROJ_0254,PROJ_0254_T04,guardrail_installation,25,20,0,5,10000,0.26,0,0,1,3,on_schedule,0,0,synthetic
PROJ_0254,PROJ_0254_T05,bridge_deck_construction,60,57,0,7,10000,0.26,0,0,0,4,on_schedule,0,0,synthetic
PROJ_0254,PROJ_0254_T06,sub_base_course_preparation,45,55,10,0,10000,0.26,0,0,0,5,equipment_breakdown,1,100000,synthetic
PROJ_0255,PROJ_0255_T01,bridge_deck_construction,60,51,0,7,10000,0.25,0,0,0,0,on_schedule,0,0,synthetic
PROJ_0255,PROJ_0255_T02,site_clearance_and_excavation,20,18,0,0,10000,0.25,0,0,0,1,on_schedule,0,0,synthetic
PROJ_0255,PROJ_0255_T03,guardrail_installation,25,23,0,5,10000,0.25,0,0,0,2,on_schedule,0,0,synthetic
PROJ_0255,PROJ_0255_T04,sub_base_course_preparation,45,43,0,0,10000,0.25,0,0,0,3,on_schedule,0,0,synthetic
PROJ_0255,PROJ_0255_T05,bituminous_macadam_laying,30,52,22,3,10000,0.25,1,0,0,4,subcontractor_failure,1,190000,synthetic
PROJ_0255,PROJ_0255_T06,road_marking_and_signage_installation,15,12,0,0,10000,0.25,0,0,1,5,on_schedule,0,0,synthetic
PROJ_0256,PROJ_0256_T01,guardrail_installation,25,27,2,5,10000,0.54,0,0,0,0,utility_shifting,0,0,synthetic
PROJ_0256,PROJ_0256_T02,sub_base_course_preparation,45,48,3,0,10000,0.54,1,0,1,1,land_acquisition,1,30000,synthetic
PROJ_0256,PROJ_0256_T03,road_marking_and_signage_installation,15,12,0,0,10000,0.54,0,0,1,2,on_schedule,0,0,synthetic
PROJ_0256,PROJ_0256_T04,bituminous_macadam_laying,30,25,0,3,10000,0.54,0,0,0,3,on_schedule,0,0,synthetic
PROJ_0257,PROJ_0257_T01,bridge_deck_construction,60,49,0,7,10000,0.41,1,0,0,0,on_schedule,0,0,synthetic
PROJ_0257,PROJ_0257_T02,sub_base_course_preparation,45,42,0,0,10000,0.41,0,0,0,1,on_schedule,0,0,synthetic
PROJ_0257,PROJ_0257_T03,road_marking_and_signage_installation,15,12,0,0,10000,0.41,1,0,0,2,on_schedule,0,0,synthetic
PROJ_0257,PROJ_0257_T04,site_clearance_and_excavation,20,16,0,0,10000,0.41,1,0,0,3,on_schedule,0,0,synthetic
PROJ_0257,PROJ_0257_T05,guardrail_installation,25,23,0,5,10000,0.41,0,0,0,4,on_schedule,0,0,synthetic
PROJ_0258,PROJ_0258_T01,bituminous_macadam_laying,30,28,0,3,10000,0.41,1,0,0,0,on_schedule,0,0,synthetic
PROJ_0258,PROJ_0258_T02,sub_base_course_preparation,45,41,0,0,10000,0.41,1,0,0,1,on_schedule,0,0,synthetic
PROJ_0258,PROJ_0258_T03,bridge_deck_construction,60,57,0,7,10000,0.41,1,0,0,2,on_schedule,0,0,synthetic
PROJ_0258,PROJ_0258_T04,road_marking_and_signage_installation,15,15,0,0,10000,0.41,1,0,0,3,on_schedule,0,0,synthetic
PROJ_0259,PROJ_0259_T01,sub_base_course_preparation,45,53,8,0,10000,0.5,1,0,0,0,labour_dispute,1,80000,synthetic
PROJ_0259,PROJ_0259_T02,road_marking_and_signage_installation,15,14,0,0,10000,0.5,1,0,1,1,on_schedule,0,0,synthetic
PROJ_0259,PROJ_0259_T03,guardrail_installation,25,25,0,5,10000,0.5,0,0,0,2,on_schedule,0,0,synthetic
PROJ_0259,PROJ_0259_T04,bituminous_macadam_laying,30,37,7,3,10000,0.5,1,0,0,3,land_acquisition,1,40000,synthetic
PROJ_0259,PROJ_0259_T05,site_clearance_and_excavation,20,18,0,0,10000,0.5,1,0,1,4,on_schedule,0,0,synthetic
PROJ_0259,PROJ_0259_T06,bridge_deck_construction,60,53,0,7,10000,0.5,0,0,0,5,on_schedule,0,0,synthetic
PROJ_0260,PROJ_0260_T01,guardrail_installation,25,21,0,5,10000,0.44,1,0,0,0,on_schedule,0,0,synthetic
PROJ_0260,PROJ_0260_T02,site_clearance_and_excavation,20,19,0,0,10000,0.44,1,0,0,1,on_schedule,0,0,synthetic
PROJ_0260,PROJ_0260_T03,bituminous_macadam_laying,30,29,0,3,10000,0.44,0,0,0,2,on_schedule,0,0,synthetic
PROJ_0261,PROJ_0261_T01,site_clearance_and_excavation,20,18,0,0,10000,0.18,1,0,0,0,on_schedule,0,0,synthetic
PROJ_0261,PROJ_0261_T02,sub_base_course_preparation,45,36,0,0,10000,0.18,0,0,0,1,on_schedule,0,0,synthetic
PROJ_0261,PROJ_0261_T03,guardrail_installation,25,22,0,5,10000,0.18,1,0,0,2,on_schedule,0,0,synthetic
PROJ_0261,PROJ_0261_T04,road_marking_and_signage_installation,15,18,3,0,10000,0.18,0,0,0,3,land_acquisition,1,30000,synthetic
PROJ_0261,PROJ_0261_T05,bridge_deck_construction,60,54,0,7,10000,0.18,0,0,1,4,on_schedule,0,0,synthetic
PROJ_0261,PROJ_0261_T06,bituminous_macadam_laying,30,27,0,3,10000,0.18,0,0,0,5,on_schedule,0,0,synthetic
PROJ_0262,PROJ_0262_T01,guardrail_installation,25,20,0,5,10000,0.53,1,0,0,0,on_schedule,0,0,synthetic
PROJ_0262,PROJ_0262_T02,bridge_deck_construction,60,53,0,7,10000,0.53,1,0,0,1,on_schedule,0,0,synthetic
PROJ_0262,PROJ_0262_T03,bituminous_macadam_laying,30,26,0,3,10000,0.53,0,0,0,2,on_schedule,0,0,synthetic
PROJ_0263,PROJ_0263_T01,guardrail_installation,25,23,0,5,10000,0.19,0,0,0,0,on_schedule,0,0,synthetic
PROJ_0263,PROJ_0263_T02,bituminous_macadam_laying,30,46,16,3,10000,0.19,1,0,0,1,land_acquisition,1,130000,synthetic
PROJ_0263,PROJ_0263_T03,road_marking_and_signage_installation,15,29,14,0,10000,0.19,0,0,1,2,rain_monsoon,1,140000,synthetic
PROJ_0263,PROJ_0263_T04,sub_base_course_preparation,45,48,3,0,10000,0.19,1,0,1,3,subcontractor_failure,1,30000,synthetic
PROJ_0263,PROJ_0263_T05,site_clearance_and_excavation,20,20,0,0,10000,0.19,0,0,1,4,on_schedule,0,0,synthetic
PROJ_0264,PROJ_0264_T01,bituminous_macadam_laying,30,24,0,3,10000,0.26,0,0,0,0,on_schedule,0,0,synthetic
PROJ_0264,PROJ_0264_T02,sub_base_course_preparation,45,40,0,0,10000,0.26,0,0,0,1,on_schedule,0,0,synthetic
PROJ_0264,PROJ_0264_T03,bridge_deck_construction,60,52,0,7,10000,0.26,0,0,0,2,on_schedule,0,0,synthetic
PROJ_0265,PROJ_0265_T01,guardrail_installation,25,21,0,5,10000,0.2,1,0,0,0,on_schedule,0,0,synthetic
PROJ_0265,PROJ_0265_T02,bridge_deck_construction,60,100,40,7,10000,0.2,0,0,0,1,rain_monsoon,1,330000,synthetic
PROJ_0265,PROJ_0265_T03,sub_base_course_preparation,45,44,0,0,10000,0.2,1,0,1,2,on_schedule,0,0,synthetic
PROJ_0265,PROJ_0265_T04,road_marking_and_signage_installation,15,14,0,0,10000,0.2,0,0,0,3,on_schedule,0,0,synthetic
PROJ_0265,PROJ_0265_T05,bituminous_macadam_laying,30,40,10,3,10000,0.2,1,0,0,4,utility_shifting,1,70000,synthetic
PROJ_0266,PROJ_0266_T01,site_clearance_and_excavation,20,16,0,0,10000,0.17,1,0,0,0,on_schedule,0,0,synthetic
PROJ_0266,PROJ_0266_T02,bituminous_macadam_laying,30,29,0,3,10000,0.17,1,0,0,1,on_schedule,0,0,synthetic
PROJ_0266,PROJ_0266_T03,sub_base_course_preparation,45,40,0,0,10000,0.17,1,0,0,2,on_schedule,0,0,synthetic
PROJ_0267,PROJ_0267_T01,bridge_deck_construction,60,49,0,7,10000,0.46,1,0,0,0,on_schedule,0,0,synthetic
PROJ_0267,PROJ_0267_T02,sub_base_course_preparation,45,65,20,0,10000,0.46,1,0,0,1,subcontractor_failure,1,200000,synthetic
PROJ_0267,PROJ_0267_T03,bituminous_macadam_laying,30,38,8,3,10000,0.46,1,0,1,2,equipment_breakdown,1,50000,synthetic
PROJ_0267,PROJ_0267_T04,road_marking_and_signage_installation,15,15,0,0,10000,0.46,0,0,1,3,on_schedule,0,0,synthetic
PROJ_0268,PROJ_0268_T01,guardrail_installation,25,22,0,5,10000,0.49,1,0,0,0,on_schedule,0,0,synthetic
PROJ_0268,PROJ_0268_T02,site_clearance_and_excavation,20,17,0,0,10000,0.49,1,0,0,1,on_schedule,0,0,synthetic
PROJ_0268,PROJ_0268_T03,sub_base_course_preparation,45,45,0,0,10000,0.49,0,0,0,2,on_schedule,0,0,synthetic
PROJ_0268,PROJ_0268_T04,bituminous_macadam_laying,30,27,0,3,10000,0.49,0,0,0,3,on_schedule,0,0,synthetic
PROJ_0268,PROJ_0268_T05,bridge_deck_construction,60,65,5,7,10000,0.49,1,0,0,4,land_acquisition,0,0,synthetic
PROJ_0269,PROJ_0269_T01,road_marking_and_signage_installation,15,14,0,0,10000,0.4,0,0,0,0,on_schedule,0,0,synthetic
PROJ_0269,PROJ_0269_T02,sub_base_course_preparation,45,45,0,0,10000,0.4,1,0,0,1,on_schedule,0,0,synthetic
PROJ_0269,PROJ_0269_T03,bridge_deck_construction,60,54,0,7,10000,0.4,1,0,0,2,on_schedule,0,0,synthetic
PROJ_0269,PROJ_0269_T04,guardrail_installation,25,21,0,5,10000,0.4,0,0,0,3,on_schedule,0,0,synthetic
PROJ_0269,PROJ_0269_T05,bituminous_macadam_laying,30,24,0,3,10000,0.4,1,0,0,4,on_schedule,0,0,synthetic
PROJ_0269,PROJ_0269_T06,site_clearance_and_excavation,20,35,15,0,10000,0.4,0,0,0,5,utility_shifting,1,150000,synthetic
PROJ_0270,PROJ_0270_T01,site_clearance_and_excavation,20,16,0,0,10000,0.19,0,0,0,0,on_schedule,0,0,synthetic
PROJ_0270,PROJ_0270_T02,bituminous_macadam_laying,30,25,0,3,10000,0.19,0,0,0,1,on_schedule,0,0,synthetic
PROJ_0270,PROJ_0270_T03,sub_base_course_preparation,45,38,0,0,10000,0.19,1,0,0,2,on_schedule,0,0,synthetic
PROJ_0270,PROJ_0270_T04,guardrail_installation,25,23,0,5,10000,0.19,1,0,0,3,on_schedule,0,0,synthetic
PROJ_0270,PROJ_0270_T05,road_marking_and_signage_installation,15,26,11,0,10000,0.19,1,0,0,4,utility_shifting,1,110000,synthetic
PROJ_0270,PROJ_0270_T06,bridge_deck_construction,60,58,0,7,10000,0.19,1,0,1,5,on_schedule,0,0,synthetic
PROJ_0271,PROJ_0271_T01,guardrail_installation,25,20,0,5,10000,0.46,1,0,0,0,on_schedule,0,0,synthetic
PROJ_0271,PROJ_0271_T02,bituminous_macadam_laying,30,24,0,3,10000,0.46,0,0,0,1,on_schedule,0,0,synthetic
PROJ_0271,PROJ_0271_T03,sub_base_course_preparation,45,41,0,0,10000,0.46,0,0,0,2,on_schedule,0,0,synthetic
PROJ_0271,PROJ_0271_T04,bridge_deck_construction,60,48,0,7,10000,0.46,0,0,0,3,on_schedule,0,0,synthetic
PROJ_0271,PROJ_0271_T05,road_marking_and_signage_installation,15,15,0,0,10000,0.46,1,0,0,4,on_schedule,0,0,synthetic
PROJ_0271,PROJ_0271_T06,site_clearance_and_excavation,20,19,0,0,10000,0.46,1,0,0,5,on_schedule,0,0,synthetic
PROJ_0272,PROJ_0272_T01,bridge_deck_construction,60,53,0,7,10000,0.37,1,0,0,0,on_schedule,0,0,synthetic
PROJ_0272,PROJ_0272_T02,road_marking_and_signage_installation,15,29,14,0,10000,0.37,0,0,0,1,equipment_breakdown,1,140000,synthetic
PROJ_0272,PROJ_0272_T03,site_clearance_and_excavation,20,21,1,0,10000,0.37,1,0,1,2,equipment_breakdown,1,10000,synthetic
PROJ_0272,PROJ_0272_T04,bituminous_macadam_laying,30,25,0,3,10000,0.37,0,0,1,3,on_schedule,0,0,synthetic
PROJ_0272,PROJ_0272_T05,guardrail_installation,25,39,14,5,10000,0.37,1,0,0,4,subcontractor_failure,1,90000,synthetic
PROJ_0272,PROJ_0272_T06,sub_base_course_preparation,45,43,0,0,10000,0.37,1,0,1,5,on_schedule,0,0,synthetic
PROJ_0273,PROJ_0273_T01,road_marking_and_signage_installation,15,13,0,0,10000,0.29,1,0,0,0,on_schedule,0,0,synthetic
PROJ_0273,PROJ_0273_T02,bridge_deck_construction,60,56,0,7,10000,0.29,1,0,0,1,on_schedule,0,0,synthetic
PROJ_0273,PROJ_0273_T03,site_clearance_and_excavation,20,22,2,0,10000,0.29,1,0,0,2,subcontractor_failure,1,20000,synthetic
PROJ_0273,PROJ_0273_T04,guardrail_installation,25,41,16,5,10000,0.29,0,0,1,3,rain_monsoon,1,110000,synthetic
PROJ_0273,PROJ_0273_T05,bituminous_macadam_laying,30,28,0,3,10000,0.29,1,0,1,4,on_schedule,0,0,synthetic
PROJ_0273,PROJ_0273_T06,sub_base_course_preparation,45,37,0,0,10000,0.29,0,0,0,5,on_schedule,0,0,synthetic
PROJ_0274,PROJ_0274_T01,bridge_deck_construction,60,82,22,7,10000,0.34,1,1,0,0,material_shortage,1,150000,synthetic
PROJ_0274,PROJ_0274_T02,bituminous_macadam_laying,30,27,0,3,10000,0.34,1,0,1,1,on_schedule,0,0,synthetic
PROJ_0274,PROJ_0274_T03,guardrail_installation,25,22,0,5,10000,0.34,1,0,0,2,on_schedule,0,0,synthetic
PROJ_0274,PROJ_0274_T04,site_clearance_and_excavation,20,30,10,0,10000,0.34,0,0,0,3,land_acquisition,1,100000,synthetic
PROJ_0275,PROJ_0275_T01,sub_base_course_preparation,45,38,0,0,10000,0.39,0,0,0,0,on_schedule,0,0,synthetic
PROJ_0275,PROJ_0275_T02,bituminous_macadam_laying,30,26,0,3,10000,0.39,1,0,0,1,on_schedule,0,0,synthetic
PROJ_0275,PROJ_0275_T03,guardrail_installation,25,34,9,5,10000,0.39,1,0,0,2,land_acquisition,1,40000,synthetic
PROJ_0275,PROJ_0275_T04,site_clearance_and_excavation,20,24,4,0,10000,0.39,0,0,1,3,equipment_breakdown,1,40000,synthetic
PROJ_0275,PROJ_0275_T05,bridge_deck_construction,60,53,0,7,10000,0.39,0,0,1,4,on_schedule,0,0,synthetic
PROJ_0275,PROJ_0275_T06,road_marking_and_signage_installation,15,27,12,0,10000,0.39,1,0,0,5,labour_dispute,1,120000,synthetic
PROJ_0276,PROJ_0276_T01,bituminous_macadam_laying,30,30,0,3,10000,0.5,0,0,0,0,on_schedule,0,0,synthetic
PROJ_0276,PROJ_0276_T02,guardrail_installation,25,23,0,5,10000,0.5,1,0,0,1,on_schedule,0,0,synthetic
PROJ_0276,PROJ_0276_T03,bridge_deck_construction,60,89,29,7,10000,0.5,0,0,0,2,equipment_breakdown,1,220000,synthetic
PROJ_0276,PROJ_0276_T04,site_clearance_and_excavation,20,18,0,0,10000,0.5,0,0,1,3,on_schedule,0,0,synthetic
PROJ_0277,PROJ_0277_T01,bituminous_macadam_laying,30,27,0,3,10000,0.48,0,0,0,0,on_schedule,0,0,synthetic
PROJ_0277,PROJ_0277_T02,bridge_deck_construction,60,59,0,7,10000,0.48,1,0,0,1,on_schedule,0,0,synthetic
PROJ_0277,PROJ_0277_T03,road_marking_and_signage_installation,15,13,0,0,10000,0.48,1,0,0,2,on_schedule,0,0,synthetic
PROJ_0277,PROJ_0277_T04,site_clearance_and_excavation,20,35,15,0,10000,0.48,1,0,0,3,design_change,1,150000,synthetic
PROJ_0277,PROJ_0277_T05,guardrail_installation,25,25,0,5,10000,0.48,0,0,1,4,on_schedule,0,0,synthetic
PROJ_0278,PROJ_0278_T01,bridge_deck_construction,60,58,0,7,10000,0.56,1,0,0,0,on_schedule,0,0,synthetic
PROJ_0278,PROJ_0278_T02,guardrail_installation,25,22,0,5,10000,0.56,0,0,0,1,on_schedule,0,0,synthetic
PROJ_0278,PROJ_0278_T03,site_clearance_and_excavation,20,33,13,0,10000,0.56,0,0,0,2,subcontractor_failure,1,130000,synthetic
PROJ_0279,PROJ_0279_T01,bridge_deck_construction,60,61,1,7,10000,0.36,0,0,0,0,rain_monsoon,0,0,synthetic
PROJ_0279,PROJ_0279_T02,road_marking_and_signage_installation,15,12,0,0,10000,0.36,1,0,1,1,on_schedule,0,0,synthetic
PROJ_0279,PROJ_0279_T03,guardrail_installation,25,25,0,5,10000,0.36,1,0,0,2,on_schedule,0,0,synthetic
PROJ_0279,PROJ_0279_T04,site_clearance_and_excavation,20,22,2,0,10000,0.36,0,1,0,3,material_shortage,1,20000,synthetic
PROJ_0280,PROJ_0280_T01,bridge_deck_construction,60,49,0,7,10000,0.57,0,0,0,0,on_schedule,0,0,synthetic
PROJ_0280,PROJ_0280_T02,road_marking_and_signage_installation,15,13,0,0,10000,0.57,1,0,0,1,on_schedule,0,0,synthetic
PROJ_0280,PROJ_0280_T03,bituminous_macadam_laying,30,29,0,3,10000,0.57,0,0,0,2,on_schedule,0,0,synthetic
PROJ_0281,PROJ_0281_T01,guardrail_installation,25,20,0,5,10000,0.45,1,0,0,0,on_schedule,0,0,synthetic
PROJ_0281,PROJ_0281_T02,bridge_deck_construction,60,52,0,7,10000,0.45,1,0,0,1,on_schedule,0,0,synthetic
PROJ_0281,PROJ_0281_T03,site_clearance_and_excavation,20,18,0,0,10000,0.45,1,0,0,2,on_schedule,0,0,synthetic
PROJ_0282,PROJ_0282_T01,guardrail_installation,25,20,0,5,10000,0.49,1,0,0,0,on_schedule,0,0,synthetic
PROJ_0282,PROJ_0282_T02,bituminous_macadam_laying,30,26,0,3,10000,0.49,0,0,0,1,on_schedule,0,0,synthetic
PROJ_0282,PROJ_0282_T03,site_clearance_and_excavation,20,19,0,0,10000,0.49,0,0,0,2,on_schedule,0,0,synthetic
PROJ_0282,PROJ_0282_T04,road_marking_and_signage_installation,15,13,0,0,10000,0.49,1,0,0,3,on_schedule,0,0,synthetic
PROJ_0283,PROJ_0283_T01,site_clearance_and_excavation,20,18,0,0,10000,0.17,0,0,0,0,on_schedule,0,0,synthetic
PROJ_0283,PROJ_0283_T02,road_marking_and_signage_installation,15,17,2,0,10000,0.17,1,0,0,1,land_acquisition,1,20000,synthetic
PROJ_0283,PROJ_0283_T03,bituminous_macadam_laying,30,46,16,3,10000,0.17,0,0,1,2,equipment_breakdown,1,130000,synthetic
PROJ_0284,PROJ_0284_T01,guardrail_installation,25,24,0,5,10000,0.43,0,0,0,0,on_schedule,0,0,synthetic
PROJ_0284,PROJ_0284_T02,road_marking_and_signage_installation,15,15,0,0,10000,0.43,1,0,0,1,on_schedule,0,0,synthetic
PROJ_0284,PROJ_0284_T03,bridge_deck_construction,60,59,0,7,10000,0.43,0,0,0,2,on_schedule,0,0,synthetic
PROJ_0285,PROJ_0285_T01,bridge_deck_construction,60,53,0,7,10000,0.1,1,0,0,0,on_schedule,0,0,synthetic
PROJ_0285,PROJ_0285_T02,site_clearance_and_excavation,20,19,0,0,10000,0.1,0,0,0,1,on_schedule,0,0,synthetic
PROJ_0285,PROJ_0285_T03,bituminous_macadam_laying,30,29,0,3,10000,0.1,0,0,0,2,on_schedule,0,0,synthetic
PROJ_0285,PROJ_0285_T04,guardrail_installation,25,22,0,5,10000,0.1,0,0,0,3,on_schedule,0,0,synthetic
PROJ_0286,PROJ_0286_T01,guardrail_installation,25,22,0,5,10000,0.48,1,0,0,0,on_schedule,0,0,synthetic
PROJ_0286,PROJ_0286_T02,road_marking_and_signage_installation,15,14,0,0,10000,0.48,1,0,0,1,on_schedule,0,0,synthetic
PROJ_0286,PROJ_0286_T03,sub_base_course_preparation,45,74,29,0,10000,0.48,0,0,0,2,labour_dispute,1,290000,synthetic
PROJ_0286,PROJ_0286_T04,bridge_deck_construction,60,62,2,7,10000,0.48,1,0,1,3,labour_dispute,0,0,synthetic
PROJ_0286,PROJ_0286_T05,bituminous_macadam_laying,30,30,0,3,10000,0.48,1,0,1,4,on_schedule,0,0,synthetic
PROJ_0286,PROJ_0286_T06,site_clearance_and_excavation,20,19,0,0,10000,0.48,0,0,0,5,on_schedule,0,0,synthetic
PROJ_0287,PROJ_0287_T01,guardrail_installation,25,42,17,5,10000,0.27,0,0,0,0,subcontractor_failure,1,120000,synthetic
PROJ_0287,PROJ_0287_T02,bituminous_macadam_laying,30,25,0,3,10000,0.27,0,0,1,1,on_schedule,0,0,synthetic
PROJ_0287,PROJ_0287_T03,site_clearance_and_excavation,20,25,5,0,10000,0.27,0,0,0,2,subcontractor_failure,1,50000,synthetic
PROJ_0288,PROJ_0288_T01,sub_base_course_preparation,45,49,4,0,10000,0.55,0,0,0,0,land_acquisition,1,40000,synthetic
PROJ_0288,PROJ_0288_T02,bituminous_macadam_laying,30,25,0,3,10000,0.55,0,0,1,1,on_schedule,0,0,synthetic
PROJ_0288,PROJ_0288_T03,road_marking_and_signage_installation,15,12,0,0,10000,0.55,0,0,0,2,on_schedule,0,0,synthetic
PROJ_0288,PROJ_0288_T04,guardrail_installation,25,24,0,5,10000,0.55,0,0,0,3,on_schedule,0,0,synthetic
PROJ_0288,PROJ_0288_T05,bridge_deck_construction,60,73,13,7,10000,0.55,1,0,0,4,design_change,1,60000,synthetic
PROJ_0288,PROJ_0288_T06,site_clearance_and_excavation,20,19,0,0,10000,0.55,1,0,1,5,on_schedule,0,0,synthetic
PROJ_0289,PROJ_0289_T01,sub_base_course_preparation,45,39,0,0,10000,0.59,0,0,0,0,on_schedule,0,0,synthetic
PROJ_0289,PROJ_0289_T02,bridge_deck_construction,60,53,0,7,10000,0.59,0,0,0,1,on_schedule,0,0,synthetic
PROJ_0289,PROJ_0289_T03,road_marking_and_signage_installation,15,18,3,0,10000,0.59,0,0,0,2,design_change,1,30000,synthetic
PROJ_0290,PROJ_0290_T01,site_clearance_and_excavation,20,20,0,0,10000,0.38,1,0,0,0,on_schedule,0,0,synthetic
PROJ_0290,PROJ_0290_T02,road_marking_and_signage_installation,15,12,0,0,10000,0.38,1,0,0,1,on_schedule,0,0,synthetic
PROJ_0290,PROJ_0290_T03,bituminous_macadam_laying,30,31,1,3,10000,0.38,0,0,0,2,equipment_breakdown,0,0,synthetic
PROJ_0290,PROJ_0290_T04,bridge_deck_construction,60,57,0,7,10000,0.38,1,0,1,3,on_schedule,0,0,synthetic
PROJ_0290,PROJ_0290_T05,guardrail_installation,25,23,0,5,10000,0.38,0,0,0,4,on_schedule,0,0,synthetic
PROJ_0291,PROJ_0291_T01,guardrail_installation,25,21,0,5,10000,0.17,0,0,0,0,on_schedule,0,0,synthetic
PROJ_0291,PROJ_0291_T02,sub_base_course_preparation,45,43,0,0,10000,0.17,0,0,0,1,on_schedule,0,0,synthetic
PROJ_0291,PROJ_0291_T03,site_clearance_and_excavation,20,18,0,0,10000,0.17,1,0,0,2,on_schedule,0,0,synthetic
PROJ_0291,PROJ_0291_T04,road_marking_and_signage_installation,15,13,0,0,10000,0.17,0,0,0,3,on_schedule,0,0,synthetic
PROJ_0292,PROJ_0292_T01,bituminous_macadam_laying,30,28,0,3,10000,0.59,0,0,0,0,on_schedule,0,0,synthetic
PROJ_0292,PROJ_0292_T02,sub_base_course_preparation,45,39,0,0,10000,0.59,1,0,0,1,on_schedule,0,0,synthetic
PROJ_0292,PROJ_0292_T03,guardrail_installation,25,29,4,5,10000,0.59,1,0,0,2,equipment_breakdown,0,0,synthetic
PROJ_0293,PROJ_0293_T01,bridge_deck_construction,60,52,0,7,10000,0.19,1,0,0,0,on_schedule,0,0,synthetic
PROJ_0293,PROJ_0293_T02,bituminous_macadam_laying,30,30,0,3,10000,0.19,1,0,0,1,on_schedule,0,0,synthetic
PROJ_0293,PROJ_0293_T03,sub_base_course_preparation,45,49,4,0,10000,0.19,0,0,0,2,equipment_breakdown,1,40000,synthetic
PROJ_0293,PROJ_0293_T04,guardrail_installation,25,23,0,5,10000,0.19,0,0,1,3,on_schedule,0,0,synthetic
PROJ_0293,PROJ_0293_T05,road_marking_and_signage_installation,15,19,4,0,10000,0.19,1,0,0,4,subcontractor_failure,1,40000,synthetic
PROJ_0293,PROJ_0293_T06,site_clearance_and_excavation,20,18,0,0,10000,0.19,0,0,1,5,on_schedule,0,0,synthetic
PROJ_0294,PROJ_0294_T01,bituminous_macadam_laying,30,27,0,3,10000,0.26,0,0,0,0,on_schedule,0,0,synthetic
PROJ_0294,PROJ_0294_T02,road_marking_and_signage_installation,15,25,10,0,10000,0.26,0,0,0,1,subcontractor_failure,1,100000,synthetic
PROJ_0294,PROJ_0294_T03,site_clearance_and_excavation,20,17,0,0,10000,0.26,0,0,1,2,on_schedule,0,0,synthetic
PROJ_0295,PROJ_0295_T01,guardrail_installation,25,21,0,5,10000,0.19,1,0,0,0,on_schedule,0,0,synthetic
PROJ_0295,PROJ_0295_T02,road_marking_and_signage_installation,15,27,12,0,10000,0.19,1,1,0,1,material_shortage,1,120000,synthetic
PROJ_0295,PROJ_0295_T03,site_clearance_and_excavation,20,35,15,0,10000,0.19,1,0,1,2,subcontractor_failure,1,150000,synthetic
PROJ_0295,PROJ_0295_T04,bridge_deck_construction,60,82,22,7,10000,0.19,1,0,1,3,labour_dispute,1,150000,synthetic
PROJ_0295,PROJ_0295_T05,bituminous_macadam_laying,30,30,0,3,10000,0.19,0,0,1,4,on_schedule,0,0,synthetic
PROJ_0295,PROJ_0295_T06,sub_base_course_preparation,45,44,0,0,10000,0.19,0,0,0,5,on_schedule,0,0,synthetic
PROJ_0296,PROJ_0296_T01,sub_base_course_preparation,45,43,0,0,10000,0.31,1,0,0,0,on_schedule,0,0,synthetic
PROJ_0296,PROJ_0296_T02,site_clearance_and_excavation,20,34,14,0,10000,0.31,0,0,0,1,labour_dispute,1,140000,synthetic
PROJ_0296,PROJ_0296_T03,road_marking_and_signage_installation,15,13,0,0,10000,0.31,0,0,1,2,on_schedule,0,0,synthetic
PROJ_0297,PROJ_0297_T01,bituminous_macadam_laying,30,28,0,3,10000,0.31,0,0,0,0,on_schedule,0,0,synthetic
PROJ_0297,PROJ_0297_T02,bridge_deck_construction,60,54,0,7,10000,0.31,1,0,0,1,on_schedule,0,0,synthetic
PROJ_0297,PROJ_0297_T03,site_clearance_and_excavation,20,16,0,0,10000,0.31,1,0,0,2,on_schedule,0,0,synthetic
PROJ_0298,PROJ_0298_T01,sub_base_course_preparation,45,37,0,0,10000,0.22,0,0,0,0,on_schedule,0,0,synthetic
PROJ_0298,PROJ_0298_T02,bituminous_macadam_laying,30,26,0,3,10000,0.22,0,0,0,1,on_schedule,0,0,synthetic
PROJ_0298,PROJ_0298_T03,site_clearance_and_excavation,20,20,0,0,10000,0.22,0,0,0,2,on_schedule,0,0,synthetic
PROJ_0298,PROJ_0298_T04,bridge_deck_construction,60,55,0,7,10000,0.22,0,0,0,3,on_schedule,0,0,synthetic
PROJ_0298,PROJ_0298_T05,guardrail_installation,25,23,0,5,10000,0.22,0,0,0,4,on_schedule,0,0,synthetic
PROJ_0298,PROJ_0298_T06,road_marking_and_signage_installation,15,14,0,0,10000,0.22,1,0,0,5,on_schedule,0,0,synthetic
PROJ_0299,PROJ_0299_T01,bituminous_macadam_laying,30,26,0,3,10000,0.53,1,0,0,0,on_schedule,0,0,synthetic
PROJ_0299,PROJ_0299_T02,site_clearance_and_excavation,20,20,0,0,10000,0.53,0,0,0,1,on_schedule,0,0,synthetic
PROJ_0299,PROJ_0299_T03,guardrail_installation,25,20,0,5,10000,0.53,1,0,0,2,on_schedule,0,0,synthetic
PROJ_0300,PROJ_0300_T01,bridge_deck_construction,60,84,24,7,10000,0.36,0,0,0,0,subcontractor_failure,1,170000,synthetic
PROJ_0300,PROJ_0300_T02,guardrail_installation,25,21,0,5,10000,0.36,0,0,1,1,on_schedule,0,0,synthetic
PROJ_0300,PROJ_0300_T03,bituminous_macadam_laying,30,30,0,3,10000,0.36,0,0,0,2,on_schedule,0,0,synthetic
PROJ_0301,PROJ_0301_T01,road_marking_and_signage_installation,15,13,0,0,10000,0.59,0,0,0,0,on_schedule,0,0,synthetic
PROJ_0301,PROJ_0301_T02,sub_base_course_preparation,45,40,0,0,10000,0.59,1,0,0,1,on_schedule,0,0,synthetic
PROJ_0301,PROJ_0301_T03,bituminous_macadam_laying,30,33,3,3,10000,0.59,1,0,0,2,utility_shifting,0,0,synthetic
PROJ_0301,PROJ_0301_T04,guardrail_installation,25,24,0,5,10000,0.59,0,0,1,3,on_schedule,0,0,synthetic
PROJ_0302,PROJ_0302_T01,bridge_deck_construction,60,90,30,7,10000,0.45,0,0,0,0,rain_monsoon,1,230000,synthetic
PROJ_0302,PROJ_0302_T02,sub_base_course_preparation,45,38,0,0,10000,0.45,1,0,1,1,on_schedule,0,0,synthetic
PROJ_0302,PROJ_0302_T03,guardrail_installation,25,20,0,5,10000,0.45,0,0,0,2,on_schedule,0,0,synthetic
PROJ_0302,PROJ_0302_T04,road_marking_and_signage_installation,15,17,2,0,10000,0.45,1,0,0,3,equipment_breakdown,1,20000,synthetic
PROJ_0302,PROJ_0302_T05,site_clearance_and_excavation,20,27,7,0,10000,0.45,1,1,1,4,material_shortage,1,70000,synthetic
PROJ_0302,PROJ_0302_T06,bituminous_macadam_laying,30,29,0,3,10000,0.45,0,0,1,5,on_schedule,0,0,synthetic
PROJ_0303,PROJ_0303_T01,site_clearance_and_excavation,20,17,0,0,10000,0.27,1,0,0,0,on_schedule,0,0,synthetic
PROJ_0303,PROJ_0303_T02,bituminous_macadam_laying,30,26,0,3,10000,0.27,1,0,0,1,on_schedule,0,0,synthetic
PROJ_0303,PROJ_0303_T03,guardrail_installation,25,25,0,5,10000,0.27,1,0,0,2,on_schedule,0,0,synthetic
PROJ_0303,PROJ_0303_T04,sub_base_course_preparation,45,45,0,0,10000,0.27,0,0,0,3,on_schedule,0,0,synthetic
PROJ_0303,PROJ_0303_T05,bridge_deck_construction,60,52,0,7,10000,0.27,0,0,0,4,on_schedule,0,0,synthetic
PROJ_0303,PROJ_0303_T06,road_marking_and_signage_installation,15,13,0,0,10000,0.27,1,0,0,5,on_schedule,0,0,synthetic
PROJ_0304,PROJ_0304_T01,bituminous_macadam_laying,30,28,0,3,10000,0.59,0,0,0,0,on_schedule,0,0,synthetic
PROJ_0304,PROJ_0304_T02,road_marking_and_signage_installation,15,14,0,0,10000,0.59,0,0,0,1,on_schedule,0,0,synthetic
PROJ_0304,PROJ_0304_T03,guardrail_installation,25,25,0,5,10000,0.59,0,0,0,2,on_schedule,0,0,synthetic
PROJ_0304,PROJ_0304_T04,sub_base_course_preparation,45,53,8,0,10000,0.59,1,1,0,3,material_shortage,1,80000,synthetic
PROJ_0304,PROJ_0304_T05,site_clearance_and_excavation,20,19,0,0,10000,0.59,1,0,1,4,on_schedule,0,0,synthetic
PROJ_0305,PROJ_0305_T01,sub_base_course_preparation,45,44,0,0,10000,0.19,0,0,0,0,on_schedule,0,0,synthetic
PROJ_0305,PROJ_0305_T02,bituminous_macadam_laying,30,24,0,3,10000,0.19,0,0,0,1,on_schedule,0,0,synthetic
PROJ_0305,PROJ_0305_T03,guardrail_installation,25,23,0,5,10000,0.19,0,0,0,2,on_schedule,0,0,synthetic
PROJ_0305,PROJ_0305_T04,road_marking_and_signage_installation,15,14,0,0,10000,0.19,0,0,0,3,on_schedule,0,0,synthetic
PROJ_0305,PROJ_0305_T05,bridge_deck_construction,60,95,35,7,10000,0.19,1,0,0,4,utility_shifting,1,280000,synthetic
PROJ_0306,PROJ_0306_T01,sub_base_course_preparation,45,38,0,0,10000,0.55,0,0,0,0,on_schedule,0,0,synthetic
PROJ_0306,PROJ_0306_T02,road_marking_and_signage_installation,15,15,0,0,10000,0.55,0,0,0,1,on_schedule,0,0,synthetic
PROJ_0306,PROJ_0306_T03,site_clearance_and_excavation,20,16,0,0,10000,0.55,1,0,0,2,on_schedule,0,0,synthetic
PROJ_0306,PROJ_0306_T04,bridge_deck_construction,60,73,13,7,10000,0.55,1,0,0,3,labour_dispute,1,60000,synthetic
PROJ_0306,PROJ_0306_T05,bituminous_macadam_laying,30,33,3,3,10000,0.55,0,0,1,4,subcontractor_failure,0,0,synthetic
PROJ_0306,PROJ_0306_T06,guardrail_installation,25,23,0,5,10000,0.55,0,0,1,5,on_schedule,0,0,synthetic
PROJ_0307,PROJ_0307_T01,sub_base_course_preparation,45,73,28,0,10000,0.26,1,0,0,0,utility_shifting,1,280000,synthetic
PROJ_0307,PROJ_0307_T02,bridge_deck_construction,60,52,0,7,10000,0.26,1,0,1,1,on_schedule,0,0,synthetic
PROJ_0307,PROJ_0307_T03,bituminous_macadam_laying,30,27,0,3,10000,0.26,0,0,0,2,on_schedule,0,0,synthetic
PROJ_0307,PROJ_0307_T04,guardrail_installation,25,40,15,5,10000,0.26,1,0,0,3,design_change,1,100000,synthetic
PROJ_0307,PROJ_0307_T05,road_marking_and_signage_installation,15,15,0,0,10000,0.26,1,0,1,4,on_schedule,0,0,synthetic
PROJ_0307,PROJ_0307_T06,site_clearance_and_excavation,20,23,3,0,10000,0.26,0,0,0,5,equipment_breakdown,1,30000,synthetic
PROJ_0308,PROJ_0308_T01,sub_base_course_preparation,45,72,27,0,10000,0.34,1,0,0,0,land_acquisition,1,270000,synthetic
PROJ_0308,PROJ_0308_T02,guardrail_installation,25,40,15,5,10000,0.34,0,0,1,1,equipment_breakdown,1,100000,synthetic
PROJ_0308,PROJ_0308_T03,bituminous_macadam_laying,30,43,13,3,10000,0.34,1,0,1,2,land_acquisition,1,100000,synthetic
PROJ_0308,PROJ_0308_T04,bridge_deck_construction,60,80,20,7,10000,0.34,1,0,1,3,land_acquisition,1,130000,synthetic
PROJ_0308,PROJ_0308_T05,road_marking_and_signage_installation,15,15,0,0,10000,0.34,0,0,1,4,on_schedule,0,0,synthetic
PROJ_0309,PROJ_0309_T01,road_marking_and_signage_installation,15,15,0,0,10000,0.5,0,0,0,0,on_schedule,0,0,synthetic
PROJ_0309,PROJ_0309_T02,guardrail_installation,25,22,0,5,10000,0.5,1,0,0,1,on_schedule,0,0,synthetic
PROJ_0309,PROJ_0309_T03,sub_base_course_preparation,45,61,16,0,10000,0.5,0,1,0,2,material_shortage,1,160000,synthetic
PROJ_0310,PROJ_0310_T01,bituminous_macadam_laying,30,30,0,3,10000,0.35,1,0,0,0,on_schedule,0,0,synthetic
PROJ_0310,PROJ_0310_T02,sub_base_course_preparation,45,43,0,0,10000,0.35,0,0,0,1,on_schedule,0,0,synthetic
PROJ_0310,PROJ_0310_T03,guardrail_installation,25,25,0,5,10000,0.35,0,0,0,2,on_schedule,0,0,synthetic
PROJ_0310,PROJ_0310_T04,site_clearance_and_excavation,20,17,0,0,10000,0.35,0,0,0,3,on_schedule,0,0,synthetic
PROJ_0310,PROJ_0310_T05,road_marking_and_signage_installation,15,23,8,0,10000,0.35,1,0,0,4,equipment_breakdown,1,80000,synthetic
PROJ_0311,PROJ_0311_T01,guardrail_installation,25,24,0,5,10000,0.13,0,0,0,0,on_schedule,0,0,synthetic
PROJ_0311,PROJ_0311_T02,site_clearance_and_excavation,20,17,0,0,10000,0.13,0,0,0,1,on_schedule,0,0,synthetic
PROJ_0311,PROJ_0311_T03,bridge_deck_construction,60,50,0,7,10000,0.13,1,0,0,2,on_schedule,0,0,synthetic
PROJ_0311,PROJ_0311_T04,bituminous_macadam_laying,30,30,0,3,10000,0.13,1,0,0,3,on_schedule,0,0,synthetic
PROJ_0312,PROJ_0312_T01,bridge_deck_construction,60,48,0,7,10000,0.44,0,0,0,0,on_schedule,0,0,synthetic
PROJ_0312,PROJ_0312_T02,guardrail_installation,25,22,0,5,10000,0.44,1,0,0,1,on_schedule,0,0,synthetic
PROJ_0312,PROJ_0312_T03,bituminous_macadam_laying,30,25,0,3,10000,0.44,0,0,0,2,on_schedule,0,0,synthetic
PROJ_0312,PROJ_0312_T04,sub_base_course_preparation,45,60,15,0,10000,0.44,0,0,0,3,labour_dispute,1,150000,synthetic
PROJ_0312,PROJ_0312_T05,road_marking_and_signage_installation,15,12,0,0,10000,0.44,0,0,1,4,on_schedule,0,0,synthetic
PROJ_0313,PROJ_0313_T01,site_clearance_and_excavation,20,19,0,0,10000,0.56,1,0,0,0,on_schedule,0,0,synthetic
PROJ_0313,PROJ_0313_T02,guardrail_installation,25,35,10,5,10000,0.56,0,1,0,1,material_shortage,1,50000,synthetic
PROJ_0313,PROJ_0313_T03,sub_base_course_preparation,45,55,10,0,10000,0.56,1,0,1,2,labour_dispute,1,100000,synthetic
PROJ_0313,PROJ_0313_T04,bridge_deck_construction,60,69,9,7,10000,0.56,1,0,1,3,rain_monsoon,1,20000,synthetic
PROJ_0314,PROJ_0314_T01,site_clearance_and_excavation,20,16,0,0,10000,0.14,0,0,0,0,on_schedule,0,0,synthetic
PROJ_0314,PROJ_0314_T02,bridge_deck_construction,60,52,0,7,10000,0.14,0,0,0,1,on_schedule,0,0,synthetic
PROJ_0314,PROJ_0314_T03,bituminous_macadam_laying,30,52,22,3,10000,0.14,0,1,0,2,material_shortage,1,190000,synthetic
PROJ_0315,PROJ_0315_T01,road_marking_and_signage_installation,15,21,6,0,10000,0.56,0,1,0,0,material_shortage,1,60000,synthetic
PROJ_0315,PROJ_0315_T02,sub_base_course_preparation,45,63,18,0,10000,0.56,1,0,1,1,utility_shifting,1,180000,synthetic
PROJ_0315,PROJ_0315_T03,bridge_deck_construction,60,93,33,7,10000,0.56,0,0,1,2,labour_dispute,1,260000,synthetic
PROJ_0316,PROJ_0316_T01,bituminous_macadam_laying,30,26,0,3,10000,0.51,0,0,0,0,on_schedule,0,0,synthetic
PROJ_0316,PROJ_0316_T02,sub_base_course_preparation,45,44,0,0,10000,0.51,0,0,0,1,on_schedule,0,0,synthetic
PROJ_0316,PROJ_0316_T03,road_marking_and_signage_installation,15,12,0,0,10000,0.51,0,0,0,2,on_schedule,0,0,synthetic
PROJ_0317,PROJ_0317_T01,sub_base_course_preparation,45,42,0,0,10000,0.28,1,0,0,0,on_schedule,0,0,synthetic
PROJ_0317,PROJ_0317_T02,road_marking_and_signage_installation,15,19,4,0,10000,0.28,0,0,0,1,design_change,1,40000,synthetic
PROJ_0317,PROJ_0317_T03,site_clearance_and_excavation,20,18,0,0,10000,0.28,0,0,1,2,on_schedule,0,0,synthetic
PROJ_0317,PROJ_0317_T04,guardrail_installation,25,24,0,5,10000,0.28,0,0,0,3,on_schedule,0,0,synthetic
PROJ_0317,PROJ_0317_T05,bituminous_macadam_laying,30,26,0,3,10000,0.28,1,0,0,4,on_schedule,0,0,synthetic
PROJ_0317,PROJ_0317_T06,bridge_deck_construction,60,48,0,7,10000,0.28,0,0,0,5,on_schedule,0,0,synthetic
PROJ_0318,PROJ_0318_T01,site_clearance_and_excavation,20,19,0,0,10000,0.35,0,0,0,0,on_schedule,0,0,synthetic
PROJ_0318,PROJ_0318_T02,guardrail_installation,25,22,0,5,10000,0.35,1,0,0,1,on_schedule,0,0,synthetic
PROJ_0318,PROJ_0318_T03,bridge_deck_construction,60,65,5,7,10000,0.35,1,0,0,2,subcontractor_failure,0,0,synthetic
PROJ_0318,PROJ_0318_T04,sub_base_course_preparation,45,77,32,0,10000,0.35,1,0,1,3,rain_monsoon,1,320000,synthetic
PROJ_0318,PROJ_0318_T05,road_marking_and_signage_installation,15,12,0,0,10000,0.35,0,0,1,4,on_schedule,0,0,synthetic
PROJ_0319,PROJ_0319_T01,bridge_deck_construction,60,50,0,7,10000,0.3,0,0,0,0,on_schedule,0,0,synthetic
PROJ_0319,PROJ_0319_T02,sub_base_course_preparation,45,39,0,0,10000,0.3,1,0,0,1,on_schedule,0,0,synthetic
PROJ_0319,PROJ_0319_T03,bituminous_macadam_laying,30,43,13,3,10000,0.3,0,0,0,2,rain_monsoon,1,100000,synthetic
PROJ_0319,PROJ_0319_T04,guardrail_installation,25,25,0,5,10000,0.3,1,0,1,3,on_schedule,0,0,synthetic
PROJ_0320,PROJ_0320_T01,sub_base_course_preparation,45,45,0,0,10000,0.48,1,0,0,0,on_schedule,0,0,synthetic
PROJ_0320,PROJ_0320_T02,bridge_deck_construction,60,56,0,7,10000,0.48,1,0,0,1,on_schedule,0,0,synthetic
PROJ_0320,PROJ_0320_T03,guardrail_installation,25,40,15,5,10000,0.48,0,0,0,2,rain_monsoon,1,100000,synthetic
PROJ_0320,PROJ_0320_T04,site_clearance_and_excavation,20,36,16,0,10000,0.48,0,0,1,3,labour_dispute,1,160000,synthetic
PROJ_0320,PROJ_0320_T05,road_marking_and_signage_installation,15,27,12,0,10000,0.48,0,1,1,4,material_shortage,1,120000,synthetic
PROJ_0321,PROJ_0321_T01,road_marking_and_signage_installation,15,15,0,0,10000,0.44,1,0,0,0,on_schedule,0,0,synthetic
PROJ_0321,PROJ_0321_T02,site_clearance_and_excavation,20,36,16,0,10000,0.44,1,0,0,1,subcontractor_failure,1,160000,synthetic
PROJ_0321,PROJ_0321_T03,guardrail_installation,25,24,0,5,10000,0.44,0,0,1,2,on_schedule,0,0,synthetic
PROJ_0321,PROJ_0321_T04,bituminous_macadam_laying,30,24,0,3,10000,0.44,1,0,0,3,on_schedule,0,0,synthetic
PROJ_0321,PROJ_0321_T05,bridge_deck_construction,60,49,0,7,10000,0.44,1,0,0,4,on_schedule,0,0,synthetic
PROJ_0321,PROJ_0321_T06,sub_base_course_preparation,45,42,0,0,10000,0.44,1,0,0,5,on_schedule,0,0,synthetic
PROJ_0322,PROJ_0322_T01,road_marking_and_signage_installation,15,14,0,0,10000,0.12,1,0,0,0,on_schedule,0,0,synthetic
PROJ_0322,PROJ_0322_T02,sub_base_course_preparation,45,37,0,0,10000,0.12,1,0,0,1,on_schedule,0,0,synthetic
PROJ_0322,PROJ_0322_T03,guardrail_installation,25,25,0,5,10000,0.12,1,0,0,2,on_schedule,0,0,synthetic
PROJ_0322,PROJ_0322_T04,site_clearance_and_excavation,20,17,0,0,10000,0.12,0,0,0,3,on_schedule,0,0,synthetic
PROJ_0322,PROJ_0322_T05,bituminous_macadam_laying,30,27,0,3,10000,0.12,1,0,0,4,on_schedule,0,0,synthetic
PROJ_0322,PROJ_0322_T06,bridge_deck_construction,60,53,0,7,10000,0.12,1,0,0,5,on_schedule,0,0,synthetic
PROJ_0323,PROJ_0323_T01,sub_base_course_preparation,45,45,0,0,10000,0.13,0,0,0,0,on_schedule,0,0,synthetic
PROJ_0323,PROJ_0323_T02,bituminous_macadam_laying,30,29,0,3,10000,0.13,1,0,0,1,on_schedule,0,0,synthetic
PROJ_0323,PROJ_0323_T03,road_marking_and_signage_installation,15,15,0,0,10000,0.13,1,0,0,2,on_schedule,0,0,synthetic
PROJ_0323,PROJ_0323_T04,site_clearance_and_excavation,20,19,0,0,10000,0.13,1,0,0,3,on_schedule,0,0,synthetic
PROJ_0323,PROJ_0323_T05,guardrail_installation,25,33,8,5,10000,0.13,0,0,0,4,labour_dispute,1,30000,synthetic
PROJ_0324,PROJ_0324_T01,bridge_deck_construction,60,95,35,7,10000,0.4,0,0,0,0,utility_shifting,1,280000,synthetic
PROJ_0324,PROJ_0324_T02,bituminous_macadam_laying,30,30,0,3,10000,0.4,1,0,1,1,on_schedule,0,0,synthetic
PROJ_0324,PROJ_0324_T03,guardrail_installation,25,23,0,5,10000,0.4,1,0,0,2,on_schedule,0,0,synthetic
PROJ_0324,PROJ_0324_T04,sub_base_course_preparation,45,76,31,0,10000,0.4,1,1,0,3,material_shortage,1,310000,synthetic
PROJ_0324,PROJ_0324_T05,road_marking_and_signage_installation,15,15,0,0,10000,0.4,1,0,1,4,on_schedule,0,0,synthetic
PROJ_0325,PROJ_0325_T01,bituminous_macadam_laying,30,30,0,3,10000,0.5,1,0,0,0,on_schedule,0,0,synthetic
PROJ_0325,PROJ_0325_T02,road_marking_and_signage_installation,15,20,5,0,10000,0.5,1,0,0,1,utility_shifting,1,50000,synthetic
PROJ_0325,PROJ_0325_T03,guardrail_installation,25,28,3,5,10000,0.5,1,0,1,2,labour_dispute,0,0,synthetic
PROJ_0326,PROJ_0326_T01,sub_base_course_preparation,45,45,0,0,10000,0.12,0,0,0,0,on_schedule,0,0,synthetic
PROJ_0326,PROJ_0326_T02,site_clearance_and_excavation,20,18,0,0,10000,0.12,0,0,0,1,on_schedule,0,0,synthetic
PROJ_0326,PROJ_0326_T03,road_marking_and_signage_installation,15,15,0,0,10000,0.12,1,0,0,2,on_schedule,0,0,synthetic
PROJ_0326,PROJ_0326_T04,guardrail_installation,25,28,3,5,10000,0.12,1,0,0,3,land_acquisition,0,0,synthetic
PROJ_0326,PROJ_0326_T05,bituminous_macadam_laying,30,28,0,3,10000,0.12,1,0,1,4,on_schedule,0,0,synthetic
PROJ_0327,PROJ_0327_T01,guardrail_installation,25,21,0,5,10000,0.31,0,0,0,0,on_schedule,0,0,synthetic
PROJ_0327,PROJ_0327_T02,sub_base_course_preparation,45,44,0,0,10000,0.31,0,0,0,1,on_schedule,0,0,synthetic
PROJ_0327,PROJ_0327_T03,site_clearance_and_excavation,20,17,0,0,10000,0.31,1,0,0,2,on_schedule,0,0,synthetic
PROJ_0327,PROJ_0327_T04,bridge_deck_construction,60,101,41,7,10000,0.31,0,0,0,3,design_change,1,340000,synthetic
PROJ_0328,PROJ_0328_T01,road_marking_and_signage_installation,15,14,0,0,10000,0.28,1,0,0,0,on_schedule,0,0,synthetic
PROJ_0328,PROJ_0328_T02,bridge_deck_construction,60,49,0,7,10000,0.28,0,0,0,1,on_schedule,0,0,synthetic
PROJ_0328,PROJ_0328_T03,sub_base_course_preparation,45,40,0,0,10000,0.28,1,0,0,2,on_schedule,0,0,synthetic
PROJ_0328,PROJ_0328_T04,guardrail_installation,25,22,0,5,10000,0.28,0,0,0,3,on_schedule,0,0,synthetic
PROJ_0329,PROJ_0329_T01,road_marking_and_signage_installation,15,15,0,0,10000,0.22,1,0,0,0,on_schedule,0,0,synthetic
PROJ_0329,PROJ_0329_T02,bridge_deck_construction,60,48,0,7,10000,0.22,0,0,0,1,on_schedule,0,0,synthetic
PROJ_0329,PROJ_0329_T03,bituminous_macadam_laying,30,35,5,3,10000,0.22,1,1,0,2,material_shortage,1,20000,synthetic
PROJ_0329,PROJ_0329_T04,site_clearance_and_excavation,20,18,0,0,10000,0.22,0,0,1,3,on_schedule,0,0,synthetic
PROJ_0329,PROJ_0329_T05,sub_base_course_preparation,45,36,0,0,10000,0.22,1,0,0,4,on_schedule,0,0,synthetic
PROJ_0329,PROJ_0329_T06,guardrail_installation,25,20,0,5,10000,0.22,0,0,0,5,on_schedule,0,0,synthetic
PROJ_0330,PROJ_0330_T01,bituminous_macadam_laying,30,30,0,3,10000,0.4,0,0,0,0,on_schedule,0,0,synthetic
PROJ_0330,PROJ_0330_T02,site_clearance_and_excavation,20,37,17,0,10000,0.4,1,0,0,1,rain_monsoon,1,170000,synthetic
PROJ_0330,PROJ_0330_T03,guardrail_installation,25,20,0,5,10000,0.4,0,0,1,2,on_schedule,0,0,synthetic
PROJ_0330,PROJ_0330_T04,sub_base_course_preparation,45,41,0,0,10000,0.4,1,0,0,3,on_schedule,0,0,synthetic
PROJ_0330,PROJ_0330_T05,bridge_deck_construction,60,59,0,7,10000,0.4,1,0,0,4,on_schedule,0,0,synthetic
PROJ_0331,PROJ_0331_T01,road_marking_and_signage_installation,15,20,5,0,10000,0.57,1,0,0,0,subcontractor_failure,1,50000,synthetic
PROJ_0331,PROJ_0331_T02,bridge_deck_construction,60,98,38,7,10000,0.57,1,1,1,1,material_shortage,1,310000,synthetic
PROJ_0331,PROJ_0331_T03,bituminous_macadam_laying,30,29,0,3,10000,0.57,0,0,1,2,on_schedule,0,0,synthetic
PROJ_0331,PROJ_0331_T04,site_clearance_and_excavation,20,34,14,0,10000,0.57,0,0,0,3,subcontractor_failure,1,140000,synthetic
PROJ_0332,PROJ_0332_T01,road_marking_and_signage_installation,15,12,0,0,10000,0.54,0,0,0,0,on_schedule,0,0,synthetic
PROJ_0332,PROJ_0332_T02,guardrail_installation,25,25,0,5,10000,0.54,0,0,0,1,on_schedule,0,0,synthetic
PROJ_0332,PROJ_0332_T03,site_clearance_and_excavation,20,17,0,0,10000,0.54,1,0,0,2,on_schedule,0,0,synthetic
PROJ_0332,PROJ_0332_T04,sub_base_course_preparation,45,40,0,0,10000,0.54,1,0,0,3,on_schedule,0,0,synthetic
PROJ_0332,PROJ_0332_T05,bridge_deck_construction,60,58,0,7,10000,0.54,0,0,0,4,on_schedule,0,0,synthetic
PROJ_0333,PROJ_0333_T01,site_clearance_and_excavation,20,17,0,0,10000,0.53,1,0,0,0,on_schedule,0,0,synthetic
PROJ_0333,PROJ_0333_T02,bituminous_macadam_laying,30,36,6,3,10000,0.53,1,0,0,1,subcontractor_failure,1,30000,synthetic
PROJ_0333,PROJ_0333_T03,bridge_deck_construction,60,60,0,7,10000,0.53,1,0,1,2,on_schedule,0,0,synthetic
PROJ_0333,PROJ_0333_T04,road_marking_and_signage_installation,15,14,0,0,10000,0.53,0,0,0,3,on_schedule,0,0,synthetic
PROJ_0334,PROJ_0334_T01,site_clearance_and_excavation,20,18,0,0,10000,0.34,1,0,0,0,on_schedule,0,0,synthetic
PROJ_0334,PROJ_0334_T02,guardrail_installation,25,24,0,5,10000,0.34,1,0,0,1,on_schedule,0,0,synthetic
PROJ_0334,PROJ_0334_T03,bridge_deck_construction,60,48,0,7,10000,0.34,0,0,0,2,on_schedule,0,0,synthetic
PROJ_0334,PROJ_0334_T04,bituminous_macadam_laying,30,25,0,3,10000,0.34,1,0,0,3,on_schedule,0,0,synthetic
PROJ_0334,PROJ_0334_T05,sub_base_course_preparation,45,38,0,0,10000,0.34,0,0,0,4,on_schedule,0,0,synthetic
PROJ_0334,PROJ_0334_T06,road_marking_and_signage_installation,15,14,0,0,10000,0.34,1,0,0,5,on_schedule,0,0,synthetic
PROJ_0335,PROJ_0335_T01,road_marking_and_signage_installation,15,15,0,0,10000,0.16,1,0,0,0,on_schedule,0,0,synthetic
PROJ_0335,PROJ_0335_T02,sub_base_course_preparation,45,38,0,0,10000,0.16,1,0,0,1,on_schedule,0,0,synthetic
PROJ_0335,PROJ_0335_T03,bridge_deck_construction,60,98,38,7,10000,0.16,1,0,0,2,utility_shifting,1,310000,synthetic
PROJ_0336,PROJ_0336_T01,guardrail_installation,25,24,0,5,10000,0.14,0,0,0,0,on_schedule,0,0,synthetic
PROJ_0336,PROJ_0336_T02,road_marking_and_signage_installation,15,16,1,0,10000,0.14,0,0,0,1,labour_dispute,1,10000,synthetic
PROJ_0336,PROJ_0336_T03,site_clearance_and_excavation,20,17,0,0,10000,0.14,1,0,1,2,on_schedule,0,0,synthetic
PROJ_0336,PROJ_0336_T04,sub_base_course_preparation,45,38,0,0,10000,0.14,0,0,0,3,on_schedule,0,0,synthetic
PROJ_0337,PROJ_0337_T01,sub_base_course_preparation,45,37,0,0,10000,0.41,0,0,0,0,on_schedule,0,0,synthetic
PROJ_0337,PROJ_0337_T02,guardrail_installation,25,23,0,5,10000,0.41,1,0,0,1,on_schedule,0,0,synthetic
PROJ_0337,PROJ_0337_T03,road_marking_and_signage_installation,15,15,0,0,10000,0.41,0,0,0,2,on_schedule,0,0,synthetic
PROJ_0337,PROJ_0337_T04,bituminous_macadam_laying,30,37,7,3,10000,0.41,1,0,0,3,labour_dispute,1,40000,synthetic
PROJ_0337,PROJ_0337_T05,site_clearance_and_excavation,20,36,16,0,10000,0.41,0,0,1,4,design_change,1,160000,synthetic
PROJ_0337,PROJ_0337_T06,bridge_deck_construction,60,51,0,7,10000,0.41,0,0,1,5,on_schedule,0,0,synthetic
PROJ_0338,PROJ_0338_T01,road_marking_and_signage_installation,15,20,5,0,10000,0.46,1,0,0,0,labour_dispute,1,50000,synthetic
PROJ_0338,PROJ_0338_T02,site_clearance_and_excavation,20,18,0,0,10000,0.46,1,0,1,1,on_schedule,0,0,synthetic
PROJ_0338,PROJ_0338_T03,bridge_deck_construction,60,91,31,7,10000,0.46,1,0,0,2,equipment_breakdown,1,240000,synthetic
PROJ_0338,PROJ_0338_T04,sub_base_course_preparation,45,42,0,0,10000,0.46,0,0,1,3,on_schedule,0,0,synthetic
PROJ_0338,PROJ_0338_T05,bituminous_macadam_laying,30,29,0,3,10000,0.46,1,0,0,4,on_schedule,0,0,synthetic
PROJ_0339,PROJ_0339_T01,sub_base_course_preparation,45,41,0,0,10000,0.14,0,0,0,0,on_schedule,0,0,synthetic
PROJ_0339,PROJ_0339_T02,bituminous_macadam_laying,30,47,17,3,10000,0.14,1,0,0,1,design_change,1,140000,synthetic
PROJ_0339,PROJ_0339_T03,bridge_deck_construction,60,58,0,7,10000,0.14,1,0,1,2,on_schedule,0,0,synthetic
PROJ_0339,PROJ_0339_T04,road_marking_and_signage_installation,15,24,9,0,10000,0.14,0,1,0,3,material_shortage,1,90000,synthetic
PROJ_0339,PROJ_0339_T05,site_clearance_and_excavation,20,20,0,0,10000,0.14,1,0,1,4,on_schedule,0,0,synthetic
PROJ_0340,PROJ_0340_T01,road_marking_and_signage_installation,15,17,2,0,10000,0.54,0,0,0,0,utility_shifting,1,20000,synthetic
PROJ_0340,PROJ_0340_T02,bituminous_macadam_laying,30,27,0,3,10000,0.54,1,0,1,1,on_schedule,0,0,synthetic
PROJ_0340,PROJ_0340_T03,guardrail_installation,25,23,0,5,10000,0.54,1,0,0,2,on_schedule,0,0,synthetic
PROJ_0340,PROJ_0340_T04,site_clearance_and_excavation,20,18,0,0,10000,0.54,1,0,0,3,on_schedule,0,0,synthetic
PROJ_0340,PROJ_0340_T05,bridge_deck_construction,60,54,0,7,10000,0.54,0,0,0,4,on_schedule,0,0,synthetic
PROJ_0341,PROJ_0341_T01,site_clearance_and_excavation,20,28,8,0,10000,0.47,0,0,0,0,equipment_breakdown,1,80000,synthetic
PROJ_0341,PROJ_0341_T02,road_marking_and_signage_installation,15,13,0,0,10000,0.47,1,0,1,1,on_schedule,0,0,synthetic
PROJ_0341,PROJ_0341_T03,bridge_deck_construction,60,55,0,7,10000,0.47,0,0,0,2,on_schedule,0,0,synthetic
PROJ_0341,PROJ_0341_T04,bituminous_macadam_laying,30,29,0,3,10000,0.47,1,0,0,3,on_schedule,0,0,synthetic
PROJ_0341,PROJ_0341_T05,guardrail_installation,25,20,0,5,10000,0.47,0,0,0,4,on_schedule,0,0,synthetic
PROJ_0342,PROJ_0342_T01,road_marking_and_signage_installation,15,14,0,0,10000,0.27,0,0,0,0,on_schedule,0,0,synthetic
PROJ_0342,PROJ_0342_T02,guardrail_installation,25,20,0,5,10000,0.27,0,0,0,1,on_schedule,0,0,synthetic
PROJ_0342,PROJ_0342_T03,bridge_deck_construction,60,49,0,7,10000,0.27,0,0,0,2,on_schedule,0,0,synthetic
PROJ_0343,PROJ_0343_T01,guardrail_installation,25,20,0,5,10000,0.44,1,0,0,0,on_schedule,0,0,synthetic
PROJ_0343,PROJ_0343_T02,bituminous_macadam_laying,30,33,3,3,10000,0.44,1,0,0,1,subcontractor_failure,0,0,synthetic
PROJ_0343,PROJ_0343_T03,bridge_deck_construction,60,52,0,7,10000,0.44,0,0,1,2,on_schedule,0,0,synthetic
PROJ_0343,PROJ_0343_T04,site_clearance_and_excavation,20,16,0,0,10000,0.44,1,0,0,3,on_schedule,0,0,synthetic
PROJ_0343,PROJ_0343_T05,sub_base_course_preparation,45,45,0,0,10000,0.44,0,0,0,4,on_schedule,0,0,synthetic
PROJ_0343,PROJ_0343_T06,road_marking_and_signage_installation,15,16,1,0,10000,0.44,1,0,0,5,land_acquisition,1,10000,synthetic
PROJ_0344,PROJ_0344_T01,sub_base_course_preparation,45,62,17,0,10000,0.47,0,0,0,0,equipment_breakdown,1,170000,synthetic
PROJ_0344,PROJ_0344_T02,bridge_deck_construction,60,54,0,7,10000,0.47,0,0,1,1,on_schedule,0,0,synthetic
PROJ_0344,PROJ_0344_T03,site_clearance_and_excavation,20,27,7,0,10000,0.47,1,0,0,2,equipment_breakdown,1,70000,synthetic
PROJ_0345,PROJ_0345_T01,bridge_deck_construction,60,52,0,7,10000,0.24,0,0,0,0,on_schedule,0,0,synthetic
PROJ_0345,PROJ_0345_T02,road_marking_and_signage_installation,15,12,0,0,10000,0.24,1,0,0,1,on_schedule,0,0,synthetic
PROJ_0345,PROJ_0345_T03,bituminous_macadam_laying,30,27,0,3,10000,0.24,1,0,0,2,on_schedule,0,0,synthetic
PROJ_0345,PROJ_0345_T04,sub_base_course_preparation,45,43,0,0,10000,0.24,1,0,0,3,on_schedule,0,0,synthetic
PROJ_0345,PROJ_0345_T05,guardrail_installation,25,23,0,5,10000,0.24,0,0,0,4,on_schedule,0,0,synthetic
PROJ_0345,PROJ_0345_T06,site_clearance_and_excavation,20,18,0,0,10000,0.24,0,0,0,5,on_schedule,0,0,synthetic
PROJ_0346,PROJ_0346_T01,bituminous_macadam_laying,30,28,0,3,10000,0.42,0,0,0,0,on_schedule,0,0,synthetic
PROJ_0346,PROJ_0346_T02,bridge_deck_construction,60,54,0,7,10000,0.42,0,0,0,1,on_schedule,0,0,synthetic
PROJ_0346,PROJ_0346_T03,guardrail_installation,25,23,0,5,10000,0.42,1,0,0,2,on_schedule,0,0,synthetic
PROJ_0346,PROJ_0346_T04,road_marking_and_signage_installation,15,18,3,0,10000,0.42,0,0,0,3,land_acquisition,1,30000,synthetic
PROJ_0346,PROJ_0346_T05,sub_base_course_preparation,45,40,0,0,10000,0.42,0,0,1,4,on_schedule,0,0,synthetic
PROJ_0346,PROJ_0346_T06,site_clearance_and_excavation,20,16,0,0,10000,0.42,0,0,0,5,on_schedule,0,0,synthetic
PROJ_0347,PROJ_0347_T01,site_clearance_and_excavation,20,16,0,0,10000,0.31,0,0,0,0,on_schedule,0,0,synthetic
PROJ_0347,PROJ_0347_T02,sub_base_course_preparation,45,43,0,0,10000,0.31,0,0,0,1,on_schedule,0,0,synthetic
PROJ_0347,PROJ_0347_T03,guardrail_installation,25,23,0,5,10000,0.31,0,0,0,2,on_schedule,0,0,synthetic
PROJ_0347,PROJ_0347_T04,road_marking_and_signage_installation,15,27,12,0,10000,0.31,1,0,0,3,land_acquisition,1,120000,synthetic
PROJ_0347,PROJ_0347_T05,bridge_deck_construction,60,55,0,7,10000,0.31,1,0,1,4,on_schedule,0,0,synthetic
PROJ_0347,PROJ_0347_T06,bituminous_macadam_laying,30,26,0,3,10000,0.31,1,0,0,5,on_schedule,0,0,synthetic
PROJ_0348,PROJ_0348_T01,bituminous_macadam_laying,30,48,18,3,10000,0.21,0,1,0,0,material_shortage,1,150000,synthetic
PROJ_0348,PROJ_0348_T02,sub_base_course_preparation,45,36,0,0,10000,0.21,0,0,1,1,on_schedule,0,0,synthetic
PROJ_0348,PROJ_0348_T03,guardrail_installation,25,23,0,5,10000,0.21,1,0,0,2,on_schedule,0,0,synthetic
PROJ_0348,PROJ_0348_T04,site_clearance_and_excavation,20,20,0,0,10000,0.21,1,0,0,3,on_schedule,0,0,synthetic
PROJ_0349,PROJ_0349_T01,sub_base_course_preparation,45,46,1,0,10000,0.41,0,0,0,0,labour_dispute,1,10000,synthetic
PROJ_0349,PROJ_0349_T02,guardrail_installation,25,25,0,5,10000,0.41,0,0,1,1,on_schedule,0,0,synthetic
PROJ_0349,PROJ_0349_T03,site_clearance_and_excavation,20,17,0,0,10000,0.41,1,0,0,2,on_schedule,0,0,synthetic
PROJ_0349,PROJ_0349_T04,road_marking_and_signage_installation,15,13,0,0,10000,0.41,1,0,0,3,on_schedule,0,0,synthetic
PROJ_0349,PROJ_0349_T05,bituminous_macadam_laying,30,30,0,3,10000,0.41,0,0,0,4,on_schedule,0,0,synthetic
PROJ_0350,PROJ_0350_T01,site_clearance_and_excavation,20,16,0,0,10000,0.25,0,0,0,0,on_schedule,0,0,synthetic
PROJ_0350,PROJ_0350_T02,road_marking_and_signage_installation,15,15,0,0,10000,0.25,1,0,0,1,on_schedule,0,0,synthetic
PROJ_0350,PROJ_0350_T03,bridge_deck_construction,60,55,0,7,10000,0.25,0,0,0,2,on_schedule,0,0,synthetic
PROJ_0351,PROJ_0351_T01,site_clearance_and_excavation,20,34,14,0,10000,0.25,1,0,0,0,design_change,1,140000,synthetic
PROJ_0351,PROJ_0351_T02,bituminous_macadam_laying,30,28,0,3,10000,0.25,1,0,1,1,on_schedule,0,0,synthetic
PROJ_0351,PROJ_0351_T03,guardrail_installation,25,38,13,5,10000,0.25,1,0,0,2,subcontractor_failure,1,80000,synthetic
PROJ_0351,PROJ_0351_T04,sub_base_course_preparation,45,49,4,0,10000,0.25,1,1,1,3,material_shortage,1,40000,synthetic
PROJ_0352,PROJ_0352_T01,guardrail_installation,25,25,0,5,10000,0.38,1,0,0,0,on_schedule,0,0,synthetic
PROJ_0352,PROJ_0352_T02,site_clearance_and_excavation,20,19,0,0,10000,0.38,0,0,0,1,on_schedule,0,0,synthetic
PROJ_0352,PROJ_0352_T03,sub_base_course_preparation,45,58,13,0,10000,0.38,1,0,0,2,subcontractor_failure,1,130000,synthetic
PROJ_0352,PROJ_0352_T04,bituminous_macadam_laying,30,28,0,3,10000,0.38,0,0,1,3,on_schedule,0,0,synthetic
PROJ_0352,PROJ_0352_T05,road_marking_and_signage_installation,15,14,0,0,10000,0.38,1,0,0,4,on_schedule,0,0,synthetic
PROJ_0353,PROJ_0353_T01,bridge_deck_construction,60,53,0,7,10000,0.54,1,0,0,0,on_schedule,0,0,synthetic
PROJ_0353,PROJ_0353_T02,site_clearance_and_excavation,20,17,0,0,10000,0.54,0,0,0,1,on_schedule,0,0,synthetic
PROJ_0353,PROJ_0353_T03,sub_base_course_preparation,45,51,6,0,10000,0.54,0,0,0,2,subcontractor_failure,1,60000,synthetic
PROJ_0353,PROJ_0353_T04,guardrail_installation,25,31,6,5,10000,0.54,0,0,1,3,subcontractor_failure,1,10000,synthetic
PROJ_0354,PROJ_0354_T01,site_clearance_and_excavation,20,18,0,0,10000,0.57,1,0,0,0,on_schedule,0,0,synthetic
PROJ_0354,PROJ_0354_T02,guardrail_installation,25,21,0,5,10000,0.57,0,0,0,1,on_schedule,0,0,synthetic
PROJ_0354,PROJ_0354_T03,road_marking_and_signage_installation,15,14,0,0,10000,0.57,1,0,0,2,on_schedule,0,0,synthetic
PROJ_0354,PROJ_0354_T04,bituminous_macadam_laying,30,38,8,3,10000,0.57,0,0,0,3,rain_monsoon,1,50000,synthetic
PROJ_0354,PROJ_0354_T05,sub_base_course_preparation,45,41,0,0,10000,0.57,1,0,1,4,on_schedule,0,0,synthetic
PROJ_0354,PROJ_0354_T06,bridge_deck_construction,60,60,0,7,10000,0.57,1,0,0,5,on_schedule,0,0,synthetic
PROJ_0355,PROJ_0355_T01,sub_base_course_preparation,45,74,29,0,10000,0.53,0,0,0,0,subcontractor_failure,1,290000,synthetic
PROJ_0355,PROJ_0355_T02,bridge_deck_construction,60,60,0,7,10000,0.53,0,0,1,1,on_schedule,0,0,synthetic
PROJ_0355,PROJ_0355_T03,bituminous_macadam_laying,30,24,0,3,10000,0.53,0,0,0,2,on_schedule,0,0,synthetic
PROJ_0355,PROJ_0355_T04,guardrail_installation,25,29,4,5,10000,0.53,1,0,0,3,labour_dispute,0,0,synthetic
PROJ_0356,PROJ_0356_T01,bridge_deck_construction,60,50,0,7,10000,0.46,1,0,0,0,on_schedule,0,0,synthetic
PROJ_0356,PROJ_0356_T02,site_clearance_and_excavation,20,17,0,0,10000,0.46,0,0,0,1,on_schedule,0,0,synthetic
PROJ_0356,PROJ_0356_T03,sub_base_course_preparation,45,43,0,0,10000,0.46,1,0,0,2,on_schedule,0,0,synthetic
PROJ_0356,PROJ_0356_T04,guardrail_installation,25,20,0,5,10000,0.46,0,0,0,3,on_schedule,0,0,synthetic
PROJ_0357,PROJ_0357_T01,sub_base_course_preparation,45,39,0,0,10000,0.27,0,0,0,0,on_schedule,0,0,synthetic
PROJ_0357,PROJ_0357_T02,road_marking_and_signage_installation,15,15,0,0,10000,0.27,0,0,0,1,on_schedule,0,0,synthetic
PROJ_0357,PROJ_0357_T03,bituminous_macadam_laying,30,44,14,3,10000,0.27,1,0,0,2,design_change,1,110000,synthetic
PROJ_0357,PROJ_0357_T04,bridge_deck_construction,60,56,0,7,10000,0.27,1,0,1,3,on_schedule,0,0,synthetic
PROJ_0357,PROJ_0357_T05,guardrail_installation,25,23,0,5,10000,0.27,0,0,0,4,on_schedule,0,0,synthetic
PROJ_0357,PROJ_0357_T06,site_clearance_and_excavation,20,20,0,0,10000,0.27,0,0,0,5,on_schedule,0,0,synthetic
PROJ_0358,PROJ_0358_T01,site_clearance_and_excavation,20,22,2,0,10000,0.27,0,0,0,0,equipment_breakdown,1,20000,synthetic
PROJ_0358,PROJ_0358_T02,road_marking_and_signage_installation,15,14,0,0,10000,0.27,1,0,1,1,on_schedule,0,0,synthetic
PROJ_0358,PROJ_0358_T03,bridge_deck_construction,60,58,0,7,10000,0.27,1,0,0,2,on_schedule,0,0,synthetic
PROJ_0359,PROJ_0359_T01,bituminous_macadam_laying,30,25,0,3,10000,0.55,1,0,0,0,on_schedule,0,0,synthetic
PROJ_0359,PROJ_0359_T02,guardrail_installation,25,25,0,5,10000,0.55,1,0,0,1,on_schedule,0,0,synthetic
PROJ_0359,PROJ_0359_T03,road_marking_and_signage_installation,15,14,0,0,10000,0.55,0,0,0,2,on_schedule,0,0,synthetic
PROJ_0359,PROJ_0359_T04,sub_base_course_preparation,45,67,22,0,10000,0.55,0,0,0,3,design_change,1,220000,synthetic
PROJ_0359,PROJ_0359_T05,site_clearance_and_excavation,20,20,0,0,10000,0.55,1,0,1,4,on_schedule,0,0,synthetic
PROJ_0360,PROJ_0360_T01,sub_base_course_preparation,45,47,2,0,10000,0.15,0,0,0,0,land_acquisition,1,20000,synthetic
PROJ_0360,PROJ_0360_T02,guardrail_installation,25,22,0,5,10000,0.15,1,0,1,1,on_schedule,0,0,synthetic
PROJ_0360,PROJ_0360_T03,bridge_deck_construction,60,49,0,7,10000,0.15,0,0,0,2,on_schedule,0,0,synthetic
PROJ_0360,PROJ_0360_T04,site_clearance_and_excavation,20,18,0,0,10000,0.15,1,0,0,3,on_schedule,0,0,synthetic
PROJ_0361,PROJ_0361_T01,bridge_deck_construction,60,59,0,7,10000,0.12,0,0,0,0,on_schedule,0,0,synthetic
PROJ_0361,PROJ_0361_T02,bituminous_macadam_laying,30,25,0,3,10000,0.12,0,0,0,1,on_schedule,0,0,synthetic
PROJ_0361,PROJ_0361_T03,site_clearance_and_excavation,20,18,0,0,10000,0.12,0,0,0,2,on_schedule,0,0,synthetic
PROJ_0362,PROJ_0362_T01,road_marking_and_signage_installation,15,13,0,0,10000,0.36,1,0,0,0,on_schedule,0,0,synthetic
PROJ_0362,PROJ_0362_T02,bituminous_macadam_laying,30,24,0,3,10000,0.36,0,0,0,1,on_schedule,0,0,synthetic
PROJ_0362,PROJ_0362_T03,guardrail_installation,25,30,5,5,10000,0.36,0,0,0,2,subcontractor_failure,0,0,synthetic
PROJ_0362,PROJ_0362_T04,site_clearance_and_excavation,20,18,0,0,10000,0.36,1,0,1,3,on_schedule,0,0,synthetic
PROJ_0362,PROJ_0362_T05,sub_base_course_preparation,45,44,0,0,10000,0.36,1,0,0,4,on_schedule,0,0,synthetic
PROJ_0362,PROJ_0362_T06,bridge_deck_construction,60,57,0,7,10000,0.36,1,0,0,5,on_schedule,0,0,synthetic
PROJ_0363,PROJ_0363_T01,bridge_deck_construction,60,55,0,7,10000,0.6,0,0,0,0,on_schedule,0,0,synthetic
PROJ_0363,PROJ_0363_T02,site_clearance_and_excavation,20,20,0,0,10000,0.6,0,0,0,1,on_schedule,0,0,synthetic
PROJ_0363,PROJ_0363_T03,sub_base_course_preparation,45,43,0,0,10000,0.6,1,0,0,2,on_schedule,0,0,synthetic
PROJ_0363,PROJ_0363_T04,bituminous_macadam_laying,30,36,6,3,10000,0.6,0,0,0,3,utility_shifting,1,30000,synthetic
PROJ_0363,PROJ_0363_T05,guardrail_installation,25,23,0,5,10000,0.6,0,0,1,4,on_schedule,0,0,synthetic
PROJ_0363,PROJ_0363_T06,road_marking_and_signage_installation,15,25,10,0,10000,0.6,0,0,0,5,land_acquisition,1,100000,synthetic
PROJ_0364,PROJ_0364_T01,guardrail_installation,25,21,0,5,10000,0.16,0,0,0,0,on_schedule,0,0,synthetic
PROJ_0364,PROJ_0364_T02,bridge_deck_construction,60,54,0,7,10000,0.16,0,0,0,1,on_schedule,0,0,synthetic
PROJ_0364,PROJ_0364_T03,sub_base_course_preparation,45,40,0,0,10000,0.16,1,0,0,2,on_schedule,0,0,synthetic
PROJ_0364,PROJ_0364_T04,road_marking_and_signage_installation,15,29,14,0,10000,0.16,0,0,0,3,subcontractor_failure,1,140000,synthetic
PROJ_0365,PROJ_0365_T01,bituminous_macadam_laying,30,26,0,3,10000,0.37,1,0,0,0,on_schedule,0,0,synthetic
PROJ_0365,PROJ_0365_T02,bridge_deck_construction,60,60,0,7,10000,0.37,1,0,0,1,on_schedule,0,0,synthetic
PROJ_0365,PROJ_0365_T03,site_clearance_and_excavation,20,20,0,0,10000,0.37,0,0,0,2,on_schedule,0,0,synthetic
PROJ_0366,PROJ_0366_T01,site_clearance_and_excavation,20,18,0,0,10000,0.35,0,0,0,0,on_schedule,0,0,synthetic
PROJ_0366,PROJ_0366_T02,bridge_deck_construction,60,58,0,7,10000,0.35,1,0,0,1,on_schedule,0,0,synthetic
PROJ_0366,PROJ_0366_T03,sub_base_course_preparation,45,42,0,0,10000,0.35,1,0,0,2,on_schedule,0,0,synthetic
PROJ_0366,PROJ_0366_T04,bituminous_macadam_laying,30,29,0,3,10000,0.35,1,0,0,3,on_schedule,0,0,synthetic
PROJ_0367,PROJ_0367_T01,road_marking_and_signage_installation,15,12,0,0,10000,0.42,0,0,0,0,on_schedule,0,0,synthetic
PROJ_0367,PROJ_0367_T02,bituminous_macadam_laying,30,28,0,3,10000,0.42,0,0,0,1,on_schedule,0,0,synthetic
PROJ_0367,PROJ_0367_T03,guardrail_installation,25,24,0,5,10000,0.42,0,0,0,2,on_schedule,0,0,synthetic
PROJ_0367,PROJ_0367_T04,site_clearance_and_excavation,20,20,0,0,10000,0.42,0,0,0,3,on_schedule,0,0,synthetic
PROJ_0367,PROJ_0367_T05,sub_base_course_preparation,45,57,12,0,10000,0.42,1,1,0,4,material_shortage,1,120000,synthetic
PROJ_0368,PROJ_0368_T01,bridge_deck_construction,60,57,0,7,10000,0.22,1,0,0,0,on_schedule,0,0,synthetic
PROJ_0368,PROJ_0368_T02,sub_base_course_preparation,45,36,0,0,10000,0.22,1,0,0,1,on_schedule,0,0,synthetic
PROJ_0368,PROJ_0368_T03,site_clearance_and_excavation,20,16,0,0,10000,0.22,1,0,0,2,on_schedule,0,0,synthetic
PROJ_0368,PROJ_0368_T04,bituminous_macadam_laying,30,27,0,3,10000,0.22,0,0,0,3,on_schedule,0,0,synthetic
PROJ_0369,PROJ_0369_T01,bituminous_macadam_laying,30,25,0,3,10000,0.29,1,0,0,0,on_schedule,0,0,synthetic
PROJ_0369,PROJ_0369_T02,bridge_deck_construction,60,50,0,7,10000,0.29,1,0,0,1,on_schedule,0,0,synthetic
PROJ_0369,PROJ_0369_T03,sub_base_course_preparation,45,38,0,0,10000,0.29,0,0,0,2,on_schedule,0,0,synthetic
PROJ_0369,PROJ_0369_T04,guardrail_installation,25,22,0,5,10000,0.29,0,0,0,3,on_schedule,0,0,synthetic
PROJ_0369,PROJ_0369_T05,site_clearance_and_excavation,20,22,2,0,10000,0.29,1,0,0,4,land_acquisition,1,20000,synthetic
PROJ_0370,PROJ_0370_T01,site_clearance_and_excavation,20,16,0,0,10000,0.26,0,0,0,0,on_schedule,0,0,synthetic
PROJ_0370,PROJ_0370_T02,guardrail_installation,25,45,20,5,10000,0.26,1,0,0,1,labour_dispute,1,150000,synthetic
PROJ_0370,PROJ_0370_T03,sub_base_course_preparation,45,44,0,0,10000,0.26,1,0,1,2,on_schedule,0,0,synthetic
PROJ_0371,PROJ_0371_T01,guardrail_installation,25,26,1,5,10000,0.23,0,0,0,0,design_change,0,0,synthetic
PROJ_0371,PROJ_0371_T02,site_clearance_and_excavation,20,16,0,0,10000,0.23,1,0,1,1,on_schedule,0,0,synthetic
PROJ_0371,PROJ_0371_T03,sub_base_course_preparation,45,45,0,0,10000,0.23,0,0,0,2,on_schedule,0,0,synthetic
PROJ_0372,PROJ_0372_T01,bridge_deck_construction,60,49,0,7,10000,0.48,0,0,0,0,on_schedule,0,0,synthetic
PROJ_0372,PROJ_0372_T02,road_marking_and_signage_installation,15,13,0,0,10000,0.48,1,0,0,1,on_schedule,0,0,synthetic
PROJ_0372,PROJ_0372_T03,guardrail_installation,25,21,0,5,10000,0.48,0,0,0,2,on_schedule,0,0,synthetic
PROJ_0372,PROJ_0372_T04,site_clearance_and_excavation,20,19,0,0,10000,0.48,1,0,0,3,on_schedule,0,0,synthetic
PROJ_0373,PROJ_0373_T01,site_clearance_and_excavation,20,17,0,0,10000,0.1,0,0,0,0,on_schedule,0,0,synthetic
PROJ_0373,PROJ_0373_T02,sub_base_course_preparation,45,76,31,0,10000,0.1,1,0,0,1,land_acquisition,1,310000,synthetic
PROJ_0373,PROJ_0373_T03,guardrail_installation,25,23,0,5,10000,0.1,1,0,1,2,on_schedule,0,0,synthetic
PROJ_0374,PROJ_0374_T01,sub_base_course_preparation,45,45,0,0,10000,0.39,0,0,0,0,on_schedule,0,0,synthetic
PROJ_0374,PROJ_0374_T02,guardrail_installation,25,23,0,5,10000,0.39,0,0,0,1,on_schedule,0,0,synthetic
PROJ_0374,PROJ_0374_T03,bituminous_macadam_laying,30,29,0,3,10000,0.39,1,0,0,2,on_schedule,0,0,synthetic
PROJ_0374,PROJ_0374_T04,site_clearance_and_excavation,20,17,0,0,10000,0.39,1,0,0,3,on_schedule,0,0,synthetic
PROJ_0375,PROJ_0375_T01,bridge_deck_construction,60,55,0,7,10000,0.42,1,0,0,0,on_schedule,0,0,synthetic
PROJ_0375,PROJ_0375_T02,site_clearance_and_excavation,20,25,5,0,10000,0.42,1,1,0,1,material_shortage,1,50000,synthetic
PROJ_0375,PROJ_0375_T03,guardrail_installation,25,26,1,5,10000,0.42,1,0,1,2,equipment_breakdown,0,0,synthetic
PROJ_0375,PROJ_0375_T04,bituminous_macadam_laying,30,29,0,3,10000,0.42,1,0,1,3,on_schedule,0,0,synthetic
PROJ_0375,PROJ_0375_T05,road_marking_and_signage_installation,15,12,0,0,10000,0.42,0,0,0,4,on_schedule,0,0,synthetic
PROJ_0376,PROJ_0376_T01,bridge_deck_construction,60,54,0,7,10000,0.55,1,0,0,0,on_schedule,0,0,synthetic
PROJ_0376,PROJ_0376_T02,site_clearance_and_excavation,20,16,0,0,10000,0.55,0,0,0,1,on_schedule,0,0,synthetic
PROJ_0376,PROJ_0376_T03,bituminous_macadam_laying,30,25,0,3,10000,0.55,1,0,0,2,on_schedule,0,0,synthetic
PROJ_0377,PROJ_0377_T01,bituminous_macadam_laying,30,50,20,3,10000,0.21,0,0,0,0,land_acquisition,1,170000,synthetic
PROJ_0377,PROJ_0377_T02,guardrail_installation,25,23,0,5,10000,0.21,1,0,1,1,on_schedule,0,0,synthetic
PROJ_0377,PROJ_0377_T03,sub_base_course_preparation,45,77,32,0,10000,0.21,0,0,0,2,labour_dispute,1,320000,synthetic
PROJ_0378,PROJ_0378_T01,bridge_deck_construction,60,55,0,7,10000,0.59,0,0,0,0,on_schedule,0,0,synthetic
PROJ_0378,PROJ_0378_T02,site_clearance_and_excavation,20,20,0,0,10000,0.59,0,0,0,1,on_schedule,0,0,synthetic
PROJ_0378,PROJ_0378_T03,bituminous_macadam_laying,30,35,5,3,10000,0.59,0,0,0,2,rain_monsoon,1,20000,synthetic
PROJ_0378,PROJ_0378_T04,road_marking_and_signage_installation,15,25,10,0,10000,0.59,1,0,1,3,labour_dispute,1,100000,synthetic
PROJ_0379,PROJ_0379_T01,bituminous_macadam_laying,30,27,0,3,10000,0.52,0,0,0,0,on_schedule,0,0,synthetic
PROJ_0379,PROJ_0379_T02,sub_base_course_preparation,45,36,0,0,10000,0.52,1,0,0,1,on_schedule,0,0,synthetic
PROJ_0379,PROJ_0379_T03,guardrail_installation,25,23,0,5,10000,0.52,1,0,0,2,on_schedule,0,0,synthetic
PROJ_0379,PROJ_0379_T04,site_clearance_and_excavation,20,37,17,0,10000,0.52,1,0,0,3,subcontractor_failure,1,170000,synthetic
PROJ_0380,PROJ_0380_T01,bituminous_macadam_laying,30,26,0,3,10000,0.36,0,0,0,0,on_schedule,0,0,synthetic
PROJ_0380,PROJ_0380_T02,road_marking_and_signage_installation,15,14,0,0,10000,0.36,0,0,0,1,on_schedule,0,0,synthetic
PROJ_0380,PROJ_0380_T03,bridge_deck_construction,60,60,0,7,10000,0.36,0,0,0,2,on_schedule,0,0,synthetic
PROJ_0380,PROJ_0380_T04,sub_base_course_preparation,45,39,0,0,10000,0.36,1,0,0,3,on_schedule,0,0,synthetic
PROJ_0380,PROJ_0380_T05,guardrail_installation,25,21,0,5,10000,0.36,0,0,0,4,on_schedule,0,0,synthetic
PROJ_0381,PROJ_0381_T01,bituminous_macadam_laying,30,24,0,3,10000,0.26,1,0,0,0,on_schedule,0,0,synthetic
PROJ_0381,PROJ_0381_T02,bridge_deck_construction,60,51,0,7,10000,0.26,0,0,0,1,on_schedule,0,0,synthetic
PROJ_0381,PROJ_0381_T03,sub_base_course_preparation,45,41,0,0,10000,0.26,0,0,0,2,on_schedule,0,0,synthetic
PROJ_0381,PROJ_0381_T04,road_marking_and_signage_installation,15,13,0,0,10000,0.26,0,0,0,3,on_schedule,0,0,synthetic
PROJ_0382,PROJ_0382_T01,bridge_deck_construction,60,59,0,7,10000,0.48,0,0,0,0,on_schedule,0,0,synthetic
PROJ_0382,PROJ_0382_T02,site_clearance_and_excavation,20,16,0,0,10000,0.48,1,0,0,1,on_schedule,0,0,synthetic
PROJ_0382,PROJ_0382_T03,bituminous_macadam_laying,30,50,20,3,10000,0.48,0,0,0,2,design_change,1,170000,synthetic
PROJ_0382,PROJ_0382_T04,sub_base_course_preparation,45,49,4,0,10000,0.48,1,1,1,3,material_shortage,1,40000,synthetic
PROJ_0382,PROJ_0382_T05,guardrail_installation,25,23,0,5,10000,0.48,0,0,1,4,on_schedule,0,0,synthetic
PROJ_0382,PROJ_0382_T06,road_marking_and_signage_installation,15,15,0,0,10000,0.48,0,0,0,5,on_schedule,0,0,synthetic
PROJ_0383,PROJ_0383_T01,site_clearance_and_excavation,20,16,0,0,10000,0.33,1,0,0,0,on_schedule,0,0,synthetic
PROJ_0383,PROJ_0383_T02,bridge_deck_construction,60,57,0,7,10000,0.33,0,0,0,1,on_schedule,0,0,synthetic
PROJ_0383,PROJ_0383_T03,bituminous_macadam_laying,30,31,1,3,10000,0.33,0,0,0,2,rain_monsoon,0,0,synthetic
PROJ_0384,PROJ_0384_T01,guardrail_installation,25,23,0,5,10000,0.42,0,0,0,0,on_schedule,0,0,synthetic
PROJ_0384,PROJ_0384_T02,bridge_deck_construction,60,63,3,7,10000,0.42,0,1,0,1,material_shortage,0,0,synthetic
PROJ_0384,PROJ_0384_T03,site_clearance_and_excavation,20,19,0,0,10000,0.42,1,0,1,2,on_schedule,0,0,synthetic
PROJ_0384,PROJ_0384_T04,road_marking_and_signage_installation,15,13,0,0,10000,0.42,0,0,0,3,on_schedule,0,0,synthetic
PROJ_0385,PROJ_0385_T01,guardrail_installation,25,24,0,5,10000,0.25,0,0,0,0,on_schedule,0,0,synthetic
PROJ_0385,PROJ_0385_T02,bridge_deck_construction,60,51,0,7,10000,0.25,0,0,0,1,on_schedule,0,0,synthetic
PROJ_0385,PROJ_0385_T03,sub_base_course_preparation,45,39,0,0,10000,0.25,0,0,0,2,on_schedule,0,0,synthetic
PROJ_0385,PROJ_0385_T04,bituminous_macadam_laying,30,29,0,3,10000,0.25,1,0,0,3,on_schedule,0,0,synthetic
PROJ_0385,PROJ_0385_T05,site_clearance_and_excavation,20,19,0,0,10000,0.25,1,0,0,4,on_schedule,0,0,synthetic
PROJ_0385,PROJ_0385_T06,road_marking_and_signage_installation,15,14,0,0,10000,0.25,1,0,0,5,on_schedule,0,0,synthetic
PROJ_0386,PROJ_0386_T01,bituminous_macadam_laying,30,29,0,3,10000,0.26,0,0,0,0,on_schedule,0,0,synthetic
PROJ_0386,PROJ_0386_T02,site_clearance_and_excavation,20,17,0,0,10000,0.26,0,0,0,1,on_schedule,0,0,synthetic
PROJ_0386,PROJ_0386_T03,bridge_deck_construction,60,60,0,7,10000,0.26,1,0,0,2,on_schedule,0,0,synthetic
PROJ_0386,PROJ_0386_T04,road_marking_and_signage_installation,15,15,0,0,10000,0.26,0,0,0,3,on_schedule,0,0,synthetic
PROJ_0386,PROJ_0386_T05,sub_base_course_preparation,45,36,0,0,10000,0.26,1,0,0,4,on_schedule,0,0,synthetic
PROJ_0386,PROJ_0386_T06,guardrail_installation,25,37,12,5,10000,0.26,0,1,0,5,material_shortage,1,70000,synthetic
PROJ_0387,PROJ_0387_T01,road_marking_and_signage_installation,15,13,0,0,10000,0.25,0,0,0,0,on_schedule,0,0,synthetic
PROJ_0387,PROJ_0387_T02,sub_base_course_preparation,45,39,0,0,10000,0.25,1,0,0,1,on_schedule,0,0,synthetic
PROJ_0387,PROJ_0387_T03,guardrail_installation,25,22,0,5,10000,0.25,0,0,0,2,on_schedule,0,0,synthetic
PROJ_0387,PROJ_0387_T04,bituminous_macadam_laying,30,31,1,3,10000,0.25,1,0,0,3,equipment_breakdown,0,0,synthetic
PROJ_0388,PROJ_0388_T01,bridge_deck_construction,60,49,0,7,10000,0.11,1,0,0,0,on_schedule,0,0,synthetic
PROJ_0388,PROJ_0388_T02,road_marking_and_signage_installation,15,14,0,0,10000,0.11,1,0,0,1,on_schedule,0,0,synthetic
PROJ_0388,PROJ_0388_T03,site_clearance_and_excavation,20,18,0,0,10000,0.11,0,0,0,2,on_schedule,0,0,synthetic
PROJ_0389,PROJ_0389_T01,bituminous_macadam_laying,30,29,0,3,10000,0.54,1,0,0,0,on_schedule,0,0,synthetic
PROJ_0389,PROJ_0389_T02,bridge_deck_construction,60,54,0,7,10000,0.54,0,0,0,1,on_schedule,0,0,synthetic
PROJ_0389,PROJ_0389_T03,road_marking_and_signage_installation,15,13,0,0,10000,0.54,1,0,0,2,on_schedule,0,0,synthetic
PROJ_0389,PROJ_0389_T04,sub_base_course_preparation,45,41,0,0,10000,0.54,0,0,0,3,on_schedule,0,0,synthetic
PROJ_0389,PROJ_0389_T05,guardrail_installation,25,34,9,5,10000,0.54,1,0,0,4,equipment_breakdown,1,40000,synthetic
PROJ_0389,PROJ_0389_T06,site_clearance_and_excavation,20,23,3,0,10000,0.54,0,0,1,5,subcontractor_failure,1,30000,synthetic
PROJ_0390,PROJ_0390_T01,bridge_deck_construction,60,50,0,7,10000,0.35,1,0,0,0,on_schedule,0,0,synthetic
PROJ_0390,PROJ_0390_T02,sub_base_course_preparation,45,44,0,0,10000,0.35,1,0,0,1,on_schedule,0,0,synthetic
PROJ_0390,PROJ_0390_T03,guardrail_installation,25,23,0,5,10000,0.35,1,0,0,2,on_schedule,0,0,synthetic
PROJ_0390,PROJ_0390_T04,road_marking_and_signage_installation,15,22,7,0,10000,0.35,0,1,0,3,material_shortage,1,70000,synthetic
PROJ_0391,PROJ_0391_T01,site_clearance_and_excavation,20,19,0,0,10000,0.55,0,0,0,0,on_schedule,0,0,synthetic
PROJ_0391,PROJ_0391_T02,road_marking_and_signage_installation,15,14,0,0,10000,0.55,1,0,0,1,on_schedule,0,0,synthetic
PROJ_0391,PROJ_0391_T03,bridge_deck_construction,60,50,0,7,10000,0.55,0,0,0,2,on_schedule,0,0,synthetic
PROJ_0391,PROJ_0391_T04,bituminous_macadam_laying,30,47,17,3,10000,0.55,0,0,0,3,utility_shifting,1,140000,synthetic
PROJ_0392,PROJ_0392_T01,sub_base_course_preparation,45,42,0,0,10000,0.33,1,0,0,0,on_schedule,0,0,synthetic
PROJ_0392,PROJ_0392_T02,guardrail_installation,25,23,0,5,10000,0.33,1,0,0,1,on_schedule,0,0,synthetic
PROJ_0392,PROJ_0392_T03,site_clearance_and_excavation,20,21,1,0,10000,0.33,1,0,0,2,equipment_breakdown,1,10000,synthetic
PROJ_0393,PROJ_0393_T01,bituminous_macadam_laying,30,28,0,3,10000,0.23,0,0,0,0,on_schedule,0,0,synthetic
PROJ_0393,PROJ_0393_T02,guardrail_installation,25,21,0,5,10000,0.23,0,0,0,1,on_schedule,0,0,synthetic
PROJ_0393,PROJ_0393_T03,bridge_deck_construction,60,84,24,7,10000,0.23,0,1,0,2,material_shortage,1,170000,synthetic
PROJ_0393,PROJ_0393_T04,road_marking_and_signage_installation,15,14,0,0,10000,0.23,1,0,1,3,on_schedule,0,0,synthetic
PROJ_0394,PROJ_0394_T01,bridge_deck_construction,60,60,0,7,10000,0.47,1,0,0,0,on_schedule,0,0,synthetic
PROJ_0394,PROJ_0394_T02,guardrail_installation,25,35,10,5,10000,0.47,1,0,0,1,land_acquisition,1,50000,synthetic
PROJ_0394,PROJ_0394_T03,road_marking_and_signage_installation,15,15,0,0,10000,0.47,1,0,1,2,on_schedule,0,0,synthetic
PROJ_0394,PROJ_0394_T04,sub_base_course_preparation,45,36,0,0,10000,0.47,1,0,0,3,on_schedule,0,0,synthetic
PROJ_0394,PROJ_0394_T05,bituminous_macadam_laying,30,30,0,3,10000,0.47,0,0,0,4,on_schedule,0,0,synthetic
PROJ_0395,PROJ_0395_T01,bridge_deck_construction,60,49,0,7,10000,0.21,1,0,0,0,on_schedule,0,0,synthetic
PROJ_0395,PROJ_0395_T02,road_marking_and_signage_installation,15,15,0,0,10000,0.21,1,0,0,1,on_schedule,0,0,synthetic
PROJ_0395,PROJ_0395_T03,site_clearance_and_excavation,20,35,15,0,10000,0.21,1,1,0,2,material_shortage,1,150000,synthetic
PROJ_0395,PROJ_0395_T04,bituminous_macadam_laying,30,35,5,3,10000,0.21,0,0,1,3,land_acquisition,1,20000,synthetic
PROJ_0395,PROJ_0395_T05,sub_base_course_preparation,45,41,0,0,10000,0.21,1,0,1,4,on_schedule,0,0,synthetic
PROJ_0395,PROJ_0395_T06,guardrail_installation,25,39,14,5,10000,0.21,1,0,0,5,design_change,1,90000,synthetic
PROJ_0396,PROJ_0396_T01,sub_base_course_preparation,45,45,0,0,10000,0.39,1,0,0,0,on_schedule,0,0,synthetic
PROJ_0396,PROJ_0396_T02,bituminous_macadam_laying,30,25,0,3,10000,0.39,1,0,0,1,on_schedule,0,0,synthetic
PROJ_0396,PROJ_0396_T03,road_marking_and_signage_installation,15,22,7,0,10000,0.39,1,0,0,2,labour_dispute,1,70000,synthetic
PROJ_0396,PROJ_0396_T04,bridge_deck_construction,60,97,37,7,10000,0.39,1,0,1,3,subcontractor_failure,1,300000,synthetic
PROJ_0396,PROJ_0396_T05,site_clearance_and_excavation,20,24,4,0,10000,0.39,0,0,1,4,equipment_breakdown,1,40000,synthetic
PROJ_0397,PROJ_0397_T01,road_marking_and_signage_installation,15,12,0,0,10000,0.11,1,0,0,0,on_schedule,0,0,synthetic
PROJ_0397,PROJ_0397_T02,bituminous_macadam_laying,30,47,17,3,10000,0.11,0,1,0,1,material_shortage,1,140000,synthetic
PROJ_0397,PROJ_0397_T03,site_clearance_and_excavation,20,19,0,0,10000,0.11,1,0,1,2,on_schedule,0,0,synthetic
PROJ_0397,PROJ_0397_T04,bridge_deck_construction,60,68,8,7,10000,0.11,1,0,0,3,equipment_breakdown,1,10000,synthetic
PROJ_0397,PROJ_0397_T05,sub_base_course_preparation,45,37,0,0,10000,0.11,1,0,1,4,on_schedule,0,0,synthetic
PROJ_0397,PROJ_0397_T06,guardrail_installation,25,21,0,5,10000,0.11,0,0,0,5,on_schedule,0,0,synthetic
PROJ_0398,PROJ_0398_T01,bridge_deck_construction,60,52,0,7,10000,0.25,0,0,0,0,on_schedule,0,0,synthetic
PROJ_0398,PROJ_0398_T02,site_clearance_and_excavation,20,19,0,0,10000,0.25,1,0,0,1,on_schedule,0,0,synthetic
PROJ_0398,PROJ_0398_T03,road_marking_and_signage_installation,15,18,3,0,10000,0.25,0,0,0,2,subcontractor_failure,1,30000,synthetic
PROJ_0398,PROJ_0398_T04,guardrail_installation,25,24,0,5,10000,0.25,0,0,1,3,on_schedule,0,0,synthetic
PROJ_0399,PROJ_0399_T01,site_clearance_and_excavation,20,18,0,0,10000,0.56,1,0,0,0,on_schedule,0,0,synthetic
PROJ_0399,PROJ_0399_T02,bridge_deck_construction,60,59,0,7,10000,0.56,1,0,0,1,on_schedule,0,0,synthetic
PROJ_0399,PROJ_0399_T03,sub_base_course_preparation,45,38,0,0,10000,0.56,1,0,0,2,on_schedule,0,0,synthetic
PROJ_0399,PROJ_0399_T04,guardrail_installation,25,45,20,5,10000,0.56,1,0,0,3,design_change,1,150000,synthetic
PROJ_0399,PROJ_0399_T05,bituminous_macadam_laying,30,29,0,3,10000,0.56,0,0,1,4,on_schedule,0,0,synthetic
PROJ_0400,PROJ_0400_T01,bituminous_macadam_laying,30,29,0,3,10000,0.3,1,0,0,0,on_schedule,0,0,synthetic
PROJ_0400,PROJ_0400_T02,road_marking_and_signage_installation,15,12,0,0,10000,0.3,0,0,0,1,on_schedule,0,0,synthetic
PROJ_0400,PROJ_0400_T03,sub_base_course_preparation,45,42,0,0,10000,0.3,0,0,0,2,on_schedule,0,0,synthetic
PROJ_0401,PROJ_0401_T01,bituminous_macadam_laying,30,37,7,3,10000,0.14,1,1,0,0,material_shortage,1,40000,synthetic
PROJ_0401,PROJ_0401_T02,sub_base_course_preparation,45,75,30,0,10000,0.14,1,0,1,1,design_change,1,300000,synthetic
PROJ_0401,PROJ_0401_T03,guardrail_installation,25,21,0,5,10000,0.14,1,0,1,2,on_schedule,0,0,synthetic
PROJ_0401,PROJ_0401_T04,road_marking_and_signage_installation,15,20,5,0,10000,0.14,0,0,0,3,rain_monsoon,1,50000,synthetic
PROJ_0401,PROJ_0401_T05,site_clearance_and_excavation,20,19,0,0,10000,0.14,1,0,1,4,on_schedule,0,0,synthetic
PROJ_0402,PROJ_0402_T01,sub_base_course_preparation,45,38,0,0,10000,0.13,0,0,0,0,on_schedule,0,0,synthetic
PROJ_0402,PROJ_0402_T02,road_marking_and_signage_installation,15,13,0,0,10000,0.13,1,0,0,1,on_schedule,0,0,synthetic
PROJ_0402,PROJ_0402_T03,site_clearance_and_excavation,20,33,13,0,10000,0.13,0,0,0,2,equipment_breakdown,1,130000,synthetic
PROJ_0402,PROJ_0402_T04,bituminous_macadam_laying,30,24,0,3,10000,0.13,1,0,1,3,on_schedule,0,0,synthetic
PROJ_0402,PROJ_0402_T05,bridge_deck_construction,60,83,23,7,10000,0.13,0,0,0,4,equipment_breakdown,1,160000,synthetic
PROJ_0402,PROJ_0402_T06,guardrail_installation,25,25,0,5,10000,0.13,0,0,1,5,on_schedule,0,0,synthetic
PROJ_0403,PROJ_0403_T01,bridge_deck_construction,60,61,1,7,10000,0.45,1,1,0,0,material_shortage,0,0,synthetic
PROJ_0403,PROJ_0403_T02,sub_base_course_preparation,45,39,0,0,10000,0.45,1,0,1,1,on_schedule,0,0,synthetic
PROJ_0403,PROJ_0403_T03,bituminous_macadam_laying,30,25,0,3,10000,0.45,0,0,0,2,on_schedule,0,0,synthetic
PROJ_0403,PROJ_0403_T04,road_marking_and_signage_installation,15,16,1,0,10000,0.45,1,1,0,3,material_shortage,1,10000,synthetic
PROJ_0403,PROJ_0403_T05,guardrail_installation,25,25,0,5,10000,0.45,0,0,1,4,on_schedule,0,0,synthetic
PROJ_0403,PROJ_0403_T06,site_clearance_and_excavation,20,24,4,0,10000,0.45,0,0,0,5,equipment_breakdown,1,40000,synthetic
PROJ_0404,PROJ_0404_T01,bituminous_macadam_laying,30,25,0,3,10000,0.31,0,0,0,0,on_schedule,0,0,synthetic
PROJ_0404,PROJ_0404_T02,guardrail_installation,25,23,0,5,10000,0.31,1,0,0,1,on_schedule,0,0,synthetic
PROJ_0404,PROJ_0404_T03,sub_base_course_preparation,45,59,14,0,10000,0.31,1,0,0,2,rain_monsoon,1,140000,synthetic
PROJ_0405,PROJ_0405_T01,site_clearance_and_excavation,20,16,0,0,10000,0.19,1,0,0,0,on_schedule,0,0,synthetic
PROJ_0405,PROJ_0405_T02,guardrail_installation,25,22,0,5,10000,0.19,0,0,0,1,on_schedule,0,0,synthetic
PROJ_0405,PROJ_0405_T03,bituminous_macadam_laying,30,37,7,3,10000,0.19,1,0,0,2,design_change,1,40000,synthetic
PROJ_0405,PROJ_0405_T04,road_marking_and_signage_installation,15,15,0,0,10000,0.19,0,0,1,3,on_schedule,0,0,synthetic
PROJ_0405,PROJ_0405_T05,bridge_deck_construction,60,60,0,7,10000,0.19,0,0,0,4,on_schedule,0,0,synthetic
PROJ_0406,PROJ_0406_T01,sub_base_course_preparation,45,41,0,0,10000,0.58,1,0,0,0,on_schedule,0,0,synthetic
PROJ_0406,PROJ_0406_T02,guardrail_installation,25,26,1,5,10000,0.58,1,0,0,1,subcontractor_failure,0,0,synthetic
PROJ_0406,PROJ_0406_T03,site_clearance_and_excavation,20,17,0,0,10000,0.58,0,0,1,2,on_schedule,0,0,synthetic
PROJ_0406,PROJ_0406_T04,bridge_deck_construction,60,100,40,7,10000,0.58,1,0,0,3,rain_monsoon,1,330000,synthetic
PROJ_0406,PROJ_0406_T05,bituminous_macadam_laying,30,44,14,3,10000,0.58,0,0,1,4,labour_dispute,1,110000,synthetic
PROJ_0407,PROJ_0407_T01,site_clearance_and_excavation,20,27,7,0,10000,0.17,0,1,0,0,material_shortage,1,70000,synthetic
PROJ_0407,PROJ_0407_T02,guardrail_installation,25,24,0,5,10000,0.17,1,0,1,1,on_schedule,0,0,synthetic
PROJ_0407,PROJ_0407_T03,road_marking_and_signage_installation,15,14,0,0,10000,0.17,0,0,0,2,on_schedule,0,0,synthetic
PROJ_0408,PROJ_0408_T01,bituminous_macadam_laying,30,25,0,3,10000,0.26,1,0,0,0,on_schedule,0,0,synthetic
PROJ_0408,PROJ_0408_T02,sub_base_course_preparation,45,39,0,0,10000,0.26,0,0,0,1,on_schedule,0,0,synthetic
PROJ_0408,PROJ_0408_T03,site_clearance_and_excavation,20,17,0,0,10000,0.26,0,0,0,2,on_schedule,0,0,synthetic
PROJ_0408,PROJ_0408_T04,guardrail_installation,25,23,0,5,10000,0.26,1,0,0,3,on_schedule,0,0,synthetic
PROJ_0408,PROJ_0408_T05,road_marking_and_signage_installation,15,26,11,0,10000,0.26,0,1,0,4,material_shortage,1,110000,synthetic
PROJ_0409,PROJ_0409_T01,road_marking_and_signage_installation,15,24,9,0,10000,0.13,0,0,0,0,labour_dispute,1,90000,synthetic
PROJ_0409,PROJ_0409_T02,bituminous_macadam_laying,30,27,0,3,10000,0.13,1,0,1,1,on_schedule,0,0,synthetic
PROJ_0409,PROJ_0409_T03,bridge_deck_construction,60,59,0,7,10000,0.13,0,0,0,2,on_schedule,0,0,synthetic
PROJ_0409,PROJ_0409_T04,sub_base_course_preparation,45,38,0,0,10000,0.13,0,0,0,3,on_schedule,0,0,synthetic
PROJ_0409,PROJ_0409_T05,guardrail_installation,25,24,0,5,10000,0.13,1,0,0,4,on_schedule,0,0,synthetic
PROJ_0409,PROJ_0409_T06,site_clearance_and_excavation,20,17,0,0,10000,0.13,1,0,0,5,on_schedule,0,0,synthetic
PROJ_0410,PROJ_0410_T01,guardrail_installation,25,24,0,5,10000,0.14,1,0,0,0,on_schedule,0,0,synthetic
PROJ_0410,PROJ_0410_T02,site_clearance_and_excavation,20,19,0,0,10000,0.14,0,0,0,1,on_schedule,0,0,synthetic
PROJ_0410,PROJ_0410_T03,sub_base_course_preparation,45,42,0,0,10000,0.14,0,0,0,2,on_schedule,0,0,synthetic
PROJ_0410,PROJ_0410_T04,bituminous_macadam_laying,30,26,0,3,10000,0.14,0,0,0,3,on_schedule,0,0,synthetic
PROJ_0410,PROJ_0410_T05,road_marking_and_signage_installation,15,13,0,0,10000,0.14,1,0,0,4,on_schedule,0,0,synthetic
PROJ_0410,PROJ_0410_T06,bridge_deck_construction,60,52,0,7,10000,0.14,1,0,0,5,on_schedule,0,0,synthetic
PROJ_0411,PROJ_0411_T01,sub_base_course_preparation,45,39,0,0,10000,0.29,0,0,0,0,on_schedule,0,0,synthetic
PROJ_0411,PROJ_0411_T02,site_clearance_and_excavation,20,16,0,0,10000,0.29,0,0,0,1,on_schedule,0,0,synthetic
PROJ_0411,PROJ_0411_T03,bituminous_macadam_laying,30,29,0,3,10000,0.29,1,0,0,2,on_schedule,0,0,synthetic
PROJ_0411,PROJ_0411_T04,road_marking_and_signage_installation,15,15,0,0,10000,0.29,1,0,0,3,on_schedule,0,0,synthetic
PROJ_0411,PROJ_0411_T05,bridge_deck_construction,60,53,0,7,10000,0.29,1,0,0,4,on_schedule,0,0,synthetic
PROJ_0412,PROJ_0412_T01,sub_base_course_preparation,45,38,0,0,10000,0.25,0,0,0,0,on_schedule,0,0,synthetic
PROJ_0412,PROJ_0412_T02,bituminous_macadam_laying,30,26,0,3,10000,0.25,1,0,0,1,on_schedule,0,0,synthetic
PROJ_0412,PROJ_0412_T03,site_clearance_and_excavation,20,19,0,0,10000,0.25,1,0,0,2,on_schedule,0,0,synthetic
PROJ_0412,PROJ_0412_T04,bridge_deck_construction,60,58,0,7,10000,0.25,1,0,0,3,on_schedule,0,0,synthetic
PROJ_0412,PROJ_0412_T05,guardrail_installation,25,25,0,5,10000,0.25,0,0,0,4,on_schedule,0,0,synthetic
PROJ_0412,PROJ_0412_T06,road_marking_and_signage_installation,15,16,1,0,10000,0.25,0,0,0,5,utility_shifting,1,10000,synthetic
PROJ_0413,PROJ_0413_T01,site_clearance_and_excavation,20,17,0,0,10000,0.23,0,0,0,0,on_schedule,0,0,synthetic
PROJ_0413,PROJ_0413_T02,road_marking_and_signage_installation,15,17,2,0,10000,0.23,1,0,0,1,design_change,1,20000,synthetic
PROJ_0413,PROJ_0413_T03,guardrail_installation,25,20,0,5,10000,0.23,0,0,1,2,on_schedule,0,0,synthetic
PROJ_0413,PROJ_0413_T04,bituminous_macadam_laying,30,25,0,3,10000,0.23,1,0,0,3,on_schedule,0,0,synthetic
PROJ_0414,PROJ_0414_T01,sub_base_course_preparation,45,37,0,0,10000,0.45,0,0,0,0,on_schedule,0,0,synthetic
PROJ_0414,PROJ_0414_T02,bridge_deck_construction,60,60,0,7,10000,0.45,1,0,0,1,on_schedule,0,0,synthetic
PROJ_0414,PROJ_0414_T03,site_clearance_and_excavation,20,18,0,0,10000,0.45,0,0,0,2,on_schedule,0,0,synthetic
PROJ_0414,PROJ_0414_T04,guardrail_installation,25,23,0,5,10000,0.45,1,0,0,3,on_schedule,0,0,synthetic
PROJ_0414,PROJ_0414_T05,road_marking_and_signage_installation,15,18,3,0,10000,0.45,0,0,0,4,subcontractor_failure,1,30000,synthetic
PROJ_0415,PROJ_0415_T01,bridge_deck_construction,60,59,0,7,10000,0.13,1,0,0,0,on_schedule,0,0,synthetic
PROJ_0415,PROJ_0415_T02,site_clearance_and_excavation,20,32,12,0,10000,0.13,0,0,0,1,equipment_breakdown,1,120000,synthetic
PROJ_0415,PROJ_0415_T03,sub_base_course_preparation,45,57,12,0,10000,0.13,1,0,1,2,rain_monsoon,1,120000,synthetic
PROJ_0416,PROJ_0416_T01,bituminous_macadam_laying,30,30,0,3,10000,0.19,1,0,0,0,on_schedule,0,0,synthetic
PROJ_0416,PROJ_0416_T02,road_marking_and_signage_installation,15,12,0,0,10000,0.19,0,0,0,1,on_schedule,0,0,synthetic
PROJ_0416,PROJ_0416_T03,sub_base_course_preparation,45,51,6,0,10000,0.19,0,0,0,2,design_change,1,60000,synthetic
PROJ_0416,PROJ_0416_T04,site_clearance_and_excavation,20,18,0,0,10000,0.19,0,0,1,3,on_schedule,0,0,synthetic
PROJ_0417,PROJ_0417_T01,bridge_deck_construction,60,48,0,7,10000,0.34,0,0,0,0,on_schedule,0,0,synthetic
PROJ_0417,PROJ_0417_T02,bituminous_macadam_laying,30,47,17,3,10000,0.34,1,1,0,1,material_shortage,1,140000,synthetic
PROJ_0417,PROJ_0417_T03,sub_base_course_preparation,45,40,0,0,10000,0.34,1,0,1,2,on_schedule,0,0,synthetic
PROJ_0417,PROJ_0417_T04,site_clearance_and_excavation,20,18,0,0,10000,0.34,1,0,0,3,on_schedule,0,0,synthetic
PROJ_0418,PROJ_0418_T01,guardrail_installation,25,20,0,5,10000,0.29,1,0,0,0,on_schedule,0,0,synthetic
PROJ_0418,PROJ_0418_T02,bridge_deck_construction,60,60,0,7,10000,0.29,0,0,0,1,on_schedule,0,0,synthetic
PROJ_0418,PROJ_0418_T03,road_marking_and_signage_installation,15,29,14,0,10000,0.29,0,0,0,2,design_change,1,140000,synthetic
PROJ_0418,PROJ_0418_T04,site_clearance_and_excavation,20,24,4,0,10000,0.29,0,0,1,3,land_acquisition,1,40000,synthetic
PROJ_0418,PROJ_0418_T05,sub_base_course_preparation,45,45,0,0,10000,0.29,1,0,1,4,on_schedule,0,0,synthetic
PROJ_0419,PROJ_0419_T01,bituminous_macadam_laying,30,29,0,3,10000,0.43,1,0,0,0,on_schedule,0,0,synthetic
PROJ_0419,PROJ_0419_T02,guardrail_installation,25,21,0,5,10000,0.43,1,0,0,1,on_schedule,0,0,synthetic
PROJ_0419,PROJ_0419_T03,bridge_deck_construction,60,57,0,7,10000,0.43,0,0,0,2,on_schedule,0,0,synthetic
PROJ_0419,PROJ_0419_T04,sub_base_course_preparation,45,43,0,0,10000,0.43,0,0,0,3,on_schedule,0,0,synthetic
PROJ_0419,PROJ_0419_T05,road_marking_and_signage_installation,15,14,0,0,10000,0.43,0,0,0,4,on_schedule,0,0,synthetic
PROJ_0419,PROJ_0419_T06,site_clearance_and_excavation,20,20,0,0,10000,0.43,0,0,0,5,on_schedule,0,0,synthetic
PROJ_0420,PROJ_0420_T01,bituminous_macadam_laying,30,24,0,3,10000,0.35,1,0,0,0,on_schedule,0,0,synthetic
PROJ_0420,PROJ_0420_T02,guardrail_installation,25,21,0,5,10000,0.35,0,0,0,1,on_schedule,0,0,synthetic
PROJ_0420,PROJ_0420_T03,site_clearance_and_excavation,20,23,3,0,10000,0.35,1,0,0,2,rain_monsoon,1,30000,synthetic
PROJ_0420,PROJ_0420_T04,bridge_deck_construction,60,48,0,7,10000,0.35,0,0,1,3,on_schedule,0,0,synthetic
PROJ_0421,PROJ_0421_T01,guardrail_installation,25,25,0,5,10000,0.55,0,0,0,0,on_schedule,0,0,synthetic
PROJ_0421,PROJ_0421_T02,road_marking_and_signage_installation,15,15,0,0,10000,0.55,0,0,0,1,on_schedule,0,0,synthetic
PROJ_0421,PROJ_0421_T03,bridge_deck_construction,60,53,0,7,10000,0.55,0,0,0,2,on_schedule,0,0,synthetic
PROJ_0421,PROJ_0421_T04,site_clearance_and_excavation,20,20,0,0,10000,0.55,0,0,0,3,on_schedule,0,0,synthetic
PROJ_0421,PROJ_0421_T05,sub_base_course_preparation,45,42,0,0,10000,0.55,1,0,0,4,on_schedule,0,0,synthetic
PROJ_0422,PROJ_0422_T01,road_marking_and_signage_installation,15,27,12,0,10000,0.5,0,0,0,0,labour_dispute,1,120000,synthetic
PROJ_0422,PROJ_0422_T02,guardrail_installation,25,21,0,5,10000,0.5,1,0,1,1,on_schedule,0,0,synthetic
PROJ_0422,PROJ_0422_T03,bituminous_macadam_laying,30,28,0,3,10000,0.5,0,0,0,2,on_schedule,0,0,synthetic
PROJ_0422,PROJ_0422_T04,bridge_deck_construction,60,57,0,7,10000,0.5,0,0,0,3,on_schedule,0,0,synthetic
PROJ_0422,PROJ_0422_T05,site_clearance_and_excavation,20,19,0,0,10000,0.5,1,0,0,4,on_schedule,0,0,synthetic
PROJ_0422,PROJ_0422_T06,sub_base_course_preparation,45,38,0,0,10000,0.5,0,0,0,5,on_schedule,0,0,synthetic
PROJ_0423,PROJ_0423_T01,sub_base_course_preparation,45,64,19,0,10000,0.3,1,0,0,0,labour_dispute,1,190000,synthetic
PROJ_0423,PROJ_0423_T02,site_clearance_and_excavation,20,17,0,0,10000,0.3,1,0,1,1,on_schedule,0,0,synthetic
PROJ_0423,PROJ_0423_T03,guardrail_installation,25,27,2,5,10000,0.3,1,0,0,2,utility_shifting,0,0,synthetic
PROJ_0424,PROJ_0424_T01,bridge_deck_construction,60,51,0,7,10000,0.24,1,0,0,0,on_schedule,0,0,synthetic
PROJ_0424,PROJ_0424_T02,sub_base_course_preparation,45,42,0,0,10000,0.24,0,0,0,1,on_schedule,0,0,synthetic
PROJ_0424,PROJ_0424_T03,site_clearance_and_excavation,20,18,0,0,10000,0.24,0,0,0,2,on_schedule,0,0,synthetic
PROJ_0425,PROJ_0425_T01,road_marking_and_signage_installation,15,14,0,0,10000,0.52,0,0,0,0,on_schedule,0,0,synthetic
PROJ_0425,PROJ_0425_T02,bituminous_macadam_laying,30,28,0,3,10000,0.52,1,0,0,1,on_schedule,0,0,synthetic
PROJ_0425,PROJ_0425_T03,bridge_deck_construction,60,58,0,7,10000,0.52,1,0,0,2,on_schedule,0,0,synthetic
PROJ_0425,PROJ_0425_T04,site_clearance_and_excavation,20,19,0,0,10000,0.52,1,0,0,3,on_schedule,0,0,synthetic
PROJ_0426,PROJ_0426_T01,guardrail_installation,25,24,0,5,10000,0.36,1,0,0,0,on_schedule,0,0,synthetic
PROJ_0426,PROJ_0426_T02,bridge_deck_construction,60,81,21,7,10000,0.36,1,1,0,1,material_shortage,1,140000,synthetic
PROJ_0426,PROJ_0426_T03,road_marking_and_signage_installation,15,13,0,0,10000,0.36,0,0,1,2,on_schedule,0,0,synthetic
PROJ_0427,PROJ_0427_T01,guardrail_installation,25,24,0,5,10000,0.45,0,0,0,0,on_schedule,0,0,synthetic
PROJ_0427,PROJ_0427_T02,road_marking_and_signage_installation,15,13,0,0,10000,0.45,1,0,0,1,on_schedule,0,0,synthetic
PROJ_0427,PROJ_0427_T03,sub_base_course_preparation,45,42,0,0,10000,0.45,0,0,0,2,on_schedule,0,0,synthetic
PROJ_0427,PROJ_0427_T04,bituminous_macadam_laying,30,24,0,3,10000,0.45,1,0,0,3,on_schedule,0,0,synthetic
PROJ_0427,PROJ_0427_T05,bridge_deck_construction,60,50,0,7,10000,0.45,0,0,0,4,on_schedule,0,0,synthetic
PROJ_0427,PROJ_0427_T06,site_clearance_and_excavation,20,37,17,0,10000,0.45,1,0,0,5,utility_shifting,1,170000,synthetic
PROJ_0428,PROJ_0428_T01,site_clearance_and_excavation,20,19,0,0,10000,0.41,1,0,0,0,on_schedule,0,0,synthetic
PROJ_0428,PROJ_0428_T02,road_marking_and_signage_installation,15,13,0,0,10000,0.41,1,0,0,1,on_schedule,0,0,synthetic
PROJ_0428,PROJ_0428_T03,bituminous_macadam_laying,30,30,0,3,10000,0.41,0,0,0,2,on_schedule,0,0,synthetic
PROJ_0428,PROJ_0428_T04,bridge_deck_construction,60,58,0,7,10000,0.41,1,0,0,3,on_schedule,0,0,synthetic
PROJ_0429,PROJ_0429_T01,site_clearance_and_excavation,20,36,16,0,10000,0.42,0,0,0,0,labour_dispute,1,160000,synthetic
PROJ_0429,PROJ_0429_T02,guardrail_installation,25,24,0,5,10000,0.42,1,0,1,1,on_schedule,0,0,synthetic
PROJ_0429,PROJ_0429_T03,bituminous_macadam_laying,30,34,4,3,10000,0.42,1,0,0,2,equipment_breakdown,1,10000,synthetic
PROJ_0429,PROJ_0429_T04,bridge_deck_construction,60,58,0,7,10000,0.42,1,0,1,3,on_schedule,0,0,synthetic
PROJ_0429,PROJ_0429_T05,sub_base_course_preparation,45,54,9,0,10000,0.42,1,0,0,4,rain_monsoon,1,90000,synthetic
PROJ_0430,PROJ_0430_T01,sub_base_course_preparation,45,36,0,0,10000,0.46,1,0,0,0,on_schedule,0,0,synthetic
PROJ_0430,PROJ_0430_T02,road_marking_and_signage_installation,15,15,0,0,10000,0.46,0,0,0,1,on_schedule,0,0,synthetic
PROJ_0430,PROJ_0430_T03,site_clearance_and_excavation,20,20,0,0,10000,0.46,0,0,0,2,on_schedule,0,0,synthetic
PROJ_0431,PROJ_0431_T01,bituminous_macadam_laying,30,30,0,3,10000,0.58,1,0,0,0,on_schedule,0,0,synthetic
PROJ_0431,PROJ_0431_T02,road_marking_and_signage_installation,15,18,3,0,10000,0.58,0,0,0,1,labour_dispute,1,30000,synthetic
PROJ_0431,PROJ_0431_T03,sub_base_course_preparation,45,62,17,0,10000,0.58,0,1,1,2,material_shortage,1,170000,synthetic
PROJ_0431,PROJ_0431_T04,bridge_deck_construction,60,56,0,7,10000,0.58,1,0,1,3,on_schedule,0,0,synthetic
PROJ_0432,PROJ_0432_T01,road_marking_and_signage_installation,15,24,9,0,10000,0.58,1,0,0,0,land_acquisition,1,90000,synthetic
PROJ_0432,PROJ_0432_T02,site_clearance_and_excavation,20,36,16,0,10000,0.58,1,0,1,1,utility_shifting,1,160000,synthetic
PROJ_0432,PROJ_0432_T03,bituminous_macadam_laying,30,28,0,3,10000,0.58,0,0,1,2,on_schedule,0,0,synthetic
PROJ_0432,PROJ_0432_T04,sub_base_course_preparation,45,36,0,0,10000,0.58,0,0,0,3,on_schedule,0,0,synthetic
PROJ_0432,PROJ_0432_T05,bridge_deck_construction,60,70,10,7,10000,0.58,0,0,0,4,land_acquisition,1,30000,synthetic
PROJ_0433,PROJ_0433_T01,road_marking_and_signage_installation,15,25,10,0,10000,0.4,0,0,0,0,design_change,1,100000,synthetic
PROJ_0433,PROJ_0433_T02,sub_base_course_preparation,45,40,0,0,10000,0.4,1,0,1,1,on_schedule,0,0,synthetic
PROJ_0433,PROJ_0433_T03,guardrail_installation,25,21,0,5,10000,0.4,1,0,0,2,on_schedule,0,0,synthetic
PROJ_0433,PROJ_0433_T04,bridge_deck_construction,60,52,0,7,10000,0.4,1,0,0,3,on_schedule,0,0,synthetic
PROJ_0434,PROJ_0434_T01,bituminous_macadam_laying,30,29,0,3,10000,0.37,0,0,0,0,on_schedule,0,0,synthetic
PROJ_0434,PROJ_0434_T02,guardrail_installation,25,21,0,5,10000,0.37,1,0,0,1,on_schedule,0,0,synthetic
PROJ_0434,PROJ_0434_T03,road_marking_and_signage_installation,15,15,0,0,10000,0.37,1,0,0,2,on_schedule,0,0,synthetic
PROJ_0434,PROJ_0434_T04,sub_base_course_preparation,45,61,16,0,10000,0.37,1,0,0,3,rain_monsoon,1,160000,synthetic
PROJ_0435,PROJ_0435_T01,bridge_deck_construction,60,101,41,7,10000,0.37,1,0,0,0,rain_monsoon,1,340000,synthetic
PROJ_0435,PROJ_0435_T02,sub_base_course_preparation,45,40,0,0,10000,0.37,0,0,1,1,on_schedule,0,0,synthetic
PROJ_0435,PROJ_0435_T03,site_clearance_and_excavation,20,17,0,0,10000,0.37,1,0,0,2,on_schedule,0,0,synthetic
PROJ_0436,PROJ_0436_T01,road_marking_and_signage_installation,15,12,0,0,10000,0.15,0,0,0,0,on_schedule,0,0,synthetic
PROJ_0436,PROJ_0436_T02,site_clearance_and_excavation,20,18,0,0,10000,0.15,1,0,0,1,on_schedule,0,0,synthetic
PROJ_0436,PROJ_0436_T03,bituminous_macadam_laying,30,42,12,3,10000,0.15,1,0,0,2,land_acquisition,1,90000,synthetic
PROJ_0437,PROJ_0437_T01,road_marking_and_signage_installation,15,28,13,0,10000,0.55,1,0,0,0,design_change,1,130000,synthetic
PROJ_0437,PROJ_0437_T02,guardrail_installation,25,22,0,5,10000,0.55,0,0,1,1,on_schedule,0,0,synthetic
PROJ_0437,PROJ_0437_T03,site_clearance_and_excavation,20,17,0,0,10000,0.55,0,0,0,2,on_schedule,0,0,synthetic
PROJ_0438,PROJ_0438_T01,bridge_deck_construction,60,53,0,7,10000,0.29,0,0,0,0,on_schedule,0,0,synthetic
PROJ_0438,PROJ_0438_T02,guardrail_installation,25,23,0,5,10000,0.29,1,0,0,1,on_schedule,0,0,synthetic
PROJ_0438,PROJ_0438_T03,bituminous_macadam_laying,30,42,12,3,10000,0.29,1,0,0,2,subcontractor_failure,1,90000,synthetic
PROJ_0438,PROJ_0438_T04,sub_base_course_preparation,45,73,28,0,10000,0.29,1,0,1,3,labour_dispute,1,280000,synthetic
PROJ_0439,PROJ_0439_T01,site_clearance_and_excavation,20,16,0,0,10000,0.57,0,0,0,0,on_schedule,0,0,synthetic
PROJ_0439,PROJ_0439_T02,guardrail_installation,25,21,0,5,10000,0.57,0,0,0,1,on_schedule,0,0,synthetic
PROJ_0439,PROJ_0439_T03,bituminous_macadam_laying,30,40,10,3,10000,0.57,0,0,0,2,subcontractor_failure,1,70000,synthetic
PROJ_0440,PROJ_0440_T01,bridge_deck_construction,60,73,13,7,10000,0.44,1,1,0,0,material_shortage,1,60000,synthetic
PROJ_0440,PROJ_0440_T02,road_marking_and_signage_installation,15,14,0,0,10000,0.44,0,0,1,1,on_schedule,0,0,synthetic
PROJ_0440,PROJ_0440_T03,site_clearance_and_excavation,20,20,0,0,10000,0.44,0,0,0,2,on_schedule,0,0,synthetic
PROJ_0440,PROJ_0440_T04,sub_base_course_preparation,45,38,0,0,10000,0.44,0,0,0,3,on_schedule,0,0,synthetic
PROJ_0440,PROJ_0440_T05,bituminous_macadam_laying,30,42,12,3,10000,0.44,1,0,0,4,equipment_breakdown,1,90000,synthetic
PROJ_0440,PROJ_0440_T06,guardrail_installation,25,23,0,5,10000,0.44,1,0,1,5,on_schedule,0,0,synthetic
PROJ_0441,PROJ_0441_T01,bituminous_macadam_laying,30,26,0,3,10000,0.19,1,0,0,0,on_schedule,0,0,synthetic
PROJ_0441,PROJ_0441_T02,guardrail_installation,25,25,0,5,10000,0.19,1,0,0,1,on_schedule,0,0,synthetic
PROJ_0441,PROJ_0441_T03,road_marking_and_signage_installation,15,20,5,0,10000,0.19,1,1,0,2,material_shortage,1,50000,synthetic
PROJ_0441,PROJ_0441_T04,sub_base_course_preparation,45,43,0,0,10000,0.19,0,0,1,3,on_schedule,0,0,synthetic
PROJ_0441,PROJ_0441_T05,bridge_deck_construction,60,57,0,7,10000,0.19,1,0,0,4,on_schedule,0,0,synthetic
PROJ_0441,PROJ_0441_T06,site_clearance_and_excavation,20,18,0,0,10000,0.19,0,0,0,5,on_schedule,0,0,synthetic
PROJ_0442,PROJ_0442_T01,bridge_deck_construction,60,49,0,7,10000,0.27,1,0,0,0,on_schedule,0,0,synthetic
PROJ_0442,PROJ_0442_T02,road_marking_and_signage_installation,15,12,0,0,10000,0.27,0,0,0,1,on_schedule,0,0,synthetic
PROJ_0442,PROJ_0442_T03,site_clearance_and_excavation,20,19,0,0,10000,0.27,0,0,0,2,on_schedule,0,0,synthetic
PROJ_0443,PROJ_0443_T01,guardrail_installation,25,22,0,5,10000,0.48,1,0,0,0,on_schedule,0,0,synthetic
PROJ_0443,PROJ_0443_T02,road_marking_and_signage_installation,15,14,0,0,10000,0.48,0,0,0,1,on_schedule,0,0,synthetic
PROJ_0443,PROJ_0443_T03,site_clearance_and_excavation,20,19,0,0,10000,0.48,0,0,0,2,on_schedule,0,0,synthetic
PROJ_0443,PROJ_0443_T04,sub_base_course_preparation,45,73,28,0,10000,0.48,1,1,0,3,material_shortage,1,280000,synthetic
PROJ_0444,PROJ_0444_T01,guardrail_installation,25,22,0,5,10000,0.16,0,0,0,0,on_schedule,0,0,synthetic
PROJ_0444,PROJ_0444_T02,bituminous_macadam_laying,30,37,7,3,10000,0.16,1,0,0,1,subcontractor_failure,1,40000,synthetic
PROJ_0444,PROJ_0444_T03,road_marking_and_signage_installation,15,23,8,0,10000,0.16,0,0,1,2,subcontractor_failure,1,80000,synthetic
PROJ_0444,PROJ_0444_T04,site_clearance_and_excavation,20,19,0,0,10000,0.16,1,0,1,3,on_schedule,0,0,synthetic
PROJ_0445,PROJ_0445_T01,bituminous_macadam_laying,30,24,0,3,10000,0.15,0,0,0,0,on_schedule,0,0,synthetic
PROJ_0445,PROJ_0445_T02,bridge_deck_construction,60,82,22,7,10000,0.15,0,0,0,1,design_change,1,150000,synthetic
PROJ_0445,PROJ_0445_T03,road_marking_and_signage_installation,15,14,0,0,10000,0.15,1,0,1,2,on_schedule,0,0,synthetic
PROJ_0445,PROJ_0445_T04,sub_base_course_preparation,45,42,0,0,10000,0.15,0,0,0,3,on_schedule,0,0,synthetic
PROJ_0446,PROJ_0446_T01,road_marking_and_signage_installation,15,13,0,0,10000,0.46,1,0,0,0,on_schedule,0,0,synthetic
PROJ_0446,PROJ_0446_T02,bridge_deck_construction,60,67,7,7,10000,0.46,0,0,0,1,equipment_breakdown,0,0,synthetic
PROJ_0446,PROJ_0446_T03,guardrail_installation,25,24,0,5,10000,0.46,0,0,1,2,on_schedule,0,0,synthetic
PROJ_0446,PROJ_0446_T04,bituminous_macadam_laying,30,35,5,3,10000,0.46,0,0,0,3,design_change,1,20000,synthetic
PROJ_0447,PROJ_0447_T01,road_marking_and_signage_installation,15,16,1,0,10000,0.6,1,0,0,0,design_change,1,10000,synthetic
PROJ_0447,PROJ_0447_T02,site_clearance_and_excavation,20,17,0,0,10000,0.6,0,0,1,1,on_schedule,0,0,synthetic
PROJ_0447,PROJ_0447_T03,bituminous_macadam_laying,30,27,0,3,10000,0.6,0,0,0,2,on_schedule,0,0,synthetic
PROJ_0447,PROJ_0447_T04,guardrail_installation,25,25,0,5,10000,0.6,0,0,0,3,on_schedule,0,0,synthetic
PROJ_0447,PROJ_0447_T05,sub_base_course_preparation,45,63,18,0,10000,0.6,1,0,0,4,utility_shifting,1,180000,synthetic
PROJ_0448,PROJ_0448_T01,road_marking_and_signage_installation,15,26,11,0,10000,0.46,0,0,0,0,utility_shifting,1,110000,synthetic
PROJ_0448,PROJ_0448_T02,guardrail_installation,25,22,0,5,10000,0.46,0,0,1,1,on_schedule,0,0,synthetic
PROJ_0448,PROJ_0448_T03,bituminous_macadam_laying,30,26,0,3,10000,0.46,1,0,0,2,on_schedule,0,0,synthetic
PROJ_0448,PROJ_0448_T04,site_clearance_and_excavation,20,18,0,0,10000,0.46,0,0,0,3,on_schedule,0,0,synthetic
PROJ_0448,PROJ_0448_T05,sub_base_course_preparation,45,46,1,0,10000,0.46,1,0,0,4,equipment_breakdown,1,10000,synthetic
PROJ_0449,PROJ_0449_T01,guardrail_installation,25,38,13,5,10000,0.47,0,0,0,0,rain_monsoon,1,80000,synthetic
PROJ_0449,PROJ_0449_T02,sub_base_course_preparation,45,53,8,0,10000,0.47,0,1,1,1,material_shortage,1,80000,synthetic
PROJ_0449,PROJ_0449_T03,bridge_deck_construction,60,89,29,7,10000,0.47,0,0,1,2,rain_monsoon,1,220000,synthetic
PROJ_0449,PROJ_0449_T04,bituminous_macadam_laying,30,28,0,3,10000,0.47,1,0,1,3,on_schedule,0,0,synthetic
PROJ_0449,PROJ_0449_T05,road_marking_and_signage_installation,15,23,8,0,10000,0.47,0,0,0,4,labour_dispute,1,80000,synthetic
PROJ_0450,PROJ_0450_T01,site_clearance_and_excavation,20,20,0,0,10000,0.16,1,0,0,0,on_schedule,0,0,synthetic
PROJ_0450,PROJ_0450_T02,sub_base_course_preparation,45,43,0,0,10000,0.16,0,0,0,1,on_schedule,0,0,synthetic
PROJ_0450,PROJ_0450_T03,guardrail_installation,25,20,0,5,10000,0.16,1,0,0,2,on_schedule,0,0,synthetic
PROJ_0451,PROJ_0451_T01,sub_base_course_preparation,45,45,0,0,10000,0.36,0,0,0,0,on_schedule,0,0,synthetic
PROJ_0451,PROJ_0451_T02,bituminous_macadam_laying,30,29,0,3,10000,0.36,0,0,0,1,on_schedule,0,0,synthetic
PROJ_0451,PROJ_0451_T03,road_marking_and_signage_installation,15,15,0,0,10000,0.36,1,0,0,2,on_schedule,0,0,synthetic
PROJ_0451,PROJ_0451_T04,guardrail_installation,25,24,0,5,10000,0.36,0,0,0,3,on_schedule,0,0,synthetic
PROJ_0451,PROJ_0451_T05,site_clearance_and_excavation,20,37,17,0,10000,0.36,1,0,0,4,design_change,1,170000,synthetic
PROJ_0451,PROJ_0451_T06,bridge_deck_construction,60,52,0,7,10000,0.36,0,0,1,5,on_schedule,0,0,synthetic
PROJ_0452,PROJ_0452_T01,sub_base_course_preparation,45,44,0,0,10000,0.1,1,0,0,0,on_schedule,0,0,synthetic
PROJ_0452,PROJ_0452_T02,road_marking_and_signage_installation,15,13,0,0,10000,0.1,1,0,0,1,on_schedule,0,0,synthetic
PROJ_0452,PROJ_0452_T03,bituminous_macadam_laying,30,28,0,3,10000,0.1,0,0,0,2,on_schedule,0,0,synthetic
PROJ_0452,PROJ_0452_T04,guardrail_installation,25,27,2,5,10000,0.1,1,0,0,3,labour_dispute,0,0,synthetic
PROJ_0453,PROJ_0453_T01,guardrail_installation,25,20,0,5,10000,0.42,0,0,0,0,on_schedule,0,0,synthetic
PROJ_0453,PROJ_0453_T02,road_marking_and_signage_installation,15,13,0,0,10000,0.42,0,0,0,1,on_schedule,0,0,synthetic
PROJ_0453,PROJ_0453_T03,bridge_deck_construction,60,83,23,7,10000,0.42,1,0,0,2,utility_shifting,1,160000,synthetic
PROJ_0454,PROJ_0454_T01,sub_base_course_preparation,45,45,0,0,10000,0.57,1,0,0,0,on_schedule,0,0,synthetic
PROJ_0454,PROJ_0454_T02,guardrail_installation,25,20,0,5,10000,0.57,0,0,0,1,on_schedule,0,0,synthetic
PROJ_0454,PROJ_0454_T03,road_marking_and_signage_installation,15,13,0,0,10000,0.57,1,0,0,2,on_schedule,0,0,synthetic
PROJ_0455,PROJ_0455_T01,bituminous_macadam_laying,30,27,0,3,10000,0.23,1,0,0,0,on_schedule,0,0,synthetic
PROJ_0455,PROJ_0455_T02,sub_base_course_preparation,45,45,0,0,10000,0.23,0,0,0,1,on_schedule,0,0,synthetic
PROJ_0455,PROJ_0455_T03,bridge_deck_construction,60,51,0,7,10000,0.23,1,0,0,2,on_schedule,0,0,synthetic
PROJ_0455,PROJ_0455_T04,guardrail_installation,25,44,19,5,10000,0.23,0,0,0,3,design_change,1,140000,synthetic
PROJ_0456,PROJ_0456_T01,bridge_deck_construction,60,55,0,7,10000,0.22,0,0,0,0,on_schedule,0,0,synthetic
PROJ_0456,PROJ_0456_T02,site_clearance_and_excavation,20,17,0,0,10000,0.22,0,0,0,1,on_schedule,0,0,synthetic
PROJ_0456,PROJ_0456_T03,guardrail_installation,25,25,0,5,10000,0.22,0,0,0,2,on_schedule,0,0,synthetic
PROJ_0456,PROJ_0456_T04,bituminous_macadam_laying,30,24,0,3,10000,0.22,1,0,0,3,on_schedule,0,0,synthetic
PROJ_0456,PROJ_0456_T05,road_marking_and_signage_installation,15,18,3,0,10000,0.22,0,0,0,4,design_change,1,30000,synthetic
PROJ_0456,PROJ_0456_T06,sub_base_course_preparation,45,50,5,0,10000,0.22,0,0,1,5,design_change,1,50000,synthetic
PROJ_0457,PROJ_0457_T01,site_clearance_and_excavation,20,16,0,0,10000,0.55,0,0,0,0,on_schedule,0,0,synthetic
PROJ_0457,PROJ_0457_T02,bituminous_macadam_laying,30,30,0,3,10000,0.55,0,0,0,1,on_schedule,0,0,synthetic
PROJ_0457,PROJ_0457_T03,road_marking_and_signage_installation,15,28,13,0,10000,0.55,1,0,0,2,rain_monsoon,1,130000,synthetic
PROJ_0457,PROJ_0457_T04,guardrail_installation,25,45,20,5,10000,0.55,0,1,1,3,material_shortage,1,150000,synthetic
PROJ_0457,PROJ_0457_T05,sub_base_course_preparation,45,37,0,0,10000,0.55,1,0,1,4,on_schedule,0,0,synthetic
PROJ_0457,PROJ_0457_T06,bridge_deck_construction,60,49,0,7,10000,0.55,0,0,0,5,on_schedule,0,0,synthetic
PROJ_0458,PROJ_0458_T01,sub_base_course_preparation,45,38,0,0,10000,0.34,0,0,0,0,on_schedule,0,0,synthetic
PROJ_0458,PROJ_0458_T02,site_clearance_and_excavation,20,29,9,0,10000,0.34,0,0,0,1,rain_monsoon,1,90000,synthetic
PROJ_0458,PROJ_0458_T03,road_marking_and_signage_installation,15,12,0,0,10000,0.34,1,0,1,2,on_schedule,0,0,synthetic
PROJ_0458,PROJ_0458_T04,bridge_deck_construction,60,87,27,7,10000,0.34,0,0,0,3,equipment_breakdown,1,200000,synthetic
PROJ_0459,PROJ_0459_T01,site_clearance_and_excavation,20,17,0,0,10000,0.11,1,0,0,0,on_schedule,0,0,synthetic
PROJ_0459,PROJ_0459_T02,bridge_deck_construction,60,59,0,7,10000,0.11,0,0,0,1,on_schedule,0,0,synthetic
PROJ_0459,PROJ_0459_T03,road_marking_and_signage_installation,15,12,0,0,10000,0.11,0,0,0,2,on_schedule,0,0,synthetic
PROJ_0459,PROJ_0459_T04,sub_base_course_preparation,45,64,19,0,10000,0.11,0,0,0,3,utility_shifting,1,190000,synthetic
PROJ_0460,PROJ_0460_T01,bituminous_macadam_laying,30,28,0,3,10000,0.16,0,0,0,0,on_schedule,0,0,synthetic
PROJ_0460,PROJ_0460_T02,bridge_deck_construction,60,50,0,7,10000,0.16,1,0,0,1,on_schedule,0,0,synthetic
PROJ_0460,PROJ_0460_T03,road_marking_and_signage_installation,15,14,0,0,10000,0.16,1,0,0,2,on_schedule,0,0,synthetic
PROJ_0460,PROJ_0460_T04,sub_base_course_preparation,45,40,0,0,10000,0.16,1,0,0,3,on_schedule,0,0,synthetic
PROJ_0460,PROJ_0460_T05,site_clearance_and_excavation,20,18,0,0,10000,0.16,0,0,0,4,on_schedule,0,0,synthetic
PROJ_0461,PROJ_0461_T01,road_marking_and_signage_installation,15,23,8,0,10000,0.53,0,0,0,0,subcontractor_failure,1,80000,synthetic
PROJ_0461,PROJ_0461_T02,bridge_deck_construction,60,88,28,7,10000,0.53,0,0,1,1,land_acquisition,1,210000,synthetic
PROJ_0461,PROJ_0461_T03,guardrail_installation,25,30,5,5,10000,0.53,1,0,1,2,equipment_breakdown,0,0,synthetic
PROJ_0462,PROJ_0462_T01,site_clearance_and_excavation,20,28,8,0,10000,0.26,1,0,0,0,design_change,1,80000,synthetic
PROJ_0462,PROJ_0462_T02,bridge_deck_construction,60,56,0,7,10000,0.26,1,0,1,1,on_schedule,0,0,synthetic
PROJ_0462,PROJ_0462_T03,sub_base_course_preparation,45,39,0,0,10000,0.26,1,0,0,2,on_schedule,0,0,synthetic
PROJ_0462,PROJ_0462_T04,guardrail_installation,25,39,14,5,10000,0.26,0,0,0,3,labour_dispute,1,90000,synthetic
PROJ_0462,PROJ_0462_T05,road_marking_and_signage_installation,15,16,1,0,10000,0.26,0,0,1,4,labour_dispute,1,10000,synthetic
PROJ_0463,PROJ_0463_T01,road_marking_and_signage_installation,15,13,0,0,10000,0.38,1,0,0,0,on_schedule,0,0,synthetic
PROJ_0463,PROJ_0463_T02,bituminous_macadam_laying,30,30,0,3,10000,0.38,1,0,0,1,on_schedule,0,0,synthetic
PROJ_0463,PROJ_0463_T03,sub_base_course_preparation,45,60,15,0,10000,0.38,0,1,0,2,material_shortage,1,150000,synthetic
PROJ_0463,PROJ_0463_T04,bridge_deck_construction,60,70,10,7,10000,0.38,0,0,1,3,design_change,1,30000,synthetic
PROJ_0463,PROJ_0463_T05,guardrail_installation,25,23,0,5,10000,0.38,1,0,1,4,on_schedule,0,0,synthetic
PROJ_0464,PROJ_0464_T01,bridge_deck_construction,60,57,0,7,10000,0.45,0,0,0,0,on_schedule,0,0,synthetic
PROJ_0464,PROJ_0464_T02,sub_base_course_preparation,45,69,24,0,10000,0.45,0,0,0,1,equipment_breakdown,1,240000,synthetic
PROJ_0464,PROJ_0464_T03,bituminous_macadam_laying,30,31,1,3,10000,0.45,0,0,1,2,design_change,0,0,synthetic
PROJ_0465,PROJ_0465_T01,road_marking_and_signage_installation,15,14,0,0,10000,0.33,1,0,0,0,on_schedule,0,0,synthetic
PROJ_0465,PROJ_0465_T02,sub_base_course_preparation,45,36,0,0,10000,0.33,1,0,0,1,on_schedule,0,0,synthetic
PROJ_0465,PROJ_0465_T03,guardrail_installation,25,27,2,5,10000,0.33,0,1,0,2,material_shortage,0,0,synthetic
PROJ_0465,PROJ_0465_T04,bridge_deck_construction,60,48,0,7,10000,0.33,1,0,1,3,on_schedule,0,0,synthetic
PROJ_0466,PROJ_0466_T01,site_clearance_and_excavation,20,17,0,0,10000,0.44,1,0,0,0,on_schedule,0,0,synthetic
PROJ_0466,PROJ_0466_T02,sub_base_course_preparation,45,44,0,0,10000,0.44,1,0,0,1,on_schedule,0,0,synthetic
PROJ_0466,PROJ_0466_T03,guardrail_installation,25,21,0,5,10000,0.44,0,0,0,2,on_schedule,0,0,synthetic
PROJ_0466,PROJ_0466_T04,bridge_deck_construction,60,48,0,7,10000,0.44,0,0,0,3,on_schedule,0,0,synthetic
PROJ_0466,PROJ_0466_T05,road_marking_and_signage_installation,15,12,0,0,10000,0.44,1,0,0,4,on_schedule,0,0,synthetic
PROJ_0466,PROJ_0466_T06,bituminous_macadam_laying,30,29,0,3,10000,0.44,1,0,0,5,on_schedule,0,0,synthetic
PROJ_0467,PROJ_0467_T01,guardrail_installation,25,45,20,5,10000,0.18,0,0,0,0,utility_shifting,1,150000,synthetic
PROJ_0467,PROJ_0467_T02,site_clearance_and_excavation,20,17,0,0,10000,0.18,0,0,1,1,on_schedule,0,0,synthetic
PROJ_0467,PROJ_0467_T03,road_marking_and_signage_installation,15,25,10,0,10000,0.18,1,1,0,2,material_shortage,1,100000,synthetic
PROJ_0467,PROJ_0467_T04,sub_base_course_preparation,45,58,13,0,10000,0.18,0,1,1,3,material_shortage,1,130000,synthetic
PROJ_0467,PROJ_0467_T05,bituminous_macadam_laying,30,28,0,3,10000,0.18,0,0,1,4,on_schedule,0,0,synthetic
PROJ_0467,PROJ_0467_T06,bridge_deck_construction,60,60,0,7,10000,0.18,1,0,0,5,on_schedule,0,0,synthetic
PROJ_0468,PROJ_0468_T01,bituminous_macadam_laying,30,30,0,3,10000,0.12,1,0,0,0,on_schedule,0,0,synthetic
PROJ_0468,PROJ_0468_T02,guardrail_installation,25,24,0,5,10000,0.12,0,0,0,1,on_schedule,0,0,synthetic
PROJ_0468,PROJ_0468_T03,bridge_deck_construction,60,54,0,7,10000,0.12,1,0,0,2,on_schedule,0,0,synthetic
PROJ_0469,PROJ_0469_T01,bituminous_macadam_laying,30,28,0,3,10000,0.45,0,0,0,0,on_schedule,0,0,synthetic
PROJ_0469,PROJ_0469_T02,guardrail_installation,25,38,13,5,10000,0.45,0,0,0,1,subcontractor_failure,1,80000,synthetic
PROJ_0469,PROJ_0469_T03,site_clearance_and_excavation,20,17,0,0,10000,0.45,1,0,1,2,on_schedule,0,0,synthetic
PROJ_0469,PROJ_0469_T04,sub_base_course_preparation,45,51,6,0,10000,0.45,0,0,0,3,labour_dispute,1,60000,synthetic
PROJ_0470,PROJ_0470_T01,road_marking_and_signage_installation,15,14,0,0,10000,0.48,1,0,0,0,on_schedule,0,0,synthetic
PROJ_0470,PROJ_0470_T02,sub_base_course_preparation,45,42,0,0,10000,0.48,0,0,0,1,on_schedule,0,0,synthetic
PROJ_0470,PROJ_0470_T03,guardrail_installation,25,25,0,5,10000,0.48,1,0,0,2,on_schedule,0,0,synthetic
PROJ_0470,PROJ_0470_T04,bridge_deck_construction,60,100,40,7,10000,0.48,0,0,0,3,rain_monsoon,1,330000,synthetic
PROJ_0471,PROJ_0471_T01,bituminous_macadam_laying,30,41,11,3,10000,0.15,1,0,0,0,equipment_breakdown,1,80000,synthetic
PROJ_0471,PROJ_0471_T02,road_marking_and_signage_installation,15,20,5,0,10000,0.15,1,0,1,1,utility_shifting,1,50000,synthetic
PROJ_0471,PROJ_0471_T03,guardrail_installation,25,31,6,5,10000,0.15,1,0,1,2,subcontractor_failure,1,10000,synthetic
PROJ_0471,PROJ_0471_T04,site_clearance_and_excavation,20,18,0,0,10000,0.15,1,0,1,3,on_schedule,0,0,synthetic
PROJ_0471,PROJ_0471_T05,bridge_deck_construction,60,50,0,7,10000,0.15,0,0,0,4,on_schedule,0,0,synthetic
PROJ_0471,PROJ_0471_T06,sub_base_course_preparation,45,43,0,0,10000,0.15,0,0,0,5,on_schedule,0,0,synthetic
PROJ_0472,PROJ_0472_T01,site_clearance_and_excavation,20,20,0,0,10000,0.53,1,0,0,0,on_schedule,0,0,synthetic
PROJ_0472,PROJ_0472_T02,bridge_deck_construction,60,58,0,7,10000,0.53,1,0,0,1,on_schedule,0,0,synthetic
PROJ_0472,PROJ_0472_T03,road_marking_and_signage_installation,15,14,0,0,10000,0.53,0,0,0,2,on_schedule,0,0,synthetic
PROJ_0472,PROJ_0472_T04,sub_base_course_preparation,45,36,0,0,10000,0.53,0,0,0,3,on_schedule,0,0,synthetic
PROJ_0472,PROJ_0472_T05,guardrail_installation,25,24,0,5,10000,0.53,0,0,0,4,on_schedule,0,0,synthetic
PROJ_0473,PROJ_0473_T01,guardrail_installation,25,20,0,5,10000,0.53,0,0,0,0,on_schedule,0,0,synthetic
PROJ_0473,PROJ_0473_T02,site_clearance_and_excavation,20,19,0,0,10000,0.53,0,0,0,1,on_schedule,0,0,synthetic
PROJ_0473,PROJ_0473_T03,road_marking_and_signage_installation,15,15,0,0,10000,0.53,1,0,0,2,on_schedule,0,0,synthetic
PROJ_0473,PROJ_0473_T04,bridge_deck_construction,60,72,12,7,10000,0.53,1,0,0,3,rain_monsoon,1,50000,synthetic
PROJ_0474,PROJ_0474_T01,guardrail_installation,25,23,0,5,10000,0.2,0,0,0,0,on_schedule,0,0,synthetic
PROJ_0474,PROJ_0474_T02,bituminous_macadam_laying,30,24,0,3,10000,0.2,0,0,0,1,on_schedule,0,0,synthetic
PROJ_0474,PROJ_0474_T03,bridge_deck_construction,60,50,0,7,10000,0.2,0,0,0,2,on_schedule,0,0,synthetic
PROJ_0474,PROJ_0474_T04,road_marking_and_signage_installation,15,12,0,0,10000,0.2,1,0,0,3,on_schedule,0,0,synthetic
PROJ_0474,PROJ_0474_T05,site_clearance_and_excavation,20,32,12,0,10000,0.2,1,0,0,4,design_change,1,120000,synthetic
PROJ_0474,PROJ_0474_T06,sub_base_course_preparation,45,59,14,0,10000,0.2,1,1,1,5,material_shortage,1,140000,synthetic
PROJ_0475,PROJ_0475_T01,road_marking_and_signage_installation,15,14,0,0,10000,0.23,1,0,0,0,on_schedule,0,0,synthetic
PROJ_0475,PROJ_0475_T02,bituminous_macadam_laying,30,28,0,3,10000,0.23,0,0,0,1,on_schedule,0,0,synthetic
PROJ_0475,PROJ_0475_T03,bridge_deck_construction,60,52,0,7,10000,0.23,0,0,0,2,on_schedule,0,0,synthetic
PROJ_0475,PROJ_0475_T04,sub_base_course_preparation,45,37,0,0,10000,0.23,1,0,0,3,on_schedule,0,0,synthetic
PROJ_0475,PROJ_0475_T05,site_clearance_and_excavation,20,18,0,0,10000,0.23,0,0,0,4,on_schedule,0,0,synthetic
PROJ_0476,PROJ_0476_T01,site_clearance_and_excavation,20,17,0,0,10000,0.27,1,0,0,0,on_schedule,0,0,synthetic
PROJ_0476,PROJ_0476_T02,bridge_deck_construction,60,59,0,7,10000,0.27,1,0,0,1,on_schedule,0,0,synthetic
PROJ_0476,PROJ_0476_T03,sub_base_course_preparation,45,44,0,0,10000,0.27,0,0,0,2,on_schedule,0,0,synthetic
PROJ_0476,PROJ_0476_T04,guardrail_installation,25,44,19,5,10000,0.27,1,0,0,3,equipment_breakdown,1,140000,synthetic
PROJ_0477,PROJ_0477_T01,site_clearance_and_excavation,20,19,0,0,10000,0.11,1,0,0,0,on_schedule,0,0,synthetic
PROJ_0477,PROJ_0477_T02,road_marking_and_signage_installation,15,12,0,0,10000,0.11,1,0,0,1,on_schedule,0,0,synthetic
PROJ_0477,PROJ_0477_T03,bridge_deck_construction,60,50,0,7,10000,0.11,1,0,0,2,on_schedule,0,0,synthetic
PROJ_0477,PROJ_0477_T04,sub_base_course_preparation,45,45,0,0,10000,0.11,0,0,0,3,on_schedule,0,0,synthetic
PROJ_0477,PROJ_0477_T05,bituminous_macadam_laying,30,37,7,3,10000,0.11,0,0,0,4,design_change,1,40000,synthetic
PROJ_0478,PROJ_0478_T01,road_marking_and_signage_installation,15,14,0,0,10000,0.21,0,0,0,0,on_schedule,0,0,synthetic
PROJ_0478,PROJ_0478_T02,bridge_deck_construction,60,58,0,7,10000,0.21,1,0,0,1,on_schedule,0,0,synthetic
PROJ_0478,PROJ_0478_T03,bituminous_macadam_laying,30,26,0,3,10000,0.21,1,0,0,2,on_schedule,0,0,synthetic
PROJ_0478,PROJ_0478_T04,sub_base_course_preparation,45,42,0,0,10000,0.21,1,0,0,3,on_schedule,0,0,synthetic
PROJ_0478,PROJ_0478_T05,guardrail_installation,25,31,6,5,10000,0.21,1,0,0,4,subcontractor_failure,1,10000,synthetic
PROJ_0478,PROJ_0478_T06,site_clearance_and_excavation,20,20,0,0,10000,0.21,0,0,1,5,on_schedule,0,0,synthetic
PROJ_0479,PROJ_0479_T01,bridge_deck_construction,60,49,0,7,10000,0.29,0,0,0,0,on_schedule,0,0,synthetic
PROJ_0479,PROJ_0479_T02,site_clearance_and_excavation,20,20,0,0,10000,0.29,1,0,0,1,on_schedule,0,0,synthetic
PROJ_0479,PROJ_0479_T03,guardrail_installation,25,45,20,5,10000,0.29,1,0,0,2,rain_monsoon,1,150000,synthetic
PROJ_0479,PROJ_0479_T04,sub_base_course_preparation,45,36,0,0,10000,0.29,1,0,1,3,on_schedule,0,0,synthetic
PROJ_0479,PROJ_0479_T05,bituminous_macadam_laying,30,25,0,3,10000,0.29,0,0,0,4,on_schedule,0,0,synthetic
PROJ_0479,PROJ_0479_T06,road_marking_and_signage_installation,15,15,0,0,10000,0.29,0,0,0,5,on_schedule,0,0,synthetic
PROJ_0480,PROJ_0480_T01,bituminous_macadam_laying,30,29,0,3,10000,0.53,1,0,0,0,on_schedule,0,0,synthetic
PROJ_0480,PROJ_0480_T02,guardrail_installation,25,37,12,5,10000,0.53,1,0,0,1,labour_dispute,1,70000,synthetic
PROJ_0480,PROJ_0480_T03,site_clearance_and_excavation,20,29,9,0,10000,0.53,1,0,1,2,land_acquisition,1,90000,synthetic
PROJ_0480,PROJ_0480_T04,road_marking_and_signage_installation,15,12,0,0,10000,0.53,1,0,1,3,on_schedule,0,0,synthetic
PROJ_0481,PROJ_0481_T01,road_marking_and_signage_installation,15,15,0,0,10000,0.11,0,0,0,0,on_schedule,0,0,synthetic
PROJ_0481,PROJ_0481_T02,guardrail_installation,25,23,0,5,10000,0.11,0,0,0,1,on_schedule,0,0,synthetic
PROJ_0481,PROJ_0481_T03,sub_base_course_preparation,45,42,0,0,10000,0.11,0,0,0,2,on_schedule,0,0,synthetic
PROJ_0482,PROJ_0482_T01,bridge_deck_construction,60,49,0,7,10000,0.16,0,0,0,0,on_schedule,0,0,synthetic
PROJ_0482,PROJ_0482_T02,site_clearance_and_excavation,20,20,0,0,10000,0.16,1,0,0,1,on_schedule,0,0,synthetic
PROJ_0482,PROJ_0482_T03,road_marking_and_signage_installation,15,14,0,0,10000,0.16,0,0,0,2,on_schedule,0,0,synthetic
PROJ_0482,PROJ_0482_T04,sub_base_course_preparation,45,39,0,0,10000,0.16,0,0,0,3,on_schedule,0,0,synthetic
PROJ_0482,PROJ_0482_T05,guardrail_installation,25,39,14,5,10000,0.16,0,1,0,4,material_shortage,1,90000,synthetic
PROJ_0482,PROJ_0482_T06,bituminous_macadam_laying,30,53,23,3,10000,0.16,1,0,1,5,rain_monsoon,1,200000,synthetic
PROJ_0483,PROJ_0483_T01,road_marking_and_signage_installation,15,26,11,0,10000,0.47,1,0,0,0,labour_dispute,1,110000,synthetic
PROJ_0483,PROJ_0483_T02,site_clearance_and_excavation,20,28,8,0,10000,0.47,1,0,1,1,design_change,1,80000,synthetic
PROJ_0483,PROJ_0483_T03,guardrail_installation,25,22,0,5,10000,0.47,0,0,1,2,on_schedule,0,0,synthetic
PROJ_0484,PROJ_0484_T01,bridge_deck_construction,60,57,0,7,10000,0.41,0,0,0,0,on_schedule,0,0,synthetic
PROJ_0484,PROJ_0484_T02,sub_base_course_preparation,45,64,19,0,10000,0.41,0,0,0,1,land_acquisition,1,190000,synthetic
PROJ_0484,PROJ_0484_T03,bituminous_macadam_laying,30,46,16,3,10000,0.41,0,0,1,2,utility_shifting,1,130000,synthetic
PROJ_0484,PROJ_0484_T04,site_clearance_and_excavation,20,19,0,0,10000,0.41,0,0,1,3,on_schedule,0,0,synthetic
PROJ_0485,PROJ_0485_T01,bridge_deck_construction,60,58,0,7,10000,0.14,1,0,0,0,on_schedule,0,0,synthetic
PROJ_0485,PROJ_0485_T02,bituminous_macadam_laying,30,25,0,3,10000,0.14,1,0,0,1,on_schedule,0,0,synthetic
PROJ_0485,PROJ_0485_T03,road_marking_and_signage_installation,15,18,3,0,10000,0.14,0,1,0,2,material_shortage,1,30000,synthetic
PROJ_0485,PROJ_0485_T04,guardrail_installation,25,22,0,5,10000,0.14,1,0,1,3,on_schedule,0,0,synthetic
PROJ_0485,PROJ_0485_T05,site_clearance_and_excavation,20,20,0,0,10000,0.14,0,0,0,4,on_schedule,0,0,synthetic
PROJ_0485,PROJ_0485_T06,sub_base_course_preparation,45,62,17,0,10000,0.14,0,0,0,5,rain_monsoon,1,170000,synthetic
PROJ_0486,PROJ_0486_T01,sub_base_course_preparation,45,69,24,0,10000,0.37,0,0,0,0,rain_monsoon,1,240000,synthetic
PROJ_0486,PROJ_0486_T02,bridge_deck_construction,60,69,9,7,10000,0.37,0,0,1,1,labour_dispute,1,20000,synthetic
PROJ_0486,PROJ_0486_T03,road_marking_and_signage_installation,15,13,0,0,10000,0.37,1,0,1,2,on_schedule,0,0,synthetic
PROJ_0487,PROJ_0487_T01,bituminous_macadam_laying,30,27,0,3,10000,0.34,0,0,0,0,on_schedule,0,0,synthetic
PROJ_0487,PROJ_0487_T02,guardrail_installation,25,21,0,5,10000,0.34,1,0,0,1,on_schedule,0,0,synthetic
PROJ_0487,PROJ_0487_T03,sub_base_course_preparation,45,37,0,0,10000,0.34,1,0,0,2,on_schedule,0,0,synthetic
PROJ_0487,PROJ_0487_T04,road_marking_and_signage_installation,15,19,4,0,10000,0.34,1,0,0,3,subcontractor_failure,1,40000,synthetic
PROJ_0487,PROJ_0487_T05,site_clearance_and_excavation,20,19,0,0,10000,0.34,1,0,1,4,on_schedule,0,0,synthetic
PROJ_0488,PROJ_0488_T01,sub_base_course_preparation,45,37,0,0,10000,0.41,1,0,0,0,on_schedule,0,0,synthetic
PROJ_0488,PROJ_0488_T02,site_clearance_and_excavation,20,22,2,0,10000,0.41,1,0,0,1,land_acquisition,1,20000,synthetic
PROJ_0488,PROJ_0488_T03,bridge_deck_construction,60,58,0,7,10000,0.41,1,0,1,2,on_schedule,0,0,synthetic
PROJ_0488,PROJ_0488_T04,bituminous_macadam_laying,30,24,0,3,10000,0.41,0,0,0,3,on_schedule,0,0,synthetic
PROJ_0488,PROJ_0488_T05,road_marking_and_signage_installation,15,15,0,0,10000,0.41,0,0,0,4,on_schedule,0,0,synthetic
PROJ_0489,PROJ_0489_T01,road_marking_and_signage_installation,15,21,6,0,10000,0.22,1,1,0,0,material_shortage,1,60000,synthetic
PROJ_0489,PROJ_0489_T02,guardrail_installation,25,44,19,5,10000,0.22,0,0,1,1,utility_shifting,1,140000,synthetic
PROJ_0489,PROJ_0489_T03,sub_base_course_preparation,45,42,0,0,10000,0.22,1,0,1,2,on_schedule,0,0,synthetic
PROJ_0489,PROJ_0489_T04,bituminous_macadam_laying,30,28,0,3,10000,0.22,0,0,0,3,on_schedule,0,0,synthetic
PROJ_0489,PROJ_0489_T05,bridge_deck_construction,60,78,18,7,10000,0.22,1,0,0,4,rain_monsoon,1,110000,synthetic
PROJ_0490,PROJ_0490_T01,guardrail_installation,25,34,9,5,10000,0.26,0,0,0,0,design_change,1,40000,synthetic
PROJ_0490,PROJ_0490_T02,road_marking_and_signage_installation,15,18,3,0,10000,0.26,1,0,1,1,utility_shifting,1,30000,synthetic
PROJ_0490,PROJ_0490_T03,sub_base_course_preparation,45,36,0,0,10000,0.26,1,0,1,2,on_schedule,0,0,synthetic
PROJ_0490,PROJ_0490_T04,bituminous_macadam_laying,30,49,19,3,10000,0.26,1,1,0,3,material_shortage,1,160000,synthetic
PROJ_0490,PROJ_0490_T05,site_clearance_and_excavation,20,19,0,0,10000,0.26,0,0,1,4,on_schedule,0,0,synthetic
PROJ_0490,PROJ_0490_T06,bridge_deck_construction,60,56,0,7,10000,0.26,0,0,0,5,on_schedule,0,0,synthetic
PROJ_0491,PROJ_0491_T01,bituminous_macadam_laying,30,30,0,3,10000,0.42,1,0,0,0,on_schedule,0,0,synthetic
PROJ_0491,PROJ_0491_T02,site_clearance_and_excavation,20,20,0,0,10000,0.42,1,0,0,1,on_schedule,0,0,synthetic
PROJ_0491,PROJ_0491_T03,bridge_deck_construction,60,48,0,7,10000,0.42,1,0,0,2,on_schedule,0,0,synthetic
PROJ_0491,PROJ_0491_T04,road_marking_and_signage_installation,15,15,0,0,10000,0.42,1,0,0,3,on_schedule,0,0,synthetic
PROJ_0491,PROJ_0491_T05,guardrail_installation,25,20,0,5,10000,0.42,1,0,0,4,on_schedule,0,0,synthetic
PROJ_0492,PROJ_0492_T01,bituminous_macadam_laying,30,41,11,3,10000,0.11,0,0,0,0,design_change,1,80000,synthetic
PROJ_0492,PROJ_0492_T02,bridge_deck_construction,60,73,13,7,10000,0.11,0,0,1,1,utility_shifting,1,60000,synthetic
PROJ_0492,PROJ_0492_T03,road_marking_and_signage_installation,15,12,0,0,10000,0.11,1,0,1,2,on_schedule,0,0,synthetic
PROJ_0493,PROJ_0493_T01,guardrail_installation,25,24,0,5,10000,0.16,1,0,0,0,on_schedule,0,0,synthetic
PROJ_0493,PROJ_0493_T02,bituminous_macadam_laying,30,25,0,3,10000,0.16,0,0,0,1,on_schedule,0,0,synthetic
PROJ_0493,PROJ_0493_T03,bridge_deck_construction,60,49,0,7,10000,0.16,0,0,0,2,on_schedule,0,0,synthetic
PROJ_0494,PROJ_0494_T01,sub_base_course_preparation,45,39,0,0,10000,0.53,1,0,0,0,on_schedule,0,0,synthetic
PROJ_0494,PROJ_0494_T02,site_clearance_and_excavation,20,18,0,0,10000,0.53,1,0,0,1,on_schedule,0,0,synthetic
PROJ_0494,PROJ_0494_T03,bridge_deck_construction,60,55,0,7,10000,0.53,0,0,0,2,on_schedule,0,0,synthetic
PROJ_0494,PROJ_0494_T04,guardrail_installation,25,35,10,5,10000,0.53,1,0,0,3,rain_monsoon,1,50000,synthetic
PROJ_0494,PROJ_0494_T05,bituminous_macadam_laying,30,30,0,3,10000,0.53,0,0,1,4,on_schedule,0,0,synthetic
PROJ_0495,PROJ_0495_T01,bituminous_macadam_laying,30,37,7,3,10000,0.45,1,0,0,0,subcontractor_failure,1,40000,synthetic
PROJ_0495,PROJ_0495_T02,site_clearance_and_excavation,20,24,4,0,10000,0.45,0,0,1,1,utility_shifting,1,40000,synthetic
PROJ_0495,PROJ_0495_T03,bridge_deck_construction,60,60,0,7,10000,0.45,1,0,1,2,on_schedule,0,0,synthetic
PROJ_0495,PROJ_0495_T04,sub_base_course_preparation,45,40,0,0,10000,0.45,1,0,0,3,on_schedule,0,0,synthetic
PROJ_0496,PROJ_0496_T01,bituminous_macadam_laying,30,27,0,3,10000,0.52,0,0,0,0,on_schedule,0,0,synthetic
PROJ_0496,PROJ_0496_T02,road_marking_and_signage_installation,15,13,0,0,10000,0.52,0,0,0,1,on_schedule,0,0,synthetic
PROJ_0496,PROJ_0496_T03,sub_base_course_preparation,45,56,11,0,10000,0.52,0,0,0,2,land_acquisition,1,110000,synthetic
PROJ_0496,PROJ_0496_T04,site_clearance_and_excavation,20,24,4,0,10000,0.52,0,0,1,3,rain_monsoon,1,40000,synthetic
PROJ_0497,PROJ_0497_T01,road_marking_and_signage_installation,15,15,0,0,10000,0.55,1,0,0,0,on_schedule,0,0,synthetic
PROJ_0497,PROJ_0497_T02,guardrail_installation,25,43,18,5,10000,0.55,1,0,0,1,rain_monsoon,1,130000,synthetic
PROJ_0497,PROJ_0497_T03,bituminous_macadam_laying,30,25,0,3,10000,0.55,1,0,1,2,on_schedule,0,0,synthetic
PROJ_0498,PROJ_0498_T01,bituminous_macadam_laying,30,29,0,3,10000,0.35,1,0,0,0,on_schedule,0,0,synthetic
PROJ_0498,PROJ_0498_T02,site_clearance_and_excavation,20,27,7,0,10000,0.35,0,0,0,1,design_change,1,70000,synthetic
PROJ_0498,PROJ_0498_T03,guardrail_installation,25,24,0,5,10000,0.35,1,0,1,2,on_schedule,0,0,synthetic
PROJ_0498,PROJ_0498_T04,road_marking_and_signage_installation,15,12,0,0,10000,0.35,0,0,0,3,on_schedule,0,0,synthetic
PROJ_0498,PROJ_0498_T05,bridge_deck_construction,60,49,0,7,10000,0.35,0,0,0,4,on_schedule,0,0,synthetic
PROJ_0498,PROJ_0498_T06,sub_base_course_preparation,45,48,3,0,10000,0.35,0,0,0,5,land_acquisition,1,30000,synthetic
PROJ_0499,PROJ_0499_T01,guardrail_installation,25,20,0,5,10000,0.37,0,0,0,0,on_schedule,0,0,synthetic
PROJ_0499,PROJ_0499_T02,road_marking_and_signage_installation,15,14,0,0,10000,0.37,1,0,0,1,on_schedule,0,0,synthetic
PROJ_0499,PROJ_0499_T03,site_clearance_and_excavation,20,27,7,0,10000,0.37,1,0,0,2,utility_shifting,1,70000,synthetic
PROJ_0500,PROJ_0500_T01,bituminous_macadam_laying,30,29,0,3,10000,0.47,0,0,0,0,on_schedule,0,0,synthetic
PROJ_0500,PROJ_0500_T02,road_marking_and_signage_installation,15,26,11,0,10000,0.47,0,0,0,1,rain_monsoon,1,110000,synthetic
PROJ_0500,PROJ_0500_T03,site_clearance_and_excavation,20,35,15,0,10000,0.47,0,0,1,2,equipment_breakdown,1,150000,synthetic
PROJ_0500,PROJ_0500_T04,guardrail_installation,25,23,0,5,10000,0.47,1,0,1,3,on_schedule,0,0,synthetic
PROJ_0500,PROJ_0500_T05,sub_base_course_preparation,45,62,17,0,10000,0.47,0,0,0,4,rain_monsoon,1,170000,synthetic
PROJ_0501,PROJ_0501_T01,site_clearance_and_excavation,20,17,0,0,10000,0.4,1,0,0,0,on_schedule,0,0,synthetic
PROJ_0501,PROJ_0501_T02,sub_base_course_preparation,45,47,2,0,10000,0.4,0,0,0,1,land_acquisition,1,20000,synthetic
PROJ_0501,PROJ_0501_T03,bituminous_macadam_laying,30,25,0,3,10000,0.4,0,0,1,2,on_schedule,0,0,synthetic
PROJ_0502,PROJ_0502_T01,bridge_deck_construction,60,53,0,7,10000,0.15,1,0,0,0,on_schedule,0,0,synthetic
PROJ_0502,PROJ_0502_T02,guardrail_installation,25,22,0,5,10000,0.15,1,0,0,1,on_schedule,0,0,synthetic
PROJ_0502,PROJ_0502_T03,site_clearance_and_excavation,20,18,0,0,10000,0.15,1,0,0,2,on_schedule,0,0,synthetic
PROJ_0503,PROJ_0503_T01,bridge_deck_construction,60,59,0,7,10000,0.55,0,0,0,0,on_schedule,0,0,synthetic
PROJ_0503,PROJ_0503_T02,sub_base_course_preparation,45,72,27,0,10000,0.55,0,0,0,1,labour_dispute,1,270000,synthetic
PROJ_0503,PROJ_0503_T03,site_clearance_and_excavation,20,16,0,0,10000,0.55,0,0,1,2,on_schedule,0,0,synthetic
PROJ_0503,PROJ_0503_T04,bituminous_macadam_laying,30,29,0,3,10000,0.55,1,0,0,3,on_schedule,0,0,synthetic
PROJ_0503,PROJ_0503_T05,road_marking_and_signage_installation,15,12,0,0,10000,0.55,0,0,0,4,on_schedule,0,0,synthetic
PROJ_0504,PROJ_0504_T01,guardrail_installation,25,22,0,5,10000,0.42,1,0,0,0,on_schedule,0,0,synthetic
PROJ_0504,PROJ_0504_T02,sub_base_course_preparation,45,42,0,0,10000,0.42,1,0,0,1,on_schedule,0,0,synthetic
PROJ_0504,PROJ_0504_T03,site_clearance_and_excavation,20,16,0,0,10000,0.42,1,0,0,2,on_schedule,0,0,synthetic
PROJ_0504,PROJ_0504_T04,bridge_deck_construction,60,49,0,7,10000,0.42,1,0,0,3,on_schedule,0,0,synthetic
PROJ_0504,PROJ_0504_T05,bituminous_macadam_laying,30,28,0,3,10000,0.42,1,0,0,4,on_schedule,0,0,synthetic
PROJ_0504,PROJ_0504_T06,road_marking_and_signage_installation,15,16,1,0,10000,0.42,0,0,0,5,subcontractor_failure,1,10000,synthetic
PROJ_0505,PROJ_0505_T01,sub_base_course_preparation,45,64,19,0,10000,0.44,1,1,0,0,material_shortage,1,190000,synthetic
PROJ_0505,PROJ_0505_T02,guardrail_installation,25,35,10,5,10000,0.44,0,0,1,1,rain_monsoon,1,50000,synthetic
PROJ_0505,PROJ_0505_T03,road_marking_and_signage_installation,15,12,0,0,10000,0.44,1,0,1,2,on_schedule,0,0,synthetic
PROJ_0505,PROJ_0505_T04,site_clearance_and_excavation,20,16,0,0,10000,0.44,0,0,0,3,on_schedule,0,0,synthetic
PROJ_0505,PROJ_0505_T05,bridge_deck_construction,60,83,23,7,10000,0.44,0,0,0,4,land_acquisition,1,160000,synthetic
PROJ_0505,PROJ_0505_T06,bituminous_macadam_laying,30,29,0,3,10000,0.44,1,0,1,5,on_schedule,0,0,synthetic
PROJ_0506,PROJ_0506_T01,road_marking_and_signage_installation,15,23,8,0,10000,0.6,0,0,0,0,utility_shifting,1,80000,synthetic
PROJ_0506,PROJ_0506_T02,site_clearance_and_excavation,20,19,0,0,10000,0.6,1,0,1,1,on_schedule,0,0,synthetic
PROJ_0506,PROJ_0506_T03,bituminous_macadam_laying,30,24,0,3,10000,0.6,1,0,0,2,on_schedule,0,0,synthetic
PROJ_0506,PROJ_0506_T04,bridge_deck_construction,60,57,0,7,10000,0.6,1,0,0,3,on_schedule,0,0,synthetic
PROJ_0507,PROJ_0507_T01,bridge_deck_construction,60,52,0,7,10000,0.38,0,0,0,0,on_schedule,0,0,synthetic
PROJ_0507,PROJ_0507_T02,guardrail_installation,25,21,0,5,10000,0.38,1,0,0,1,on_schedule,0,0,synthetic
PROJ_0507,PROJ_0507_T03,road_marking_and_signage_installation,15,14,0,0,10000,0.38,1,0,0,2,on_schedule,0,0,synthetic
PROJ_0507,PROJ_0507_T04,sub_base_course_preparation,45,42,0,0,10000,0.38,1,0,0,3,on_schedule,0,0,synthetic
PROJ_0508,PROJ_0508_T01,site_clearance_and_excavation,20,19,0,0,10000,0.17,1,0,0,0,on_schedule,0,0,synthetic
PROJ_0508,PROJ_0508_T02,guardrail_installation,25,23,0,5,10000,0.17,1,0,0,1,on_schedule,0,0,synthetic
PROJ_0508,PROJ_0508_T03,sub_base_course_preparation,45,47,2,0,10000,0.17,0,0,0,2,design_change,1,20000,synthetic
PROJ_0509,PROJ_0509_T01,guardrail_installation,25,24,0,5,10000,0.41,1,0,0,0,on_schedule,0,0,synthetic
PROJ_0509,PROJ_0509_T02,road_marking_and_signage_installation,15,29,14,0,10000,0.41,0,0,0,1,design_change,1,140000,synthetic
PROJ_0509,PROJ_0509_T03,bridge_deck_construction,60,48,0,7,10000,0.41,1,0,1,2,on_schedule,0,0,synthetic
PROJ_0509,PROJ_0509_T04,bituminous_macadam_laying,30,30,0,3,10000,0.41,1,0,0,3,on_schedule,0,0,synthetic
PROJ_0510,PROJ_0510_T01,guardrail_installation,25,22,0,5,10000,0.14,1,0,0,0,on_schedule,0,0,synthetic
PROJ_0510,PROJ_0510_T02,bituminous_macadam_laying,30,30,0,3,10000,0.14,0,0,0,1,on_schedule,0,0,synthetic
PROJ_0510,PROJ_0510_T03,bridge_deck_construction,60,98,38,7,10000,0.14,0,1,0,2,material_shortage,1,310000,synthetic
PROJ_0511,PROJ_0511_T01,site_clearance_and_excavation,20,17,0,0,10000,0.38,1,0,0,0,on_schedule,0,0,synthetic
PROJ_0511,PROJ_0511_T02,road_marking_and_signage_installation,15,12,0,0,10000,0.38,1,0,0,1,on_schedule,0,0,synthetic
PROJ_0511,PROJ_0511_T03,sub_base_course_preparation,45,39,0,0,10000,0.38,0,0,0,2,on_schedule,0,0,synthetic
PROJ_0511,PROJ_0511_T04,guardrail_installation,25,30,5,5,10000,0.38,0,0,0,3,rain_monsoon,0,0,synthetic
PROJ_0512,PROJ_0512_T01,site_clearance_and_excavation,20,24,4,0,10000,0.2,1,0,0,0,land_acquisition,1,40000,synthetic
PROJ_0512,PROJ_0512_T02,bituminous_macadam_laying,30,25,0,3,10000,0.2,0,0,1,1,on_schedule,0,0,synthetic
PROJ_0512,PROJ_0512_T03,bridge_deck_construction,60,56,0,7,10000,0.2,1,0,0,2,on_schedule,0,0,synthetic
PROJ_0512,PROJ_0512_T04,road_marking_and_signage_installation,15,15,0,0,10000,0.2,0,0,0,3,on_schedule,0,0,synthetic
PROJ_0513,PROJ_0513_T01,bituminous_macadam_laying,30,29,0,3,10000,0.17,0,0,0,0,on_schedule,0,0,synthetic
PROJ_0513,PROJ_0513_T02,road_marking_and_signage_installation,15,14,0,0,10000,0.17,1,0,0,1,on_schedule,0,0,synthetic
PROJ_0513,PROJ_0513_T03,sub_base_course_preparation,45,45,0,0,10000,0.17,1,0,0,2,on_schedule,0,0,synthetic
PROJ_0513,PROJ_0513_T04,guardrail_installation,25,22,0,5,10000,0.17,1,0,0,3,on_schedule,0,0,synthetic
PROJ_0513,PROJ_0513_T05,bridge_deck_construction,60,60,0,7,10000,0.17,0,0,0,4,on_schedule,0,0,synthetic
PROJ_0513,PROJ_0513_T06,site_clearance_and_excavation,20,19,0,0,10000,0.17,0,0,0,5,on_schedule,0,0,synthetic
PROJ_0514,PROJ_0514_T01,bituminous_macadam_laying,30,40,10,3,10000,0.24,1,1,0,0,material_shortage,1,70000,synthetic
PROJ_0514,PROJ_0514_T02,sub_base_course_preparation,45,68,23,0,10000,0.24,1,0,1,1,equipment_breakdown,1,230000,synthetic
PROJ_0514,PROJ_0514_T03,site_clearance_and_excavation,20,19,0,0,10000,0.24,1,0,1,2,on_schedule,0,0,synthetic
PROJ_0515,PROJ_0515_T01,guardrail_installation,25,25,0,5,10000,0.59,1,0,0,0,on_schedule,0,0,synthetic
PROJ_0515,PROJ_0515_T02,sub_base_course_preparation,45,38,0,0,10000,0.59,0,0,0,1,on_schedule,0,0,synthetic
PROJ_0515,PROJ_0515_T03,road_marking_and_signage_installation,15,14,0,0,10000,0.59,1,0,0,2,on_schedule,0,0,synthetic
PROJ_0516,PROJ_0516_T01,bridge_deck_construction,60,58,0,7,10000,0.24,1,0,0,0,on_schedule,0,0,synthetic
PROJ_0516,PROJ_0516_T02,guardrail_installation,25,23,0,5,10000,0.24,0,0,0,1,on_schedule,0,0,synthetic
PROJ_0516,PROJ_0516_T03,site_clearance_and_excavation,20,20,0,0,10000,0.24,1,0,0,2,on_schedule,0,0,synthetic
PROJ_0516,PROJ_0516_T04,bituminous_macadam_laying,30,41,11,3,10000,0.24,1,0,0,3,utility_shifting,1,80000,synthetic
PROJ_0517,PROJ_0517_T01,bridge_deck_construction,60,67,7,7,10000,0.12,1,0,0,0,subcontractor_failure,0,0,synthetic
PROJ_0517,PROJ_0517_T02,road_marking_and_signage_installation,15,13,0,0,10000,0.12,0,0,1,1,on_schedule,0,0,synthetic
PROJ_0517,PROJ_0517_T03,sub_base_course_preparation,45,57,12,0,10000,0.12,1,0,0,2,design_change,1,120000,synthetic
PROJ_0518,PROJ_0518_T01,guardrail_installation,25,20,0,5,10000,0.13,1,0,0,0,on_schedule,0,0,synthetic
PROJ_0518,PROJ_0518_T02,bituminous_macadam_laying,30,28,0,3,10000,0.13,0,0,0,1,on_schedule,0,0,synthetic
PROJ_0518,PROJ_0518_T03,sub_base_course_preparation,45,41,0,0,10000,0.13,0,0,0,2,on_schedule,0,0,synthetic
PROJ_0519,PROJ_0519_T01,bridge_deck_construction,60,52,0,7,10000,0.29,0,0,0,0,on_schedule,0,0,synthetic
PROJ_0519,PROJ_0519_T02,sub_base_course_preparation,45,56,11,0,10000,0.29,0,0,0,1,design_change,1,110000,synthetic
PROJ_0519,PROJ_0519_T03,road_marking_and_signage_installation,15,16,1,0,10000,0.29,0,0,1,2,rain_monsoon,1,10000,synthetic
PROJ_0519,PROJ_0519_T04,bituminous_macadam_laying,30,35,5,3,10000,0.29,1,1,1,3,material_shortage,1,20000,synthetic
PROJ_0519,PROJ_0519_T05,site_clearance_and_excavation,20,20,0,0,10000,0.29,0,0,1,4,on_schedule,0,0,synthetic
PROJ_0519,PROJ_0519_T06,guardrail_installation,25,25,0,5,10000,0.29,1,0,0,5,on_schedule,0,0,synthetic
PROJ_0520,PROJ_0520_T01,sub_base_course_preparation,45,44,0,0,10000,0.52,0,0,0,0,on_schedule,0,0,synthetic
PROJ_0520,PROJ_0520_T02,site_clearance_and_excavation,20,19,0,0,10000,0.52,1,0,0,1,on_schedule,0,0,synthetic
PROJ_0520,PROJ_0520_T03,guardrail_installation,25,20,0,5,10000,0.52,0,0,0,2,on_schedule,0,0,synthetic
PROJ_0520,PROJ_0520_T04,road_marking_and_signage_installation,15,24,9,0,10000,0.52,0,0,0,3,land_acquisition,1,90000,synthetic
PROJ_0521,PROJ_0521_T01,bituminous_macadam_laying,30,40,10,3,10000,0.35,1,0,0,0,land_acquisition,1,70000,synthetic
PROJ_0521,PROJ_0521_T02,sub_base_course_preparation,45,37,0,0,10000,0.35,0,0,1,1,on_schedule,0,0,synthetic
PROJ_0521,PROJ_0521_T03,guardrail_installation,25,20,0,5,10000,0.35,0,0,0,2,on_schedule,0,0,synthetic
PROJ_0522,PROJ_0522_T01,bituminous_macadam_laying,30,26,0,3,10000,0.3,0,0,0,0,on_schedule,0,0,synthetic
PROJ_0522,PROJ_0522_T02,sub_base_course_preparation,45,72,27,0,10000,0.3,0,0,0,1,land_acquisition,1,270000,synthetic
PROJ_0522,PROJ_0522_T03,bridge_deck_construction,60,60,0,7,10000,0.3,0,0,1,2,on_schedule,0,0,synthetic
PROJ_0522,PROJ_0522_T04,guardrail_installation,25,43,18,5,10000,0.3,0,0,0,3,utility_shifting,1,130000,synthetic
PROJ_0522,PROJ_0522_T05,road_marking_and_signage_installation,15,17,2,0,10000,0.3,1,1,1,4,material_shortage,1,20000,synthetic
PROJ_0523,PROJ_0523_T01,sub_base_course_preparation,45,43,0,0,10000,0.57,0,0,0,0,on_schedule,0,0,synthetic
PROJ_0523,PROJ_0523_T02,bridge_deck_construction,60,63,3,7,10000,0.57,0,0,0,1,rain_monsoon,0,0,synthetic
PROJ_0523,PROJ_0523_T03,bituminous_macadam_laying,30,25,0,3,10000,0.57,1,0,1,2,on_schedule,0,0,synthetic
PROJ_0524,PROJ_0524_T01,road_marking_and_signage_installation,15,12,0,0,10000,0.34,1,0,0,0,on_schedule,0,0,synthetic
PROJ_0524,PROJ_0524_T02,bituminous_macadam_laying,30,43,13,3,10000,0.34,1,0,0,1,equipment_breakdown,1,100000,synthetic
PROJ_0524,PROJ_0524_T03,sub_base_course_preparation,45,44,0,0,10000,0.34,0,0,1,2,on_schedule,0,0,synthetic
PROJ_0524,PROJ_0524_T04,site_clearance_and_excavation,20,24,4,0,10000,0.34,1,0,0,3,utility_shifting,1,40000,synthetic
PROJ_0524,PROJ_0524_T05,guardrail_installation,25,39,14,5,10000,0.34,0,1,1,4,material_shortage,1,90000,synthetic
PROJ_0524,PROJ_0524_T06,bridge_deck_construction,60,98,38,7,10000,0.34,0,1,1,5,material_shortage,1,310000,synthetic
PROJ_0525,PROJ_0525_T01,sub_base_course_preparation,45,54,9,0,10000,0.47,0,0,0,0,subcontractor_failure,1,90000,synthetic
PROJ_0525,PROJ_0525_T02,bridge_deck_construction,60,53,0,7,10000,0.47,1,0,1,1,on_schedule,0,0,synthetic
PROJ_0525,PROJ_0525_T03,bituminous_macadam_laying,30,25,0,3,10000,0.47,1,0,0,2,on_schedule,0,0,synthetic
PROJ_0525,PROJ_0525_T04,site_clearance_and_excavation,20,33,13,0,10000,0.47,0,0,0,3,subcontractor_failure,1,130000,synthetic
PROJ_0525,PROJ_0525_T05,guardrail_installation,25,20,0,5,10000,0.47,1,0,1,4,on_schedule,0,0,synthetic
PROJ_0525,PROJ_0525_T06,road_marking_and_signage_installation,15,13,0,0,10000,0.47,1,0,0,5,on_schedule,0,0,synthetic
PROJ_0526,PROJ_0526_T01,road_marking_and_signage_installation,15,13,0,0,10000,0.55,1,0,0,0,on_schedule,0,0,synthetic
PROJ_0526,PROJ_0526_T02,site_clearance_and_excavation,20,20,0,0,10000,0.55,0,0,0,1,on_schedule,0,0,synthetic
PROJ_0526,PROJ_0526_T03,guardrail_installation,25,39,14,5,10000,0.55,1,0,0,2,subcontractor_failure,1,90000,synthetic
PROJ_0526,PROJ_0526_T04,bridge_deck_construction,60,69,9,7,10000,0.55,1,0,1,3,labour_dispute,1,20000,synthetic
PROJ_0526,PROJ_0526_T05,sub_base_course_preparation,45,39,0,0,10000,0.55,0,0,1,4,on_schedule,0,0,synthetic
PROJ_0527,PROJ_0527_T01,road_marking_and_signage_installation,15,15,0,0,10000,0.46,0,0,0,0,on_schedule,0,0,synthetic
PROJ_0527,PROJ_0527_T02,bituminous_macadam_laying,30,32,2,3,10000,0.46,1,0,0,1,land_acquisition,0,0,synthetic
PROJ_0527,PROJ_0527_T03,bridge_deck_construction,60,52,0,7,10000,0.46,0,0,1,2,on_schedule,0,0,synthetic
PROJ_0527,PROJ_0527_T04,guardrail_installation,25,45,20,5,10000,0.46,1,0,0,3,design_change,1,150000,synthetic
PROJ_0527,PROJ_0527_T05,site_clearance_and_excavation,20,33,13,0,10000,0.46,1,0,1,4,design_change,1,130000,synthetic
PROJ_0528,PROJ_0528_T01,site_clearance_and_excavation,20,18,0,0,10000,0.21,0,0,0,0,on_schedule,0,0,synthetic
PROJ_0528,PROJ_0528_T02,road_marking_and_signage_installation,15,14,0,0,10000,0.21,0,0,0,1,on_schedule,0,0,synthetic
PROJ_0528,PROJ_0528_T03,bridge_deck_construction,60,60,0,7,10000,0.21,1,0,0,2,on_schedule,0,0,synthetic
PROJ_0529,PROJ_0529_T01,sub_base_course_preparation,45,36,0,0,10000,0.51,0,0,0,0,on_schedule,0,0,synthetic
PROJ_0529,PROJ_0529_T02,road_marking_and_signage_installation,15,14,0,0,10000,0.51,1,0,0,1,on_schedule,0,0,synthetic
PROJ_0529,PROJ_0529_T03,bituminous_macadam_laying,30,29,0,3,10000,0.51,1,0,0,2,on_schedule,0,0,synthetic
PROJ_0529,PROJ_0529_T04,bridge_deck_construction,60,85,25,7,10000,0.51,0,0,0,3,subcontractor_failure,1,180000,synthetic
PROJ_0529,PROJ_0529_T05,guardrail_installation,25,26,1,5,10000,0.51,1,0,1,4,land_acquisition,0,0,synthetic
PROJ_0530,PROJ_0530_T01,sub_base_course_preparation,45,36,0,0,10000,0.6,1,0,0,0,on_schedule,0,0,synthetic
PROJ_0530,PROJ_0530_T02,guardrail_installation,25,25,0,5,10000,0.6,1,0,0,1,on_schedule,0,0,synthetic
PROJ_0530,PROJ_0530_T03,bridge_deck_construction,60,60,0,7,10000,0.6,0,0,0,2,on_schedule,0,0,synthetic
PROJ_0531,PROJ_0531_T01,bridge_deck_construction,60,55,0,7,10000,0.25,1,0,0,0,on_schedule,0,0,synthetic
PROJ_0531,PROJ_0531_T02,guardrail_installation,25,26,1,5,10000,0.25,0,0,0,1,subcontractor_failure,0,0,synthetic
PROJ_0531,PROJ_0531_T03,sub_base_course_preparation,45,43,0,0,10000,0.25,0,0,1,2,on_schedule,0,0,synthetic
PROJ_0532,PROJ_0532_T01,bituminous_macadam_laying,30,30,0,3,10000,0.13,1,0,0,0,on_schedule,0,0,synthetic
PROJ_0532,PROJ_0532_T02,guardrail_installation,25,23,0,5,10000,0.13,0,0,0,1,on_schedule,0,0,synthetic
PROJ_0532,PROJ_0532_T03,sub_base_course_preparation,45,38,0,0,10000,0.13,0,0,0,2,on_schedule,0,0,synthetic
PROJ_0532,PROJ_0532_T04,bridge_deck_construction,60,58,0,7,10000,0.13,0,0,0,3,on_schedule,0,0,synthetic
PROJ_0532,PROJ_0532_T05,road_marking_and_signage_installation,15,26,11,0,10000,0.13,0,1,0,4,material_shortage,1,110000,synthetic
PROJ_0532,PROJ_0532_T06,site_clearance_and_excavation,20,19,0,0,10000,0.13,1,0,1,5,on_schedule,0,0,synthetic
PROJ_0533,PROJ_0533_T01,road_marking_and_signage_installation,15,12,0,0,10000,0.38,1,0,0,0,on_schedule,0,0,synthetic
PROJ_0533,PROJ_0533_T02,bituminous_macadam_laying,30,24,0,3,10000,0.38,0,0,0,1,on_schedule,0,0,synthetic
PROJ_0533,PROJ_0533_T03,guardrail_installation,25,20,0,5,10000,0.38,1,0,0,2,on_schedule,0,0,synthetic
PROJ_0534,PROJ_0534_T01,road_marking_and_signage_installation,15,15,0,0,10000,0.36,0,0,0,0,on_schedule,0,0,synthetic
PROJ_0534,PROJ_0534_T02,bridge_deck_construction,60,52,0,7,10000,0.36,0,0,0,1,on_schedule,0,0,synthetic
PROJ_0534,PROJ_0534_T03,guardrail_installation,25,45,20,5,10000,0.36,1,0,0,2,utility_shifting,1,150000,synthetic
PROJ_0535,PROJ_0535_T01,guardrail_installation,25,22,0,5,10000,0.55,0,0,0,0,on_schedule,0,0,synthetic
PROJ_0535,PROJ_0535_T02,site_clearance_and_excavation,20,16,0,0,10000,0.55,0,0,0,1,on_schedule,0,0,synthetic
PROJ_0535,PROJ_0535_T03,bridge_deck_construction,60,60,0,7,10000,0.55,1,0,0,2,on_schedule,0,0,synthetic
PROJ_0535,PROJ_0535_T04,sub_base_course_preparation,45,44,0,0,10000,0.55,1,0,0,3,on_schedule,0,0,synthetic
PROJ_0535,PROJ_0535_T05,bituminous_macadam_laying,30,27,0,3,10000,0.55,0,0,0,4,on_schedule,0,0,synthetic
PROJ_0535,PROJ_0535_T06,road_marking_and_signage_installation,15,13,0,0,10000,0.55,1,0,0,5,on_schedule,0,0,synthetic
PROJ_0536,PROJ_0536_T01,road_marking_and_signage_installation,15,12,0,0,10000,0.58,0,0,0,0,on_schedule,0,0,synthetic
PROJ_0536,PROJ_0536_T02,sub_base_course_preparation,45,44,0,0,10000,0.58,1,0,0,1,on_schedule,0,0,synthetic
PROJ_0536,PROJ_0536_T03,site_clearance_and_excavation,20,27,7,0,10000,0.58,0,0,0,2,land_acquisition,1,70000,synthetic
PROJ_0537,PROJ_0537_T01,guardrail_installation,25,23,0,5,10000,0.22,1,0,0,0,on_schedule,0,0,synthetic
PROJ_0537,PROJ_0537_T02,road_marking_and_signage_installation,15,14,0,0,10000,0.22,0,0,0,1,on_schedule,0,0,synthetic
PROJ_0537,PROJ_0537_T03,site_clearance_and_excavation,20,19,0,0,10000,0.22,0,0,0,2,on_schedule,0,0,synthetic
PROJ_0537,PROJ_0537_T04,sub_base_course_preparation,45,42,0,0,10000,0.22,0,0,0,3,on_schedule,0,0,synthetic
PROJ_0537,PROJ_0537_T05,bituminous_macadam_laying,30,30,0,3,10000,0.22,0,0,0,4,on_schedule,0,0,synthetic
PROJ_0538,PROJ_0538_T01,site_clearance_and_excavation,20,18,0,0,10000,0.49,1,0,0,0,on_schedule,0,0,synthetic
PROJ_0538,PROJ_0538_T02,sub_base_course_preparation,45,37,0,0,10000,0.49,1,0,0,1,on_schedule,0,0,synthetic
PROJ_0538,PROJ_0538_T03,road_marking_and_signage_installation,15,13,0,0,10000,0.49,1,0,0,2,on_schedule,0,0,synthetic
PROJ_0538,PROJ_0538_T04,guardrail_installation,25,21,0,5,10000,0.49,0,0,0,3,on_schedule,0,0,synthetic
PROJ_0539,PROJ_0539_T01,bituminous_macadam_laying,30,32,2,3,10000,0.11,0,0,0,0,design_change,0,0,synthetic
PROJ_0539,PROJ_0539_T02,site_clearance_and_excavation,20,16,0,0,10000,0.11,0,0,1,1,on_schedule,0,0,synthetic
PROJ_0539,PROJ_0539_T03,guardrail_installation,25,24,0,5,10000,0.11,1,0,0,2,on_schedule,0,0,synthetic
PROJ_0539,PROJ_0539_T04,sub_base_course_preparation,45,41,0,0,10000,0.11,0,0,0,3,on_schedule,0,0,synthetic
PROJ_0539,PROJ_0539_T05,road_marking_and_signage_installation,15,13,0,0,10000,0.11,1,0,0,4,on_schedule,0,0,synthetic
PROJ_0539,PROJ_0539_T06,bridge_deck_construction,60,82,22,7,10000,0.11,0,0,0,5,rain_monsoon,1,150000,synthetic
PROJ_0540,PROJ_0540_T01,guardrail_installation,25,25,0,5,10000,0.47,1,0,0,0,on_schedule,0,0,synthetic
PROJ_0540,PROJ_0540_T02,site_clearance_and_excavation,20,19,0,0,10000,0.47,0,0,0,1,on_schedule,0,0,synthetic
PROJ_0540,PROJ_0540_T03,sub_base_course_preparation,45,45,0,0,10000,0.47,0,0,0,2,on_schedule,0,0,synthetic
PROJ_0541,PROJ_0541_T01,sub_base_course_preparation,45,42,0,0,10000,0.55,1,0,0,0,on_schedule,0,0,synthetic
PROJ_0541,PROJ_0541_T02,bridge_deck_construction,60,56,0,7,10000,0.55,1,0,0,1,on_schedule,0,0,synthetic
PROJ_0541,PROJ_0541_T03,guardrail_installation,25,20,0,5,10000,0.55,0,0,0,2,on_schedule,0,0,synthetic
PROJ_0541,PROJ_0541_T04,site_clearance_and_excavation,20,31,11,0,10000,0.55,1,1,0,3,material_shortage,1,110000,synthetic
PROJ_0542,PROJ_0542_T01,guardrail_installation,25,22,0,5,10000,0.26,1,0,0,0,on_schedule,0,0,synthetic
PROJ_0542,PROJ_0542_T02,road_marking_and_signage_installation,15,20,5,0,10000,0.26,0,0,0,1,equipment_breakdown,1,50000,synthetic
PROJ_0542,PROJ_0542_T03,sub_base_course_preparation,45,43,0,0,10000,0.26,1,0,1,2,on_schedule,0,0,synthetic
PROJ_0542,PROJ_0542_T04,bituminous_macadam_laying,30,36,6,3,10000,0.26,1,0,0,3,land_acquisition,1,30000,synthetic
PROJ_0542,PROJ_0542_T05,bridge_deck_construction,60,60,0,7,10000,0.26,0,0,1,4,on_schedule,0,0,synthetic
PROJ_0543,PROJ_0543_T01,road_marking_and_signage_installation,15,13,0,0,10000,0.43,0,0,0,0,on_schedule,0,0,synthetic
PROJ_0543,PROJ_0543_T02,bituminous_macadam_laying,30,24,0,3,10000,0.43,0,0,0,1,on_schedule,0,0,synthetic
PROJ_0543,PROJ_0543_T03,bridge_deck_construction,60,62,2,7,10000,0.43,0,0,0,2,utility_shifting,0,0,synthetic
PROJ_0543,PROJ_0543_T04,guardrail_installation,25,44,19,5,10000,0.43,1,0,1,3,design_change,1,140000,synthetic
PROJ_0544,PROJ_0544_T01,guardrail_installation,25,23,0,5,10000,0.52,1,0,0,0,on_schedule,0,0,synthetic
PROJ_0544,PROJ_0544_T02,bituminous_macadam_laying,30,35,5,3,10000,0.52,0,0,0,1,land_acquisition,1,20000,synthetic
PROJ_0544,PROJ_0544_T03,sub_base_course_preparation,45,37,0,0,10000,0.52,0,0,1,2,on_schedule,0,0,synthetic
PROJ_0544,PROJ_0544_T04,road_marking_and_signage_installation,15,14,0,0,10000,0.52,0,0,0,3,on_schedule,0,0,synthetic
PROJ_0545,PROJ_0545_T01,bridge_deck_construction,60,48,0,7,10000,0.24,1,0,0,0,on_schedule,0,0,synthetic
PROJ_0545,PROJ_0545_T02,sub_base_course_preparation,45,66,21,0,10000,0.24,0,0,0,1,labour_dispute,1,210000,synthetic
PROJ_0545,PROJ_0545_T03,bituminous_macadam_laying,30,29,0,3,10000,0.24,0,0,1,2,on_schedule,0,0,synthetic
PROJ_0545,PROJ_0545_T04,guardrail_installation,25,44,19,5,10000,0.24,0,0,0,3,design_change,1,140000,synthetic
PROJ_0545,PROJ_0545_T05,road_marking_and_signage_installation,15,14,0,0,10000,0.24,1,0,1,4,on_schedule,0,0,synthetic
PROJ_0546,PROJ_0546_T01,road_marking_and_signage_installation,15,17,2,0,10000,0.34,0,0,0,0,labour_dispute,1,20000,synthetic
PROJ_0546,PROJ_0546_T02,site_clearance_and_excavation,20,19,0,0,10000,0.34,0,0,1,1,on_schedule,0,0,synthetic
PROJ_0546,PROJ_0546_T03,guardrail_installation,25,20,0,5,10000,0.34,1,0,0,2,on_schedule,0,0,synthetic
PROJ_0546,PROJ_0546_T04,bituminous_macadam_laying,30,28,0,3,10000,0.34,1,0,0,3,on_schedule,0,0,synthetic
PROJ_0547,PROJ_0547_T01,site_clearance_and_excavation,20,18,0,0,10000,0.42,1,0,0,0,on_schedule,0,0,synthetic
PROJ_0547,PROJ_0547_T02,sub_base_course_preparation,45,42,0,0,10000,0.42,1,0,0,1,on_schedule,0,0,synthetic
PROJ_0547,PROJ_0547_T03,road_marking_and_signage_installation,15,14,0,0,10000,0.42,0,0,0,2,on_schedule,0,0,synthetic
PROJ_0547,PROJ_0547_T04,bridge_deck_construction,60,79,19,7,10000,0.42,1,0,0,3,design_change,1,120000,synthetic
PROJ_0548,PROJ_0548_T01,site_clearance_and_excavation,20,18,0,0,10000,0.22,1,0,0,0,on_schedule,0,0,synthetic
PROJ_0548,PROJ_0548_T02,bituminous_macadam_laying,30,30,0,3,10000,0.22,1,0,0,1,on_schedule,0,0,synthetic
PROJ_0548,PROJ_0548_T03,road_marking_and_signage_installation,15,15,0,0,10000,0.22,1,0,0,2,on_schedule,0,0,synthetic
PROJ_0548,PROJ_0548_T04,bridge_deck_construction,60,48,0,7,10000,0.22,1,0,0,3,on_schedule,0,0,synthetic
PROJ_0548,PROJ_0548_T05,guardrail_installation,25,32,7,5,10000,0.22,0,0,0,4,design_change,1,20000,synthetic
PROJ_0549,PROJ_0549_T01,guardrail_installation,25,20,0,5,10000,0.23,1,0,0,0,on_schedule,0,0,synthetic
PROJ_0549,PROJ_0549_T02,site_clearance_and_excavation,20,17,0,0,10000,0.23,1,0,0,1,on_schedule,0,0,synthetic
PROJ_0549,PROJ_0549_T03,sub_base_course_preparation,45,36,0,0,10000,0.23,1,0,0,2,on_schedule,0,0,synthetic
PROJ_0549,PROJ_0549_T04,road_marking_and_signage_installation,15,13,0,0,10000,0.23,0,0,0,3,on_schedule,0,0,synthetic
PROJ_0549,PROJ_0549_T05,bridge_deck_construction,60,60,0,7,10000,0.23,0,0,0,4,on_schedule,0,0,synthetic
PROJ_0550,PROJ_0550_T01,sub_base_course_preparation,45,41,0,0,10000,0.16,1,0,0,0,on_schedule,0,0,synthetic
PROJ_0550,PROJ_0550_T02,bituminous_macadam_laying,30,28,0,3,10000,0.16,0,0,0,1,on_schedule,0,0,synthetic
PROJ_0550,PROJ_0550_T03,bridge_deck_construction,60,56,0,7,10000,0.16,0,0,0,2,on_schedule,0,0,synthetic
PROJ_0550,PROJ_0550_T04,road_marking_and_signage_installation,15,13,0,0,10000,0.16,0,0,0,3,on_schedule,0,0,synthetic
PROJ_0550,PROJ_0550_T05,site_clearance_and_excavation,20,19,0,0,10000,0.16,0,0,0,4,on_schedule,0,0,synthetic
PROJ_0551,PROJ_0551_T01,guardrail_installation,25,20,0,5,10000,0.5,0,0,0,0,on_schedule,0,0,synthetic
PROJ_0551,PROJ_0551_T02,bridge_deck_construction,60,56,0,7,10000,0.5,0,0,0,1,on_schedule,0,0,synthetic
PROJ_0551,PROJ_0551_T03,site_clearance_and_excavation,20,19,0,0,10000,0.5,0,0,0,2,on_schedule,0,0,synthetic
PROJ_0551,PROJ_0551_T04,bituminous_macadam_laying,30,40,10,3,10000,0.5,0,1,0,3,material_shortage,1,70000,synthetic
PROJ_0551,PROJ_0551_T05,sub_base_course_preparation,45,39,0,0,10000,0.5,0,0,1,4,on_schedule,0,0,synthetic
PROJ_0552,PROJ_0552_T01,site_clearance_and_excavation,20,16,0,0,10000,0.47,0,0,0,0,on_schedule,0,0,synthetic
PROJ_0552,PROJ_0552_T02,bridge_deck_construction,60,59,0,7,10000,0.47,1,0,0,1,on_schedule,0,0,synthetic
PROJ_0552,PROJ_0552_T03,road_marking_and_signage_installation,15,27,12,0,10000,0.47,0,0,0,2,equipment_breakdown,1,120000,synthetic
PROJ_0552,PROJ_0552_T04,guardrail_installation,25,23,0,5,10000,0.47,0,0,1,3,on_schedule,0,0,synthetic
PROJ_0552,PROJ_0552_T05,sub_base_course_preparation,45,40,0,0,10000,0.47,1,0,0,4,on_schedule,0,0,synthetic
PROJ_0553,PROJ_0553_T01,bituminous_macadam_laying,30,29,0,3,10000,0.36,1,0,0,0,on_schedule,0,0,synthetic
PROJ_0553,PROJ_0553_T02,guardrail_installation,25,23,0,5,10000,0.36,0,0,0,1,on_schedule,0,0,synthetic
PROJ_0553,PROJ_0553_T03,sub_base_course_preparation,45,72,27,0,10000,0.36,1,0,0,2,land_acquisition,1,270000,synthetic
PROJ_0553,PROJ_0553_T04,road_marking_and_signage_installation,15,13,0,0,10000,0.36,1,0,1,3,on_schedule,0,0,synthetic
PROJ_0553,PROJ_0553_T05,bridge_deck_construction,60,92,32,7,10000,0.36,1,0,0,4,design_change,1,250000,synthetic
PROJ_0553,PROJ_0553_T06,site_clearance_and_excavation,20,16,0,0,10000,0.36,1,0,1,5,on_schedule,0,0,synthetic
PROJ_0554,PROJ_0554_T01,bituminous_macadam_laying,30,28,0,3,10000,0.39,0,0,0,0,on_schedule,0,0,synthetic
PROJ_0554,PROJ_0554_T02,site_clearance_and_excavation,20,18,0,0,10000,0.39,0,0,0,1,on_schedule,0,0,synthetic
PROJ_0554,PROJ_0554_T03,road_marking_and_signage_installation,15,12,0,0,10000,0.39,0,0,0,2,on_schedule,0,0,synthetic
PROJ_0554,PROJ_0554_T04,sub_base_course_preparation,45,39,0,0,10000,0.39,1,0,0,3,on_schedule,0,0,synthetic
PROJ_0555,PROJ_0555_T01,site_clearance_and_excavation,20,20,0,0,10000,0.14,0,0,0,0,on_schedule,0,0,synthetic
PROJ_0555,PROJ_0555_T02,sub_base_course_preparation,45,77,32,0,10000,0.14,1,0,0,1,land_acquisition,1,320000,synthetic
PROJ_0555,PROJ_0555_T03,bridge_deck_construction,60,53,0,7,10000,0.14,0,0,1,2,on_schedule,0,0,synthetic
PROJ_0555,PROJ_0555_T04,guardrail_installation,25,44,19,5,10000,0.14,0,0,0,3,design_change,1,140000,synthetic
PROJ_0556,PROJ_0556_T01,sub_base_course_preparation,45,43,0,0,10000,0.45,0,0,0,0,on_schedule,0,0,synthetic
PROJ_0556,PROJ_0556_T02,site_clearance_and_excavation,20,19,0,0,10000,0.45,0,0,0,1,on_schedule,0,0,synthetic
PROJ_0556,PROJ_0556_T03,bridge_deck_construction,60,60,0,7,10000,0.45,0,0,0,2,on_schedule,0,0,synthetic
PROJ_0556,PROJ_0556_T04,road_marking_and_signage_installation,15,27,12,0,10000,0.45,0,0,0,3,rain_monsoon,1,120000,synthetic
PROJ_0556,PROJ_0556_T05,bituminous_macadam_laying,30,34,4,3,10000,0.45,1,1,1,4,material_shortage,1,10000,synthetic
PROJ_0557,PROJ_0557_T01,sub_base_course_preparation,45,53,8,0,10000,0.19,1,0,0,0,design_change,1,80000,synthetic
PROJ_0557,PROJ_0557_T02,site_clearance_and_excavation,20,18,0,0,10000,0.19,1,0,1,1,on_schedule,0,0,synthetic
PROJ_0557,PROJ_0557_T03,road_marking_and_signage_installation,15,14,0,0,10000,0.19,0,0,0,2,on_schedule,0,0,synthetic
PROJ_0557,PROJ_0557_T04,guardrail_installation,25,42,17,5,10000,0.19,1,0,0,3,labour_dispute,1,120000,synthetic
PROJ_0557,PROJ_0557_T05,bridge_deck_construction,60,52,0,7,10000,0.19,1,0,1,4,on_schedule,0,0,synthetic
PROJ_0557,PROJ_0557_T06,bituminous_macadam_laying,30,26,0,3,10000,0.19,0,0,0,5,on_schedule,0,0,synthetic
PROJ_0558,PROJ_0558_T01,site_clearance_and_excavation,20,36,16,0,10000,0.36,0,0,0,0,rain_monsoon,1,160000,synthetic
PROJ_0558,PROJ_0558_T02,bituminous_macadam_laying,30,25,0,3,10000,0.36,0,0,1,1,on_schedule,0,0,synthetic
PROJ_0558,PROJ_0558_T03,guardrail_installation,25,24,0,5,10000,0.36,1,0,0,2,on_schedule,0,0,synthetic
PROJ_0558,PROJ_0558_T04,road_marking_and_signage_installation,15,12,0,0,10000,0.36,1,0,0,3,on_schedule,0,0,synthetic
PROJ_0559,PROJ_0559_T01,bridge_deck_construction,60,51,0,7,10000,0.13,1,0,0,0,on_schedule,0,0,synthetic
PROJ_0559,PROJ_0559_T02,sub_base_course_preparation,45,42,0,0,10000,0.13,1,0,0,1,on_schedule,0,0,synthetic
PROJ_0559,PROJ_0559_T03,road_marking_and_signage_installation,15,15,0,0,10000,0.13,1,0,0,2,on_schedule,0,0,synthetic
PROJ_0559,PROJ_0559_T04,site_clearance_and_excavation,20,17,0,0,10000,0.13,0,0,0,3,on_schedule,0,0,synthetic
PROJ_0560,PROJ_0560_T01,road_marking_and_signage_installation,15,13,0,0,10000,0.15,1,0,0,0,on_schedule,0,0,synthetic
PROJ_0560,PROJ_0560_T02,guardrail_installation,25,24,0,5,10000,0.15,1,0,0,1,on_schedule,0,0,synthetic
PROJ_0560,PROJ_0560_T03,bridge_deck_construction,60,59,0,7,10000,0.15,1,0,0,2,on_schedule,0,0,synthetic
PROJ_0560,PROJ_0560_T04,site_clearance_and_excavation,20,21,1,0,10000,0.15,0,0,0,3,labour_dispute,1,10000,synthetic
PROJ_0561,PROJ_0561_T01,sub_base_course_preparation,45,46,1,0,10000,0.56,0,0,0,0,utility_shifting,1,10000,synthetic
PROJ_0561,PROJ_0561_T02,road_marking_and_signage_installation,15,12,0,0,10000,0.56,0,0,1,1,on_schedule,0,0,synthetic
PROJ_0561,PROJ_0561_T03,bridge_deck_construction,60,55,0,7,10000,0.56,1,0,0,2,on_schedule,0,0,synthetic
PROJ_0562,PROJ_0562_T01,sub_base_course_preparation,45,43,0,0,10000,0.26,1,0,0,0,on_schedule,0,0,synthetic
PROJ_0562,PROJ_0562_T02,bituminous_macadam_laying,30,28,0,3,10000,0.26,1,0,0,1,on_schedule,0,0,synthetic
PROJ_0562,PROJ_0562_T03,road_marking_and_signage_installation,15,13,0,0,10000,0.26,0,0,0,2,on_schedule,0,0,synthetic
PROJ_0562,PROJ_0562_T04,guardrail_installation,25,22,0,5,10000,0.26,0,0,0,3,on_schedule,0,0,synthetic
PROJ_0562,PROJ_0562_T05,site_clearance_and_excavation,20,20,0,0,10000,0.26,1,0,0,4,on_schedule,0,0,synthetic
PROJ_0562,PROJ_0562_T06,bridge_deck_construction,60,60,0,7,10000,0.26,1,0,0,5,on_schedule,0,0,synthetic
PROJ_0563,PROJ_0563_T01,site_clearance_and_excavation,20,32,12,0,10000,0.38,1,0,0,0,subcontractor_failure,1,120000,synthetic
PROJ_0563,PROJ_0563_T02,guardrail_installation,25,21,0,5,10000,0.38,0,0,1,1,on_schedule,0,0,synthetic
PROJ_0563,PROJ_0563_T03,road_marking_and_signage_installation,15,13,0,0,10000,0.38,0,0,0,2,on_schedule,0,0,synthetic
PROJ_0564,PROJ_0564_T01,sub_base_course_preparation,45,37,0,0,10000,0.32,1,0,0,0,on_schedule,0,0,synthetic
PROJ_0564,PROJ_0564_T02,road_marking_and_signage_installation,15,12,0,0,10000,0.32,1,0,0,1,on_schedule,0,0,synthetic
PROJ_0564,PROJ_0564_T03,bituminous_macadam_laying,30,39,9,3,10000,0.32,1,0,0,2,subcontractor_failure,1,60000,synthetic
PROJ_0564,PROJ_0564_T04,guardrail_installation,25,34,9,5,10000,0.32,0,0,1,3,land_acquisition,1,40000,synthetic
PROJ_0565,PROJ_0565_T01,site_clearance_and_excavation,20,19,0,0,10000,0.53,0,0,0,0,on_schedule,0,0,synthetic
PROJ_0565,PROJ_0565_T02,sub_base_course_preparation,45,47,2,0,10000,0.53,0,0,0,1,equipment_breakdown,1,20000,synthetic
PROJ_0565,PROJ_0565_T03,bridge_deck_construction,60,50,0,7,10000,0.53,0,0,1,2,on_schedule,0,0,synthetic
PROJ_0566,PROJ_0566_T01,bituminous_macadam_laying,30,48,18,3,10000,0.52,0,0,0,0,land_acquisition,1,150000,synthetic
PROJ_0566,PROJ_0566_T02,bridge_deck_construction,60,59,0,7,10000,0.52,0,0,1,1,on_schedule,0,0,synthetic
PROJ_0566,PROJ_0566_T03,site_clearance_and_excavation,20,18,0,0,10000,0.52,0,0,0,2,on_schedule,0,0,synthetic
PROJ_0566,PROJ_0566_T04,guardrail_installation,25,24,0,5,10000,0.52,1,0,0,3,on_schedule,0,0,synthetic
PROJ_0566,PROJ_0566_T05,sub_base_course_preparation,45,42,0,0,10000,0.52,1,0,0,4,on_schedule,0,0,synthetic
PROJ_0566,PROJ_0566_T06,road_marking_and_signage_installation,15,12,0,0,10000,0.52,0,0,0,5,on_schedule,0,0,synthetic
PROJ_0567,PROJ_0567_T01,sub_base_course_preparation,45,48,3,0,10000,0.51,0,0,0,0,land_acquisition,1,30000,synthetic
PROJ_0567,PROJ_0567_T02,road_marking_and_signage_installation,15,15,0,0,10000,0.51,0,0,1,1,on_schedule,0,0,synthetic
PROJ_0567,PROJ_0567_T03,guardrail_installation,25,20,0,5,10000,0.51,1,0,0,2,on_schedule,0,0,synthetic
PROJ_0567,PROJ_0567_T04,bituminous_macadam_laying,30,42,12,3,10000,0.51,1,0,0,3,rain_monsoon,1,90000,synthetic
PROJ_0568,PROJ_0568_T01,bridge_deck_construction,60,66,6,7,10000,0.38,1,0,0,0,equipment_breakdown,0,0,synthetic
PROJ_0568,PROJ_0568_T02,bituminous_macadam_laying,30,24,0,3,10000,0.38,0,0,1,1,on_schedule,0,0,synthetic
PROJ_0568,PROJ_0568_T03,site_clearance_and_excavation,20,17,0,0,10000,0.38,1,0,0,2,on_schedule,0,0,synthetic
PROJ_0568,PROJ_0568_T04,sub_base_course_preparation,45,39,0,0,10000,0.38,1,0,0,3,on_schedule,0,0,synthetic
PROJ_0568,PROJ_0568_T05,guardrail_installation,25,25,0,5,10000,0.38,0,0,0,4,on_schedule,0,0,synthetic
PROJ_0568,PROJ_0568_T06,road_marking_and_signage_installation,15,13,0,0,10000,0.38,1,0,0,5,on_schedule,0,0,synthetic
PROJ_0569,PROJ_0569_T01,guardrail_installation,25,36,11,5,10000,0.29,0,0,0,0,design_change,1,60000,synthetic
PROJ_0569,PROJ_0569_T02,road_marking_and_signage_installation,15,14,0,0,10000,0.29,0,0,1,1,on_schedule,0,0,synthetic
PROJ_0569,PROJ_0569_T03,bridge_deck_construction,60,79,19,7,10000,0.29,1,0,0,2,land_acquisition,1,120000,synthetic
PROJ_0570,PROJ_0570_T01,guardrail_installation,25,25,0,5,10000,0.15,0,0,0,0,on_schedule,0,0,synthetic
PROJ_0570,PROJ_0570_T02,sub_base_course_preparation,45,70,25,0,10000,0.15,0,0,0,1,equipment_breakdown,1,250000,synthetic
PROJ_0570,PROJ_0570_T03,bridge_deck_construction,60,54,0,7,10000,0.15,1,0,1,2,on_schedule,0,0,synthetic
PROJ_0570,PROJ_0570_T04,road_marking_and_signage_installation,15,14,0,0,10000,0.15,0,0,0,3,on_schedule,0,0,synthetic
PROJ_0570,PROJ_0570_T05,site_clearance_and_excavation,20,20,0,0,10000,0.15,1,0,0,4,on_schedule,0,0,synthetic
PROJ_0571,PROJ_0571_T01,road_marking_and_signage_installation,15,12,0,0,10000,0.36,0,0,0,0,on_schedule,0,0,synthetic
PROJ_0571,PROJ_0571_T02,guardrail_installation,25,25,0,5,10000,0.36,0,0,0,1,on_schedule,0,0,synthetic
PROJ_0571,PROJ_0571_T03,bridge_deck_construction,60,55,0,7,10000,0.36,1,0,0,2,on_schedule,0,0,synthetic
PROJ_0572,PROJ_0572_T01,bridge_deck_construction,60,48,0,7,10000,0.38,0,0,0,0,on_schedule,0,0,synthetic
PROJ_0572,PROJ_0572_T02,sub_base_course_preparation,45,41,0,0,10000,0.38,1,0,0,1,on_schedule,0,0,synthetic
PROJ_0572,PROJ_0572_T03,bituminous_macadam_laying,30,24,0,3,10000,0.38,0,0,0,2,on_schedule,0,0,synthetic
PROJ_0572,PROJ_0572_T04,road_marking_and_signage_installation,15,14,0,0,10000,0.38,0,0,0,3,on_schedule,0,0,synthetic
PROJ_0572,PROJ_0572_T05,site_clearance_and_excavation,20,17,0,0,10000,0.38,0,0,0,4,on_schedule,0,0,synthetic
PROJ_0573,PROJ_0573_T01,site_clearance_and_excavation,20,18,0,0,10000,0.5,1,0,0,0,on_schedule,0,0,synthetic
PROJ_0573,PROJ_0573_T02,sub_base_course_preparation,45,43,0,0,10000,0.5,1,0,0,1,on_schedule,0,0,synthetic
PROJ_0573,PROJ_0573_T03,bridge_deck_construction,60,51,0,7,10000,0.5,0,0,0,2,on_schedule,0,0,synthetic
PROJ_0573,PROJ_0573_T04,guardrail_installation,25,22,0,5,10000,0.5,1,0,0,3,on_schedule,0,0,synthetic
PROJ_0573,PROJ_0573_T05,road_marking_and_signage_installation,15,13,0,0,10000,0.5,0,0,0,4,on_schedule,0,0,synthetic
PROJ_0573,PROJ_0573_T06,bituminous_macadam_laying,30,28,0,3,10000,0.5,0,0,0,5,on_schedule,0,0,synthetic
PROJ_0574,PROJ_0574_T01,guardrail_installation,25,21,0,5,10000,0.16,1,0,0,0,on_schedule,0,0,synthetic
PROJ_0574,PROJ_0574_T02,bituminous_macadam_laying,30,25,0,3,10000,0.16,1,0,0,1,on_schedule,0,0,synthetic
PROJ_0574,PROJ_0574_T03,sub_base_course_preparation,45,55,10,0,10000,0.16,0,0,0,2,labour_dispute,1,100000,synthetic
PROJ_0574,PROJ_0574_T04,road_marking_and_signage_installation,15,12,0,0,10000,0.16,0,0,1,3,on_schedule,0,0,synthetic
PROJ_0575,PROJ_0575_T01,site_clearance_and_excavation,20,18,0,0,10000,0.53,0,0,0,0,on_schedule,0,0,synthetic
PROJ_0575,PROJ_0575_T02,bituminous_macadam_laying,30,26,0,3,10000,0.53,0,0,0,1,on_schedule,0,0,synthetic
PROJ_0575,PROJ_0575_T03,road_marking_and_signage_installation,15,15,0,0,10000,0.53,0,0,0,2,on_schedule,0,0,synthetic
PROJ_0575,PROJ_0575_T04,sub_base_course_preparation,45,42,0,0,10000,0.53,1,0,0,3,on_schedule,0,0,synthetic
PROJ_0576,PROJ_0576_T01,bituminous_macadam_laying,30,25,0,3,10000,0.48,1,0,0,0,on_schedule,0,0,synthetic
PROJ_0576,PROJ_0576_T02,site_clearance_and_excavation,20,18,0,0,10000,0.48,1,0,0,1,on_schedule,0,0,synthetic
PROJ_0576,PROJ_0576_T03,road_marking_and_signage_installation,15,12,0,0,10000,0.48,1,0,0,2,on_schedule,0,0,synthetic
PROJ_0576,PROJ_0576_T04,sub_base_course_preparation,45,45,0,0,10000,0.48,0,0,0,3,on_schedule,0,0,synthetic
PROJ_0577,PROJ_0577_T01,road_marking_and_signage_installation,15,12,0,0,10000,0.54,1,0,0,0,on_schedule,0,0,synthetic
PROJ_0577,PROJ_0577_T02,bridge_deck_construction,60,58,0,7,10000,0.54,0,0,0,1,on_schedule,0,0,synthetic
PROJ_0577,PROJ_0577_T03,guardrail_installation,25,32,7,5,10000,0.54,0,1,0,2,material_shortage,1,20000,synthetic
PROJ_0577,PROJ_0577_T04,sub_base_course_preparation,45,51,6,0,10000,0.54,1,0,1,3,utility_shifting,1,60000,synthetic
PROJ_0578,PROJ_0578_T01,guardrail_installation,25,20,0,5,10000,0.31,1,0,0,0,on_schedule,0,0,synthetic
PROJ_0578,PROJ_0578_T02,bridge_deck_construction,60,54,0,7,10000,0.31,0,0,0,1,on_schedule,0,0,synthetic
PROJ_0578,PROJ_0578_T03,site_clearance_and_excavation,20,37,17,0,10000,0.31,1,0,0,2,rain_monsoon,1,170000,synthetic
PROJ_0578,PROJ_0578_T04,sub_base_course_preparation,45,41,0,0,10000,0.31,0,0,1,3,on_schedule,0,0,synthetic
PROJ_0579,PROJ_0579_T01,bituminous_macadam_laying,30,51,21,3,10000,0.5,1,0,0,0,design_change,1,180000,synthetic
PROJ_0579,PROJ_0579_T02,road_marking_and_signage_installation,15,14,0,0,10000,0.5,1,0,1,1,on_schedule,0,0,synthetic
PROJ_0579,PROJ_0579_T03,guardrail_installation,25,29,4,5,10000,0.5,1,0,0,2,subcontractor_failure,0,0,synthetic
PROJ_0579,PROJ_0579_T04,bridge_deck_construction,60,59,0,7,10000,0.5,1,0,1,3,on_schedule,0,0,synthetic
PROJ_0579,PROJ_0579_T05,sub_base_course_preparation,45,41,0,0,10000,0.5,0,0,0,4,on_schedule,0,0,synthetic
PROJ_0579,PROJ_0579_T06,site_clearance_and_excavation,20,19,0,0,10000,0.5,1,0,0,5,on_schedule,0,0,synthetic
PROJ_0580,PROJ_0580_T01,guardrail_installation,25,24,0,5,10000,0.18,1,0,0,0,on_schedule,0,0,synthetic
PROJ_0580,PROJ_0580_T02,sub_base_course_preparation,45,43,0,0,10000,0.18,1,0,0,1,on_schedule,0,0,synthetic
PROJ_0580,PROJ_0580_T03,bridge_deck_construction,60,92,32,7,10000,0.18,1,0,0,2,subcontractor_failure,1,250000,synthetic
PROJ_0581,PROJ_0581_T01,bridge_deck_construction,60,58,0,7,10000,0.54,1,0,0,0,on_schedule,0,0,synthetic
PROJ_0581,PROJ_0581_T02,guardrail_installation,25,20,0,5,10000,0.54,1,0,0,1,on_schedule,0,0,synthetic
PROJ_0581,PROJ_0581_T03,sub_base_course_preparation,45,68,23,0,10000,0.54,0,0,0,2,design_change,1,230000,synthetic
PROJ_0582,PROJ_0582_T01,bridge_deck_construction,60,49,0,7,10000,0.26,0,0,0,0,on_schedule,0,0,synthetic
PROJ_0582,PROJ_0582_T02,bituminous_macadam_laying,30,35,5,3,10000,0.26,1,0,0,1,subcontractor_failure,1,20000,synthetic
PROJ_0582,PROJ_0582_T03,sub_base_course_preparation,45,41,0,0,10000,0.26,1,0,1,2,on_schedule,0,0,synthetic
PROJ_0582,PROJ_0582_T04,road_marking_and_signage_installation,15,13,0,0,10000,0.26,1,0,0,3,on_schedule,0,0,synthetic
PROJ_0582,PROJ_0582_T05,site_clearance_and_excavation,20,31,11,0,10000,0.26,0,0,0,4,utility_shifting,1,110000,synthetic
PROJ_0582,PROJ_0582_T06,guardrail_installation,25,29,4,5,10000,0.26,0,0,1,5,design_change,0,0,synthetic
PROJ_0583,PROJ_0583_T01,bridge_deck_construction,60,77,17,7,10000,0.56,1,0,0,0,rain_monsoon,1,100000,synthetic
PROJ_0583,PROJ_0583_T02,guardrail_installation,25,21,0,5,10000,0.56,1,0,1,1,on_schedule,0,0,synthetic
PROJ_0583,PROJ_0583_T03,site_clearance_and_excavation,20,20,0,0,10000,0.56,0,0,0,2,on_schedule,0,0,synthetic
PROJ_0583,PROJ_0583_T04,road_marking_and_signage_installation,15,12,0,0,10000,0.56,1,0,0,3,on_schedule,0,0,synthetic
PROJ_0583,PROJ_0583_T05,bituminous_macadam_laying,30,25,0,3,10000,0.56,1,0,0,4,on_schedule,0,0,synthetic
PROJ_0584,PROJ_0584_T01,road_marking_and_signage_installation,15,14,0,0,10000,0.47,1,0,0,0,on_schedule,0,0,synthetic
PROJ_0584,PROJ_0584_T02,guardrail_installation,25,32,7,5,10000,0.47,1,1,0,1,material_shortage,1,20000,synthetic
PROJ_0584,PROJ_0584_T03,bituminous_macadam_laying,30,26,0,3,10000,0.47,1,0,1,2,on_schedule,0,0,synthetic
PROJ_0584,PROJ_0584_T04,sub_base_course_preparation,45,41,0,0,10000,0.47,0,0,0,3,on_schedule,0,0,synthetic
PROJ_0584,PROJ_0584_T05,bridge_deck_construction,60,62,2,7,10000,0.47,0,0,0,4,utility_shifting,0,0,synthetic
PROJ_0585,PROJ_0585_T01,bridge_deck_construction,60,58,0,7,10000,0.41,1,0,0,0,on_schedule,0,0,synthetic
PROJ_0585,PROJ_0585_T02,sub_base_course_preparation,45,43,0,0,10000,0.41,0,0,0,1,on_schedule,0,0,synthetic
PROJ_0585,PROJ_0585_T03,site_clearance_and_excavation,20,18,0,0,10000,0.41,1,0,0,2,on_schedule,0,0,synthetic
PROJ_0586,PROJ_0586_T01,bridge_deck_construction,60,48,0,7,10000,0.18,0,0,0,0,on_schedule,0,0,synthetic
PROJ_0586,PROJ_0586_T02,site_clearance_and_excavation,20,20,0,0,10000,0.18,1,0,0,1,on_schedule,0,0,synthetic
PROJ_0586,PROJ_0586_T03,road_marking_and_signage_installation,15,27,12,0,10000,0.18,1,0,0,2,utility_shifting,1,120000,synthetic
PROJ_0586,PROJ_0586_T04,guardrail_installation,25,22,0,5,10000,0.18,1,0,1,3,on_schedule,0,0,synthetic
PROJ_0586,PROJ_0586_T05,bituminous_macadam_laying,30,24,0,3,10000,0.18,0,0,0,4,on_schedule,0,0,synthetic
PROJ_0586,PROJ_0586_T06,sub_base_course_preparation,45,38,0,0,10000,0.18,1,0,0,5,on_schedule,0,0,synthetic
PROJ_0587,PROJ_0587_T01,bituminous_macadam_laying,30,30,0,3,10000,0.31,0,0,0,0,on_schedule,0,0,synthetic
PROJ_0587,PROJ_0587_T02,guardrail_installation,25,32,7,5,10000,0.31,0,0,0,1,labour_dispute,1,20000,synthetic
PROJ_0587,PROJ_0587_T03,site_clearance_and_excavation,20,17,0,0,10000,0.31,0,0,1,2,on_schedule,0,0,synthetic
PROJ_0587,PROJ_0587_T04,bridge_deck_construction,60,59,0,7,10000,0.31,1,0,0,3,on_schedule,0,0,synthetic
PROJ_0587,PROJ_0587_T05,road_marking_and_signage_installation,15,14,0,0,10000,0.31,0,0,0,4,on_schedule,0,0,synthetic
PROJ_0587,PROJ_0587_T06,sub_base_course_preparation,45,45,0,0,10000,0.31,1,0,0,5,on_schedule,0,0,synthetic
PROJ_0588,PROJ_0588_T01,bridge_deck_construction,60,86,26,7,10000,0.49,1,0,0,0,subcontractor_failure,1,190000,synthetic
PROJ_0588,PROJ_0588_T02,bituminous_macadam_laying,30,27,0,3,10000,0.49,0,0,1,1,on_schedule,0,0,synthetic
PROJ_0588,PROJ_0588_T03,guardrail_installation,25,21,0,5,10000,0.49,1,0,0,2,on_schedule,0,0,synthetic
PROJ_0588,PROJ_0588_T04,site_clearance_and_excavation,20,31,11,0,10000,0.49,0,0,0,3,subcontractor_failure,1,110000,synthetic
PROJ_0588,PROJ_0588_T05,road_marking_and_signage_installation,15,12,0,0,10000,0.49,1,0,1,4,on_schedule,0,0,synthetic
PROJ_0589,PROJ_0589_T01,site_clearance_and_excavation,20,20,0,0,10000,0.59,0,0,0,0,on_schedule,0,0,synthetic
PROJ_0589,PROJ_0589_T02,road_marking_and_signage_installation,15,15,0,0,10000,0.59,0,0,0,1,on_schedule,0,0,synthetic
PROJ_0589,PROJ_0589_T03,bituminous_macadam_laying,30,25,0,3,10000,0.59,0,0,0,2,on_schedule,0,0,synthetic
PROJ_0589,PROJ_0589_T04,guardrail_installation,25,23,0,5,10000,0.59,0,0,0,3,on_schedule,0,0,synthetic
PROJ_0589,PROJ_0589_T05,bridge_deck_construction,60,48,0,7,10000,0.59,1,0,0,4,on_schedule,0,0,synthetic
PROJ_0589,PROJ_0589_T06,sub_base_course_preparation,45,39,0,0,10000,0.59,0,0,0,5,on_schedule,0,0,synthetic
PROJ_0590,PROJ_0590_T01,road_marking_and_signage_installation,15,17,2,0,10000,0.28,0,1,0,0,material_shortage,1,20000,synthetic
PROJ_0590,PROJ_0590_T02,bridge_deck_construction,60,55,0,7,10000,0.28,0,0,1,1,on_schedule,0,0,synthetic
PROJ_0590,PROJ_0590_T03,site_clearance_and_excavation,20,19,0,0,10000,0.28,0,0,0,2,on_schedule,0,0,synthetic
PROJ_0590,PROJ_0590_T04,guardrail_installation,25,23,0,5,10000,0.28,0,0,0,3,on_schedule,0,0,synthetic
PROJ_0590,PROJ_0590_T05,bituminous_macadam_laying,30,30,0,3,10000,0.28,1,0,0,4,on_schedule,0,0,synthetic
PROJ_0590,PROJ_0590_T06,sub_base_course_preparation,45,38,0,0,10000,0.28,0,0,0,5,on_schedule,0,0,synthetic
PROJ_0591,PROJ_0591_T01,bituminous_macadam_laying,30,24,0,3,10000,0.46,1,0,0,0,on_schedule,0,0,synthetic
PROJ_0591,PROJ_0591_T02,bridge_deck_construction,60,59,0,7,10000,0.46,0,0,0,1,on_schedule,0,0,synthetic
PROJ_0591,PROJ_0591_T03,sub_base_course_preparation,45,45,0,0,10000,0.46,0,0,0,2,on_schedule,0,0,synthetic
PROJ_0591,PROJ_0591_T04,guardrail_installation,25,25,0,5,10000,0.46,0,0,0,3,on_schedule,0,0,synthetic
PROJ_0591,PROJ_0591_T05,road_marking_and_signage_installation,15,22,7,0,10000,0.46,1,1,0,4,material_shortage,1,70000,synthetic
PROJ_0591,PROJ_0591_T06,site_clearance_and_excavation,20,20,0,0,10000,0.46,1,0,1,5,on_schedule,0,0,synthetic
PROJ_0592,PROJ_0592_T01,bituminous_macadam_laying,30,29,0,3,10000,0.49,1,0,0,0,on_schedule,0,0,synthetic
PROJ_0592,PROJ_0592_T02,road_marking_and_signage_installation,15,19,4,0,10000,0.49,0,0,0,1,subcontractor_failure,1,40000,synthetic
PROJ_0592,PROJ_0592_T03,guardrail_installation,25,36,11,5,10000,0.49,1,0,1,2,rain_monsoon,1,60000,synthetic
PROJ_0592,PROJ_0592_T04,site_clearance_and_excavation,20,19,0,0,10000,0.49,0,0,1,3,on_schedule,0,0,synthetic
PROJ_0592,PROJ_0592_T05,bridge_deck_construction,60,53,0,7,10000,0.49,1,0,0,4,on_schedule,0,0,synthetic
PROJ_0592,PROJ_0592_T06,sub_base_course_preparation,45,41,0,0,10000,0.49,1,0,0,5,on_schedule,0,0,synthetic
PROJ_0593,PROJ_0593_T01,sub_base_course_preparation,45,69,24,0,10000,0.38,1,0,0,0,utility_shifting,1,240000,synthetic
PROJ_0593,PROJ_0593_T02,bituminous_macadam_laying,30,29,0,3,10000,0.38,0,0,1,1,on_schedule,0,0,synthetic
PROJ_0593,PROJ_0593_T03,road_marking_and_signage_installation,15,14,0,0,10000,0.38,1,0,0,2,on_schedule,0,0,synthetic
PROJ_0593,PROJ_0593_T04,bridge_deck_construction,60,58,0,7,10000,0.38,1,0,0,3,on_schedule,0,0,synthetic
PROJ_0593,PROJ_0593_T05,site_clearance_and_excavation,20,25,5,0,10000,0.38,1,0,0,4,equipment_breakdown,1,50000,synthetic
PROJ_0594,PROJ_0594_T01,road_marking_and_signage_installation,15,14,0,0,10000,0.23,1,0,0,0,on_schedule,0,0,synthetic
PROJ_0594,PROJ_0594_T02,bituminous_macadam_laying,30,29,0,3,10000,0.23,1,0,0,1,on_schedule,0,0,synthetic
PROJ_0594,PROJ_0594_T03,bridge_deck_construction,60,50,0,7,10000,0.23,1,0,0,2,on_schedule,0,0,synthetic
PROJ_0594,PROJ_0594_T04,guardrail_installation,25,24,0,5,10000,0.23,1,0,0,3,on_schedule,0,0,synthetic
PROJ_0594,PROJ_0594_T05,site_clearance_and_excavation,20,19,0,0,10000,0.23,1,0,0,4,on_schedule,0,0,synthetic
PROJ_0594,PROJ_0594_T06,sub_base_course_preparation,45,44,0,0,10000,0.23,1,0,0,5,on_schedule,0,0,synthetic
PROJ_0595,PROJ_0595_T01,site_clearance_and_excavation,20,17,0,0,10000,0.34,0,0,0,0,on_schedule,0,0,synthetic
PROJ_0595,PROJ_0595_T02,bituminous_macadam_laying,30,50,20,3,10000,0.34,0,0,0,1,rain_monsoon,1,170000,synthetic
PROJ_0595,PROJ_0595_T03,sub_base_course_preparation,45,43,0,0,10000,0.34,0,0,1,2,on_schedule,0,0,synthetic
PROJ_0595,PROJ_0595_T04,road_marking_and_signage_installation,15,13,0,0,10000,0.34,0,0,0,3,on_schedule,0,0,synthetic
PROJ_0596,PROJ_0596_T01,site_clearance_and_excavation,20,20,0,0,10000,0.43,0,0,0,0,on_schedule,0,0,synthetic
PROJ_0596,PROJ_0596_T02,bituminous_macadam_laying,30,24,0,3,10000,0.43,1,0,0,1,on_schedule,0,0,synthetic
PROJ_0596,PROJ_0596_T03,guardrail_installation,25,21,0,5,10000,0.43,0,0,0,2,on_schedule,0,0,synthetic
PROJ_0596,PROJ_0596_T04,bridge_deck_construction,60,72,12,7,10000,0.43,0,0,0,3,labour_dispute,1,50000,synthetic
PROJ_0596,PROJ_0596_T05,sub_base_course_preparation,45,43,0,0,10000,0.43,0,0,1,4,on_schedule,0,0,synthetic
PROJ_0597,PROJ_0597_T01,guardrail_installation,25,32,7,5,10000,0.59,0,0,0,0,rain_monsoon,1,20000,synthetic
PROJ_0597,PROJ_0597_T02,sub_base_course_preparation,45,36,0,0,10000,0.59,0,0,1,1,on_schedule,0,0,synthetic
PROJ_0597,PROJ_0597_T03,bridge_deck_construction,60,98,38,7,10000,0.59,1,0,0,2,subcontractor_failure,1,310000,synthetic
PROJ_0598,PROJ_0598_T01,bituminous_macadam_laying,30,34,4,3,10000,0.37,0,0,0,0,subcontractor_failure,1,10000,synthetic
PROJ_0598,PROJ_0598_T02,guardrail_installation,25,20,0,5,10000,0.37,0,0,1,1,on_schedule,0,0,synthetic
PROJ_0598,PROJ_0598_T03,bridge_deck_construction,60,52,0,7,10000,0.37,0,0,0,2,on_schedule,0,0,synthetic
PROJ_0599,PROJ_0599_T01,bituminous_macadam_laying,30,44,14,3,10000,0.53,1,0,0,0,land_acquisition,1,110000,synthetic
PROJ_0599,PROJ_0599_T02,site_clearance_and_excavation,20,18,0,0,10000,0.53,1,0,1,1,on_schedule,0,0,synthetic
PROJ_0599,PROJ_0599_T03,road_marking_and_signage_installation,15,14,0,0,10000,0.53,1,0,0,2,on_schedule,0,0,synthetic
PROJ_0599,PROJ_0599_T04,guardrail_installation,25,21,0,5,10000,0.53,1,0,0,3,on_schedule,0,0,synthetic
PROJ_0599,PROJ_0599_T05,sub_base_course_preparation,45,65,20,0,10000,0.53,0,0,0,4,subcontractor_failure,1,200000,synthetic
PROJ_0599,PROJ_0599_T06,bridge_deck_construction,60,50,0,7,10000,0.53,1,0,1,5,on_schedule,0,0,synthetic
PROJ_0600,PROJ_0600_T01,sub_base_course_preparation,45,50,5,0,10000,0.26,1,0,0,0,design_change,1,50000,synthetic
PROJ_0600,PROJ_0600_T02,site_clearance_and_excavation,20,35,15,0,10000,0.26,0,0,1,1,utility_shifting,1,150000,synthetic
PROJ_0600,PROJ_0600_T03,bridge_deck_construction,60,67,7,7,10000,0.26,0,0,1,2,labour_dispute,0,0,synthetic
PROJ_0601,PROJ_0601_T01,guardrail_installation,25,21,0,5,10000,0.35,0,0,0,0,on_schedule,0,0,synthetic
PROJ_0601,PROJ_0601_T02,sub_base_course_preparation,45,39,0,0,10000,0.35,1,0,0,1,on_schedule,0,0,synthetic
PROJ_0601,PROJ_0601_T03,site_clearance_and_excavation,20,17,0,0,10000,0.35,0,0,0,2,on_schedule,0,0,synthetic
PROJ_0601,PROJ_0601_T04,bituminous_macadam_laying,30,28,0,3,10000,0.35,1,0,0,3,on_schedule,0,0,synthetic
PROJ_0601,PROJ_0601_T05,road_marking_and_signage_installation,15,15,0,0,10000,0.35,1,0,0,4,on_schedule,0,0,synthetic
PROJ_0602,PROJ_0602_T01,site_clearance_and_excavation,20,18,0,0,10000,0.57,1,0,0,0,on_schedule,0,0,synthetic
PROJ_0602,PROJ_0602_T02,guardrail_installation,25,23,0,5,10000,0.57,1,0,0,1,on_schedule,0,0,synthetic
PROJ_0602,PROJ_0602_T03,sub_base_course_preparation,45,36,0,0,10000,0.57,1,0,0,2,on_schedule,0,0,synthetic
PROJ_0602,PROJ_0602_T04,bituminous_macadam_laying,30,44,14,3,10000,0.57,0,0,0,3,utility_shifting,1,110000,synthetic
PROJ_0603,PROJ_0603_T01,bituminous_macadam_laying,30,24,0,3,10000,0.48,1,0,0,0,on_schedule,0,0,synthetic
PROJ_0603,PROJ_0603_T02,road_marking_and_signage_installation,15,15,0,0,10000,0.48,1,0,0,1,on_schedule,0,0,synthetic
PROJ_0603,PROJ_0603_T03,sub_base_course_preparation,45,39,0,0,10000,0.48,0,0,0,2,on_schedule,0,0,synthetic
PROJ_0603,PROJ_0603_T04,guardrail_installation,25,23,0,5,10000,0.48,1,0,0,3,on_schedule,0,0,synthetic
PROJ_0603,PROJ_0603_T05,site_clearance_and_excavation,20,28,8,0,10000,0.48,1,0,0,4,equipment_breakdown,1,80000,synthetic
PROJ_0603,PROJ_0603_T06,bridge_deck_construction,60,59,0,7,10000,0.48,1,0,1,5,on_schedule,0,0,synthetic
PROJ_0604,PROJ_0604_T01,site_clearance_and_excavation,20,20,0,0,10000,0.49,1,0,0,0,on_schedule,0,0,synthetic
PROJ_0604,PROJ_0604_T02,bridge_deck_construction,60,64,4,7,10000,0.49,1,0,0,1,utility_shifting,0,0,synthetic
PROJ_0604,PROJ_0604_T03,road_marking_and_signage_installation,15,15,0,0,10000,0.49,1,0,1,2,on_schedule,0,0,synthetic
PROJ_0605,PROJ_0605_T01,bridge_deck_construction,60,59,0,7,10000,0.34,1,0,0,0,on_schedule,0,0,synthetic
PROJ_0605,PROJ_0605_T02,bituminous_macadam_laying,30,30,0,3,10000,0.34,0,0,0,1,on_schedule,0,0,synthetic
PROJ_0605,PROJ_0605_T03,guardrail_installation,25,24,0,5,10000,0.34,0,0,0,2,on_schedule,0,0,synthetic
PROJ_0606,PROJ_0606_T01,guardrail_installation,25,22,0,5,10000,0.32,0,0,0,0,on_schedule,0,0,synthetic
PROJ_0606,PROJ_0606_T02,sub_base_course_preparation,45,50,5,0,10000,0.32,1,0,0,1,utility_shifting,1,50000,synthetic
PROJ_0606,PROJ_0606_T03,bridge_deck_construction,60,55,0,7,10000,0.32,0,0,1,2,on_schedule,0,0,synthetic
PROJ_0607,PROJ_0607_T01,road_marking_and_signage_installation,15,27,12,0,10000,0.26,1,0,0,0,land_acquisition,1,120000,synthetic
PROJ_0607,PROJ_0607_T02,site_clearance_and_excavation,20,16,0,0,10000,0.26,0,0,1,1,on_schedule,0,0,synthetic
PROJ_0607,PROJ_0607_T03,guardrail_installation,25,39,14,5,10000,0.26,1,0,0,2,design_change,1,90000,synthetic
PROJ_0607,PROJ_0607_T04,bridge_deck_construction,60,60,0,7,10000,0.26,0,0,1,3,on_schedule,0,0,synthetic
PROJ_0608,PROJ_0608_T01,sub_base_course_preparation,45,36,0,0,10000,0.56,1,0,0,0,on_schedule,0,0,synthetic
PROJ_0608,PROJ_0608_T02,guardrail_installation,25,23,0,5,10000,0.56,1,0,0,1,on_schedule,0,0,synthetic
PROJ_0608,PROJ_0608_T03,bituminous_macadam_laying,30,29,0,3,10000,0.56,0,0,0,2,on_schedule,0,0,synthetic
PROJ_0609,PROJ_0609_T01,sub_base_course_preparation,45,37,0,0,10000,0.38,1,0,0,0,on_schedule,0,0,synthetic
PROJ_0609,PROJ_0609_T02,bituminous_macadam_laying,30,25,0,3,10000,0.38,0,0,0,1,on_schedule,0,0,synthetic
PROJ_0609,PROJ_0609_T03,road_marking_and_signage_installation,15,15,0,0,10000,0.38,1,0,0,2,on_schedule,0,0,synthetic
PROJ_0610,PROJ_0610_T01,bridge_deck_construction,60,60,0,7,10000,0.33,1,0,0,0,on_schedule,0,0,synthetic
PROJ_0610,PROJ_0610_T02,road_marking_and_signage_installation,15,15,0,0,10000,0.33,1,0,0,1,on_schedule,0,0,synthetic
PROJ_0610,PROJ_0610_T03,guardrail_installation,25,38,13,5,10000,0.33,0,1,0,2,material_shortage,1,80000,synthetic
PROJ_0610,PROJ_0610_T04,bituminous_macadam_laying,30,44,14,3,10000,0.33,1,0,1,3,equipment_breakdown,1,110000,synthetic
PROJ_0610,PROJ_0610_T05,site_clearance_and_excavation,20,20,0,0,10000,0.33,1,0,1,4,on_schedule,0,0,synthetic
PROJ_0610,PROJ_0610_T06,sub_base_course_preparation,45,39,0,0,10000,0.33,1,0,0,5,on_schedule,0,0,synthetic
PROJ_0611,PROJ_0611_T01,road_marking_and_signage_installation,15,24,9,0,10000,0.19,0,1,0,0,material_shortage,1,90000,synthetic
PROJ_0611,PROJ_0611_T02,bridge_deck_construction,60,49,0,7,10000,0.19,1,0,1,1,on_schedule,0,0,synthetic
PROJ_0611,PROJ_0611_T03,guardrail_installation,25,21,0,5,10000,0.19,0,0,0,2,on_schedule,0,0,synthetic
PROJ_0611,PROJ_0611_T04,bituminous_macadam_laying,30,36,6,3,10000,0.19,1,0,0,3,design_change,1,30000,synthetic
PROJ_0612,PROJ_0612_T01,road_marking_and_signage_installation,15,15,0,0,10000,0.57,0,0,0,0,on_schedule,0,0,synthetic
PROJ_0612,PROJ_0612_T02,guardrail_installation,25,23,0,5,10000,0.57,0,0,0,1,on_schedule,0,0,synthetic
PROJ_0612,PROJ_0612_T03,bituminous_macadam_laying,30,29,0,3,10000,0.57,0,0,0,2,on_schedule,0,0,synthetic
PROJ_0612,PROJ_0612_T04,site_clearance_and_excavation,20,19,0,0,10000,0.57,1,0,0,3,on_schedule,0,0,synthetic
PROJ_0613,PROJ_0613_T01,site_clearance_and_excavation,20,27,7,0,10000,0.2,1,0,0,0,rain_monsoon,1,70000,synthetic
PROJ_0613,PROJ_0613_T02,sub_base_course_preparation,45,41,0,0,10000,0.2,1,0,1,1,on_schedule,0,0,synthetic
PROJ_0613,PROJ_0613_T03,bituminous_macadam_laying,30,25,0,3,10000,0.2,0,0,0,2,on_schedule,0,0,synthetic
PROJ_0613,PROJ_0613_T04,bridge_deck_construction,60,53,0,7,10000,0.2,1,0,0,3,on_schedule,0,0,synthetic
PROJ_0613,PROJ_0613_T05,guardrail_installation,25,29,4,5,10000,0.2,0,0,0,4,subcontractor_failure,0,0,synthetic
PROJ_0613,PROJ_0613_T06,road_marking_and_signage_installation,15,28,13,0,10000,0.2,1,0,1,5,design_change,1,130000,synthetic
PROJ_0614,PROJ_0614_T01,guardrail_installation,25,25,0,5,10000,0.28,1,0,0,0,on_schedule,0,0,synthetic
PROJ_0614,PROJ_0614_T02,bituminous_macadam_laying,30,53,23,3,10000,0.28,1,0,0,1,rain_monsoon,1,200000,synthetic
PROJ_0614,PROJ_0614_T03,site_clearance_and_excavation,20,16,0,0,10000,0.28,1,0,1,2,on_schedule,0,0,synthetic
PROJ_0615,PROJ_0615_T01,road_marking_and_signage_installation,15,23,8,0,10000,0.12,0,1,0,0,material_shortage,1,80000,synthetic
PROJ_0615,PROJ_0615_T02,bridge_deck_construction,60,51,0,7,10000,0.12,1,0,1,1,on_schedule,0,0,synthetic
PROJ_0615,PROJ_0615_T03,bituminous_macadam_laying,30,27,0,3,10000,0.12,0,0,0,2,on_schedule,0,0,synthetic
PROJ_0615,PROJ_0615_T04,site_clearance_and_excavation,20,17,0,0,10000,0.12,0,0,0,3,on_schedule,0,0,synthetic
PROJ_0615,PROJ_0615_T05,guardrail_installation,25,25,0,5,10000,0.12,0,0,0,4,on_schedule,0,0,synthetic
PROJ_0616,PROJ_0616_T01,bituminous_macadam_laying,30,29,0,3,10000,0.54,1,0,0,0,on_schedule,0,0,synthetic
PROJ_0616,PROJ_0616_T02,road_marking_and_signage_installation,15,14,0,0,10000,0.54,1,0,0,1,on_schedule,0,0,synthetic
PROJ_0616,PROJ_0616_T03,bridge_deck_construction,60,62,2,7,10000,0.54,0,0,0,2,utility_shifting,0,0,synthetic
PROJ_0616,PROJ_0616_T04,sub_base_course_preparation,45,36,0,0,10000,0.54,0,0,1,3,on_schedule,0,0,synthetic
PROJ_0616,PROJ_0616_T05,site_clearance_and_excavation,20,16,0,0,10000,0.54,1,0,0,4,on_schedule,0,0,synthetic
PROJ_0617,PROJ_0617_T01,bituminous_macadam_laying,30,24,0,3,10000,0.18,0,0,0,0,on_schedule,0,0,synthetic
PROJ_0617,PROJ_0617_T02,guardrail_installation,25,23,0,5,10000,0.18,1,0,0,1,on_schedule,0,0,synthetic
PROJ_0617,PROJ_0617_T03,road_marking_and_signage_installation,15,15,0,0,10000,0.18,0,0,0,2,on_schedule,0,0,synthetic
PROJ_0617,PROJ_0617_T04,bridge_deck_construction,60,60,0,7,10000,0.18,0,0,0,3,on_schedule,0,0,synthetic
PROJ_0618,PROJ_0618_T01,guardrail_installation,25,25,0,5,10000,0.34,0,0,0,0,on_schedule,0,0,synthetic
PROJ_0618,PROJ_0618_T02,road_marking_and_signage_installation,15,13,0,0,10000,0.34,0,0,0,1,on_schedule,0,0,synthetic
PROJ_0618,PROJ_0618_T03,bridge_deck_construction,60,69,9,7,10000,0.34,0,0,0,2,equipment_breakdown,1,20000,synthetic
PROJ_0618,PROJ_0618_T04,site_clearance_and_excavation,20,16,0,0,10000,0.34,1,0,1,3,on_schedule,0,0,synthetic
PROJ_0618,PROJ_0618_T05,sub_base_course_preparation,45,52,7,0,10000,0.34,0,0,0,4,labour_dispute,1,70000,synthetic
PROJ_0619,PROJ_0619_T01,bridge_deck_construction,60,56,0,7,10000,0.19,1,0,0,0,on_schedule,0,0,synthetic
PROJ_0619,PROJ_0619_T02,guardrail_installation,25,21,0,5,10000,0.19,1,0,0,1,on_schedule,0,0,synthetic
PROJ_0619,PROJ_0619_T03,sub_base_course_preparation,45,38,0,0,10000,0.19,0,0,0,2,on_schedule,0,0,synthetic
PROJ_0619,PROJ_0619_T04,site_clearance_and_excavation,20,19,0,0,10000,0.19,0,0,0,3,on_schedule,0,0,synthetic
PROJ_0619,PROJ_0619_T05,road_marking_and_signage_installation,15,13,0,0,10000,0.19,0,0,0,4,on_schedule,0,0,synthetic
PROJ_0620,PROJ_0620_T01,road_marking_and_signage_installation,15,23,8,0,10000,0.42,1,0,0,0,subcontractor_failure,1,80000,synthetic
PROJ_0620,PROJ_0620_T02,bridge_deck_construction,60,97,37,7,10000,0.42,1,0,1,1,design_change,1,300000,synthetic
PROJ_0620,PROJ_0620_T03,site_clearance_and_excavation,20,19,0,0,10000,0.42,1,0,1,2,on_schedule,0,0,synthetic
PROJ_0620,PROJ_0620_T04,sub_base_course_preparation,45,37,0,0,10000,0.42,1,0,0,3,on_schedule,0,0,synthetic
PROJ_0621,PROJ_0621_T01,road_marking_and_signage_installation,15,14,0,0,10000,0.27,1,0,0,0,on_schedule,0,0,synthetic
PROJ_0621,PROJ_0621_T02,guardrail_installation,25,37,12,5,10000,0.27,0,0,0,1,design_change,1,70000,synthetic
PROJ_0621,PROJ_0621_T03,sub_base_course_preparation,45,38,0,0,10000,0.27,0,0,1,2,on_schedule,0,0,synthetic
PROJ_0621,PROJ_0621_T04,bridge_deck_construction,60,90,30,7,10000,0.27,0,0,0,3,rain_monsoon,1,230000,synthetic
PROJ_0621,PROJ_0621_T05,site_clearance_and_excavation,20,18,0,0,10000,0.27,0,0,1,4,on_schedule,0,0,synthetic
PROJ_0622,PROJ_0622_T01,site_clearance_and_excavation,20,20,0,0,10000,0.25,0,0,0,0,on_schedule,0,0,synthetic
PROJ_0622,PROJ_0622_T02,sub_base_course_preparation,45,60,15,0,10000,0.25,0,1,0,1,material_shortage,1,150000,synthetic
PROJ_0622,PROJ_0622_T03,bituminous_macadam_laying,30,26,0,3,10000,0.25,0,0,1,2,on_schedule,0,0,synthetic
PROJ_0622,PROJ_0622_T04,guardrail_installation,25,24,0,5,10000,0.25,0,0,0,3,on_schedule,0,0,synthetic
PROJ_0622,PROJ_0622_T05,bridge_deck_construction,60,53,0,7,10000,0.25,0,0,0,4,on_schedule,0,0,synthetic
PROJ_0623,PROJ_0623_T01,bituminous_macadam_laying,30,50,20,3,10000,0.29,0,0,0,0,design_change,1,170000,synthetic
PROJ_0623,PROJ_0623_T02,road_marking_and_signage_installation,15,15,0,0,10000,0.29,1,0,1,1,on_schedule,0,0,synthetic
PROJ_0623,PROJ_0623_T03,sub_base_course_preparation,45,44,0,0,10000,0.29,1,0,0,2,on_schedule,0,0,synthetic
PROJ_0623,PROJ_0623_T04,guardrail_installation,25,23,0,5,10000,0.29,1,0,0,3,on_schedule,0,0,synthetic
PROJ_0624,PROJ_0624_T01,guardrail_installation,25,25,0,5,10000,0.46,1,0,0,0,on_schedule,0,0,synthetic
PROJ_0624,PROJ_0624_T02,bituminous_macadam_laying,30,50,20,3,10000,0.46,0,0,0,1,rain_monsoon,1,170000,synthetic
PROJ_0624,PROJ_0624_T03,sub_base_course_preparation,45,38,0,0,10000,0.46,0,0,1,2,on_schedule,0,0,synthetic
PROJ_0624,PROJ_0624_T04,road_marking_and_signage_installation,15,13,0,0,10000,0.46,0,0,0,3,on_schedule,0,0,synthetic
PROJ_0625,PROJ_0625_T01,bridge_deck_construction,60,49,0,7,10000,0.49,0,0,0,0,on_schedule,0,0,synthetic
PROJ_0625,PROJ_0625_T02,site_clearance_and_excavation,20,18,0,0,10000,0.49,0,0,0,1,on_schedule,0,0,synthetic
PROJ_0625,PROJ_0625_T03,sub_base_course_preparation,45,37,0,0,10000,0.49,0,0,0,2,on_schedule,0,0,synthetic
PROJ_0625,PROJ_0625_T04,guardrail_installation,25,30,5,5,10000,0.49,1,0,0,3,land_acquisition,0,0,synthetic
PROJ_0625,PROJ_0625_T05,bituminous_macadam_laying,30,34,4,3,10000,0.49,0,0,1,4,land_acquisition,1,10000,synthetic
PROJ_0625,PROJ_0625_T06,road_marking_and_signage_installation,15,15,0,0,10000,0.49,0,0,1,5,on_schedule,0,0,synthetic
PROJ_0626,PROJ_0626_T01,bituminous_macadam_laying,30,24,0,3,10000,0.25,1,0,0,0,on_schedule,0,0,synthetic
PROJ_0626,PROJ_0626_T02,sub_base_course_preparation,45,40,0,0,10000,0.25,0,0,0,1,on_schedule,0,0,synthetic
PROJ_0626,PROJ_0626_T03,site_clearance_and_excavation,20,19,0,0,10000,0.25,0,0,0,2,on_schedule,0,0,synthetic
PROJ_0626,PROJ_0626_T04,bridge_deck_construction,60,59,0,7,10000,0.25,1,0,0,3,on_schedule,0,0,synthetic
PROJ_0626,PROJ_0626_T05,guardrail_installation,25,21,0,5,10000,0.25,0,0,0,4,on_schedule,0,0,synthetic
PROJ_0626,PROJ_0626_T06,road_marking_and_signage_installation,15,27,12,0,10000,0.25,0,0,0,5,utility_shifting,1,120000,synthetic
PROJ_0627,PROJ_0627_T01,site_clearance_and_excavation,20,18,0,0,10000,0.52,1,0,0,0,on_schedule,0,0,synthetic
PROJ_0627,PROJ_0627_T02,bridge_deck_construction,60,53,0,7,10000,0.52,1,0,0,1,on_schedule,0,0,synthetic
PROJ_0627,PROJ_0627_T03,bituminous_macadam_laying,30,26,0,3,10000,0.52,1,0,0,2,on_schedule,0,0,synthetic
PROJ_0627,PROJ_0627_T04,guardrail_installation,25,29,4,5,10000,0.52,0,0,0,3,subcontractor_failure,0,0,synthetic
PROJ_0627,PROJ_0627_T05,sub_base_course_preparation,45,39,0,0,10000,0.52,1,0,1,4,on_schedule,0,0,synthetic
PROJ_0627,PROJ_0627_T06,road_marking_and_signage_installation,15,12,0,0,10000,0.52,1,0,0,5,on_schedule,0,0,synthetic
PROJ_0628,PROJ_0628_T01,bridge_deck_construction,60,49,0,7,10000,0.4,0,0,0,0,on_schedule,0,0,synthetic
PROJ_0628,PROJ_0628_T02,site_clearance_and_excavation,20,20,0,0,10000,0.4,1,0,0,1,on_schedule,0,0,synthetic
PROJ_0628,PROJ_0628_T03,bituminous_macadam_laying,30,29,0,3,10000,0.4,0,0,0,2,on_schedule,0,0,synthetic
PROJ_0628,PROJ_0628_T04,guardrail_installation,25,23,0,5,10000,0.4,1,0,0,3,on_schedule,0,0,synthetic
PROJ_0628,PROJ_0628_T05,sub_base_course_preparation,45,44,0,0,10000,0.4,0,0,0,4,on_schedule,0,0,synthetic
PROJ_0628,PROJ_0628_T06,road_marking_and_signage_installation,15,15,0,0,10000,0.4,0,0,0,5,on_schedule,0,0,synthetic
PROJ_0629,PROJ_0629_T01,bituminous_macadam_laying,30,30,0,3,10000,0.38,0,0,0,0,on_schedule,0,0,synthetic
PROJ_0629,PROJ_0629_T02,guardrail_installation,25,22,0,5,10000,0.38,1,0,0,1,on_schedule,0,0,synthetic
PROJ_0629,PROJ_0629_T03,bridge_deck_construction,60,53,0,7,10000,0.38,1,0,0,2,on_schedule,0,0,synthetic
PROJ_0629,PROJ_0629_T04,road_marking_and_signage_installation,15,13,0,0,10000,0.38,1,0,0,3,on_schedule,0,0,synthetic
PROJ_0630,PROJ_0630_T01,guardrail_installation,25,22,0,5,10000,0.49,0,0,0,0,on_schedule,0,0,synthetic
PROJ_0630,PROJ_0630_T02,site_clearance_and_excavation,20,16,0,0,10000,0.49,1,0,0,1,on_schedule,0,0,synthetic
PROJ_0630,PROJ_0630_T03,bridge_deck_construction,60,56,0,7,10000,0.49,0,0,0,2,on_schedule,0,0,synthetic
PROJ_0630,PROJ_0630_T04,bituminous_macadam_laying,30,26,0,3,10000,0.49,0,0,0,3,on_schedule,0,0,synthetic
PROJ_0630,PROJ_0630_T05,sub_base_course_preparation,45,37,0,0,10000,0.49,1,0,0,4,on_schedule,0,0,synthetic
PROJ_0630,PROJ_0630_T06,road_marking_and_signage_installation,15,23,8,0,10000,0.49,1,0,0,5,equipment_breakdown,1,80000,synthetic
PROJ_0631,PROJ_0631_T01,bridge_deck_construction,60,53,0,7,10000,0.23,0,0,0,0,on_schedule,0,0,synthetic
PROJ_0631,PROJ_0631_T02,site_clearance_and_excavation,20,18,0,0,10000,0.23,0,0,0,1,on_schedule,0,0,synthetic
PROJ_0631,PROJ_0631_T03,guardrail_installation,25,44,19,5,10000,0.23,1,0,0,2,land_acquisition,1,140000,synthetic
PROJ_0631,PROJ_0631_T04,road_marking_and_signage_installation,15,13,0,0,10000,0.23,1,0,1,3,on_schedule,0,0,synthetic
PROJ_0632,PROJ_0632_T01,bituminous_macadam_laying,30,25,0,3,10000,0.2,1,0,0,0,on_schedule,0,0,synthetic
PROJ_0632,PROJ_0632_T02,sub_base_course_preparation,45,42,0,0,10000,0.2,0,0,0,1,on_schedule,0,0,synthetic
PROJ_0632,PROJ_0632_T03,site_clearance_and_excavation,20,16,0,0,10000,0.2,1,0,0,2,on_schedule,0,0,synthetic
PROJ_0633,PROJ_0633_T01,road_marking_and_signage_installation,15,13,0,0,10000,0.26,1,0,0,0,on_schedule,0,0,synthetic
PROJ_0633,PROJ_0633_T02,site_clearance_and_excavation,20,28,8,0,10000,0.26,0,0,0,1,labour_dispute,1,80000,synthetic
PROJ_0633,PROJ_0633_T03,bituminous_macadam_laying,30,27,0,3,10000,0.26,0,0,1,2,on_schedule,0,0,synthetic
PROJ_0634,PROJ_0634_T01,road_marking_and_signage_installation,15,13,0,0,10000,0.11,1,0,0,0,on_schedule,0,0,synthetic
PROJ_0634,PROJ_0634_T02,bituminous_macadam_laying,30,47,17,3,10000,0.11,1,0,0,1,design_change,1,140000,synthetic
PROJ_0634,PROJ_0634_T03,site_clearance_and_excavation,20,18,0,0,10000,0.11,1,0,1,2,on_schedule,0,0,synthetic
PROJ_0634,PROJ_0634_T04,bridge_deck_construction,60,53,0,7,10000,0.11,0,0,0,3,on_schedule,0,0,synthetic
PROJ_0635,PROJ_0635_T01,bituminous_macadam_laying,30,28,0,3,10000,0.37,0,0,0,0,on_schedule,0,0,synthetic
PROJ_0635,PROJ_0635_T02,road_marking_and_signage_installation,15,28,13,0,10000,0.37,1,0,0,1,subcontractor_failure,1,130000,synthetic
PROJ_0635,PROJ_0635_T03,guardrail_installation,25,45,20,5,10000,0.37,1,0,1,2,labour_dispute,1,150000,synthetic
PROJ_0635,PROJ_0635_T04,site_clearance_and_excavation,20,20,0,0,10000,0.37,0,0,1,3,on_schedule,0,0,synthetic
PROJ_0635,PROJ_0635_T05,bridge_deck_construction,60,57,0,7,10000,0.37,0,0,0,4,on_schedule,0,0,synthetic
PROJ_0636,PROJ_0636_T01,site_clearance_and_excavation,20,20,0,0,10000,0.41,0,0,0,0,on_schedule,0,0,synthetic
PROJ_0636,PROJ_0636_T02,sub_base_course_preparation,45,43,0,0,10000,0.41,0,0,0,1,on_schedule,0,0,synthetic
PROJ_0636,PROJ_0636_T03,bridge_deck_construction,60,83,23,7,10000,0.41,1,0,0,2,rain_monsoon,1,160000,synthetic
PROJ_0636,PROJ_0636_T04,bituminous_macadam_laying,30,29,0,3,10000,0.41,0,0,1,3,on_schedule,0,0,synthetic
PROJ_0636,PROJ_0636_T05,guardrail_installation,25,23,0,5,10000,0.41,1,0,0,4,on_schedule,0,0,synthetic
PROJ_0636,PROJ_0636_T06,road_marking_and_signage_installation,15,13,0,0,10000,0.41,1,0,0,5,on_schedule,0,0,synthetic
PROJ_0637,PROJ_0637_T01,guardrail_installation,25,42,17,5,10000,0.43,0,0,0,0,design_change,1,120000,synthetic
PROJ_0637,PROJ_0637_T02,sub_base_course_preparation,45,45,0,0,10000,0.43,1,0,1,1,on_schedule,0,0,synthetic
PROJ_0637,PROJ_0637_T03,bridge_deck_construction,60,57,0,7,10000,0.43,0,0,0,2,on_schedule,0,0,synthetic
PROJ_0637,PROJ_0637_T04,road_marking_and_signage_installation,15,14,0,0,10000,0.43,0,0,0,3,on_schedule,0,0,synthetic
PROJ_0638,PROJ_0638_T01,sub_base_course_preparation,45,39,0,0,10000,0.41,0,0,0,0,on_schedule,0,0,synthetic
PROJ_0638,PROJ_0638_T02,site_clearance_and_excavation,20,16,0,0,10000,0.41,1,0,0,1,on_schedule,0,0,synthetic
PROJ_0638,PROJ_0638_T03,road_marking_and_signage_installation,15,14,0,0,10000,0.41,0,0,0,2,on_schedule,0,0,synthetic
PROJ_0639,PROJ_0639_T01,sub_base_course_preparation,45,43,0,0,10000,0.57,0,0,0,0,on_schedule,0,0,synthetic
PROJ_0639,PROJ_0639_T02,site_clearance_and_excavation,20,17,0,0,10000,0.57,0,0,0,1,on_schedule,0,0,synthetic
PROJ_0639,PROJ_0639_T03,bridge_deck_construction,60,72,12,7,10000,0.57,1,0,0,2,design_change,1,50000,synthetic
PROJ_0640,PROJ_0640_T01,guardrail_installation,25,20,0,5,10000,0.15,1,0,0,0,on_schedule,0,0,synthetic
PROJ_0640,PROJ_0640_T02,site_clearance_and_excavation,20,22,2,0,10000,0.15,1,1,0,1,material_shortage,1,20000,synthetic
PROJ_0640,PROJ_0640_T03,road_marking_and_signage_installation,15,16,1,0,10000,0.15,0,1,1,2,material_shortage,1,10000,synthetic
PROJ_0640,PROJ_0640_T04,bituminous_macadam_laying,30,26,0,3,10000,0.15,0,0,1,3,on_schedule,0,0,synthetic
PROJ_0640,PROJ_0640_T05,sub_base_course_preparation,45,45,0,0,10000,0.15,1,0,0,4,on_schedule,0,0,synthetic
PROJ_0640,PROJ_0640_T06,bridge_deck_construction,60,50,0,7,10000,0.15,0,0,0,5,on_schedule,0,0,synthetic
PROJ_0641,PROJ_0641_T01,road_marking_and_signage_installation,15,15,0,0,10000,0.19,0,0,0,0,on_schedule,0,0,synthetic
PROJ_0641,PROJ_0641_T02,guardrail_installation,25,23,0,5,10000,0.19,0,0,0,1,on_schedule,0,0,synthetic
PROJ_0641,PROJ_0641_T03,bituminous_macadam_laying,30,28,0,3,10000,0.19,0,0,0,2,on_schedule,0,0,synthetic
PROJ_0641,PROJ_0641_T04,sub_base_course_preparation,45,40,0,0,10000,0.19,1,0,0,3,on_schedule,0,0,synthetic
PROJ_0641,PROJ_0641_T05,site_clearance_and_excavation,20,26,6,0,10000,0.19,0,0,0,4,equipment_breakdown,1,60000,synthetic
PROJ_0641,PROJ_0641_T06,bridge_deck_construction,60,57,0,7,10000,0.19,0,0,1,5,on_schedule,0,0,synthetic
PROJ_0642,PROJ_0642_T01,bridge_deck_construction,60,49,0,7,10000,0.57,1,0,0,0,on_schedule,0,0,synthetic
PROJ_0642,PROJ_0642_T02,sub_base_course_preparation,45,55,10,0,10000,0.57,1,0,0,1,labour_dispute,1,100000,synthetic
PROJ_0642,PROJ_0642_T03,site_clearance_and_excavation,20,33,13,0,10000,0.57,1,1,1,2,material_shortage,1,130000,synthetic
PROJ_0642,PROJ_0642_T04,road_marking_and_signage_installation,15,23,8,0,10000,0.57,0,0,1,3,rain_monsoon,1,80000,synthetic
PROJ_0642,PROJ_0642_T05,bituminous_macadam_laying,30,26,0,3,10000,0.57,1,0,1,4,on_schedule,0,0,synthetic
PROJ_0643,PROJ_0643_T01,road_marking_and_signage_installation,15,15,0,0,10000,0.24,1,0,0,0,on_schedule,0,0,synthetic
PROJ_0643,PROJ_0643_T02,site_clearance_and_excavation,20,16,0,0,10000,0.24,1,0,0,1,on_schedule,0,0,synthetic
PROJ_0643,PROJ_0643_T03,bridge_deck_construction,60,67,7,7,10000,0.24,1,0,0,2,utility_shifting,0,0,synthetic
PROJ_0643,PROJ_0643_T04,sub_base_course_preparation,45,40,0,0,10000,0.24,1,0,1,3,on_schedule,0,0,synthetic
PROJ_0644,PROJ_0644_T01,bridge_deck_construction,60,57,0,7,10000,0.49,0,0,0,0,on_schedule,0,0,synthetic
PROJ_0644,PROJ_0644_T02,bituminous_macadam_laying,30,29,0,3,10000,0.49,0,0,0,1,on_schedule,0,0,synthetic
PROJ_0644,PROJ_0644_T03,sub_base_course_preparation,45,36,0,0,10000,0.49,1,0,0,2,on_schedule,0,0,synthetic
PROJ_0644,PROJ_0644_T04,site_clearance_and_excavation,20,18,0,0,10000,0.49,0,0,0,3,on_schedule,0,0,synthetic
PROJ_0644,PROJ_0644_T05,guardrail_installation,25,25,0,5,10000,0.49,1,0,0,4,on_schedule,0,0,synthetic
PROJ_0645,PROJ_0645_T01,bridge_deck_construction,60,50,0,7,10000,0.35,0,0,0,0,on_schedule,0,0,synthetic
PROJ_0645,PROJ_0645_T02,bituminous_macadam_laying,30,24,0,3,10000,0.35,0,0,0,1,on_schedule,0,0,synthetic
PROJ_0645,PROJ_0645_T03,road_marking_and_signage_installation,15,12,0,0,10000,0.35,0,0,0,2,on_schedule,0,0,synthetic
PROJ_0645,PROJ_0645_T04,sub_base_course_preparation,45,39,0,0,10000,0.35,0,0,0,3,on_schedule,0,0,synthetic
PROJ_0646,PROJ_0646_T01,road_marking_and_signage_installation,15,15,0,0,10000,0.1,0,0,0,0,on_schedule,0,0,synthetic
PROJ_0646,PROJ_0646_T02,guardrail_installation,25,45,20,5,10000,0.1,1,0,0,1,labour_dispute,1,150000,synthetic
PROJ_0646,PROJ_0646_T03,bridge_deck_construction,60,54,0,7,10000,0.1,1,0,1,2,on_schedule,0,0,synthetic
PROJ_0646,PROJ_0646_T04,site_clearance_and_excavation,20,29,9,0,10000,0.1,0,0,0,3,design_change,1,90000,synthetic
PROJ_0646,PROJ_0646_T05,bituminous_macadam_laying,30,27,0,3,10000,0.1,1,0,1,4,on_schedule,0,0,synthetic
PROJ_0647,PROJ_0647_T01,road_marking_and_signage_installation,15,15,0,0,10000,0.52,0,0,0,0,on_schedule,0,0,synthetic
PROJ_0647,PROJ_0647_T02,site_clearance_and_excavation,20,19,0,0,10000,0.52,0,0,0,1,on_schedule,0,0,synthetic
PROJ_0647,PROJ_0647_T03,guardrail_installation,25,21,0,5,10000,0.52,0,0,0,2,on_schedule,0,0,synthetic
PROJ_0647,PROJ_0647_T04,sub_base_course_preparation,45,37,0,0,10000,0.52,0,0,0,3,on_schedule,0,0,synthetic
PROJ_0647,PROJ_0647_T05,bituminous_macadam_laying,30,27,0,3,10000,0.52,0,0,0,4,on_schedule,0,0,synthetic
PROJ_0648,PROJ_0648_T01,road_marking_and_signage_installation,15,14,0,0,10000,0.37,1,0,0,0,on_schedule,0,0,synthetic
PROJ_0648,PROJ_0648_T02,guardrail_installation,25,29,4,5,10000,0.37,0,0,0,1,design_change,0,0,synthetic
PROJ_0648,PROJ_0648_T03,site_clearance_and_excavation,20,20,0,0,10000,0.37,1,0,1,2,on_schedule,0,0,synthetic
PROJ_0648,PROJ_0648_T04,bridge_deck_construction,60,94,34,7,10000,0.37,1,1,0,3,material_shortage,1,270000,synthetic
PROJ_0649,PROJ_0649_T01,road_marking_and_signage_installation,15,14,0,0,10000,0.15,1,0,0,0,on_schedule,0,0,synthetic
PROJ_0649,PROJ_0649_T02,bituminous_macadam_laying,30,27,0,3,10000,0.15,0,0,0,1,on_schedule,0,0,synthetic
PROJ_0649,PROJ_0649_T03,site_clearance_and_excavation,20,20,0,0,10000,0.15,0,0,0,2,on_schedule,0,0,synthetic
PROJ_0649,PROJ_0649_T04,sub_base_course_preparation,45,41,0,0,10000,0.15,0,0,0,3,on_schedule,0,0,synthetic
PROJ_0649,PROJ_0649_T05,guardrail_installation,25,21,0,5,10000,0.15,1,0,0,4,on_schedule,0,0,synthetic
PROJ_0649,PROJ_0649_T06,bridge_deck_construction,60,52,0,7,10000,0.15,0,0,0,5,on_schedule,0,0,synthetic
PROJ_0650,PROJ_0650_T01,bridge_deck_construction,60,56,0,7,10000,0.33,0,0,0,0,on_schedule,0,0,synthetic
PROJ_0650,PROJ_0650_T02,bituminous_macadam_laying,30,51,21,3,10000,0.33,1,0,0,1,labour_dispute,1,180000,synthetic
PROJ_0650,PROJ_0650_T03,site_clearance_and_excavation,20,19,0,0,10000,0.33,0,0,1,2,on_schedule,0,0,synthetic
PROJ_0650,PROJ_0650_T04,road_marking_and_signage_installation,15,12,0,0,10000,0.33,0,0,0,3,on_schedule,0,0,synthetic
PROJ_0650,PROJ_0650_T05,sub_base_course_preparation,45,40,0,0,10000,0.33,0,0,0,4,on_schedule,0,0,synthetic
PROJ_0651,PROJ_0651_T01,guardrail_installation,25,42,17,5,10000,0.37,0,1,0,0,material_shortage,1,120000,synthetic
PROJ_0651,PROJ_0651_T02,bituminous_macadam_laying,30,26,0,3,10000,0.37,1,0,1,1,on_schedule,0,0,synthetic
PROJ_0651,PROJ_0651_T03,sub_base_course_preparation,45,52,7,0,10000,0.37,0,0,0,2,labour_dispute,1,70000,synthetic
PROJ_0651,PROJ_0651_T04,bridge_deck_construction,60,57,0,7,10000,0.37,0,0,1,3,on_schedule,0,0,synthetic
PROJ_0652,PROJ_0652_T01,bituminous_macadam_laying,30,27,0,3,10000,0.48,1,0,0,0,on_schedule,0,0,synthetic
PROJ_0652,PROJ_0652_T02,road_marking_and_signage_installation,15,15,0,0,10000,0.48,1,0,0,1,on_schedule,0,0,synthetic
PROJ_0652,PROJ_0652_T03,bridge_deck_construction,60,51,0,7,10000,0.48,1,0,0,2,on_schedule,0,0,synthetic
PROJ_0652,PROJ_0652_T04,guardrail_installation,25,22,0,5,10000,0.48,1,0,0,3,on_schedule,0,0,synthetic
PROJ_0652,PROJ_0652_T05,site_clearance_and_excavation,20,17,0,0,10000,0.48,1,0,0,4,on_schedule,0,0,synthetic
PROJ_0652,PROJ_0652_T06,sub_base_course_preparation,45,41,0,0,10000,0.48,0,0,0,5,on_schedule,0,0,synthetic
PROJ_0653,PROJ_0653_T01,bridge_deck_construction,60,53,0,7,10000,0.24,0,0,0,0,on_schedule,0,0,synthetic
PROJ_0653,PROJ_0653_T02,road_marking_and_signage_installation,15,14,0,0,10000,0.24,0,0,0,1,on_schedule,0,0,synthetic
PROJ_0653,PROJ_0653_T03,site_clearance_and_excavation,20,34,14,0,10000,0.24,1,0,0,2,labour_dispute,1,140000,synthetic
PROJ_0653,PROJ_0653_T04,sub_base_course_preparation,45,68,23,0,10000,0.24,1,0,1,3,labour_dispute,1,230000,synthetic
PROJ_0654,PROJ_0654_T01,site_clearance_and_excavation,20,19,0,0,10000,0.54,0,0,0,0,on_schedule,0,0,synthetic
PROJ_0654,PROJ_0654_T02,bridge_deck_construction,60,51,0,7,10000,0.54,0,0,0,1,on_schedule,0,0,synthetic
PROJ_0654,PROJ_0654_T03,sub_base_course_preparation,45,58,13,0,10000,0.54,1,0,0,2,labour_dispute,1,130000,synthetic
PROJ_0654,PROJ_0654_T04,road_marking_and_signage_installation,15,15,0,0,10000,0.54,1,0,1,3,on_schedule,0,0,synthetic
PROJ_0654,PROJ_0654_T05,guardrail_installation,25,21,0,5,10000,0.54,1,0,0,4,on_schedule,0,0,synthetic
PROJ_0654,PROJ_0654_T06,bituminous_macadam_laying,30,34,4,3,10000,0.54,1,0,0,5,subcontractor_failure,1,10000,synthetic
PROJ_0655,PROJ_0655_T01,road_marking_and_signage_installation,15,15,0,0,10000,0.13,0,0,0,0,on_schedule,0,0,synthetic
PROJ_0655,PROJ_0655_T02,guardrail_installation,25,23,0,5,10000,0.13,0,0,0,1,on_schedule,0,0,synthetic
PROJ_0655,PROJ_0655_T03,bridge_deck_construction,60,59,0,7,10000,0.13,0,0,0,2,on_schedule,0,0,synthetic
PROJ_0655,PROJ_0655_T04,sub_base_course_preparation,45,45,0,0,10000,0.13,0,0,0,3,on_schedule,0,0,synthetic
PROJ_0655,PROJ_0655_T05,site_clearance_and_excavation,20,31,11,0,10000,0.13,0,0,0,4,subcontractor_failure,1,110000,synthetic
PROJ_0655,PROJ_0655_T06,bituminous_macadam_laying,30,25,0,3,10000,0.13,1,0,1,5,on_schedule,0,0,synthetic
PROJ_0656,PROJ_0656_T01,sub_base_course_preparation,45,37,0,0,10000,0.41,0,0,0,0,on_schedule,0,0,synthetic
PROJ_0656,PROJ_0656_T02,bridge_deck_construction,60,64,4,7,10000,0.41,0,0,0,1,utility_shifting,0,0,synthetic
PROJ_0656,PROJ_0656_T03,bituminous_macadam_laying,30,26,0,3,10000,0.41,0,0,1,2,on_schedule,0,0,synthetic
PROJ_0656,PROJ_0656_T04,guardrail_installation,25,21,0,5,10000,0.41,1,0,0,3,on_schedule,0,0,synthetic
PROJ_0656,PROJ_0656_T05,site_clearance_and_excavation,20,18,0,0,10000,0.41,1,0,0,4,on_schedule,0,0,synthetic
PROJ_0657,PROJ_0657_T01,bridge_deck_construction,60,50,0,7,10000,0.34,0,0,0,0,on_schedule,0,0,synthetic
PROJ_0657,PROJ_0657_T02,road_marking_and_signage_installation,15,15,0,0,10000,0.34,0,0,0,1,on_schedule,0,0,synthetic
PROJ_0657,PROJ_0657_T03,guardrail_installation,25,25,0,5,10000,0.34,1,0,0,2,on_schedule,0,0,synthetic
PROJ_0657,PROJ_0657_T04,sub_base_course_preparation,45,40,0,0,10000,0.34,0,0,0,3,on_schedule,0,0,synthetic
PROJ_0657,PROJ_0657_T05,bituminous_macadam_laying,30,29,0,3,10000,0.34,0,0,0,4,on_schedule,0,0,synthetic
PROJ_0657,PROJ_0657_T06,site_clearance_and_excavation,20,16,0,0,10000,0.34,0,0,0,5,on_schedule,0,0,synthetic
PROJ_0658,PROJ_0658_T01,site_clearance_and_excavation,20,20,0,0,10000,0.54,1,0,0,0,on_schedule,0,0,synthetic
PROJ_0658,PROJ_0658_T02,bridge_deck_construction,60,57,0,7,10000,0.54,0,0,0,1,on_schedule,0,0,synthetic
PROJ_0658,PROJ_0658_T03,sub_base_course_preparation,45,36,0,0,10000,0.54,1,0,0,2,on_schedule,0,0,synthetic
PROJ_0658,PROJ_0658_T04,bituminous_macadam_laying,30,28,0,3,10000,0.54,1,0,0,3,on_schedule,0,0,synthetic
PROJ_0659,PROJ_0659_T01,guardrail_installation,25,21,0,5,10000,0.59,0,0,0,0,on_schedule,0,0,synthetic
PROJ_0659,PROJ_0659_T02,bituminous_macadam_laying,30,30,0,3,10000,0.59,0,0,0,1,on_schedule,0,0,synthetic
PROJ_0659,PROJ_0659_T03,road_marking_and_signage_installation,15,14,0,0,10000,0.59,1,0,0,2,on_schedule,0,0,synthetic
PROJ_0659,PROJ_0659_T04,sub_base_course_preparation,45,37,0,0,10000,0.59,1,0,0,3,on_schedule,0,0,synthetic
PROJ_0659,PROJ_0659_T05,site_clearance_and_excavation,20,19,0,0,10000,0.59,0,0,0,4,on_schedule,0,0,synthetic
PROJ_0660,PROJ_0660_T01,guardrail_installation,25,21,0,5,10000,0.6,0,0,0,0,on_schedule,0,0,synthetic
PROJ_0660,PROJ_0660_T02,bridge_deck_construction,60,59,0,7,10000,0.6,1,0,0,1,on_schedule,0,0,synthetic
PROJ_0660,PROJ_0660_T03,road_marking_and_signage_installation,15,22,7,0,10000,0.6,0,0,0,2,utility_shifting,1,70000,synthetic
PROJ_0660,PROJ_0660_T04,sub_base_course_preparation,45,75,30,0,10000,0.6,1,0,1,3,rain_monsoon,1,300000,synthetic
PROJ_0660,PROJ_0660_T05,site_clearance_and_excavation,20,17,0,0,10000,0.6,0,0,1,4,on_schedule,0,0,synthetic
PROJ_0660,PROJ_0660_T06,bituminous_macadam_laying,30,24,0,3,10000,0.6,1,0,0,5,on_schedule,0,0,synthetic
PROJ_0661,PROJ_0661_T01,site_clearance_and_excavation,20,20,0,0,10000,0.2,1,0,0,0,on_schedule,0,0,synthetic
PROJ_0661,PROJ_0661_T02,bridge_deck_construction,60,53,0,7,10000,0.2,0,0,0,1,on_schedule,0,0,synthetic
PROJ_0661,PROJ_0661_T03,sub_base_course_preparation,45,40,0,0,10000,0.2,0,0,0,2,on_schedule,0,0,synthetic
PROJ_0661,PROJ_0661_T04,bituminous_macadam_laying,30,26,0,3,10000,0.2,0,0,0,3,on_schedule,0,0,synthetic
PROJ_0661,PROJ_0661_T05,road_marking_and_signage_installation,15,12,0,0,10000,0.2,1,0,0,4,on_schedule,0,0,synthetic
PROJ_0661,PROJ_0661_T06,guardrail_installation,25,20,0,5,10000,0.2,0,0,0,5,on_schedule,0,0,synthetic
PROJ_0662,PROJ_0662_T01,bituminous_macadam_laying,30,25,0,3,10000,0.5,0,0,0,0,on_schedule,0,0,synthetic
PROJ_0662,PROJ_0662_T02,road_marking_and_signage_installation,15,12,0,0,10000,0.5,0,0,0,1,on_schedule,0,0,synthetic
PROJ_0662,PROJ_0662_T03,bridge_deck_construction,60,59,0,7,10000,0.5,1,0,0,2,on_schedule,0,0,synthetic
PROJ_0662,PROJ_0662_T04,site_clearance_and_excavation,20,20,0,0,10000,0.5,0,0,0,3,on_schedule,0,0,synthetic
PROJ_0663,PROJ_0663_T01,site_clearance_and_excavation,20,25,5,0,10000,0.39,0,0,0,0,labour_dispute,1,50000,synthetic
PROJ_0663,PROJ_0663_T02,guardrail_installation,25,28,3,5,10000,0.39,1,1,1,1,material_shortage,0,0,synthetic
PROJ_0663,PROJ_0663_T03,bituminous_macadam_laying,30,25,0,3,10000,0.39,0,0,1,2,on_schedule,0,0,synthetic
PROJ_0663,PROJ_0663_T04,sub_base_course_preparation,45,51,6,0,10000,0.39,1,0,0,3,design_change,1,60000,synthetic
PROJ_0664,PROJ_0664_T01,road_marking_and_signage_installation,15,12,0,0,10000,0.34,1,0,0,0,on_schedule,0,0,synthetic
PROJ_0664,PROJ_0664_T02,site_clearance_and_excavation,20,21,1,0,10000,0.34,0,0,0,1,rain_monsoon,1,10000,synthetic
PROJ_0664,PROJ_0664_T03,bridge_deck_construction,60,52,0,7,10000,0.34,0,0,1,2,on_schedule,0,0,synthetic
PROJ_0664,PROJ_0664_T04,sub_base_course_preparation,45,45,0,0,10000,0.34,0,0,0,3,on_schedule,0,0,synthetic
PROJ_0665,PROJ_0665_T01,bituminous_macadam_laying,30,30,0,3,10000,0.45,0,0,0,0,on_schedule,0,0,synthetic
PROJ_0665,PROJ_0665_T02,road_marking_and_signage_installation,15,26,11,0,10000,0.45,1,0,0,1,land_acquisition,1,110000,synthetic
PROJ_0665,PROJ_0665_T03,sub_base_course_preparation,45,40,0,0,10000,0.45,0,0,1,2,on_schedule,0,0,synthetic
PROJ_0666,PROJ_0666_T01,guardrail_installation,25,20,0,5,10000,0.23,0,0,0,0,on_schedule,0,0,synthetic
PROJ_0666,PROJ_0666_T02,road_marking_and_signage_installation,15,21,6,0,10000,0.23,1,1,0,1,material_shortage,1,60000,synthetic
PROJ_0666,PROJ_0666_T03,bituminous_macadam_laying,30,53,23,3,10000,0.23,0,0,1,2,subcontractor_failure,1,200000,synthetic
PROJ_0666,PROJ_0666_T04,bridge_deck_construction,60,58,0,7,10000,0.23,0,0,1,3,on_schedule,0,0,synthetic
PROJ_0666,PROJ_0666_T05,sub_base_course_preparation,45,41,0,0,10000,0.23,0,0,0,4,on_schedule,0,0,synthetic
PROJ_0666,PROJ_0666_T06,site_clearance_and_excavation,20,18,0,0,10000,0.23,1,0,0,5,on_schedule,0,0,synthetic
PROJ_0667,PROJ_0667_T01,site_clearance_and_excavation,20,17,0,0,10000,0.47,0,0,0,0,on_schedule,0,0,synthetic
PROJ_0667,PROJ_0667_T02,guardrail_installation,25,20,0,5,10000,0.47,1,0,0,1,on_schedule,0,0,synthetic
PROJ_0667,PROJ_0667_T03,bridge_deck_construction,60,55,0,7,10000,0.47,1,0,0,2,on_schedule,0,0,synthetic
PROJ_0667,PROJ_0667_T04,road_marking_and_signage_installation,15,15,0,0,10000,0.47,1,0,0,3,on_schedule,0,0,synthetic
PROJ_0667,PROJ_0667_T05,sub_base_course_preparation,45,43,0,0,10000,0.47,1,0,0,4,on_schedule,0,0,synthetic
PROJ_0668,PROJ_0668_T01,site_clearance_and_excavation,20,19,0,0,10000,0.17,0,0,0,0,on_schedule,0,0,synthetic
PROJ_0668,PROJ_0668_T02,bridge_deck_construction,60,48,0,7,10000,0.17,1,0,0,1,on_schedule,0,0,synthetic
PROJ_0668,PROJ_0668_T03,bituminous_macadam_laying,30,29,0,3,10000,0.17,0,0,0,2,on_schedule,0,0,synthetic
PROJ_0668,PROJ_0668_T04,sub_base_course_preparation,45,57,12,0,10000,0.17,0,0,0,3,labour_dispute,1,120000,synthetic
PROJ_0669,PROJ_0669_T01,road_marking_and_signage_installation,15,23,8,0,10000,0.3,0,0,0,0,design_change,1,80000,synthetic
PROJ_0669,PROJ_0669_T02,guardrail_installation,25,24,0,5,10000,0.3,1,0,1,1,on_schedule,0,0,synthetic
PROJ_0669,PROJ_0669_T03,sub_base_course_preparation,45,77,32,0,10000,0.3,1,0,0,2,subcontractor_failure,1,320000,synthetic
PROJ_0670,PROJ_0670_T01,road_marking_and_signage_installation,15,15,0,0,10000,0.57,1,0,0,0,on_schedule,0,0,synthetic
PROJ_0670,PROJ_0670_T02,site_clearance_and_excavation,20,37,17,0,10000,0.57,0,0,0,1,subcontractor_failure,1,170000,synthetic
PROJ_0670,PROJ_0670_T03,bituminous_macadam_laying,30,24,0,3,10000,0.57,1,0,1,2,on_schedule,0,0,synthetic
PROJ_0670,PROJ_0670_T04,bridge_deck_construction,60,53,0,7,10000,0.57,1,0,0,3,on_schedule,0,0,synthetic
PROJ_0670,PROJ_0670_T05,sub_base_course_preparation,45,42,0,0,10000,0.57,0,0,0,4,on_schedule,0,0,synthetic
PROJ_0670,PROJ_0670_T06,guardrail_installation,25,24,0,5,10000,0.57,1,0,0,5,on_schedule,0,0,synthetic
PROJ_0671,PROJ_0671_T01,bridge_deck_construction,60,89,29,7,10000,0.46,1,0,0,0,utility_shifting,1,220000,synthetic
PROJ_0671,PROJ_0671_T02,road_marking_and_signage_installation,15,21,6,0,10000,0.46,1,0,1,1,labour_dispute,1,60000,synthetic
PROJ_0671,PROJ_0671_T03,guardrail_installation,25,23,0,5,10000,0.46,1,0,1,2,on_schedule,0,0,synthetic
PROJ_0671,PROJ_0671_T04,site_clearance_and_excavation,20,20,0,0,10000,0.46,1,0,0,3,on_schedule,0,0,synthetic
PROJ_0671,PROJ_0671_T05,sub_base_course_preparation,45,38,0,0,10000,0.46,1,0,0,4,on_schedule,0,0,synthetic
PROJ_0672,PROJ_0672_T01,sub_base_course_preparation,45,36,0,0,10000,0.45,1,0,0,0,on_schedule,0,0,synthetic
PROJ_0672,PROJ_0672_T02,road_marking_and_signage_installation,15,12,0,0,10000,0.45,1,0,0,1,on_schedule,0,0,synthetic
PROJ_0672,PROJ_0672_T03,bridge_deck_construction,60,57,0,7,10000,0.45,1,0,0,2,on_schedule,0,0,synthetic
PROJ_0672,PROJ_0672_T04,site_clearance_and_excavation,20,36,16,0,10000,0.45,1,0,0,3,subcontractor_failure,1,160000,synthetic
PROJ_0673,PROJ_0673_T01,road_marking_and_signage_installation,15,12,0,0,10000,0.32,1,0,0,0,on_schedule,0,0,synthetic
PROJ_0673,PROJ_0673_T02,guardrail_installation,25,26,1,5,10000,0.32,1,0,0,1,utility_shifting,0,0,synthetic
PROJ_0673,PROJ_0673_T03,bridge_deck_construction,60,55,0,7,10000,0.32,0,0,1,2,on_schedule,0,0,synthetic
PROJ_0674,PROJ_0674_T01,site_clearance_and_excavation,20,20,0,0,10000,0.58,0,0,0,0,on_schedule,0,0,synthetic
PROJ_0674,PROJ_0674_T02,guardrail_installation,25,20,0,5,10000,0.58,0,0,0,1,on_schedule,0,0,synthetic
PROJ_0674,PROJ_0674_T03,road_marking_and_signage_installation,15,14,0,0,10000,0.58,0,0,0,2,on_schedule,0,0,synthetic
PROJ_0674,PROJ_0674_T04,sub_base_course_preparation,45,42,0,0,10000,0.58,0,0,0,3,on_schedule,0,0,synthetic
PROJ_0674,PROJ_0674_T05,bituminous_macadam_laying,30,37,7,3,10000,0.58,1,0,0,4,equipment_breakdown,1,40000,synthetic
PROJ_0675,PROJ_0675_T01,bridge_deck_construction,60,60,0,7,10000,0.11,0,0,0,0,on_schedule,0,0,synthetic
PROJ_0675,PROJ_0675_T02,site_clearance_and_excavation,20,19,0,0,10000,0.11,0,0,0,1,on_schedule,0,0,synthetic
PROJ_0675,PROJ_0675_T03,bituminous_macadam_laying,30,30,0,3,10000,0.11,1,0,0,2,on_schedule,0,0,synthetic
PROJ_0676,PROJ_0676_T01,site_clearance_and_excavation,20,19,0,0,10000,0.57,1,0,0,0,on_schedule,0,0,synthetic
PROJ_0676,PROJ_0676_T02,guardrail_installation,25,30,5,5,10000,0.57,0,0,0,1,utility_shifting,0,0,synthetic
PROJ_0676,PROJ_0676_T03,road_marking_and_signage_installation,15,29,14,0,10000,0.57,1,0,1,2,utility_shifting,1,140000,synthetic
PROJ_0677,PROJ_0677_T01,bridge_deck_construction,60,54,0,7,10000,0.17,0,0,0,0,on_schedule,0,0,synthetic
PROJ_0677,PROJ_0677_T02,site_clearance_and_excavation,20,16,0,0,10000,0.17,1,0,0,1,on_schedule,0,0,synthetic
PROJ_0677,PROJ_0677_T03,bituminous_macadam_laying,30,30,0,3,10000,0.17,0,0,0,2,on_schedule,0,0,synthetic
PROJ_0677,PROJ_0677_T04,guardrail_installation,25,20,0,5,10000,0.17,0,0,0,3,on_schedule,0,0,synthetic
PROJ_0677,PROJ_0677_T05,road_marking_and_signage_installation,15,12,0,0,10000,0.17,0,0,0,4,on_schedule,0,0,synthetic
PROJ_0678,PROJ_0678_T01,road_marking_and_signage_installation,15,14,0,0,10000,0.15,0,0,0,0,on_schedule,0,0,synthetic
PROJ_0678,PROJ_0678_T02,bridge_deck_construction,60,60,0,7,10000,0.15,0,0,0,1,on_schedule,0,0,synthetic
PROJ_0678,PROJ_0678_T03,bituminous_macadam_laying,30,28,0,3,10000,0.15,0,0,0,2,on_schedule,0,0,synthetic
PROJ_0678,PROJ_0678_T04,sub_base_course_preparation,45,42,0,0,10000,0.15,0,0,0,3,on_schedule,0,0,synthetic
PROJ_0679,PROJ_0679_T01,site_clearance_and_excavation,20,18,0,0,10000,0.51,0,0,0,0,on_schedule,0,0,synthetic
PROJ_0679,PROJ_0679_T02,road_marking_and_signage_installation,15,26,11,0,10000,0.51,0,1,0,1,material_shortage,1,110000,synthetic
PROJ_0679,PROJ_0679_T03,bituminous_macadam_laying,30,29,0,3,10000,0.51,0,0,1,2,on_schedule,0,0,synthetic
PROJ_0680,PROJ_0680_T01,road_marking_and_signage_installation,15,15,0,0,10000,0.12,0,0,0,0,on_schedule,0,0,synthetic
PROJ_0680,PROJ_0680_T02,bridge_deck_construction,60,52,0,7,10000,0.12,1,0,0,1,on_schedule,0,0,synthetic
PROJ_0680,PROJ_0680_T03,sub_base_course_preparation,45,72,27,0,10000,0.12,0,0,0,2,rain_monsoon,1,270000,synthetic
PROJ_0680,PROJ_0680_T04,bituminous_macadam_laying,30,32,2,3,10000,0.12,0,0,1,3,labour_dispute,0,0,synthetic
PROJ_0680,PROJ_0680_T05,site_clearance_and_excavation,20,16,0,0,10000,0.12,1,0,1,4,on_schedule,0,0,synthetic
PROJ_0680,PROJ_0680_T06,guardrail_installation,25,24,0,5,10000,0.12,1,0,0,5,on_schedule,0,0,synthetic
PROJ_0681,PROJ_0681_T01,road_marking_and_signage_installation,15,14,0,0,10000,0.3,1,0,0,0,on_schedule,0,0,synthetic
PROJ_0681,PROJ_0681_T02,sub_base_course_preparation,45,44,0,0,10000,0.3,1,0,0,1,on_schedule,0,0,synthetic
PROJ_0681,PROJ_0681_T03,bituminous_macadam_laying,30,37,7,3,10000,0.3,1,0,0,2,land_acquisition,1,40000,synthetic
PROJ_0681,PROJ_0681_T04,guardrail_installation,25,34,9,5,10000,0.3,0,0,1,3,design_change,1,40000,synthetic
PROJ_0682,PROJ_0682_T01,site_clearance_and_excavation,20,33,13,0,10000,0.33,0,0,0,0,rain_monsoon,1,130000,synthetic
PROJ_0682,PROJ_0682_T02,sub_base_course_preparation,45,65,20,0,10000,0.33,1,0,1,1,labour_dispute,1,200000,synthetic
PROJ_0682,PROJ_0682_T03,bridge_deck_construction,60,48,0,7,10000,0.33,0,0,1,2,on_schedule,0,0,synthetic
PROJ_0682,PROJ_0682_T04,bituminous_macadam_laying,30,30,0,3,10000,0.33,1,0,0,3,on_schedule,0,0,synthetic
PROJ_0682,PROJ_0682_T05,guardrail_installation,25,26,1,5,10000,0.33,0,0,0,4,land_acquisition,0,0,synthetic
PROJ_0683,PROJ_0683_T01,guardrail_installation,25,22,0,5,10000,0.51,1,0,0,0,on_schedule,0,0,synthetic
PROJ_0683,PROJ_0683_T02,road_marking_and_signage_installation,15,13,0,0,10000,0.51,1,0,0,1,on_schedule,0,0,synthetic
PROJ_0683,PROJ_0683_T03,site_clearance_and_excavation,20,20,0,0,10000,0.51,1,0,0,2,on_schedule,0,0,synthetic
PROJ_0683,PROJ_0683_T04,bridge_deck_construction,60,58,0,7,10000,0.51,0,0,0,3,on_schedule,0,0,synthetic
PROJ_0684,PROJ_0684_T01,bituminous_macadam_laying,30,26,0,3,10000,0.41,0,0,0,0,on_schedule,0,0,synthetic
PROJ_0684,PROJ_0684_T02,bridge_deck_construction,60,54,0,7,10000,0.41,0,0,0,1,on_schedule,0,0,synthetic
PROJ_0684,PROJ_0684_T03,sub_base_course_preparation,45,69,24,0,10000,0.41,0,0,0,2,labour_dispute,1,240000,synthetic
PROJ_0685,PROJ_0685_T01,guardrail_installation,25,20,0,5,10000,0.47,1,0,0,0,on_schedule,0,0,synthetic
PROJ_0685,PROJ_0685_T02,bituminous_macadam_laying,30,45,15,3,10000,0.47,0,0,0,1,labour_dispute,1,120000,synthetic
PROJ_0685,PROJ_0685_T03,bridge_deck_construction,60,59,0,7,10000,0.47,0,0,1,2,on_schedule,0,0,synthetic
PROJ_0685,PROJ_0685_T04,road_marking_and_signage_installation,15,15,0,0,10000,0.47,0,0,0,3,on_schedule,0,0,synthetic
PROJ_0685,PROJ_0685_T05,sub_base_course_preparation,45,51,6,0,10000,0.47,1,0,0,4,labour_dispute,1,60000,synthetic
PROJ_0685,PROJ_0685_T06,site_clearance_and_excavation,20,20,0,0,10000,0.47,1,0,1,5,on_schedule,0,0,synthetic
PROJ_0686,PROJ_0686_T01,sub_base_course_preparation,45,42,0,0,10000,0.11,1,0,0,0,on_schedule,0,0,synthetic
PROJ_0686,PROJ_0686_T02,site_clearance_and_excavation,20,36,16,0,10000,0.11,1,0,0,1,design_change,1,160000,synthetic
PROJ_0686,PROJ_0686_T03,bituminous_macadam_laying,30,24,0,3,10000,0.11,0,0,1,2,on_schedule,0,0,synthetic
PROJ_0686,PROJ_0686_T04,guardrail_installation,25,22,0,5,10000,0.11,1,0,0,3,on_schedule,0,0,synthetic
PROJ_0686,PROJ_0686_T05,bridge_deck_construction,60,51,0,7,10000,0.11,1,0,0,4,on_schedule,0,0,synthetic
PROJ_0687,PROJ_0687_T01,road_marking_and_signage_installation,15,12,0,0,10000,0.44,1,0,0,0,on_schedule,0,0,synthetic
PROJ_0687,PROJ_0687_T02,bridge_deck_construction,60,59,0,7,10000,0.44,1,0,0,1,on_schedule,0,0,synthetic
PROJ_0687,PROJ_0687_T03,site_clearance_and_excavation,20,16,0,0,10000,0.44,1,0,0,2,on_schedule,0,0,synthetic
PROJ_0688,PROJ_0688_T01,guardrail_installation,25,22,0,5,10000,0.14,0,0,0,0,on_schedule,0,0,synthetic
PROJ_0688,PROJ_0688_T02,site_clearance_and_excavation,20,18,0,0,10000,0.14,1,0,0,1,on_schedule,0,0,synthetic
PROJ_0688,PROJ_0688_T03,sub_base_course_preparation,45,71,26,0,10000,0.14,1,0,0,2,utility_shifting,1,260000,synthetic
PROJ_0688,PROJ_0688_T04,bridge_deck_construction,60,60,0,7,10000,0.14,1,0,1,3,on_schedule,0,0,synthetic
PROJ_0688,PROJ_0688_T05,bituminous_macadam_laying,30,52,22,3,10000,0.14,1,0,0,4,subcontractor_failure,1,190000,synthetic
PROJ_0689,PROJ_0689_T01,bituminous_macadam_laying,30,29,0,3,10000,0.58,1,0,0,0,on_schedule,0,0,synthetic
PROJ_0689,PROJ_0689_T02,sub_base_course_preparation,45,44,0,0,10000,0.58,0,0,0,1,on_schedule,0,0,synthetic
PROJ_0689,PROJ_0689_T03,guardrail_installation,25,22,0,5,10000,0.58,0,0,0,2,on_schedule,0,0,synthetic
PROJ_0689,PROJ_0689_T04,bridge_deck_construction,60,56,0,7,10000,0.58,0,0,0,3,on_schedule,0,0,synthetic
PROJ_0689,PROJ_0689_T05,road_marking_and_signage_installation,15,13,0,0,10000,0.58,0,0,0,4,on_schedule,0,0,synthetic
PROJ_0690,PROJ_0690_T01,site_clearance_and_excavation,20,20,0,0,10000,0.14,0,0,0,0,on_schedule,0,0,synthetic
PROJ_0690,PROJ_0690_T02,bituminous_macadam_laying,30,29,0,3,10000,0.14,1,0,0,1,on_schedule,0,0,synthetic
PROJ_0690,PROJ_0690_T03,sub_base_course_preparation,45,41,0,0,10000,0.14,1,0,0,2,on_schedule,0,0,synthetic
PROJ_0690,PROJ_0690_T04,guardrail_installation,25,23,0,5,10000,0.14,1,0,0,3,on_schedule,0,0,synthetic
PROJ_0690,PROJ_0690_T05,bridge_deck_construction,60,83,23,7,10000,0.14,0,0,0,4,design_change,1,160000,synthetic
PROJ_0690,PROJ_0690_T06,road_marking_and_signage_installation,15,26,11,0,10000,0.14,0,0,1,5,subcontractor_failure,1,110000,synthetic
PROJ_0691,PROJ_0691_T01,sub_base_course_preparation,45,40,0,0,10000,0.46,0,0,0,0,on_schedule,0,0,synthetic
PROJ_0691,PROJ_0691_T02,bituminous_macadam_laying,30,26,0,3,10000,0.46,0,0,0,1,on_schedule,0,0,synthetic
PROJ_0691,PROJ_0691_T03,site_clearance_and_excavation,20,16,0,0,10000,0.46,0,0,0,2,on_schedule,0,0,synthetic
PROJ_0691,PROJ_0691_T04,bridge_deck_construction,60,62,2,7,10000,0.46,0,0,0,3,land_acquisition,0,0,synthetic
PROJ_0692,PROJ_0692_T01,bridge_deck_construction,60,49,0,7,10000,0.19,1,0,0,0,on_schedule,0,0,synthetic
PROJ_0692,PROJ_0692_T02,bituminous_macadam_laying,30,29,0,3,10000,0.19,1,0,0,1,on_schedule,0,0,synthetic
PROJ_0692,PROJ_0692_T03,sub_base_course_preparation,45,65,20,0,10000,0.19,1,0,0,2,utility_shifting,1,200000,synthetic
PROJ_0692,PROJ_0692_T04,road_marking_and_signage_installation,15,14,0,0,10000,0.19,1,0,1,3,on_schedule,0,0,synthetic
PROJ_0693,PROJ_0693_T01,sub_base_course_preparation,45,40,0,0,10000,0.42,1,0,0,0,on_schedule,0,0,synthetic
PROJ_0693,PROJ_0693_T02,bituminous_macadam_laying,30,27,0,3,10000,0.42,0,0,0,1,on_schedule,0,0,synthetic
PROJ_0693,PROJ_0693_T03,site_clearance_and_excavation,20,20,0,0,10000,0.42,1,0,0,2,on_schedule,0,0,synthetic
PROJ_0693,PROJ_0693_T04,bridge_deck_construction,60,58,0,7,10000,0.42,1,0,0,3,on_schedule,0,0,synthetic
PROJ_0693,PROJ_0693_T05,road_marking_and_signage_installation,15,15,0,0,10000,0.42,0,0,0,4,on_schedule,0,0,synthetic
PROJ_0693,PROJ_0693_T06,guardrail_installation,25,20,0,5,10000,0.42,1,0,0,5,on_schedule,0,0,synthetic
PROJ_0694,PROJ_0694_T01,bituminous_macadam_laying,30,25,0,3,10000,0.37,1,0,0,0,on_schedule,0,0,synthetic
PROJ_0694,PROJ_0694_T02,road_marking_and_signage_installation,15,20,5,0,10000,0.37,0,0,0,1,subcontractor_failure,1,50000,synthetic
PROJ_0694,PROJ_0694_T03,bridge_deck_construction,60,49,0,7,10000,0.37,0,0,1,2,on_schedule,0,0,synthetic
PROJ_0694,PROJ_0694_T04,sub_base_course_preparation,45,45,0,0,10000,0.37,0,0,0,3,on_schedule,0,0,synthetic
PROJ_0694,PROJ_0694_T05,guardrail_installation,25,23,0,5,10000,0.37,0,0,0,4,on_schedule,0,0,synthetic
PROJ_0695,PROJ_0695_T01,bridge_deck_construction,60,48,0,7,10000,0.33,1,0,0,0,on_schedule,0,0,synthetic
PROJ_0695,PROJ_0695_T02,sub_base_course_preparation,45,44,0,0,10000,0.33,1,0,0,1,on_schedule,0,0,synthetic
PROJ_0695,PROJ_0695_T03,site_clearance_and_excavation,20,35,15,0,10000,0.33,0,0,0,2,land_acquisition,1,150000,synthetic
PROJ_0695,PROJ_0695_T04,guardrail_installation,25,45,20,5,10000,0.33,1,0,1,3,utility_shifting,1,150000,synthetic
PROJ_0696,PROJ_0696_T01,bituminous_macadam_laying,30,24,0,3,10000,0.44,1,0,0,0,on_schedule,0,0,synthetic
PROJ_0696,PROJ_0696_T02,road_marking_and_signage_installation,15,13,0,0,10000,0.44,1,0,0,1,on_schedule,0,0,synthetic
PROJ_0696,PROJ_0696_T03,site_clearance_and_excavation,20,26,6,0,10000,0.44,1,0,0,2,labour_dispute,1,60000,synthetic
PROJ_0697,PROJ_0697_T01,site_clearance_and_excavation,20,20,0,0,10000,0.21,0,0,0,0,on_schedule,0,0,synthetic
PROJ_0697,PROJ_0697_T02,bituminous_macadam_laying,30,26,0,3,10000,0.21,1,0,0,1,on_schedule,0,0,synthetic
PROJ_0697,PROJ_0697_T03,sub_base_course_preparation,45,69,24,0,10000,0.21,1,0,0,2,rain_monsoon,1,240000,synthetic
PROJ_0697,PROJ_0697_T04,bridge_deck_construction,60,52,0,7,10000,0.21,1,0,1,3,on_schedule,0,0,synthetic
PROJ_0697,PROJ_0697_T05,guardrail_installation,25,23,0,5,10000,0.21,0,0,0,4,on_schedule,0,0,synthetic
PROJ_0697,PROJ_0697_T06,road_marking_and_signage_installation,15,20,5,0,10000,0.21,1,0,0,5,utility_shifting,1,50000,synthetic
PROJ_0698,PROJ_0698_T01,road_marking_and_signage_installation,15,13,0,0,10000,0.35,1,0,0,0,on_schedule,0,0,synthetic
PROJ_0698,PROJ_0698_T02,bridge_deck_construction,60,56,0,7,10000,0.35,1,0,0,1,on_schedule,0,0,synthetic
PROJ_0698,PROJ_0698_T03,bituminous_macadam_laying,30,27,0,3,10000,0.35,0,0,0,2,on_schedule,0,0,synthetic
PROJ_0698,PROJ_0698_T04,site_clearance_and_excavation,20,17,0,0,10000,0.35,1,0,0,3,on_schedule,0,0,synthetic
PROJ_0698,PROJ_0698_T05,guardrail_installation,25,27,2,5,10000,0.35,0,0,0,4,labour_dispute,0,0,synthetic
PROJ_0698,PROJ_0698_T06,sub_base_course_preparation,45,54,9,0,10000,0.35,0,0,1,5,design_change,1,90000,synthetic
PROJ_0699,PROJ_0699_T01,bituminous_macadam_laying,30,30,0,3,10000,0.13,0,0,0,0,on_schedule,0,0,synthetic
PROJ_0699,PROJ_0699_T02,bridge_deck_construction,60,51,0,7,10000,0.13,1,0,0,1,on_schedule,0,0,synthetic
PROJ_0699,PROJ_0699_T03,guardrail_installation,25,21,0,5,10000,0.13,1,0,0,2,on_schedule,0,0,synthetic
PROJ_0699,PROJ_0699_T04,site_clearance_and_excavation,20,17,0,0,10000,0.13,0,0,0,3,on_schedule,0,0,synthetic
PROJ_0699,PROJ_0699_T05,sub_base_course_preparation,45,50,5,0,10000,0.13,0,0,0,4,equipment_breakdown,1,50000,synthetic
PROJ_0700,PROJ_0700_T01,bituminous_macadam_laying,30,51,21,3,10000,0.53,1,0,0,0,design_change,1,180000,synthetic
PROJ_0700,PROJ_0700_T02,site_clearance_and_excavation,20,18,0,0,10000,0.53,1,0,1,1,on_schedule,0,0,synthetic
PROJ_0700,PROJ_0700_T03,bridge_deck_construction,60,88,28,7,10000,0.53,1,1,0,2,material_shortage,1,210000,synthetic
PROJ_0700,PROJ_0700_T04,guardrail_installation,25,20,0,5,10000,0.53,0,0,1,3,on_schedule,0,0,synthetic
PROJ_0701,PROJ_0701_T01,sub_base_course_preparation,45,38,0,0,10000,0.3,0,0,0,0,on_schedule,0,0,synthetic
PROJ_0701,PROJ_0701_T02,road_marking_and_signage_installation,15,14,0,0,10000,0.3,1,0,0,1,on_schedule,0,0,synthetic
PROJ_0701,PROJ_0701_T03,bridge_deck_construction,60,54,0,7,10000,0.3,0,0,0,2,on_schedule,0,0,synthetic
PROJ_0701,PROJ_0701_T04,site_clearance_and_excavation,20,20,0,0,10000,0.3,0,0,0,3,on_schedule,0,0,synthetic
PROJ_0701,PROJ_0701_T05,guardrail_installation,25,21,0,5,10000,0.3,0,0,0,4,on_schedule,0,0,synthetic
PROJ_0702,PROJ_0702_T01,guardrail_installation,25,23,0,5,10000,0.24,1,0,0,0,on_schedule,0,0,synthetic
PROJ_0702,PROJ_0702_T02,site_clearance_and_excavation,20,20,0,0,10000,0.24,0,0,0,1,on_schedule,0,0,synthetic
PROJ_0702,PROJ_0702_T03,bridge_deck_construction,60,49,0,7,10000,0.24,1,0,0,2,on_schedule,0,0,synthetic
PROJ_0702,PROJ_0702_T04,road_marking_and_signage_installation,15,12,0,0,10000,0.24,1,0,0,3,on_schedule,0,0,synthetic
PROJ_0702,PROJ_0702_T05,sub_base_course_preparation,45,40,0,0,10000,0.24,1,0,0,4,on_schedule,0,0,synthetic
PROJ_0703,PROJ_0703_T01,guardrail_installation,25,21,0,5,10000,0.26,1,0,0,0,on_schedule,0,0,synthetic
PROJ_0703,PROJ_0703_T02,road_marking_and_signage_installation,15,15,0,0,10000,0.26,1,0,0,1,on_schedule,0,0,synthetic
PROJ_0703,PROJ_0703_T03,sub_base_course_preparation,45,42,0,0,10000,0.26,0,0,0,2,on_schedule,0,0,synthetic
PROJ_0703,PROJ_0703_T04,site_clearance_and_excavation,20,17,0,0,10000,0.26,1,0,0,3,on_schedule,0,0,synthetic
PROJ_0704,PROJ_0704_T01,guardrail_installation,25,24,0,5,10000,0.44,0,0,0,0,on_schedule,0,0,synthetic
PROJ_0704,PROJ_0704_T02,sub_base_course_preparation,45,64,19,0,10000,0.44,0,0,0,1,labour_dispute,1,190000,synthetic
PROJ_0704,PROJ_0704_T03,bridge_deck_construction,60,58,0,7,10000,0.44,1,0,1,2,on_schedule,0,0,synthetic
PROJ_0704,PROJ_0704_T04,bituminous_macadam_laying,30,51,21,3,10000,0.44,1,0,0,3,subcontractor_failure,1,180000,synthetic
PROJ_0705,PROJ_0705_T01,bridge_deck_construction,60,52,0,7,10000,0.3,0,0,0,0,on_schedule,0,0,synthetic
PROJ_0705,PROJ_0705_T02,guardrail_installation,25,23,0,5,10000,0.3,1,0,0,1,on_schedule,0,0,synthetic
PROJ_0705,PROJ_0705_T03,site_clearance_and_excavation,20,27,7,0,10000,0.3,1,0,0,2,land_acquisition,1,70000,synthetic
PROJ_0705,PROJ_0705_T04,sub_base_course_preparation,45,44,0,0,10000,0.3,1,0,1,3,on_schedule,0,0,synthetic
PROJ_0706,PROJ_0706_T01,bituminous_macadam_laying,30,26,0,3,10000,0.2,0,0,0,0,on_schedule,0,0,synthetic
PROJ_0706,PROJ_0706_T02,site_clearance_and_excavation,20,24,4,0,10000,0.2,0,0,0,1,utility_shifting,1,40000,synthetic
PROJ_0706,PROJ_0706_T03,sub_base_course_preparation,45,50,5,0,10000,0.2,0,0,1,2,land_acquisition,1,50000,synthetic
PROJ_0706,PROJ_0706_T04,guardrail_installation,25,22,0,5,10000,0.2,0,0,1,3,on_schedule,0,0,synthetic
PROJ_0706,PROJ_0706_T05,bridge_deck_construction,60,59,0,7,10000,0.2,1,0,0,4,on_schedule,0,0,synthetic
PROJ_0706,PROJ_0706_T06,road_marking_and_signage_installation,15,26,11,0,10000,0.2,0,1,0,5,material_shortage,1,110000,synthetic
PROJ_0707,PROJ_0707_T01,sub_base_course_preparation,45,39,0,0,10000,0.27,0,0,0,0,on_schedule,0,0,synthetic
PROJ_0707,PROJ_0707_T02,guardrail_installation,25,24,0,5,10000,0.27,1,0,0,1,on_schedule,0,0,synthetic
PROJ_0707,PROJ_0707_T03,bridge_deck_construction,60,53,0,7,10000,0.27,0,0,0,2,on_schedule,0,0,synthetic
PROJ_0708,PROJ_0708_T01,sub_base_course_preparation,45,42,0,0,10000,0.11,0,0,0,0,on_schedule,0,0,synthetic
PROJ_0708,PROJ_0708_T02,guardrail_installation,25,20,0,5,10000,0.11,0,0,0,1,on_schedule,0,0,synthetic
PROJ_0708,PROJ_0708_T03,road_marking_and_signage_installation,15,27,12,0,10000,0.11,1,0,0,2,land_acquisition,1,120000,synthetic
PROJ_0708,PROJ_0708_T04,bituminous_macadam_laying,30,38,8,3,10000,0.11,0,0,1,3,design_change,1,50000,synthetic
PROJ_0709,PROJ_0709_T01,road_marking_and_signage_installation,15,19,4,0,10000,0.33,1,0,0,0,land_acquisition,1,40000,synthetic
PROJ_0709,PROJ_0709_T02,bridge_deck_construction,60,57,0,7,10000,0.33,1,0,1,1,on_schedule,0,0,synthetic
PROJ_0709,PROJ_0709_T03,sub_base_course_preparation,45,39,0,0,10000,0.33,0,0,0,2,on_schedule,0,0,synthetic
PROJ_0709,PROJ_0709_T04,site_clearance_and_excavation,20,19,0,0,10000,0.33,1,0,0,3,on_schedule,0,0,synthetic
PROJ_0710,PROJ_0710_T01,site_clearance_and_excavation,20,19,0,0,10000,0.18,1,0,0,0,on_schedule,0,0,synthetic
PROJ_0710,PROJ_0710_T02,sub_base_course_preparation,45,44,0,0,10000,0.18,1,0,0,1,on_schedule,0,0,synthetic
PROJ_0710,PROJ_0710_T03,bridge_deck_construction,60,55,0,7,10000,0.18,1,0,0,2,on_schedule,0,0,synthetic
PROJ_0710,PROJ_0710_T04,bituminous_macadam_laying,30,28,0,3,10000,0.18,0,0,0,3,on_schedule,0,0,synthetic
PROJ_0710,PROJ_0710_T05,road_marking_and_signage_installation,15,12,0,0,10000,0.18,1,0,0,4,on_schedule,0,0,synthetic
PROJ_0710,PROJ_0710_T06,guardrail_installation,25,38,13,5,10000,0.18,0,0,0,5,labour_dispute,1,80000,synthetic
PROJ_0711,PROJ_0711_T01,guardrail_installation,25,23,0,5,10000,0.28,0,0,0,0,on_schedule,0,0,synthetic
PROJ_0711,PROJ_0711_T02,road_marking_and_signage_installation,15,13,0,0,10000,0.28,0,0,0,1,on_schedule,0,0,synthetic
PROJ_0711,PROJ_0711_T03,bridge_deck_construction,60,60,0,7,10000,0.28,0,0,0,2,on_schedule,0,0,synthetic
PROJ_0711,PROJ_0711_T04,bituminous_macadam_laying,30,26,0,3,10000,0.28,1,0,0,3,on_schedule,0,0,synthetic
PROJ_0711,PROJ_0711_T05,sub_base_course_preparation,45,43,0,0,10000,0.28,1,0,0,4,on_schedule,0,0,synthetic
PROJ_0712,PROJ_0712_T01,bituminous_macadam_laying,30,26,0,3,10000,0.55,1,0,0,0,on_schedule,0,0,synthetic
PROJ_0712,PROJ_0712_T02,site_clearance_and_excavation,20,28,8,0,10000,0.55,0,0,0,1,labour_dispute,1,80000,synthetic
PROJ_0712,PROJ_0712_T03,guardrail_installation,25,22,0,5,10000,0.55,0,0,1,2,on_schedule,0,0,synthetic
PROJ_0712,PROJ_0712_T04,road_marking_and_signage_installation,15,12,0,0,10000,0.55,0,0,0,3,on_schedule,0,0,synthetic
PROJ_0712,PROJ_0712_T05,bridge_deck_construction,60,96,36,7,10000,0.55,1,1,0,4,material_shortage,1,290000,synthetic
PROJ_0712,PROJ_0712_T06,sub_base_course_preparation,45,62,17,0,10000,0.55,0,0,1,5,subcontractor_failure,1,170000,synthetic
PROJ_0713,PROJ_0713_T01,site_clearance_and_excavation,20,20,0,0,10000,0.17,0,0,0,0,on_schedule,0,0,synthetic
PROJ_0713,PROJ_0713_T02,guardrail_installation,25,20,0,5,10000,0.17,0,0,0,1,on_schedule,0,0,synthetic
PROJ_0713,PROJ_0713_T03,road_marking_and_signage_installation,15,13,0,0,10000,0.17,1,0,0,2,on_schedule,0,0,synthetic
PROJ_0713,PROJ_0713_T04,bituminous_macadam_laying,30,27,0,3,10000,0.17,0,0,0,3,on_schedule,0,0,synthetic
PROJ_0713,PROJ_0713_T05,bridge_deck_construction,60,73,13,7,10000,0.17,0,0,0,4,rain_monsoon,1,60000,synthetic
PROJ_0714,PROJ_0714_T01,road_marking_and_signage_installation,15,14,0,0,10000,0.23,0,0,0,0,on_schedule,0,0,synthetic
PROJ_0714,PROJ_0714_T02,sub_base_course_preparation,45,57,12,0,10000,0.23,0,0,0,1,labour_dispute,1,120000,synthetic
PROJ_0714,PROJ_0714_T03,bituminous_macadam_laying,30,25,0,3,10000,0.23,1,0,1,2,on_schedule,0,0,synthetic
PROJ_0715,PROJ_0715_T01,bituminous_macadam_laying,30,46,16,3,10000,0.35,0,0,0,0,equipment_breakdown,1,130000,synthetic
PROJ_0715,PROJ_0715_T02,site_clearance_and_excavation,20,32,12,0,10000,0.35,1,0,1,1,land_acquisition,1,120000,synthetic
PROJ_0715,PROJ_0715_T03,road_marking_and_signage_installation,15,18,3,0,10000,0.35,0,0,1,2,rain_monsoon,1,30000,synthetic
PROJ_0716,PROJ_0716_T01,bituminous_macadam_laying,30,45,15,3,10000,0.42,1,0,0,0,subcontractor_failure,1,120000,synthetic
PROJ_0716,PROJ_0716_T02,bridge_deck_construction,60,59,0,7,10000,0.42,1,0,1,1,on_schedule,0,0,synthetic
PROJ_0716,PROJ_0716_T03,site_clearance_and_excavation,20,19,0,0,10000,0.42,1,0,0,2,on_schedule,0,0,synthetic
PROJ_0716,PROJ_0716_T04,sub_base_course_preparation,45,45,0,0,10000,0.42,1,0,0,3,on_schedule,0,0,synthetic
PROJ_0717,PROJ_0717_T01,site_clearance_and_excavation,20,32,12,0,10000,0.36,0,0,0,0,land_acquisition,1,120000,synthetic
PROJ_0717,PROJ_0717_T02,road_marking_and_signage_installation,15,15,0,0,10000,0.36,1,0,1,1,on_schedule,0,0,synthetic
PROJ_0717,PROJ_0717_T03,bridge_deck_construction,60,53,0,7,10000,0.36,0,0,0,2,on_schedule,0,0,synthetic
PROJ_0717,PROJ_0717_T04,bituminous_macadam_laying,30,25,0,3,10000,0.36,0,0,0,3,on_schedule,0,0,synthetic
PROJ_0717,PROJ_0717_T05,guardrail_installation,25,30,5,5,10000,0.36,0,0,0,4,subcontractor_failure,0,0,synthetic
PROJ_0718,PROJ_0718_T01,road_marking_and_signage_installation,15,15,0,0,10000,0.3,1,0,0,0,on_schedule,0,0,synthetic
PROJ_0718,PROJ_0718_T02,bituminous_macadam_laying,30,25,0,3,10000,0.3,1,0,0,1,on_schedule,0,0,synthetic
PROJ_0718,PROJ_0718_T03,bridge_deck_construction,60,64,4,7,10000,0.3,0,0,0,2,labour_dispute,0,0,synthetic
PROJ_0718,PROJ_0718_T04,site_clearance_and_excavation,20,16,0,0,10000,0.3,1,0,1,3,on_schedule,0,0,synthetic
PROJ_0718,PROJ_0718_T05,guardrail_installation,25,22,0,5,10000,0.3,1,0,0,4,on_schedule,0,0,synthetic
PROJ_0719,PROJ_0719_T01,site_clearance_and_excavation,20,19,0,0,10000,0.54,0,0,0,0,on_schedule,0,0,synthetic
PROJ_0719,PROJ_0719_T02,bituminous_macadam_laying,30,25,0,3,10000,0.54,1,0,0,1,on_schedule,0,0,synthetic
PROJ_0719,PROJ_0719_T03,guardrail_installation,25,21,0,5,10000,0.54,0,0,0,2,on_schedule,0,0,synthetic
PROJ_0719,PROJ_0719_T04,road_marking_and_signage_installation,15,13,0,0,10000,0.54,1,0,0,3,on_schedule,0,0,synthetic
PROJ_0719,PROJ_0719_T05,bridge_deck_construction,60,93,33,7,10000,0.54,1,0,0,4,labour_dispute,1,260000,synthetic
PROJ_0719,PROJ_0719_T06,sub_base_course_preparation,45,71,26,0,10000,0.54,1,0,1,5,utility_shifting,1,260000,synthetic
PROJ_0720,PROJ_0720_T01,guardrail_installation,25,23,0,5,10000,0.41,1,0,0,0,on_schedule,0,0,synthetic
PROJ_0720,PROJ_0720_T02,bridge_deck_construction,60,48,0,7,10000,0.41,0,0,0,1,on_schedule,0,0,synthetic
PROJ_0720,PROJ_0720_T03,bituminous_macadam_laying,30,25,0,3,10000,0.41,1,0,0,2,on_schedule,0,0,synthetic
PROJ_0720,PROJ_0720_T04,sub_base_course_preparation,45,43,0,0,10000,0.41,1,0,0,3,on_schedule,0,0,synthetic
PROJ_0720,PROJ_0720_T05,site_clearance_and_excavation,20,27,7,0,10000,0.41,1,0,0,4,rain_monsoon,1,70000,synthetic
PROJ_0721,PROJ_0721_T01,bituminous_macadam_laying,30,49,19,3,10000,0.3,1,0,0,0,labour_dispute,1,160000,synthetic
PROJ_0721,PROJ_0721_T02,bridge_deck_construction,60,50,0,7,10000,0.3,1,0,1,1,on_schedule,0,0,synthetic
PROJ_0721,PROJ_0721_T03,guardrail_installation,25,22,0,5,10000,0.3,0,0,0,2,on_schedule,0,0,synthetic
PROJ_0721,PROJ_0721_T04,sub_base_course_preparation,45,50,5,0,10000,0.3,0,0,0,3,equipment_breakdown,1,50000,synthetic
PROJ_0721,PROJ_0721_T05,site_clearance_and_excavation,20,36,16,0,10000,0.3,0,0,1,4,rain_monsoon,1,160000,synthetic
PROJ_0722,PROJ_0722_T01,road_marking_and_signage_installation,15,14,0,0,10000,0.56,1,0,0,0,on_schedule,0,0,synthetic
PROJ_0722,PROJ_0722_T02,site_clearance_and_excavation,20,18,0,0,10000,0.56,1,0,0,1,on_schedule,0,0,synthetic
PROJ_0722,PROJ_0722_T03,bituminous_macadam_laying,30,26,0,3,10000,0.56,0,0,0,2,on_schedule,0,0,synthetic
PROJ_0722,PROJ_0722_T04,sub_base_course_preparation,45,45,0,0,10000,0.56,1,0,0,3,on_schedule,0,0,synthetic
PROJ_0722,PROJ_0722_T05,bridge_deck_construction,60,60,0,7,10000,0.56,0,0,0,4,on_schedule,0,0,synthetic
PROJ_0722,PROJ_0722_T06,guardrail_installation,25,26,1,5,10000,0.56,1,0,0,5,design_change,0,0,synthetic
PROJ_0723,PROJ_0723_T01,sub_base_course_preparation,45,65,20,0,10000,0.26,0,0,0,0,land_acquisition,1,200000,synthetic
PROJ_0723,PROJ_0723_T02,guardrail_installation,25,24,0,5,10000,0.26,0,0,1,1,on_schedule,0,0,synthetic
PROJ_0723,PROJ_0723_T03,site_clearance_and_excavation,20,17,0,0,10000,0.26,0,0,0,2,on_schedule,0,0,synthetic
PROJ_0723,PROJ_0723_T04,bridge_deck_construction,60,50,0,7,10000,0.26,0,0,0,3,on_schedule,0,0,synthetic
PROJ_0723,PROJ_0723_T05,road_marking_and_signage_installation,15,14,0,0,10000,0.26,1,0,0,4,on_schedule,0,0,synthetic
PROJ_0724,PROJ_0724_T01,guardrail_installation,25,25,0,5,10000,0.31,0,0,0,0,on_schedule,0,0,synthetic
PROJ_0724,PROJ_0724_T02,bridge_deck_construction,60,48,0,7,10000,0.31,1,0,0,1,on_schedule,0,0,synthetic
PROJ_0724,PROJ_0724_T03,bituminous_macadam_laying,30,27,0,3,10000,0.31,0,0,0,2,on_schedule,0,0,synthetic
PROJ_0724,PROJ_0724_T04,site_clearance_and_excavation,20,16,0,0,10000,0.31,1,0,0,3,on_schedule,0,0,synthetic
PROJ_0724,PROJ_0724_T05,sub_base_course_preparation,45,37,0,0,10000,0.31,1,0,0,4,on_schedule,0,0,synthetic
PROJ_0724,PROJ_0724_T06,road_marking_and_signage_installation,15,23,8,0,10000,0.31,0,0,0,5,design_change,1,80000,synthetic
PROJ_0725,PROJ_0725_T01,road_marking_and_signage_installation,15,21,6,0,10000,0.32,0,0,0,0,design_change,1,60000,synthetic
PROJ_0725,PROJ_0725_T02,guardrail_installation,25,28,3,5,10000,0.32,0,1,1,1,material_shortage,0,0,synthetic
PROJ_0725,PROJ_0725_T03,bridge_deck_construction,60,55,0,7,10000,0.32,0,0,1,2,on_schedule,0,0,synthetic
PROJ_0725,PROJ_0725_T04,sub_base_course_preparation,45,38,0,0,10000,0.32,0,0,0,3,on_schedule,0,0,synthetic
PROJ_0725,PROJ_0725_T05,bituminous_macadam_laying,30,36,6,3,10000,0.32,0,1,0,4,material_shortage,1,30000,synthetic
PROJ_0725,PROJ_0725_T06,site_clearance_and_excavation,20,32,12,0,10000,0.32,0,0,1,5,utility_shifting,1,120000,synthetic
PROJ_0726,PROJ_0726_T01,guardrail_installation,25,44,19,5,10000,0.18,0,0,0,0,rain_monsoon,1,140000,synthetic
PROJ_0726,PROJ_0726_T02,bridge_deck_construction,60,51,0,7,10000,0.18,0,0,1,1,on_schedule,0,0,synthetic
PROJ_0726,PROJ_0726_T03,bituminous_macadam_laying,30,30,0,3,10000,0.18,1,0,0,2,on_schedule,0,0,synthetic
PROJ_0727,PROJ_0727_T01,guardrail_installation,25,22,0,5,10000,0.23,0,0,0,0,on_schedule,0,0,synthetic
PROJ_0727,PROJ_0727_T02,sub_base_course_preparation,45,62,17,0,10000,0.23,0,0,0,1,equipment_breakdown,1,170000,synthetic
PROJ_0727,PROJ_0727_T03,bituminous_macadam_laying,30,25,0,3,10000,0.23,1,0,1,2,on_schedule,0,0,synthetic
PROJ_0728,PROJ_0728_T01,guardrail_installation,25,22,0,5,10000,0.3,1,0,0,0,on_schedule,0,0,synthetic
PROJ_0728,PROJ_0728_T02,road_marking_and_signage_installation,15,15,0,0,10000,0.3,1,0,0,1,on_schedule,0,0,synthetic
PROJ_0728,PROJ_0728_T03,site_clearance_and_excavation,20,17,0,0,10000,0.3,1,0,0,2,on_schedule,0,0,synthetic
PROJ_0729,PROJ_0729_T01,site_clearance_and_excavation,20,24,4,0,10000,0.21,0,0,0,0,equipment_breakdown,1,40000,synthetic
PROJ_0729,PROJ_0729_T02,road_marking_and_signage_installation,15,13,0,0,10000,0.21,0,0,1,1,on_schedule,0,0,synthetic
PROJ_0729,PROJ_0729_T03,sub_base_course_preparation,45,40,0,0,10000,0.21,1,0,0,2,on_schedule,0,0,synthetic
PROJ_0729,PROJ_0729_T04,bituminous_macadam_laying,30,28,0,3,10000,0.21,0,0,0,3,on_schedule,0,0,synthetic
PROJ_0729,PROJ_0729_T05,guardrail_installation,25,23,0,5,10000,0.21,1,0,0,4,on_schedule,0,0,synthetic
PROJ_0730,PROJ_0730_T01,bridge_deck_construction,60,51,0,7,10000,0.56,1,0,0,0,on_schedule,0,0,synthetic
PROJ_0730,PROJ_0730_T02,sub_base_course_preparation,45,41,0,0,10000,0.56,0,0,0,1,on_schedule,0,0,synthetic
PROJ_0730,PROJ_0730_T03,guardrail_installation,25,22,0,5,10000,0.56,0,0,0,2,on_schedule,0,0,synthetic
PROJ_0731,PROJ_0731_T01,guardrail_installation,25,23,0,5,10000,0.12,1,0,0,0,on_schedule,0,0,synthetic
PROJ_0731,PROJ_0731_T02,site_clearance_and_excavation,20,18,0,0,10000,0.12,1,0,0,1,on_schedule,0,0,synthetic
PROJ_0731,PROJ_0731_T03,road_marking_and_signage_installation,15,21,6,0,10000,0.12,1,0,0,2,design_change,1,60000,synthetic
PROJ_0732,PROJ_0732_T01,road_marking_and_signage_installation,15,14,0,0,10000,0.1,0,0,0,0,on_schedule,0,0,synthetic
PROJ_0732,PROJ_0732_T02,guardrail_installation,25,30,5,5,10000,0.1,1,0,0,1,labour_dispute,0,0,synthetic
PROJ_0732,PROJ_0732_T03,site_clearance_and_excavation,20,17,0,0,10000,0.1,0,0,1,2,on_schedule,0,0,synthetic
PROJ_0732,PROJ_0732_T04,bituminous_macadam_laying,30,30,0,3,10000,0.1,0,0,0,3,on_schedule,0,0,synthetic
PROJ_0733,PROJ_0733_T01,sub_base_course_preparation,45,44,0,0,10000,0.46,0,0,0,0,on_schedule,0,0,synthetic
PROJ_0733,PROJ_0733_T02,guardrail_installation,25,36,11,5,10000,0.46,1,0,0,1,land_acquisition,1,60000,synthetic
PROJ_0733,PROJ_0733_T03,bridge_deck_construction,60,57,0,7,10000,0.46,0,0,1,2,on_schedule,0,0,synthetic
PROJ_0733,PROJ_0733_T04,bituminous_macadam_laying,30,29,0,3,10000,0.46,0,0,0,3,on_schedule,0,0,synthetic
PROJ_0733,PROJ_0733_T05,site_clearance_and_excavation,20,20,0,0,10000,0.46,1,0,0,4,on_schedule,0,0,synthetic
PROJ_0734,PROJ_0734_T01,guardrail_installation,25,23,0,5,10000,0.12,1,0,0,0,on_schedule,0,0,synthetic
PROJ_0734,PROJ_0734_T02,bituminous_macadam_laying,30,28,0,3,10000,0.12,0,0,0,1,on_schedule,0,0,synthetic
PROJ_0734,PROJ_0734_T03,site_clearance_and_excavation,20,20,0,0,10000,0.12,0,0,0,2,on_schedule,0,0,synthetic
PROJ_0734,PROJ_0734_T04,bridge_deck_construction,60,52,0,7,10000,0.12,0,0,0,3,on_schedule,0,0,synthetic
PROJ_0734,PROJ_0734_T05,sub_base_course_preparation,45,45,0,0,10000,0.12,1,0,0,4,on_schedule,0,0,synthetic
PROJ_0734,PROJ_0734_T06,road_marking_and_signage_installation,15,12,0,0,10000,0.12,0,0,0,5,on_schedule,0,0,synthetic
PROJ_0735,PROJ_0735_T01,site_clearance_and_excavation,20,22,2,0,10000,0.21,1,0,0,0,rain_monsoon,1,20000,synthetic
PROJ_0735,PROJ_0735_T02,road_marking_and_signage_installation,15,15,0,0,10000,0.21,0,0,1,1,on_schedule,0,0,synthetic
PROJ_0735,PROJ_0735_T03,bridge_deck_construction,60,59,0,7,10000,0.21,1,0,0,2,on_schedule,0,0,synthetic
PROJ_0736,PROJ_0736_T01,sub_base_course_preparation,45,39,0,0,10000,0.35,1,0,0,0,on_schedule,0,0,synthetic
PROJ_0736,PROJ_0736_T02,road_marking_and_signage_installation,15,14,0,0,10000,0.35,0,0,0,1,on_schedule,0,0,synthetic
PROJ_0736,PROJ_0736_T03,guardrail_installation,25,21,0,5,10000,0.35,0,0,0,2,on_schedule,0,0,synthetic
PROJ_0737,PROJ_0737_T01,bridge_deck_construction,60,59,0,7,10000,0.14,1,0,0,0,on_schedule,0,0,synthetic
PROJ_0737,PROJ_0737_T02,road_marking_and_signage_installation,15,20,5,0,10000,0.14,1,0,0,1,land_acquisition,1,50000,synthetic
PROJ_0737,PROJ_0737_T03,site_clearance_and_excavation,20,34,14,0,10000,0.14,0,0,1,2,labour_dispute,1,140000,synthetic
PROJ_0737,PROJ_0737_T04,bituminous_macadam_laying,30,30,0,3,10000,0.14,1,0,1,3,on_schedule,0,0,synthetic
PROJ_0737,PROJ_0737_T05,guardrail_installation,25,24,0,5,10000,0.14,0,0,0,4,on_schedule,0,0,synthetic
PROJ_0737,PROJ_0737_T06,sub_base_course_preparation,45,55,10,0,10000,0.14,0,0,0,5,rain_monsoon,1,100000,synthetic
PROJ_0738,PROJ_0738_T01,guardrail_installation,25,24,0,5,10000,0.13,1,0,0,0,on_schedule,0,0,synthetic
PROJ_0738,PROJ_0738_T02,road_marking_and_signage_installation,15,15,0,0,10000,0.13,1,0,0,1,on_schedule,0,0,synthetic
PROJ_0738,PROJ_0738_T03,bituminous_macadam_laying,30,26,0,3,10000,0.13,0,0,0,2,on_schedule,0,0,synthetic
PROJ_0738,PROJ_0738_T04,sub_base_course_preparation,45,42,0,0,10000,0.13,0,0,0,3,on_schedule,0,0,synthetic
PROJ_0739,PROJ_0739_T01,sub_base_course_preparation,45,44,0,0,10000,0.46,0,0,0,0,on_schedule,0,0,synthetic
PROJ_0739,PROJ_0739_T02,bituminous_macadam_laying,30,30,0,3,10000,0.46,1,0,0,1,on_schedule,0,0,synthetic
PROJ_0739,PROJ_0739_T03,bridge_deck_construction,60,85,25,7,10000,0.46,0,0,0,2,design_change,1,180000,synthetic
PROJ_0739,PROJ_0739_T04,site_clearance_and_excavation,20,19,0,0,10000,0.46,0,0,1,3,on_schedule,0,0,synthetic
PROJ_0739,PROJ_0739_T05,guardrail_installation,25,45,20,5,10000,0.46,0,0,0,4,subcontractor_failure,1,150000,synthetic
PROJ_0740,PROJ_0740_T01,site_clearance_and_excavation,20,18,0,0,10000,0.52,0,0,0,0,on_schedule,0,0,synthetic
PROJ_0740,PROJ_0740_T02,sub_base_course_preparation,45,36,0,0,10000,0.52,1,0,0,1,on_schedule,0,0,synthetic
PROJ_0740,PROJ_0740_T03,bridge_deck_construction,60,97,37,7,10000,0.52,0,0,0,2,utility_shifting,1,300000,synthetic
PROJ_0740,PROJ_0740_T04,road_marking_and_signage_installation,15,14,0,0,10000,0.52,1,0,1,3,on_schedule,0,0,synthetic
PROJ_0741,PROJ_0741_T01,bituminous_macadam_laying,30,28,0,3,10000,0.47,0,0,0,0,on_schedule,0,0,synthetic
PROJ_0741,PROJ_0741_T02,guardrail_installation,25,23,0,5,10000,0.47,1,0,0,1,on_schedule,0,0,synthetic
PROJ_0741,PROJ_0741_T03,site_clearance_and_excavation,20,20,0,0,10000,0.47,1,0,0,2,on_schedule,0,0,synthetic
PROJ_0741,PROJ_0741_T04,bridge_deck_construction,60,63,3,7,10000,0.47,0,0,0,3,utility_shifting,0,0,synthetic
PROJ_0741,PROJ_0741_T05,sub_base_course_preparation,45,42,0,0,10000,0.47,1,0,1,4,on_schedule,0,0,synthetic
PROJ_0741,PROJ_0741_T06,road_marking_and_signage_installation,15,17,2,0,10000,0.47,1,1,0,5,material_shortage,1,20000,synthetic
PROJ_0742,PROJ_0742_T01,site_clearance_and_excavation,20,16,0,0,10000,0.45,1,0,0,0,on_schedule,0,0,synthetic
PROJ_0742,PROJ_0742_T02,road_marking_and_signage_installation,15,20,5,0,10000,0.45,1,0,0,1,land_acquisition,1,50000,synthetic
PROJ_0742,PROJ_0742_T03,guardrail_installation,25,35,10,5,10000,0.45,0,0,1,2,utility_shifting,1,50000,synthetic
PROJ_0742,PROJ_0742_T04,sub_base_course_preparation,45,38,0,0,10000,0.45,0,0,1,3,on_schedule,0,0,synthetic
PROJ_0743,PROJ_0743_T01,guardrail_installation,25,24,0,5,10000,0.16,0,0,0,0,on_schedule,0,0,synthetic
PROJ_0743,PROJ_0743_T02,bridge_deck_construction,60,52,0,7,10000,0.16,1,0,0,1,on_schedule,0,0,synthetic
PROJ_0743,PROJ_0743_T03,sub_base_course_preparation,45,44,0,0,10000,0.16,0,0,0,2,on_schedule,0,0,synthetic
PROJ_0743,PROJ_0743_T04,bituminous_macadam_laying,30,28,0,3,10000,0.16,1,0,0,3,on_schedule,0,0,synthetic
PROJ_0743,PROJ_0743_T05,site_clearance_and_excavation,20,18,0,0,10000,0.16,0,0,0,4,on_schedule,0,0,synthetic
PROJ_0744,PROJ_0744_T01,bituminous_macadam_laying,30,25,0,3,10000,0.48,0,0,0,0,on_schedule,0,0,synthetic
PROJ_0744,PROJ_0744_T02,guardrail_installation,25,44,19,5,10000,0.48,0,1,0,1,material_shortage,1,140000,synthetic
PROJ_0744,PROJ_0744_T03,site_clearance_and_excavation,20,16,0,0,10000,0.48,1,0,1,2,on_schedule,0,0,synthetic
PROJ_0744,PROJ_0744_T04,bridge_deck_construction,60,54,0,7,10000,0.48,0,0,0,3,on_schedule,0,0,synthetic
PROJ_0744,PROJ_0744_T05,road_marking_and_signage_installation,15,25,10,0,10000,0.48,0,0,0,4,labour_dispute,1,100000,synthetic
PROJ_0744,PROJ_0744_T06,sub_base_course_preparation,45,38,0,0,10000,0.48,0,0,1,5,on_schedule,0,0,synthetic
PROJ_0745,PROJ_0745_T01,bridge_deck_construction,60,58,0,7,10000,0.34,0,0,0,0,on_schedule,0,0,synthetic
PROJ_0745,PROJ_0745_T02,road_marking_and_signage_installation,15,12,0,0,10000,0.34,1,0,0,1,on_schedule,0,0,synthetic
PROJ_0745,PROJ_0745_T03,sub_base_course_preparation,45,39,0,0,10000,0.34,1,0,0,2,on_schedule,0,0,synthetic
PROJ_0746,PROJ_0746_T01,road_marking_and_signage_installation,15,14,0,0,10000,0.13,1,0,0,0,on_schedule,0,0,synthetic
PROJ_0746,PROJ_0746_T02,sub_base_course_preparation,45,72,27,0,10000,0.13,1,0,0,1,land_acquisition,1,270000,synthetic
PROJ_0746,PROJ_0746_T03,site_clearance_and_excavation,20,16,0,0,10000,0.13,1,0,1,2,on_schedule,0,0,synthetic
PROJ_0746,PROJ_0746_T04,bituminous_macadam_laying,30,28,0,3,10000,0.13,1,0,0,3,on_schedule,0,0,synthetic
PROJ_0747,PROJ_0747_T01,site_clearance_and_excavation,20,17,0,0,10000,0.59,0,0,0,0,on_schedule,0,0,synthetic
PROJ_0747,PROJ_0747_T02,sub_base_course_preparation,45,45,0,0,10000,0.59,0,0,0,1,on_schedule,0,0,synthetic
PROJ_0747,PROJ_0747_T03,road_marking_and_signage_installation,15,13,0,0,10000,0.59,0,0,0,2,on_schedule,0,0,synthetic
PROJ_0748,PROJ_0748_T01,road_marking_and_signage_installation,15,13,0,0,10000,0.22,0,0,0,0,on_schedule,0,0,synthetic
PROJ_0748,PROJ_0748_T02,bituminous_macadam_laying,30,24,0,3,10000,0.22,0,0,0,1,on_schedule,0,0,synthetic
PROJ_0748,PROJ_0748_T03,sub_base_course_preparation,45,37,0,0,10000,0.22,0,0,0,2,on_schedule,0,0,synthetic
PROJ_0749,PROJ_0749_T01,road_marking_and_signage_installation,15,15,0,0,10000,0.15,1,0,0,0,on_schedule,0,0,synthetic
PROJ_0749,PROJ_0749_T02,site_clearance_and_excavation,20,18,0,0,10000,0.15,1,0,0,1,on_schedule,0,0,synthetic
PROJ_0749,PROJ_0749_T03,bridge_deck_construction,60,58,0,7,10000,0.15,0,0,0,2,on_schedule,0,0,synthetic
PROJ_0749,PROJ_0749_T04,bituminous_macadam_laying,30,42,12,3,10000,0.15,0,0,0,3,labour_dispute,1,90000,synthetic
PROJ_0749,PROJ_0749_T05,guardrail_installation,25,22,0,5,10000,0.15,1,0,1,4,on_schedule,0,0,synthetic
PROJ_0749,PROJ_0749_T06,sub_base_course_preparation,45,46,1,0,10000,0.15,1,0,0,5,design_change,1,10000,synthetic
PROJ_0750,PROJ_0750_T01,bituminous_macadam_laying,30,26,0,3,10000,0.13,0,0,0,0,on_schedule,0,0,synthetic
PROJ_0750,PROJ_0750_T02,site_clearance_and_excavation,20,17,0,0,10000,0.13,1,0,0,1,on_schedule,0,0,synthetic
PROJ_0750,PROJ_0750_T03,guardrail_installation,25,23,0,5,10000,0.13,0,0,0,2,on_schedule,0,0,synthetic
PROJ_0750,PROJ_0750_T04,bridge_deck_construction,60,53,0,7,10000,0.13,1,0,0,3,on_schedule,0,0,synthetic
PROJ_0751,PROJ_0751_T01,bridge_deck_construction,60,55,0,7,10000,0.32,0,0,0,0,on_schedule,0,0,synthetic
PROJ_0751,PROJ_0751_T02,guardrail_installation,25,21,0,5,10000,0.32,0,0,0,1,on_schedule,0,0,synthetic
PROJ_0751,PROJ_0751_T03,site_clearance_and_excavation,20,19,0,0,10000,0.32,1,0,0,2,on_schedule,0,0,synthetic
PROJ_0751,PROJ_0751_T04,road_marking_and_signage_installation,15,24,9,0,10000,0.32,0,0,0,3,equipment_breakdown,1,90000,synthetic
PROJ_0752,PROJ_0752_T01,sub_base_course_preparation,45,36,0,0,10000,0.46,0,0,0,0,on_schedule,0,0,synthetic
PROJ_0752,PROJ_0752_T02,guardrail_installation,25,20,0,5,10000,0.46,0,0,0,1,on_schedule,0,0,synthetic
PROJ_0752,PROJ_0752_T03,bituminous_macadam_laying,30,26,0,3,10000,0.46,0,0,0,2,on_schedule,0,0,synthetic
PROJ_0752,PROJ_0752_T04,road_marking_and_signage_installation,15,13,0,0,10000,0.46,1,0,0,3,on_schedule,0,0,synthetic
PROJ_0752,PROJ_0752_T05,bridge_deck_construction,60,48,0,7,10000,0.46,0,0,0,4,on_schedule,0,0,synthetic
PROJ_0753,PROJ_0753_T01,bridge_deck_construction,60,48,0,7,10000,0.26,1,0,0,0,on_schedule,0,0,synthetic
PROJ_0753,PROJ_0753_T02,sub_base_course_preparation,45,52,7,0,10000,0.26,1,0,0,1,land_acquisition,1,70000,synthetic
PROJ_0753,PROJ_0753_T03,site_clearance_and_excavation,20,29,9,0,10000,0.26,1,0,1,2,labour_dispute,1,90000,synthetic
PROJ_0754,PROJ_0754_T01,site_clearance_and_excavation,20,31,11,0,10000,0.15,1,0,0,0,utility_shifting,1,110000,synthetic
PROJ_0754,PROJ_0754_T02,sub_base_course_preparation,45,44,0,0,10000,0.15,1,0,1,1,on_schedule,0,0,synthetic
PROJ_0754,PROJ_0754_T03,road_marking_and_signage_installation,15,15,0,0,10000,0.15,0,0,0,2,on_schedule,0,0,synthetic
PROJ_0754,PROJ_0754_T04,bituminous_macadam_laying,30,24,0,3,10000,0.15,0,0,0,3,on_schedule,0,0,synthetic
PROJ_0754,PROJ_0754_T05,bridge_deck_construction,60,63,3,7,10000,0.15,1,0,0,4,labour_dispute,0,0,synthetic
PROJ_0755,PROJ_0755_T01,bridge_deck_construction,60,74,14,7,10000,0.37,1,0,0,0,labour_dispute,1,70000,synthetic
PROJ_0755,PROJ_0755_T02,bituminous_macadam_laying,30,39,9,3,10000,0.37,1,1,1,1,material_shortage,1,60000,synthetic
PROJ_0755,PROJ_0755_T03,sub_base_course_preparation,45,63,18,0,10000,0.37,0,0,1,2,subcontractor_failure,1,180000,synthetic
PROJ_0755,PROJ_0755_T04,guardrail_installation,25,33,8,5,10000,0.37,0,0,1,3,rain_monsoon,1,30000,synthetic
PROJ_0755,PROJ_0755_T05,road_marking_and_signage_installation,15,13,0,0,10000,0.37,0,0,1,4,on_schedule,0,0,synthetic
PROJ_0755,PROJ_0755_T06,site_clearance_and_excavation,20,18,0,0,10000,0.37,0,0,0,5,on_schedule,0,0,synthetic
PROJ_0756,PROJ_0756_T01,site_clearance_and_excavation,20,16,0,0,10000,0.56,0,0,0,0,on_schedule,0,0,synthetic
PROJ_0756,PROJ_0756_T02,road_marking_and_signage_installation,15,13,0,0,10000,0.56,1,0,0,1,on_schedule,0,0,synthetic
PROJ_0756,PROJ_0756_T03,bridge_deck_construction,60,83,23,7,10000,0.56,1,0,0,2,utility_shifting,1,160000,synthetic
PROJ_0757,PROJ_0757_T01,bituminous_macadam_laying,30,25,0,3,10000,0.11,0,0,0,0,on_schedule,0,0,synthetic
PROJ_0757,PROJ_0757_T02,sub_base_course_preparation,45,36,0,0,10000,0.11,0,0,0,1,on_schedule,0,0,synthetic
PROJ_0757,PROJ_0757_T03,bridge_deck_construction,60,74,14,7,10000,0.11,0,0,0,2,labour_dispute,1,70000,synthetic
PROJ_0757,PROJ_0757_T04,guardrail_installation,25,20,0,5,10000,0.11,1,0,1,3,on_schedule,0,0,synthetic
PROJ_0758,PROJ_0758_T01,bituminous_macadam_laying,30,30,0,3,10000,0.41,1,0,0,0,on_schedule,0,0,synthetic
PROJ_0758,PROJ_0758_T02,bridge_deck_construction,60,54,0,7,10000,0.41,0,0,0,1,on_schedule,0,0,synthetic
PROJ_0758,PROJ_0758_T03,road_marking_and_signage_installation,15,13,0,0,10000,0.41,1,0,0,2,on_schedule,0,0,synthetic
PROJ_0758,PROJ_0758_T04,site_clearance_and_excavation,20,17,0,0,10000,0.41,1,0,0,3,on_schedule,0,0,synthetic
PROJ_0759,PROJ_0759_T01,bridge_deck_construction,60,71,11,7,10000,0.37,0,0,0,0,labour_dispute,1,40000,synthetic
PROJ_0759,PROJ_0759_T02,site_clearance_and_excavation,20,24,4,0,10000,0.37,0,0,1,1,design_change,1,40000,synthetic
PROJ_0759,PROJ_0759_T03,bituminous_macadam_laying,30,25,0,3,10000,0.37,1,0,1,2,on_schedule,0,0,synthetic
PROJ_0760,PROJ_0760_T01,road_marking_and_signage_installation,15,29,14,0,10000,0.54,1,0,0,0,subcontractor_failure,1,140000,synthetic
PROJ_0760,PROJ_0760_T02,sub_base_course_preparation,45,45,0,0,10000,0.54,0,0,1,1,on_schedule,0,0,synthetic
PROJ_0760,PROJ_0760_T03,bridge_deck_construction,60,60,0,7,10000,0.54,0,0,0,2,on_schedule,0,0,synthetic
PROJ_0760,PROJ_0760_T04,site_clearance_and_excavation,20,30,10,0,10000,0.54,1,0,0,3,design_change,1,100000,synthetic
PROJ_0760,PROJ_0760_T05,guardrail_installation,25,24,0,5,10000,0.54,0,0,1,4,on_schedule,0,0,synthetic
PROJ_0761,PROJ_0761_T01,road_marking_and_signage_installation,15,13,0,0,10000,0.55,0,0,0,0,on_schedule,0,0,synthetic
PROJ_0761,PROJ_0761_T02,sub_base_course_preparation,45,44,0,0,10000,0.55,0,0,0,1,on_schedule,0,0,synthetic
PROJ_0761,PROJ_0761_T03,bituminous_macadam_laying,30,25,0,3,10000,0.55,0,0,0,2,on_schedule,0,0,synthetic
PROJ_0761,PROJ_0761_T04,guardrail_installation,25,24,0,5,10000,0.55,0,0,0,3,on_schedule,0,0,synthetic
PROJ_0762,PROJ_0762_T01,bituminous_macadam_laying,30,28,0,3,10000,0.37,0,0,0,0,on_schedule,0,0,synthetic
PROJ_0762,PROJ_0762_T02,guardrail_installation,25,20,0,5,10000,0.37,1,0,0,1,on_schedule,0,0,synthetic
PROJ_0762,PROJ_0762_T03,bridge_deck_construction,60,51,0,7,10000,0.37,0,0,0,2,on_schedule,0,0,synthetic
PROJ_0762,PROJ_0762_T04,road_marking_and_signage_installation,15,13,0,0,10000,0.37,0,0,0,3,on_schedule,0,0,synthetic
PROJ_0763,PROJ_0763_T01,bituminous_macadam_laying,30,27,0,3,10000,0.41,0,0,0,0,on_schedule,0,0,synthetic
PROJ_0763,PROJ_0763_T02,site_clearance_and_excavation,20,18,0,0,10000,0.41,0,0,0,1,on_schedule,0,0,synthetic
PROJ_0763,PROJ_0763_T03,bridge_deck_construction,60,61,1,7,10000,0.41,0,1,0,2,material_shortage,0,0,synthetic
PROJ_0763,PROJ_0763_T04,guardrail_installation,25,25,0,5,10000,0.41,0,0,1,3,on_schedule,0,0,synthetic
PROJ_0764,PROJ_0764_T01,bridge_deck_construction,60,73,13,7,10000,0.26,0,0,0,0,subcontractor_failure,1,60000,synthetic
PROJ_0764,PROJ_0764_T02,sub_base_course_preparation,45,44,0,0,10000,0.26,1,0,1,1,on_schedule,0,0,synthetic
PROJ_0764,PROJ_0764_T03,bituminous_macadam_laying,30,51,21,3,10000,0.26,0,1,0,2,material_shortage,1,180000,synthetic
PROJ_0765,PROJ_0765_T01,bridge_deck_construction,60,95,35,7,10000,0.26,1,0,0,0,equipment_breakdown,1,280000,synthetic
PROJ_0765,PROJ_0765_T02,bituminous_macadam_laying,30,28,0,3,10000,0.26,0,0,1,1,on_schedule,0,0,synthetic
PROJ_0765,PROJ_0765_T03,guardrail_installation,25,35,10,5,10000,0.26,1,1,0,2,material_shortage,1,50000,synthetic
PROJ_0765,PROJ_0765_T04,road_marking_and_signage_installation,15,12,0,0,10000,0.26,1,0,1,3,on_schedule,0,0,synthetic
PROJ_0765,PROJ_0765_T05,site_clearance_and_excavation,20,16,0,0,10000,0.26,0,0,0,4,on_schedule,0,0,synthetic
PROJ_0766,PROJ_0766_T01,road_marking_and_signage_installation,15,12,0,0,10000,0.43,1,0,0,0,on_schedule,0,0,synthetic
PROJ_0766,PROJ_0766_T02,site_clearance_and_excavation,20,18,0,0,10000,0.43,0,0,0,1,on_schedule,0,0,synthetic
PROJ_0766,PROJ_0766_T03,guardrail_installation,25,24,0,5,10000,0.43,0,0,0,2,on_schedule,0,0,synthetic
PROJ_0767,PROJ_0767_T01,guardrail_installation,25,20,0,5,10000,0.31,1,0,0,0,on_schedule,0,0,synthetic
PROJ_0767,PROJ_0767_T02,sub_base_course_preparation,45,38,0,0,10000,0.31,1,0,0,1,on_schedule,0,0,synthetic
PROJ_0767,PROJ_0767_T03,road_marking_and_signage_installation,15,12,0,0,10000,0.31,1,0,0,2,on_schedule,0,0,synthetic
PROJ_0767,PROJ_0767_T04,site_clearance_and_excavation,20,27,7,0,10000,0.31,1,0,0,3,labour_dispute,1,70000,synthetic
PROJ_0768,PROJ_0768_T01,bituminous_macadam_laying,30,24,0,3,10000,0.41,0,0,0,0,on_schedule,0,0,synthetic
PROJ_0768,PROJ_0768_T02,sub_base_course_preparation,45,40,0,0,10000,0.41,0,0,0,1,on_schedule,0,0,synthetic
PROJ_0768,PROJ_0768_T03,road_marking_and_signage_installation,15,12,0,0,10000,0.41,1,0,0,2,on_schedule,0,0,synthetic
PROJ_0768,PROJ_0768_T04,bridge_deck_construction,60,52,0,7,10000,0.41,0,0,0,3,on_schedule,0,0,synthetic
PROJ_0768,PROJ_0768_T05,guardrail_installation,25,23,0,5,10000,0.41,1,0,0,4,on_schedule,0,0,synthetic
PROJ_0768,PROJ_0768_T06,site_clearance_and_excavation,20,17,0,0,10000,0.41,0,0,0,5,on_schedule,0,0,synthetic
PROJ_0769,PROJ_0769_T01,road_marking_and_signage_installation,15,17,2,0,10000,0.46,1,0,0,0,equipment_breakdown,1,20000,synthetic
PROJ_0769,PROJ_0769_T02,sub_base_course_preparation,45,40,0,0,10000,0.46,0,0,1,1,on_schedule,0,0,synthetic
PROJ_0769,PROJ_0769_T03,bituminous_macadam_laying,30,29,0,3,10000,0.46,1,0,0,2,on_schedule,0,0,synthetic
PROJ_0769,PROJ_0769_T04,bridge_deck_construction,60,50,0,7,10000,0.46,0,0,0,3,on_schedule,0,0,synthetic
PROJ_0769,PROJ_0769_T05,guardrail_installation,25,39,14,5,10000,0.46,1,0,0,4,equipment_breakdown,1,90000,synthetic
PROJ_0769,PROJ_0769_T06,site_clearance_and_excavation,20,20,0,0,10000,0.46,1,0,1,5,on_schedule,0,0,synthetic
PROJ_0770,PROJ_0770_T01,guardrail_installation,25,22,0,5,10000,0.15,1,0,0,0,on_schedule,0,0,synthetic
PROJ_0770,PROJ_0770_T02,bituminous_macadam_laying,30,42,12,3,10000,0.15,0,0,0,1,land_acquisition,1,90000,synthetic
PROJ_0770,PROJ_0770_T03,site_clearance_and_excavation,20,28,8,0,10000,0.15,1,0,1,2,utility_shifting,1,80000,synthetic
PROJ_0770,PROJ_0770_T04,sub_base_course_preparation,45,38,0,0,10000,0.15,1,0,1,3,on_schedule,0,0,synthetic
PROJ_0771,PROJ_0771_T01,bridge_deck_construction,60,54,0,7,10000,0.58,1,0,0,0,on_schedule,0,0,synthetic
PROJ_0771,PROJ_0771_T02,bituminous_macadam_laying,30,28,0,3,10000,0.58,0,0,0,1,on_schedule,0,0,synthetic
PROJ_0771,PROJ_0771_T03,sub_base_course_preparation,45,37,0,0,10000,0.58,1,0,0,2,on_schedule,0,0,synthetic
PROJ_0771,PROJ_0771_T04,road_marking_and_signage_installation,15,27,12,0,10000,0.58,1,0,0,3,equipment_breakdown,1,120000,synthetic
PROJ_0772,PROJ_0772_T01,road_marking_and_signage_installation,15,26,11,0,10000,0.46,1,1,0,0,material_shortage,1,110000,synthetic
PROJ_0772,PROJ_0772_T02,site_clearance_and_excavation,20,27,7,0,10000,0.46,1,0,1,1,labour_dispute,1,70000,synthetic
PROJ_0772,PROJ_0772_T03,bituminous_macadam_laying,30,47,17,3,10000,0.46,1,0,1,2,land_acquisition,1,140000,synthetic
PROJ_0772,PROJ_0772_T04,guardrail_installation,25,20,0,5,10000,0.46,1,0,1,3,on_schedule,0,0,synthetic
PROJ_0772,PROJ_0772_T05,bridge_deck_construction,60,60,0,7,10000,0.46,0,0,0,4,on_schedule,0,0,synthetic
PROJ_0773,PROJ_0773_T01,bridge_deck_construction,60,59,0,7,10000,0.15,0,0,0,0,on_schedule,0,0,synthetic
PROJ_0773,PROJ_0773_T02,sub_base_course_preparation,45,45,0,0,10000,0.15,0,0,0,1,on_schedule,0,0,synthetic
PROJ_0773,PROJ_0773_T03,site_clearance_and_excavation,20,23,3,0,10000,0.15,1,0,0,2,labour_dispute,1,30000,synthetic
PROJ_0774,PROJ_0774_T01,bridge_deck_construction,60,48,0,7,10000,0.17,0,0,0,0,on_schedule,0,0,synthetic
PROJ_0774,PROJ_0774_T02,guardrail_installation,25,24,0,5,10000,0.17,1,0,0,1,on_schedule,0,0,synthetic
PROJ_0774,PROJ_0774_T03,road_marking_and_signage_installation,15,14,0,0,10000,0.17,1,0,0,2,on_schedule,0,0,synthetic
PROJ_0774,PROJ_0774_T04,bituminous_macadam_laying,30,47,17,3,10000,0.17,0,0,0,3,design_change,1,140000,synthetic
PROJ_0775,PROJ_0775_T01,road_marking_and_signage_installation,15,14,0,0,10000,0.56,1,0,0,0,on_schedule,0,0,synthetic
PROJ_0775,PROJ_0775_T02,bituminous_macadam_laying,30,35,5,3,10000,0.56,0,1,0,1,material_shortage,1,20000,synthetic
PROJ_0775,PROJ_0775_T03,sub_base_course_preparation,45,41,0,0,10000,0.56,1,0,1,2,on_schedule,0,0,synthetic
PROJ_0776,PROJ_0776_T01,guardrail_installation,25,25,0,5,10000,0.23,0,0,0,0,on_schedule,0,0,synthetic
PROJ_0776,PROJ_0776_T02,sub_base_course_preparation,45,45,0,0,10000,0.23,1,0,0,1,on_schedule,0,0,synthetic
PROJ_0776,PROJ_0776_T03,bituminous_macadam_laying,30,32,2,3,10000,0.23,1,0,0,2,rain_monsoon,0,0,synthetic
PROJ_0776,PROJ_0776_T04,bridge_deck_construction,60,60,0,7,10000,0.23,0,0,1,3,on_schedule,0,0,synthetic
PROJ_0776,PROJ_0776_T05,road_marking_and_signage_installation,15,14,0,0,10000,0.23,0,0,0,4,on_schedule,0,0,synthetic
PROJ_0776,PROJ_0776_T06,site_clearance_and_excavation,20,17,0,0,10000,0.23,0,0,0,5,on_schedule,0,0,synthetic
PROJ_0777,PROJ_0777_T01,guardrail_installation,25,21,0,5,10000,0.36,0,0,0,0,on_schedule,0,0,synthetic
PROJ_0777,PROJ_0777_T02,bituminous_macadam_laying,30,28,0,3,10000,0.36,0,0,0,1,on_schedule,0,0,synthetic
PROJ_0777,PROJ_0777_T03,road_marking_and_signage_installation,15,23,8,0,10000,0.36,1,0,0,2,land_acquisition,1,80000,synthetic
PROJ_0777,PROJ_0777_T04,site_clearance_and_excavation,20,16,0,0,10000,0.36,0,0,1,3,on_schedule,0,0,synthetic
PROJ_0777,PROJ_0777_T05,sub_base_course_preparation,45,48,3,0,10000,0.36,0,0,0,4,land_acquisition,1,30000,synthetic
PROJ_0777,PROJ_0777_T06,bridge_deck_construction,60,54,0,7,10000,0.36,0,0,1,5,on_schedule,0,0,synthetic
PROJ_0778,PROJ_0778_T01,guardrail_installation,25,25,0,5,10000,0.42,0,0,0,0,on_schedule,0,0,synthetic
PROJ_0778,PROJ_0778_T02,road_marking_and_signage_installation,15,12,0,0,10000,0.42,0,0,0,1,on_schedule,0,0,synthetic
PROJ_0778,PROJ_0778_T03,site_clearance_and_excavation,20,19,0,0,10000,0.42,0,0,0,2,on_schedule,0,0,synthetic
PROJ_0778,PROJ_0778_T04,sub_base_course_preparation,45,39,0,0,10000,0.42,0,0,0,3,on_schedule,0,0,synthetic
PROJ_0778,PROJ_0778_T05,bridge_deck_construction,60,51,0,7,10000,0.42,1,0,0,4,on_schedule,0,0,synthetic
PROJ_0779,PROJ_0779_T01,sub_base_course_preparation,45,59,14,0,10000,0.3,0,0,0,0,rain_monsoon,1,140000,synthetic
PROJ_0779,PROJ_0779_T02,bituminous_macadam_laying,30,26,0,3,10000,0.3,1,0,1,1,on_schedule,0,0,synthetic
PROJ_0779,PROJ_0779_T03,bridge_deck_construction,60,54,0,7,10000,0.3,0,0,0,2,on_schedule,0,0,synthetic
PROJ_0779,PROJ_0779_T04,road_marking_and_signage_installation,15,12,0,0,10000,0.3,1,0,0,3,on_schedule,0,0,synthetic
PROJ_0779,PROJ_0779_T05,site_clearance_and_excavation,20,19,0,0,10000,0.3,1,0,0,4,on_schedule,0,0,synthetic
PROJ_0779,PROJ_0779_T06,guardrail_installation,25,25,0,5,10000,0.3,0,0,0,5,on_schedule,0,0,synthetic
PROJ_0780,PROJ_0780_T01,guardrail_installation,25,43,18,5,10000,0.59,1,1,0,0,material_shortage,1,130000,synthetic
PROJ_0780,PROJ_0780_T02,bridge_deck_construction,60,53,0,7,10000,0.59,1,0,1,1,on_schedule,0,0,synthetic
PROJ_0780,PROJ_0780_T03,bituminous_macadam_laying,30,52,22,3,10000,0.59,1,0,0,2,equipment_breakdown,1,190000,synthetic
PROJ_0780,PROJ_0780_T04,site_clearance_and_excavation,20,28,8,0,10000,0.59,0,0,1,3,utility_shifting,1,80000,synthetic
PROJ_0781,PROJ_0781_T01,guardrail_installation,25,20,0,5,10000,0.15,1,0,0,0,on_schedule,0,0,synthetic
PROJ_0781,PROJ_0781_T02,site_clearance_and_excavation,20,20,0,0,10000,0.15,0,0,0,1,on_schedule,0,0,synthetic
PROJ_0781,PROJ_0781_T03,bituminous_macadam_laying,30,26,0,3,10000,0.15,0,0,0,2,on_schedule,0,0,synthetic
PROJ_0782,PROJ_0782_T01,site_clearance_and_excavation,20,20,0,0,10000,0.46,1,0,0,0,on_schedule,0,0,synthetic
PROJ_0782,PROJ_0782_T02,guardrail_installation,25,24,0,5,10000,0.46,1,0,0,1,on_schedule,0,0,synthetic
PROJ_0782,PROJ_0782_T03,road_marking_and_signage_installation,15,14,0,0,10000,0.46,1,0,0,2,on_schedule,0,0,synthetic
PROJ_0783,PROJ_0783_T01,guardrail_installation,25,25,0,5,10000,0.54,0,0,0,0,on_schedule,0,0,synthetic
PROJ_0783,PROJ_0783_T02,road_marking_and_signage_installation,15,25,10,0,10000,0.54,1,0,0,1,rain_monsoon,1,100000,synthetic
PROJ_0783,PROJ_0783_T03,bridge_deck_construction,60,93,33,7,10000,0.54,0,0,1,2,land_acquisition,1,260000,synthetic
PROJ_0784,PROJ_0784_T01,bituminous_macadam_laying,30,30,0,3,10000,0.55,1,0,0,0,on_schedule,0,0,synthetic
PROJ_0784,PROJ_0784_T02,road_marking_and_signage_installation,15,12,0,0,10000,0.55,1,0,0,1,on_schedule,0,0,synthetic
PROJ_0784,PROJ_0784_T03,sub_base_course_preparation,45,36,0,0,10000,0.55,1,0,0,2,on_schedule,0,0,synthetic
PROJ_0784,PROJ_0784_T04,site_clearance_and_excavation,20,24,4,0,10000,0.55,1,0,0,3,subcontractor_failure,1,40000,synthetic
PROJ_0785,PROJ_0785_T01,road_marking_and_signage_installation,15,13,0,0,10000,0.42,0,0,0,0,on_schedule,0,0,synthetic
PROJ_0785,PROJ_0785_T02,bridge_deck_construction,60,58,0,7,10000,0.42,1,0,0,1,on_schedule,0,0,synthetic
PROJ_0785,PROJ_0785_T03,guardrail_installation,25,24,0,5,10000,0.42,0,0,0,2,on_schedule,0,0,synthetic
PROJ_0786,PROJ_0786_T01,guardrail_installation,25,25,0,5,10000,0.52,0,0,0,0,on_schedule,0,0,synthetic
PROJ_0786,PROJ_0786_T02,bituminous_macadam_laying,30,29,0,3,10000,0.52,1,0,0,1,on_schedule,0,0,synthetic
PROJ_0786,PROJ_0786_T03,bridge_deck_construction,60,56,0,7,10000,0.52,0,0,0,2,on_schedule,0,0,synthetic
PROJ_0787,PROJ_0787_T01,guardrail_installation,25,23,0,5,10000,0.4,1,0,0,0,on_schedule,0,0,synthetic
PROJ_0787,PROJ_0787_T02,sub_base_course_preparation,45,37,0,0,10000,0.4,0,0,0,1,on_schedule,0,0,synthetic
PROJ_0787,PROJ_0787_T03,road_marking_and_signage_installation,15,23,8,0,10000,0.4,0,0,0,2,design_change,1,80000,synthetic
PROJ_0787,PROJ_0787_T04,site_clearance_and_excavation,20,17,0,0,10000,0.4,0,0,1,3,on_schedule,0,0,synthetic
PROJ_0787,PROJ_0787_T05,bridge_deck_construction,60,53,0,7,10000,0.4,1,0,0,4,on_schedule,0,0,synthetic
PROJ_0787,PROJ_0787_T06,bituminous_macadam_laying,30,30,0,3,10000,0.4,0,0,0,5,on_schedule,0,0,synthetic
PROJ_0788,PROJ_0788_T01,guardrail_installation,25,22,0,5,10000,0.52,0,0,0,0,on_schedule,0,0,synthetic
PROJ_0788,PROJ_0788_T02,site_clearance_and_excavation,20,17,0,0,10000,0.52,1,0,0,1,on_schedule,0,0,synthetic
PROJ_0788,PROJ_0788_T03,road_marking_and_signage_installation,15,12,0,0,10000,0.52,0,0,0,2,on_schedule,0,0,synthetic
PROJ_0788,PROJ_0788_T04,bituminous_macadam_laying,30,28,0,3,10000,0.52,1,0,0,3,on_schedule,0,0,synthetic
PROJ_0788,PROJ_0788_T05,sub_base_course_preparation,45,42,0,0,10000,0.52,0,0,0,4,on_schedule,0,0,synthetic
PROJ_0789,PROJ_0789_T01,site_clearance_and_excavation,20,27,7,0,10000,0.16,0,0,0,0,utility_shifting,1,70000,synthetic
PROJ_0789,PROJ_0789_T02,sub_base_course_preparation,45,50,5,0,10000,0.16,0,0,1,1,design_change,1,50000,synthetic
PROJ_0789,PROJ_0789_T03,road_marking_and_signage_installation,15,14,0,0,10000,0.16,0,0,1,2,on_schedule,0,0,synthetic
PROJ_0790,PROJ_0790_T01,bituminous_macadam_laying,30,30,0,3,10000,0.41,0,0,0,0,on_schedule,0,0,synthetic
PROJ_0790,PROJ_0790_T02,guardrail_installation,25,23,0,5,10000,0.41,1,0,0,1,on_schedule,0,0,synthetic
PROJ_0790,PROJ_0790_T03,bridge_deck_construction,60,48,0,7,10000,0.41,1,0,0,2,on_schedule,0,0,synthetic
PROJ_0790,PROJ_0790_T04,road_marking_and_signage_installation,15,20,5,0,10000,0.41,0,0,0,3,land_acquisition,1,50000,synthetic
PROJ_0790,PROJ_0790_T05,sub_base_course_preparation,45,43,0,0,10000,0.41,1,0,1,4,on_schedule,0,0,synthetic
PROJ_0791,PROJ_0791_T01,bituminous_macadam_laying,30,27,0,3,10000,0.3,0,0,0,0,on_schedule,0,0,synthetic
PROJ_0791,PROJ_0791_T02,site_clearance_and_excavation,20,18,0,0,10000,0.3,0,0,0,1,on_schedule,0,0,synthetic
PROJ_0791,PROJ_0791_T03,road_marking_and_signage_installation,15,12,0,0,10000,0.3,1,0,0,2,on_schedule,0,0,synthetic
PROJ_0791,PROJ_0791_T04,guardrail_installation,25,23,0,5,10000,0.3,1,0,0,3,on_schedule,0,0,synthetic
PROJ_0791,PROJ_0791_T05,sub_base_course_preparation,45,38,0,0,10000,0.3,0,0,0,4,on_schedule,0,0,synthetic
PROJ_0792,PROJ_0792_T01,sub_base_course_preparation,45,43,0,0,10000,0.11,0,0,0,0,on_schedule,0,0,synthetic
PROJ_0792,PROJ_0792_T02,bridge_deck_construction,60,69,9,7,10000,0.11,1,0,0,1,utility_shifting,1,20000,synthetic
PROJ_0792,PROJ_0792_T03,guardrail_installation,25,21,0,5,10000,0.11,0,0,1,2,on_schedule,0,0,synthetic
PROJ_0792,PROJ_0792_T04,bituminous_macadam_laying,30,27,0,3,10000,0.11,0,0,0,3,on_schedule,0,0,synthetic
PROJ_0792,PROJ_0792_T05,site_clearance_and_excavation,20,16,0,0,10000,0.11,1,0,0,4,on_schedule,0,0,synthetic
PROJ_0793,PROJ_0793_T01,road_marking_and_signage_installation,15,12,0,0,10000,0.2,1,0,0,0,on_schedule,0,0,synthetic
PROJ_0793,PROJ_0793_T02,bituminous_macadam_laying,30,44,14,3,10000,0.2,1,0,0,1,labour_dispute,1,110000,synthetic
PROJ_0793,PROJ_0793_T03,sub_base_course_preparation,45,77,32,0,10000,0.2,1,0,1,2,utility_shifting,1,320000,synthetic
PROJ_0794,PROJ_0794_T01,site_clearance_and_excavation,20,20,0,0,10000,0.2,0,0,0,0,on_schedule,0,0,synthetic
PROJ_0794,PROJ_0794_T02,bituminous_macadam_laying,30,25,0,3,10000,0.2,1,0,0,1,on_schedule,0,0,synthetic
PROJ_0794,PROJ_0794_T03,guardrail_installation,25,38,13,5,10000,0.2,0,0,0,2,land_acquisition,1,80000,synthetic
PROJ_0795,PROJ_0795_T01,guardrail_installation,25,25,0,5,10000,0.32,1,0,0,0,on_schedule,0,0,synthetic
PROJ_0795,PROJ_0795_T02,bituminous_macadam_laying,30,27,0,3,10000,0.32,1,0,0,1,on_schedule,0,0,synthetic
PROJ_0795,PROJ_0795_T03,road_marking_and_signage_installation,15,13,0,0,10000,0.32,1,0,0,2,on_schedule,0,0,synthetic
PROJ_0796,PROJ_0796_T01,road_marking_and_signage_installation,15,13,0,0,10000,0.43,0,0,0,0,on_schedule,0,0,synthetic
PROJ_0796,PROJ_0796_T02,bridge_deck_construction,60,52,0,7,10000,0.43,1,0,0,1,on_schedule,0,0,synthetic
PROJ_0796,PROJ_0796_T03,bituminous_macadam_laying,30,48,18,3,10000,0.43,1,0,0,2,utility_shifting,1,150000,synthetic
PROJ_0796,PROJ_0796_T04,site_clearance_and_excavation,20,20,0,0,10000,0.43,1,0,1,3,on_schedule,0,0,synthetic
PROJ_0796,PROJ_0796_T05,guardrail_installation,25,39,14,5,10000,0.43,0,0,0,4,labour_dispute,1,90000,synthetic
PROJ_0796,PROJ_0796_T06,sub_base_course_preparation,45,44,0,0,10000,0.43,0,0,1,5,on_schedule,0,0,synthetic
PROJ_0797,PROJ_0797_T01,guardrail_installation,25,25,0,5,10000,0.3,1,0,0,0,on_schedule,0,0,synthetic
PROJ_0797,PROJ_0797_T02,road_marking_and_signage_installation,15,12,0,0,10000,0.3,1,0,0,1,on_schedule,0,0,synthetic
PROJ_0797,PROJ_0797_T03,site_clearance_and_excavation,20,16,0,0,10000,0.3,1,0,0,2,on_schedule,0,0,synthetic
PROJ_0797,PROJ_0797_T04,bridge_deck_construction,60,55,0,7,10000,0.3,0,0,0,3,on_schedule,0,0,synthetic
PROJ_0797,PROJ_0797_T05,bituminous_macadam_laying,30,28,0,3,10000,0.3,0,0,0,4,on_schedule,0,0,synthetic
PROJ_0798,PROJ_0798_T01,bituminous_macadam_laying,30,36,6,3,10000,0.28,0,0,0,0,equipment_breakdown,1,30000,synthetic
PROJ_0798,PROJ_0798_T02,site_clearance_and_excavation,20,18,0,0,10000,0.28,0,0,1,1,on_schedule,0,0,synthetic
PROJ_0798,PROJ_0798_T03,road_marking_and_signage_installation,15,22,7,0,10000,0.28,0,0,0,2,utility_shifting,1,70000,synthetic
PROJ_0799,PROJ_0799_T01,site_clearance_and_excavation,20,20,0,0,10000,0.37,0,0,0,0,on_schedule,0,0,synthetic
PROJ_0799,PROJ_0799_T02,bituminous_macadam_laying,30,49,19,3,10000,0.37,1,0,0,1,equipment_breakdown,1,160000,synthetic
PROJ_0799,PROJ_0799_T03,guardrail_installation,25,23,0,5,10000,0.37,0,0,1,2,on_schedule,0,0,synthetic
PROJ_0799,PROJ_0799_T04,road_marking_and_signage_installation,15,14,0,0,10000,0.37,0,0,0,3,on_schedule,0,0,synthetic
PROJ_0799,PROJ_0799_T05,sub_base_course_preparation,45,45,0,0,10000,0.37,1,0,0,4,on_schedule,0,0,synthetic
PROJ_0800,PROJ_0800_T01,road_marking_and_signage_installation,15,13,0,0,10000,0.58,1,0,0,0,on_schedule,0,0,synthetic
PROJ_0800,PROJ_0800_T02,bituminous_macadam_laying,30,28,0,3,10000,0.58,1,0,0,1,on_schedule,0,0,synthetic
PROJ_0800,PROJ_0800_T03,guardrail_installation,25,22,0,5,10000,0.58,0,0,0,2,on_schedule,0,0,synthetic
PROJ_0801,PROJ_0801_T01,guardrail_installation,25,23,0,5,10000,0.54,1,0,0,0,on_schedule,0,0,synthetic
PROJ_0801,PROJ_0801_T02,sub_base_course_preparation,45,36,0,0,10000,0.54,1,0,0,1,on_schedule,0,0,synthetic
PROJ_0801,PROJ_0801_T03,bituminous_macadam_laying,30,36,6,3,10000,0.54,1,0,0,2,labour_dispute,1,30000,synthetic
PROJ_0801,PROJ_0801_T04,bridge_deck_construction,60,55,0,7,10000,0.54,0,0,1,3,on_schedule,0,0,synthetic
PROJ_0801,PROJ_0801_T05,site_clearance_and_excavation,20,17,0,0,10000,0.54,0,0,0,4,on_schedule,0,0,synthetic
PROJ_0802,PROJ_0802_T01,bituminous_macadam_laying,30,27,0,3,10000,0.24,1,0,0,0,on_schedule,0,0,synthetic
PROJ_0802,PROJ_0802_T02,sub_base_course_preparation,45,45,0,0,10000,0.24,1,0,0,1,on_schedule,0,0,synthetic
PROJ_0802,PROJ_0802_T03,bridge_deck_construction,60,59,0,7,10000,0.24,0,0,0,2,on_schedule,0,0,synthetic
PROJ_0802,PROJ_0802_T04,guardrail_installation,25,21,0,5,10000,0.24,1,0,0,3,on_schedule,0,0,synthetic
PROJ_0802,PROJ_0802_T05,road_marking_and_signage_installation,15,13,0,0,10000,0.24,1,0,0,4,on_schedule,0,0,synthetic
PROJ_0802,PROJ_0802_T06,site_clearance_and_excavation,20,16,0,0,10000,0.24,1,0,0,5,on_schedule,0,0,synthetic
PROJ_0803,PROJ_0803_T01,road_marking_and_signage_installation,15,20,5,0,10000,0.3,1,1,0,0,material_shortage,1,50000,synthetic
PROJ_0803,PROJ_0803_T02,bridge_deck_construction,60,54,0,7,10000,0.3,1,0,1,1,on_schedule,0,0,synthetic
PROJ_0803,PROJ_0803_T03,guardrail_installation,25,22,0,5,10000,0.3,1,0,0,2,on_schedule,0,0,synthetic
PROJ_0804,PROJ_0804_T01,bituminous_macadam_laying,30,25,0,3,10000,0.12,1,0,0,0,on_schedule,0,0,synthetic
PROJ_0804,PROJ_0804_T02,road_marking_and_signage_installation,15,14,0,0,10000,0.12,1,0,0,1,on_schedule,0,0,synthetic
PROJ_0804,PROJ_0804_T03,guardrail_installation,25,42,17,5,10000,0.12,1,0,0,2,design_change,1,120000,synthetic
PROJ_0805,PROJ_0805_T01,guardrail_installation,25,25,0,5,10000,0.2,1,0,0,0,on_schedule,0,0,synthetic
PROJ_0805,PROJ_0805_T02,sub_base_course_preparation,45,39,0,0,10000,0.2,0,0,0,1,on_schedule,0,0,synthetic
PROJ_0805,PROJ_0805_T03,bridge_deck_construction,60,57,0,7,10000,0.2,0,0,0,2,on_schedule,0,0,synthetic
PROJ_0805,PROJ_0805_T04,bituminous_macadam_laying,30,25,0,3,10000,0.2,1,0,0,3,on_schedule,0,0,synthetic
PROJ_0805,PROJ_0805_T05,site_clearance_and_excavation,20,31,11,0,10000,0.2,1,0,0,4,equipment_breakdown,1,110000,synthetic
PROJ_0805,PROJ_0805_T06,road_marking_and_signage_installation,15,15,0,0,10000,0.2,0,0,1,5,on_schedule,0,0,synthetic
PROJ_0806,PROJ_0806_T01,sub_base_course_preparation,45,39,0,0,10000,0.29,1,0,0,0,on_schedule,0,0,synthetic
PROJ_0806,PROJ_0806_T02,road_marking_and_signage_installation,15,14,0,0,10000,0.29,0,0,0,1,on_schedule,0,0,synthetic
PROJ_0806,PROJ_0806_T03,site_clearance_and_excavation,20,37,17,0,10000,0.29,1,0,0,2,rain_monsoon,1,170000,synthetic
PROJ_0806,PROJ_0806_T04,guardrail_installation,25,20,0,5,10000,0.29,1,0,1,3,on_schedule,0,0,synthetic
PROJ_0806,PROJ_0806_T05,bituminous_macadam_laying,30,27,0,3,10000,0.29,1,0,0,4,on_schedule,0,0,synthetic
PROJ_0807,PROJ_0807_T01,site_clearance_and_excavation,20,27,7,0,10000,0.4,0,0,0,0,land_acquisition,1,70000,synthetic
PROJ_0807,PROJ_0807_T02,guardrail_installation,25,24,0,5,10000,0.4,0,0,1,1,on_schedule,0,0,synthetic
PROJ_0807,PROJ_0807_T03,sub_base_course_preparation,45,37,0,0,10000,0.4,1,0,0,2,on_schedule,0,0,synthetic
PROJ_0808,PROJ_0808_T01,road_marking_and_signage_installation,15,12,0,0,10000,0.18,1,0,0,0,on_schedule,0,0,synthetic
PROJ_0808,PROJ_0808_T02,sub_base_course_preparation,45,40,0,0,10000,0.18,0,0,0,1,on_schedule,0,0,synthetic
PROJ_0808,PROJ_0808_T03,guardrail_installation,25,23,0,5,10000,0.18,0,0,0,2,on_schedule,0,0,synthetic
PROJ_0808,PROJ_0808_T04,site_clearance_and_excavation,20,18,0,0,10000,0.18,0,0,0,3,on_schedule,0,0,synthetic
PROJ_0808,PROJ_0808_T05,bituminous_macadam_laying,30,36,6,3,10000,0.18,0,0,0,4,utility_shifting,1,30000,synthetic
PROJ_0808,PROJ_0808_T06,bridge_deck_construction,60,55,0,7,10000,0.18,0,0,1,5,on_schedule,0,0,synthetic
PROJ_0809,PROJ_0809_T01,site_clearance_and_excavation,20,18,0,0,10000,0.5,0,0,0,0,on_schedule,0,0,synthetic
PROJ_0809,PROJ_0809_T02,guardrail_installation,25,25,0,5,10000,0.5,0,0,0,1,on_schedule,0,0,synthetic
PROJ_0809,PROJ_0809_T03,bituminous_macadam_laying,30,33,3,3,10000,0.5,1,1,0,2,material_shortage,0,0,synthetic
PROJ_0809,PROJ_0809_T04,bridge_deck_construction,60,85,25,7,10000,0.5,1,0,1,3,rain_monsoon,1,180000,synthetic
PROJ_0810,PROJ_0810_T01,road_marking_and_signage_installation,15,13,0,0,10000,0.4,0,0,0,0,on_schedule,0,0,synthetic
PROJ_0810,PROJ_0810_T02,site_clearance_and_excavation,20,20,0,0,10000,0.4,1,0,0,1,on_schedule,0,0,synthetic
PROJ_0810,PROJ_0810_T03,bituminous_macadam_laying,30,25,0,3,10000,0.4,1,0,0,2,on_schedule,0,0,synthetic
PROJ_0811,PROJ_0811_T01,guardrail_installation,25,21,0,5,10000,0.31,0,0,0,0,on_schedule,0,0,synthetic
PROJ_0811,PROJ_0811_T02,sub_base_course_preparation,45,41,0,0,10000,0.31,1,0,0,1,on_schedule,0,0,synthetic
PROJ_0811,PROJ_0811_T03,site_clearance_and_excavation,20,18,0,0,10000,0.31,1,0,0,2,on_schedule,0,0,synthetic
PROJ_0811,PROJ_0811_T04,road_marking_and_signage_installation,15,15,0,0,10000,0.31,1,0,0,3,on_schedule,0,0,synthetic
PROJ_0811,PROJ_0811_T05,bridge_deck_construction,60,53,0,7,10000,0.31,1,0,0,4,on_schedule,0,0,synthetic
PROJ_0811,PROJ_0811_T06,bituminous_macadam_laying,30,35,5,3,10000,0.31,0,0,0,5,land_acquisition,1,20000,synthetic
PROJ_0812,PROJ_0812_T01,site_clearance_and_excavation,20,21,1,0,10000,0.51,0,1,0,0,material_shortage,1,10000,synthetic
PROJ_0812,PROJ_0812_T02,guardrail_installation,25,35,10,5,10000,0.51,0,0,1,1,utility_shifting,1,50000,synthetic
PROJ_0812,PROJ_0812_T03,bituminous_macadam_laying,30,25,0,3,10000,0.51,0,0,1,2,on_schedule,0,0,synthetic
PROJ_0813,PROJ_0813_T01,bituminous_macadam_laying,30,26,0,3,10000,0.17,1,0,0,0,on_schedule,0,0,synthetic
PROJ_0813,PROJ_0813_T02,guardrail_installation,25,24,0,5,10000,0.17,0,0,0,1,on_schedule,0,0,synthetic
PROJ_0813,PROJ_0813_T03,sub_base_course_preparation,45,42,0,0,10000,0.17,0,0,0,2,on_schedule,0,0,synthetic
PROJ_0813,PROJ_0813_T04,bridge_deck_construction,60,52,0,7,10000,0.17,1,0,0,3,on_schedule,0,0,synthetic
PROJ_0814,PROJ_0814_T01,sub_base_course_preparation,45,60,15,0,10000,0.53,1,0,0,0,design_change,1,150000,synthetic
PROJ_0814,PROJ_0814_T02,bridge_deck_construction,60,60,0,7,10000,0.53,1,0,1,1,on_schedule,0,0,synthetic
PROJ_0814,PROJ_0814_T03,site_clearance_and_excavation,20,18,0,0,10000,0.53,1,0,0,2,on_schedule,0,0,synthetic
PROJ_0814,PROJ_0814_T04,road_marking_and_signage_installation,15,16,1,0,10000,0.53,1,0,0,3,equipment_breakdown,1,10000,synthetic
PROJ_0814,PROJ_0814_T05,guardrail_installation,25,25,0,5,10000,0.53,0,0,1,4,on_schedule,0,0,synthetic
PROJ_0815,PROJ_0815_T01,bituminous_macadam_laying,30,25,0,3,10000,0.24,0,0,0,0,on_schedule,0,0,synthetic
PROJ_0815,PROJ_0815_T02,sub_base_course_preparation,45,55,10,0,10000,0.24,1,1,0,1,material_shortage,1,100000,synthetic
PROJ_0815,PROJ_0815_T03,road_marking_and_signage_installation,15,12,0,0,10000,0.24,1,0,1,2,on_schedule,0,0,synthetic
PROJ_0815,PROJ_0815_T04,bridge_deck_construction,60,49,0,7,10000,0.24,0,0,0,3,on_schedule,0,0,synthetic
PROJ_0815,PROJ_0815_T05,guardrail_installation,25,23,0,5,10000,0.24,0,0,0,4,on_schedule,0,0,synthetic
PROJ_0816,PROJ_0816_T01,site_clearance_and_excavation,20,36,16,0,10000,0.46,0,0,0,0,design_change,1,160000,synthetic
PROJ_0816,PROJ_0816_T02,guardrail_installation,25,21,0,5,10000,0.46,0,0,1,1,on_schedule,0,0,synthetic
PROJ_0816,PROJ_0816_T03,bituminous_macadam_laying,30,27,0,3,10000,0.46,1,0,0,2,on_schedule,0,0,synthetic
PROJ_0816,PROJ_0816_T04,sub_base_course_preparation,45,41,0,0,10000,0.46,1,0,0,3,on_schedule,0,0,synthetic
PROJ_0817,PROJ_0817_T01,road_marking_and_signage_installation,15,15,0,0,10000,0.17,1,0,0,0,on_schedule,0,0,synthetic
PROJ_0817,PROJ_0817_T02,sub_base_course_preparation,45,44,0,0,10000,0.17,0,0,0,1,on_schedule,0,0,synthetic
PROJ_0817,PROJ_0817_T03,bituminous_macadam_laying,30,27,0,3,10000,0.17,0,0,0,2,on_schedule,0,0,synthetic
PROJ_0817,PROJ_0817_T04,bridge_deck_construction,60,50,0,7,10000,0.17,1,0,0,3,on_schedule,0,0,synthetic
PROJ_0817,PROJ_0817_T05,site_clearance_and_excavation,20,19,0,0,10000,0.17,0,0,0,4,on_schedule,0,0,synthetic
PROJ_0817,PROJ_0817_T06,guardrail_installation,25,32,7,5,10000,0.17,1,0,0,5,labour_dispute,1,20000,synthetic
PROJ_0818,PROJ_0818_T01,bridge_deck_construction,60,50,0,7,10000,0.56,0,0,0,0,on_schedule,0,0,synthetic
PROJ_0818,PROJ_0818_T02,sub_base_course_preparation,45,45,0,0,10000,0.56,0,0,0,1,on_schedule,0,0,synthetic
PROJ_0818,PROJ_0818_T03,road_marking_and_signage_installation,15,13,0,0,10000,0.56,0,0,0,2,on_schedule,0,0,synthetic
PROJ_0818,PROJ_0818_T04,bituminous_macadam_laying,30,30,0,3,10000,0.56,1,0,0,3,on_schedule,0,0,synthetic
PROJ_0819,PROJ_0819_T01,road_marking_and_signage_installation,15,13,0,0,10000,0.42,1,0,0,0,on_schedule,0,0,synthetic
PROJ_0819,PROJ_0819_T02,sub_base_course_preparation,45,39,0,0,10000,0.42,0,0,0,1,on_schedule,0,0,synthetic
PROJ_0819,PROJ_0819_T03,bridge_deck_construction,60,52,0,7,10000,0.42,1,0,0,2,on_schedule,0,0,synthetic
PROJ_0820,PROJ_0820_T01,bridge_deck_construction,60,48,0,7,10000,0.16,1,0,0,0,on_schedule,0,0,synthetic
PROJ_0820,PROJ_0820_T02,site_clearance_and_excavation,20,18,0,0,10000,0.16,1,0,0,1,on_schedule,0,0,synthetic
PROJ_0820,PROJ_0820_T03,sub_base_course_preparation,45,37,0,0,10000,0.16,0,0,0,2,on_schedule,0,0,synthetic
PROJ_0820,PROJ_0820_T04,bituminous_macadam_laying,30,28,0,3,10000,0.16,1,0,0,3,on_schedule,0,0,synthetic
PROJ_0820,PROJ_0820_T05,guardrail_installation,25,44,19,5,10000,0.16,1,0,0,4,equipment_breakdown,1,140000,synthetic
PROJ_0820,PROJ_0820_T06,road_marking_and_signage_installation,15,16,1,0,10000,0.16,0,0,1,5,utility_shifting,1,10000,synthetic
PROJ_0821,PROJ_0821_T01,site_clearance_and_excavation,20,20,0,0,10000,0.48,0,0,0,0,on_schedule,0,0,synthetic
PROJ_0821,PROJ_0821_T02,bituminous_macadam_laying,30,31,1,3,10000,0.48,0,0,0,1,rain_monsoon,0,0,synthetic
PROJ_0821,PROJ_0821_T03,road_marking_and_signage_installation,15,15,0,0,10000,0.48,0,0,1,2,on_schedule,0,0,synthetic
PROJ_0821,PROJ_0821_T04,bridge_deck_construction,60,50,0,7,10000,0.48,0,0,0,3,on_schedule,0,0,synthetic
PROJ_0821,PROJ_0821_T05,guardrail_installation,25,22,0,5,10000,0.48,1,0,0,4,on_schedule,0,0,synthetic
PROJ_0821,PROJ_0821_T06,sub_base_course_preparation,45,43,0,0,10000,0.48,1,0,0,5,on_schedule,0,0,synthetic
PROJ_0822,PROJ_0822_T01,bridge_deck_construction,60,54,0,7,10000,0.44,0,0,0,0,on_schedule,0,0,synthetic
PROJ_0822,PROJ_0822_T02,guardrail_installation,25,20,0,5,10000,0.44,0,0,0,1,on_schedule,0,0,synthetic
PROJ_0822,PROJ_0822_T03,sub_base_course_preparation,45,65,20,0,10000,0.44,1,0,0,2,labour_dispute,1,200000,synthetic
PROJ_0822,PROJ_0822_T04,bituminous_macadam_laying,30,30,0,3,10000,0.44,1,0,1,3,on_schedule,0,0,synthetic
PROJ_0822,PROJ_0822_T05,site_clearance_and_excavation,20,23,3,0,10000,0.44,0,0,0,4,utility_shifting,1,30000,synthetic
PROJ_0823,PROJ_0823_T01,sub_base_course_preparation,45,38,0,0,10000,0.54,1,0,0,0,on_schedule,0,0,synthetic
PROJ_0823,PROJ_0823_T02,bituminous_macadam_laying,30,24,0,3,10000,0.54,1,0,0,1,on_schedule,0,0,synthetic
PROJ_0823,PROJ_0823_T03,bridge_deck_construction,60,78,18,7,10000,0.54,0,0,0,2,labour_dispute,1,110000,synthetic
PROJ_0823,PROJ_0823_T04,site_clearance_and_excavation,20,17,0,0,10000,0.54,0,0,1,3,on_schedule,0,0,synthetic
PROJ_0824,PROJ_0824_T01,bituminous_macadam_laying,30,29,0,3,10000,0.6,0,0,0,0,on_schedule,0,0,synthetic
PROJ_0824,PROJ_0824_T02,road_marking_and_signage_installation,15,12,0,0,10000,0.6,0,0,0,1,on_schedule,0,0,synthetic
PROJ_0824,PROJ_0824_T03,site_clearance_and_excavation,20,35,15,0,10000,0.6,1,0,0,2,design_change,1,150000,synthetic
PROJ_0824,PROJ_0824_T04,bridge_deck_construction,60,50,0,7,10000,0.6,0,0,1,3,on_schedule,0,0,synthetic
PROJ_0824,PROJ_0824_T05,guardrail_installation,25,28,3,5,10000,0.6,0,0,0,4,rain_monsoon,0,0,synthetic
PROJ_0824,PROJ_0824_T06,sub_base_course_preparation,45,37,0,0,10000,0.6,0,0,1,5,on_schedule,0,0,synthetic
PROJ_0825,PROJ_0825_T01,sub_base_course_preparation,45,44,0,0,10000,0.12,1,0,0,0,on_schedule,0,0,synthetic
PROJ_0825,PROJ_0825_T02,bituminous_macadam_laying,30,25,0,3,10000,0.12,0,0,0,1,on_schedule,0,0,synthetic
PROJ_0825,PROJ_0825_T03,site_clearance_and_excavation,20,27,7,0,10000,0.12,1,0,0,2,design_change,1,70000,synthetic
PROJ_0825,PROJ_0825_T04,bridge_deck_construction,60,56,0,7,10000,0.12,0,0,1,3,on_schedule,0,0,synthetic
PROJ_0826,PROJ_0826_T01,bridge_deck_construction,60,52,0,7,10000,0.33,0,0,0,0,on_schedule,0,0,synthetic
PROJ_0826,PROJ_0826_T02,guardrail_installation,25,35,10,5,10000,0.33,1,1,0,1,material_shortage,1,50000,synthetic
PROJ_0826,PROJ_0826_T03,bituminous_macadam_laying,30,25,0,3,10000,0.33,1,0,1,2,on_schedule,0,0,synthetic
PROJ_0826,PROJ_0826_T04,site_clearance_and_excavation,20,20,0,0,10000,0.33,1,0,0,3,on_schedule,0,0,synthetic
PROJ_0827,PROJ_0827_T01,guardrail_installation,25,24,0,5,10000,0.18,0,0,0,0,on_schedule,0,0,synthetic
PROJ_0827,PROJ_0827_T02,site_clearance_and_excavation,20,18,0,0,10000,0.18,1,0,0,1,on_schedule,0,0,synthetic
PROJ_0827,PROJ_0827_T03,road_marking_and_signage_installation,15,12,0,0,10000,0.18,0,0,0,2,on_schedule,0,0,synthetic
PROJ_0827,PROJ_0827_T04,bituminous_macadam_laying,30,25,0,3,10000,0.18,1,0,0,3,on_schedule,0,0,synthetic
PROJ_0828,PROJ_0828_T01,sub_base_course_preparation,45,75,30,0,10000,0.49,0,0,0,0,rain_monsoon,1,300000,synthetic
PROJ_0828,PROJ_0828_T02,site_clearance_and_excavation,20,19,0,0,10000,0.49,1,0,1,1,on_schedule,0,0,synthetic
PROJ_0828,PROJ_0828_T03,bituminous_macadam_laying,30,28,0,3,10000,0.49,1,0,0,2,on_schedule,0,0,synthetic
PROJ_0828,PROJ_0828_T04,bridge_deck_construction,60,60,0,7,10000,0.49,0,0,0,3,on_schedule,0,0,synthetic
PROJ_0829,PROJ_0829_T01,guardrail_installation,25,41,16,5,10000,0.52,1,1,0,0,material_shortage,1,110000,synthetic
PROJ_0829,PROJ_0829_T02,bituminous_macadam_laying,30,50,20,3,10000,0.52,1,0,1,1,equipment_breakdown,1,170000,synthetic
PROJ_0829,PROJ_0829_T03,road_marking_and_signage_installation,15,23,8,0,10000,0.52,0,0,1,2,land_acquisition,1,80000,synthetic
PROJ_0829,PROJ_0829_T04,sub_base_course_preparation,45,49,4,0,10000,0.52,0,0,1,3,subcontractor_failure,1,40000,synthetic
PROJ_0830,PROJ_0830_T01,sub_base_course_preparation,45,44,0,0,10000,0.31,0,0,0,0,on_schedule,0,0,synthetic
PROJ_0830,PROJ_0830_T02,bituminous_macadam_laying,30,26,0,3,10000,0.31,0,0,0,1,on_schedule,0,0,synthetic
PROJ_0830,PROJ_0830_T03,site_clearance_and_excavation,20,16,0,0,10000,0.31,0,0,0,2,on_schedule,0,0,synthetic
PROJ_0830,PROJ_0830_T04,bridge_deck_construction,60,52,0,7,10000,0.31,0,0,0,3,on_schedule,0,0,synthetic
PROJ_0830,PROJ_0830_T05,guardrail_installation,25,29,4,5,10000,0.31,1,1,0,4,material_shortage,0,0,synthetic
PROJ_0830,PROJ_0830_T06,road_marking_and_signage_installation,15,15,0,0,10000,0.31,1,0,1,5,on_schedule,0,0,synthetic
PROJ_0831,PROJ_0831_T01,guardrail_installation,25,23,0,5,10000,0.28,0,0,0,0,on_schedule,0,0,synthetic
PROJ_0831,PROJ_0831_T02,sub_base_course_preparation,45,40,0,0,10000,0.28,1,0,0,1,on_schedule,0,0,synthetic
PROJ_0831,PROJ_0831_T03,bituminous_macadam_laying,30,25,0,3,10000,0.28,1,0,0,2,on_schedule,0,0,synthetic
PROJ_0831,PROJ_0831_T04,road_marking_and_signage_installation,15,12,0,0,10000,0.28,0,0,0,3,on_schedule,0,0,synthetic
PROJ_0831,PROJ_0831_T05,bridge_deck_construction,60,64,4,7,10000,0.28,0,0,0,4,rain_monsoon,0,0,synthetic
PROJ_0831,PROJ_0831_T06,site_clearance_and_excavation,20,21,1,0,10000,0.28,0,0,1,5,design_change,1,10000,synthetic
PROJ_0832,PROJ_0832_T01,guardrail_installation,25,42,17,5,10000,0.32,0,1,0,0,material_shortage,1,120000,synthetic
PROJ_0832,PROJ_0832_T02,bituminous_macadam_laying,30,30,0,3,10000,0.32,1,0,1,1,on_schedule,0,0,synthetic
PROJ_0832,PROJ_0832_T03,site_clearance_and_excavation,20,17,0,0,10000,0.32,0,0,0,2,on_schedule,0,0,synthetic
PROJ_0833,PROJ_0833_T01,bridge_deck_construction,60,93,33,7,10000,0.59,1,1,0,0,material_shortage,1,260000,synthetic
PROJ_0833,PROJ_0833_T02,bituminous_macadam_laying,30,25,0,3,10000,0.59,0,0,1,1,on_schedule,0,0,synthetic
PROJ_0833,PROJ_0833_T03,site_clearance_and_excavation,20,17,0,0,10000,0.59,1,0,0,2,on_schedule,0,0,synthetic
PROJ_0834,PROJ_0834_T01,guardrail_installation,25,21,0,5,10000,0.58,1,0,0,0,on_schedule,0,0,synthetic
PROJ_0834,PROJ_0834_T02,bridge_deck_construction,60,73,13,7,10000,0.58,0,1,0,1,material_shortage,1,60000,synthetic
PROJ_0834,PROJ_0834_T03,sub_base_course_preparation,45,38,0,0,10000,0.58,1,0,1,2,on_schedule,0,0,synthetic
PROJ_0835,PROJ_0835_T01,bridge_deck_construction,60,96,36,7,10000,0.32,1,1,0,0,material_shortage,1,290000,synthetic
PROJ_0835,PROJ_0835_T02,site_clearance_and_excavation,20,27,7,0,10000,0.32,0,0,1,1,design_change,1,70000,synthetic
PROJ_0835,PROJ_0835_T03,guardrail_installation,25,23,0,5,10000,0.32,1,0,1,2,on_schedule,0,0,synthetic
PROJ_0835,PROJ_0835_T04,road_marking_and_signage_installation,15,15,0,0,10000,0.32,1,0,0,3,on_schedule,0,0,synthetic
PROJ_0835,PROJ_0835_T05,bituminous_macadam_laying,30,24,0,3,10000,0.32,1,0,0,4,on_schedule,0,0,synthetic
PROJ_0836,PROJ_0836_T01,road_marking_and_signage_installation,15,20,5,0,10000,0.36,1,0,0,0,design_change,1,50000,synthetic
PROJ_0836,PROJ_0836_T02,site_clearance_and_excavation,20,18,0,0,10000,0.36,1,0,1,1,on_schedule,0,0,synthetic
PROJ_0836,PROJ_0836_T03,bituminous_macadam_laying,30,24,0,3,10000,0.36,0,0,0,2,on_schedule,0,0,synthetic
PROJ_0837,PROJ_0837_T01,sub_base_course_preparation,45,62,17,0,10000,0.13,0,1,0,0,material_shortage,1,170000,synthetic
PROJ_0837,PROJ_0837_T02,site_clearance_and_excavation,20,18,0,0,10000,0.13,0,0,1,1,on_schedule,0,0,synthetic
PROJ_0837,PROJ_0837_T03,bridge_deck_construction,60,56,0,7,10000,0.13,0,0,0,2,on_schedule,0,0,synthetic
PROJ_0838,PROJ_0838_T01,guardrail_installation,25,45,20,5,10000,0.39,1,1,0,0,material_shortage,1,150000,synthetic
PROJ_0838,PROJ_0838_T02,road_marking_and_signage_installation,15,15,0,0,10000,0.39,1,0,1,1,on_schedule,0,0,synthetic
PROJ_0838,PROJ_0838_T03,bituminous_macadam_laying,30,28,0,3,10000,0.39,1,0,0,2,on_schedule,0,0,synthetic
PROJ_0838,PROJ_0838_T04,sub_base_course_preparation,45,37,0,0,10000,0.39,0,0,0,3,on_schedule,0,0,synthetic
PROJ_0838,PROJ_0838_T05,site_clearance_and_excavation,20,19,0,0,10000,0.39,0,0,0,4,on_schedule,0,0,synthetic
PROJ_0839,PROJ_0839_T01,sub_base_course_preparation,45,77,32,0,10000,0.29,0,0,0,0,land_acquisition,1,320000,synthetic
PROJ_0839,PROJ_0839_T02,guardrail_installation,25,24,0,5,10000,0.29,1,0,1,1,on_schedule,0,0,synthetic
PROJ_0839,PROJ_0839_T03,bituminous_macadam_laying,30,30,0,3,10000,0.29,0,0,0,2,on_schedule,0,0,synthetic
PROJ_0839,PROJ_0839_T04,road_marking_and_signage_installation,15,15,0,0,10000,0.29,0,0,0,3,on_schedule,0,0,synthetic
PROJ_0839,PROJ_0839_T05,bridge_deck_construction,60,93,33,7,10000,0.29,0,0,0,4,land_acquisition,1,260000,synthetic
PROJ_0839,PROJ_0839_T06,site_clearance_and_excavation,20,19,0,0,10000,0.29,0,0,1,5,on_schedule,0,0,synthetic
PROJ_0840,PROJ_0840_T01,guardrail_installation,25,25,0,5,10000,0.46,0,0,0,0,on_schedule,0,0,synthetic
PROJ_0840,PROJ_0840_T02,road_marking_and_signage_installation,15,23,8,0,10000,0.46,1,1,0,1,material_shortage,1,80000,synthetic
PROJ_0840,PROJ_0840_T03,site_clearance_and_excavation,20,20,0,0,10000,0.46,0,0,1,2,on_schedule,0,0,synthetic
PROJ_0841,PROJ_0841_T01,bituminous_macadam_laying,30,29,0,3,10000,0.14,1,0,0,0,on_schedule,0,0,synthetic
PROJ_0841,PROJ_0841_T02,road_marking_and_signage_installation,15,24,9,0,10000,0.14,0,0,0,1,rain_monsoon,1,90000,synthetic
PROJ_0841,PROJ_0841_T03,bridge_deck_construction,60,59,0,7,10000,0.14,1,0,1,2,on_schedule,0,0,synthetic
PROJ_0842,PROJ_0842_T01,bituminous_macadam_laying,30,28,0,3,10000,0.55,1,0,0,0,on_schedule,0,0,synthetic
PROJ_0842,PROJ_0842_T02,site_clearance_and_excavation,20,20,0,0,10000,0.55,0,0,0,1,on_schedule,0,0,synthetic
PROJ_0842,PROJ_0842_T03,bridge_deck_construction,60,49,0,7,10000,0.55,1,0,0,2,on_schedule,0,0,synthetic
PROJ_0842,PROJ_0842_T04,guardrail_installation,25,22,0,5,10000,0.55,0,0,0,3,on_schedule,0,0,synthetic
PROJ_0843,PROJ_0843_T01,site_clearance_and_excavation,20,20,0,0,10000,0.48,1,0,0,0,on_schedule,0,0,synthetic
PROJ_0843,PROJ_0843_T02,guardrail_installation,25,20,0,5,10000,0.48,0,0,0,1,on_schedule,0,0,synthetic
PROJ_0843,PROJ_0843_T03,road_marking_and_signage_installation,15,16,1,0,10000,0.48,0,0,0,2,land_acquisition,1,10000,synthetic
PROJ_0843,PROJ_0843_T04,sub_base_course_preparation,45,41,0,0,10000,0.48,1,0,1,3,on_schedule,0,0,synthetic
PROJ_0844,PROJ_0844_T01,road_marking_and_signage_installation,15,14,0,0,10000,0.51,1,0,0,0,on_schedule,0,0,synthetic
PROJ_0844,PROJ_0844_T02,bridge_deck_construction,60,66,6,7,10000,0.51,1,0,0,1,equipment_breakdown,0,0,synthetic
PROJ_0844,PROJ_0844_T03,site_clearance_and_excavation,20,20,0,0,10000,0.51,1,0,1,2,on_schedule,0,0,synthetic
PROJ_0845,PROJ_0845_T01,site_clearance_and_excavation,20,19,0,0,10000,0.4,1,0,0,0,on_schedule,0,0,synthetic
PROJ_0845,PROJ_0845_T02,sub_base_course_preparation,45,36,0,0,10000,0.4,1,0,0,1,on_schedule,0,0,synthetic
PROJ_0845,PROJ_0845_T03,road_marking_and_signage_installation,15,21,6,0,10000,0.4,0,0,0,2,labour_dispute,1,60000,synthetic
PROJ_0845,PROJ_0845_T04,bridge_deck_construction,60,66,6,7,10000,0.4,0,0,1,3,design_change,0,0,synthetic
PROJ_0846,PROJ_0846_T01,site_clearance_and_excavation,20,20,0,0,10000,0.31,0,0,0,0,on_schedule,0,0,synthetic
PROJ_0846,PROJ_0846_T02,sub_base_course_preparation,45,42,0,0,10000,0.31,1,0,0,1,on_schedule,0,0,synthetic
PROJ_0846,PROJ_0846_T03,road_marking_and_signage_installation,15,23,8,0,10000,0.31,0,0,0,2,design_change,1,80000,synthetic
PROJ_0846,PROJ_0846_T04,bituminous_macadam_laying,30,24,0,3,10000,0.31,1,0,1,3,on_schedule,0,0,synthetic
PROJ_0846,PROJ_0846_T05,bridge_deck_construction,60,52,0,7,10000,0.31,1,0,0,4,on_schedule,0,0,synthetic
PROJ_0847,PROJ_0847_T01,bridge_deck_construction,60,50,0,7,10000,0.37,0,0,0,0,on_schedule,0,0,synthetic
PROJ_0847,PROJ_0847_T02,guardrail_installation,25,21,0,5,10000,0.37,1,0,0,1,on_schedule,0,0,synthetic
PROJ_0847,PROJ_0847_T03,site_clearance_and_excavation,20,25,5,0,10000,0.37,1,0,0,2,equipment_breakdown,1,50000,synthetic
PROJ_0847,PROJ_0847_T04,bituminous_macadam_laying,30,25,0,3,10000,0.37,1,0,1,3,on_schedule,0,0,synthetic
PROJ_0847,PROJ_0847_T05,road_marking_and_signage_installation,15,24,9,0,10000,0.37,0,0,0,4,equipment_breakdown,1,90000,synthetic
PROJ_0847,PROJ_0847_T06,sub_base_course_preparation,45,45,0,0,10000,0.37,0,0,1,5,on_schedule,0,0,synthetic
PROJ_0848,PROJ_0848_T01,sub_base_course_preparation,45,38,0,0,10000,0.37,1,0,0,0,on_schedule,0,0,synthetic
PROJ_0848,PROJ_0848_T02,bridge_deck_construction,60,50,0,7,10000,0.37,1,0,0,1,on_schedule,0,0,synthetic
PROJ_0848,PROJ_0848_T03,road_marking_and_signage_installation,15,12,0,0,10000,0.37,1,0,0,2,on_schedule,0,0,synthetic
PROJ_0848,PROJ_0848_T04,guardrail_installation,25,28,3,5,10000,0.37,1,0,0,3,rain_monsoon,0,0,synthetic
PROJ_0848,PROJ_0848_T05,bituminous_macadam_laying,30,34,4,3,10000,0.37,1,0,1,4,labour_dispute,1,10000,synthetic
PROJ_0849,PROJ_0849_T01,road_marking_and_signage_installation,15,27,12,0,10000,0.6,0,0,0,0,design_change,1,120000,synthetic
PROJ_0849,PROJ_0849_T02,site_clearance_and_excavation,20,17,0,0,10000,0.6,0,0,1,1,on_schedule,0,0,synthetic
PROJ_0849,PROJ_0849_T03,bituminous_macadam_laying,30,26,0,3,10000,0.6,0,0,0,2,on_schedule,0,0,synthetic
PROJ_0849,PROJ_0849_T04,sub_base_course_preparation,45,36,0,0,10000,0.6,0,0,0,3,on_schedule,0,0,synthetic
PROJ_0850,PROJ_0850_T01,guardrail_installation,25,29,4,5,10000,0.55,1,0,0,0,design_change,0,0,synthetic
PROJ_0850,PROJ_0850_T02,bridge_deck_construction,60,51,0,7,10000,0.55,1,0,1,1,on_schedule,0,0,synthetic
PROJ_0850,PROJ_0850_T03,site_clearance_and_excavation,20,34,14,0,10000,0.55,0,0,0,2,design_change,1,140000,synthetic
PROJ_0850,PROJ_0850_T04,bituminous_macadam_laying,30,29,0,3,10000,0.55,1,0,1,3,on_schedule,0,0,synthetic
PROJ_0850,PROJ_0850_T05,road_marking_and_signage_installation,15,12,0,0,10000,0.55,0,0,0,4,on_schedule,0,0,synthetic
PROJ_0851,PROJ_0851_T01,sub_base_course_preparation,45,43,0,0,10000,0.4,0,0,0,0,on_schedule,0,0,synthetic
PROJ_0851,PROJ_0851_T02,bridge_deck_construction,60,66,6,7,10000,0.4,1,0,0,1,subcontractor_failure,0,0,synthetic
PROJ_0851,PROJ_0851_T03,bituminous_macadam_laying,30,30,0,3,10000,0.4,0,0,1,2,on_schedule,0,0,synthetic
PROJ_0851,PROJ_0851_T04,guardrail_installation,25,22,0,5,10000,0.4,0,0,0,3,on_schedule,0,0,synthetic
PROJ_0851,PROJ_0851_T05,site_clearance_and_excavation,20,19,0,0,10000,0.4,1,0,0,4,on_schedule,0,0,synthetic
PROJ_0852,PROJ_0852_T01,sub_base_course_preparation,45,44,0,0,10000,0.41,1,0,0,0,on_schedule,0,0,synthetic
PROJ_0852,PROJ_0852_T02,bridge_deck_construction,60,59,0,7,10000,0.41,0,0,0,1,on_schedule,0,0,synthetic
PROJ_0852,PROJ_0852_T03,road_marking_and_signage_installation,15,14,0,0,10000,0.41,1,0,0,2,on_schedule,0,0,synthetic
PROJ_0852,PROJ_0852_T04,guardrail_installation,25,20,0,5,10000,0.41,0,0,0,3,on_schedule,0,0,synthetic
PROJ_0852,PROJ_0852_T05,site_clearance_and_excavation,20,25,5,0,10000,0.41,0,0,0,4,equipment_breakdown,1,50000,synthetic
PROJ_0852,PROJ_0852_T06,bituminous_macadam_laying,30,30,0,3,10000,0.41,1,0,1,5,on_schedule,0,0,synthetic
PROJ_0853,PROJ_0853_T01,site_clearance_and_excavation,20,19,0,0,10000,0.22,0,0,0,0,on_schedule,0,0,synthetic
PROJ_0853,PROJ_0853_T02,bituminous_macadam_laying,30,28,0,3,10000,0.22,1,0,0,1,on_schedule,0,0,synthetic
PROJ_0853,PROJ_0853_T03,guardrail_installation,25,36,11,5,10000,0.22,1,0,0,2,labour_dispute,1,60000,synthetic
PROJ_0853,PROJ_0853_T04,sub_base_course_preparation,45,38,0,0,10000,0.22,0,0,1,3,on_schedule,0,0,synthetic
PROJ_0853,PROJ_0853_T05,bridge_deck_construction,60,52,0,7,10000,0.22,1,0,0,4,on_schedule,0,0,synthetic
PROJ_0854,PROJ_0854_T01,site_clearance_and_excavation,20,20,0,0,10000,0.4,1,0,0,0,on_schedule,0,0,synthetic
PROJ_0854,PROJ_0854_T02,bridge_deck_construction,60,52,0,7,10000,0.4,1,0,0,1,on_schedule,0,0,synthetic
PROJ_0854,PROJ_0854_T03,bituminous_macadam_laying,30,40,10,3,10000,0.4,1,0,0,2,design_change,1,70000,synthetic
PROJ_0854,PROJ_0854_T04,sub_base_course_preparation,45,40,0,0,10000,0.4,1,0,1,3,on_schedule,0,0,synthetic
PROJ_0854,PROJ_0854_T05,guardrail_installation,25,23,0,5,10000,0.4,0,0,0,4,on_schedule,0,0,synthetic
PROJ_0855,PROJ_0855_T01,guardrail_installation,25,22,0,5,10000,0.49,1,0,0,0,on_schedule,0,0,synthetic
PROJ_0855,PROJ_0855_T02,road_marking_and_signage_installation,15,14,0,0,10000,0.49,0,0,0,1,on_schedule,0,0,synthetic
PROJ_0855,PROJ_0855_T03,bituminous_macadam_laying,30,30,0,3,10000,0.49,1,0,0,2,on_schedule,0,0,synthetic
PROJ_0855,PROJ_0855_T04,sub_base_course_preparation,45,39,0,0,10000,0.49,0,0,0,3,on_schedule,0,0,synthetic
PROJ_0855,PROJ_0855_T05,bridge_deck_construction,60,60,0,7,10000,0.49,0,0,0,4,on_schedule,0,0,synthetic
PROJ_0856,PROJ_0856_T01,guardrail_installation,25,22,0,5,10000,0.17,1,0,0,0,on_schedule,0,0,synthetic
PROJ_0856,PROJ_0856_T02,bridge_deck_construction,60,86,26,7,10000,0.17,1,0,0,1,utility_shifting,1,190000,synthetic
PROJ_0856,PROJ_0856_T03,site_clearance_and_excavation,20,16,0,0,10000,0.17,0,0,1,2,on_schedule,0,0,synthetic
PROJ_0856,PROJ_0856_T04,road_marking_and_signage_installation,15,15,0,0,10000,0.17,0,0,0,3,on_schedule,0,0,synthetic
PROJ_0856,PROJ_0856_T05,bituminous_macadam_laying,30,24,0,3,10000,0.17,0,0,0,4,on_schedule,0,0,synthetic
PROJ_0856,PROJ_0856_T06,sub_base_course_preparation,45,57,12,0,10000,0.17,1,0,0,5,subcontractor_failure,1,120000,synthetic
PROJ_0857,PROJ_0857_T01,site_clearance_and_excavation,20,16,0,0,10000,0.45,0,0,0,0,on_schedule,0,0,synthetic
PROJ_0857,PROJ_0857_T02,guardrail_installation,25,29,4,5,10000,0.45,1,0,0,1,rain_monsoon,0,0,synthetic
PROJ_0857,PROJ_0857_T03,bridge_deck_construction,60,56,0,7,10000,0.45,1,0,1,2,on_schedule,0,0,synthetic
PROJ_0857,PROJ_0857_T04,bituminous_macadam_laying,30,28,0,3,10000,0.45,1,0,0,3,on_schedule,0,0,synthetic
PROJ_0857,PROJ_0857_T05,road_marking_and_signage_installation,15,12,0,0,10000,0.45,0,0,0,4,on_schedule,0,0,synthetic
PROJ_0857,PROJ_0857_T06,sub_base_course_preparation,45,71,26,0,10000,0.45,1,0,0,5,subcontractor_failure,1,260000,synthetic
PROJ_0858,PROJ_0858_T01,bituminous_macadam_laying,30,24,0,3,10000,0.2,1,0,0,0,on_schedule,0,0,synthetic
PROJ_0858,PROJ_0858_T02,road_marking_and_signage_installation,15,15,0,0,10000,0.2,1,0,0,1,on_schedule,0,0,synthetic
PROJ_0858,PROJ_0858_T03,guardrail_installation,25,25,0,5,10000,0.2,1,0,0,2,on_schedule,0,0,synthetic
PROJ_0858,PROJ_0858_T04,sub_base_course_preparation,45,53,8,0,10000,0.2,0,0,0,3,equipment_breakdown,1,80000,synthetic
PROJ_0859,PROJ_0859_T01,road_marking_and_signage_installation,15,15,0,0,10000,0.36,0,0,0,0,on_schedule,0,0,synthetic
PROJ_0859,PROJ_0859_T02,site_clearance_and_excavation,20,18,0,0,10000,0.36,0,0,0,1,on_schedule,0,0,synthetic
PROJ_0859,PROJ_0859_T03,guardrail_installation,25,22,0,5,10000,0.36,0,0,0,2,on_schedule,0,0,synthetic
PROJ_0859,PROJ_0859_T04,bituminous_macadam_laying,30,24,0,3,10000,0.36,0,0,0,3,on_schedule,0,0,synthetic
PROJ_0860,PROJ_0860_T01,guardrail_installation,25,37,12,5,10000,0.54,1,0,0,0,land_acquisition,1,70000,synthetic
PROJ_0860,PROJ_0860_T02,bridge_deck_construction,60,50,0,7,10000,0.54,0,0,1,1,on_schedule,0,0,synthetic
PROJ_0860,PROJ_0860_T03,bituminous_macadam_laying,30,24,0,3,10000,0.54,0,0,0,2,on_schedule,0,0,synthetic
PROJ_0860,PROJ_0860_T04,site_clearance_and_excavation,20,27,7,0,10000,0.54,1,0,0,3,equipment_breakdown,1,70000,synthetic
PROJ_0860,PROJ_0860_T05,road_marking_and_signage_installation,15,24,9,0,10000,0.54,0,0,1,4,subcontractor_failure,1,90000,synthetic
PROJ_0861,PROJ_0861_T01,site_clearance_and_excavation,20,16,0,0,10000,0.32,0,0,0,0,on_schedule,0,0,synthetic
PROJ_0861,PROJ_0861_T02,road_marking_and_signage_installation,15,15,0,0,10000,0.32,0,0,0,1,on_schedule,0,0,synthetic
PROJ_0861,PROJ_0861_T03,sub_base_course_preparation,45,43,0,0,10000,0.32,1,0,0,2,on_schedule,0,0,synthetic
PROJ_0861,PROJ_0861_T04,guardrail_installation,25,25,0,5,10000,0.32,0,0,0,3,on_schedule,0,0,synthetic
PROJ_0861,PROJ_0861_T05,bridge_deck_construction,60,49,0,7,10000,0.32,1,0,0,4,on_schedule,0,0,synthetic
PROJ_0861,PROJ_0861_T06,bituminous_macadam_laying,30,30,0,3,10000,0.32,0,0,0,5,on_schedule,0,0,synthetic
PROJ_0862,PROJ_0862_T01,bridge_deck_construction,60,56,0,7,10000,0.26,0,0,0,0,on_schedule,0,0,synthetic
PROJ_0862,PROJ_0862_T02,road_marking_and_signage_installation,15,13,0,0,10000,0.26,1,0,0,1,on_schedule,0,0,synthetic
PROJ_0862,PROJ_0862_T03,bituminous_macadam_laying,30,26,0,3,10000,0.26,0,0,0,2,on_schedule,0,0,synthetic
PROJ_0862,PROJ_0862_T04,sub_base_course_preparation,45,52,7,0,10000,0.26,1,0,0,3,rain_monsoon,1,70000,synthetic
PROJ_0862,PROJ_0862_T05,site_clearance_and_excavation,20,20,0,0,10000,0.26,1,0,1,4,on_schedule,0,0,synthetic
PROJ_0863,PROJ_0863_T01,guardrail_installation,25,25,0,5,10000,0.52,1,0,0,0,on_schedule,0,0,synthetic
PROJ_0863,PROJ_0863_T02,road_marking_and_signage_installation,15,22,7,0,10000,0.52,0,1,0,1,material_shortage,1,70000,synthetic
PROJ_0863,PROJ_0863_T03,bridge_deck_construction,60,53,0,7,10000,0.52,0,0,1,2,on_schedule,0,0,synthetic
PROJ_0864,PROJ_0864_T01,road_marking_and_signage_installation,15,12,0,0,10000,0.4,0,0,0,0,on_schedule,0,0,synthetic
PROJ_0864,PROJ_0864_T02,site_clearance_and_excavation,20,20,0,0,10000,0.4,1,0,0,1,on_schedule,0,0,synthetic
PROJ_0864,PROJ_0864_T03,bituminous_macadam_laying,30,29,0,3,10000,0.4,1,0,0,2,on_schedule,0,0,synthetic
PROJ_0864,PROJ_0864_T04,sub_base_course_preparation,45,45,0,0,10000,0.4,1,0,0,3,on_schedule,0,0,synthetic
PROJ_0864,PROJ_0864_T05,bridge_deck_construction,60,56,0,7,10000,0.4,0,0,0,4,on_schedule,0,0,synthetic
PROJ_0864,PROJ_0864_T06,guardrail_installation,25,25,0,5,10000,0.4,0,0,0,5,on_schedule,0,0,synthetic
PROJ_0865,PROJ_0865_T01,guardrail_installation,25,23,0,5,10000,0.6,0,0,0,0,on_schedule,0,0,synthetic
PROJ_0865,PROJ_0865_T02,site_clearance_and_excavation,20,28,8,0,10000,0.6,0,1,0,1,material_shortage,1,80000,synthetic
PROJ_0865,PROJ_0865_T03,road_marking_and_signage_installation,15,15,0,0,10000,0.6,1,0,1,2,on_schedule,0,0,synthetic
PROJ_0865,PROJ_0865_T04,sub_base_course_preparation,45,54,9,0,10000,0.6,0,0,0,3,labour_dispute,1,90000,synthetic
PROJ_0865,PROJ_0865_T05,bituminous_macadam_laying,30,25,0,3,10000,0.6,0,0,1,4,on_schedule,0,0,synthetic
PROJ_0866,PROJ_0866_T01,bituminous_macadam_laying,30,27,0,3,10000,0.38,0,0,0,0,on_schedule,0,0,synthetic
PROJ_0866,PROJ_0866_T02,road_marking_and_signage_installation,15,13,0,0,10000,0.38,0,0,0,1,on_schedule,0,0,synthetic
PROJ_0866,PROJ_0866_T03,bridge_deck_construction,60,56,0,7,10000,0.38,0,0,0,2,on_schedule,0,0,synthetic
PROJ_0866,PROJ_0866_T04,guardrail_installation,25,24,0,5,10000,0.38,0,0,0,3,on_schedule,0,0,synthetic
PROJ_0867,PROJ_0867_T01,bituminous_macadam_laying,30,24,0,3,10000,0.17,0,0,0,0,on_schedule,0,0,synthetic
PROJ_0867,PROJ_0867_T02,bridge_deck_construction,60,94,34,7,10000,0.17,1,0,0,1,design_change,1,270000,synthetic
PROJ_0867,PROJ_0867_T03,sub_base_course_preparation,45,37,0,0,10000,0.17,0,0,1,2,on_schedule,0,0,synthetic
PROJ_0867,PROJ_0867_T04,site_clearance_and_excavation,20,20,0,0,10000,0.17,1,0,0,3,on_schedule,0,0,synthetic
PROJ_0868,PROJ_0868_T01,sub_base_course_preparation,45,40,0,0,10000,0.16,0,0,0,0,on_schedule,0,0,synthetic
PROJ_0868,PROJ_0868_T02,bituminous_macadam_laying,30,25,0,3,10000,0.16,1,0,0,1,on_schedule,0,0,synthetic
PROJ_0868,PROJ_0868_T03,guardrail_installation,25,25,0,5,10000,0.16,0,0,0,2,on_schedule,0,0,synthetic
PROJ_0868,PROJ_0868_T04,bridge_deck_construction,60,49,0,7,10000,0.16,0,0,0,3,on_schedule,0,0,synthetic
PROJ_0868,PROJ_0868_T05,road_marking_and_signage_installation,15,14,0,0,10000,0.16,1,0,0,4,on_schedule,0,0,synthetic
PROJ_0868,PROJ_0868_T06,site_clearance_and_excavation,20,20,0,0,10000,0.16,0,0,0,5,on_schedule,0,0,synthetic
PROJ_0869,PROJ_0869_T01,site_clearance_and_excavation,20,16,0,0,10000,0.26,0,0,0,0,on_schedule,0,0,synthetic
PROJ_0869,PROJ_0869_T02,sub_base_course_preparation,45,47,2,0,10000,0.26,1,0,0,1,subcontractor_failure,1,20000,synthetic
PROJ_0869,PROJ_0869_T03,guardrail_installation,25,20,0,5,10000,0.26,1,0,1,2,on_schedule,0,0,synthetic
PROJ_0869,PROJ_0869_T04,bridge_deck_construction,60,52,0,7,10000,0.26,1,0,0,3,on_schedule,0,0,synthetic
PROJ_0870,PROJ_0870_T01,bituminous_macadam_laying,30,29,0,3,10000,0.32,1,0,0,0,on_schedule,0,0,synthetic
PROJ_0870,PROJ_0870_T02,guardrail_installation,25,20,0,5,10000,0.32,0,0,0,1,on_schedule,0,0,synthetic
PROJ_0870,PROJ_0870_T03,bridge_deck_construction,60,86,26,7,10000,0.32,1,0,0,2,utility_shifting,1,190000,synthetic
PROJ_0870,PROJ_0870_T04,sub_base_course_preparation,45,37,0,0,10000,0.32,0,0,1,3,on_schedule,0,0,synthetic
PROJ_0870,PROJ_0870_T05,site_clearance_and_excavation,20,16,0,0,10000,0.32,1,0,0,4,on_schedule,0,0,synthetic
PROJ_0870,PROJ_0870_T06,road_marking_and_signage_installation,15,12,0,0,10000,0.32,1,0,0,5,on_schedule,0,0,synthetic
PROJ_0871,PROJ_0871_T01,site_clearance_and_excavation,20,20,0,0,10000,0.49,0,0,0,0,on_schedule,0,0,synthetic
PROJ_0871,PROJ_0871_T02,bituminous_macadam_laying,30,25,0,3,10000,0.49,1,0,0,1,on_schedule,0,0,synthetic
PROJ_0871,PROJ_0871_T03,sub_base_course_preparation,45,45,0,0,10000,0.49,1,0,0,2,on_schedule,0,0,synthetic
PROJ_0871,PROJ_0871_T04,road_marking_and_signage_installation,15,25,10,0,10000,0.49,0,0,0,3,subcontractor_failure,1,100000,synthetic
PROJ_0871,PROJ_0871_T05,bridge_deck_construction,60,56,0,7,10000,0.49,1,0,1,4,on_schedule,0,0,synthetic
PROJ_0872,PROJ_0872_T01,bridge_deck_construction,60,53,0,7,10000,0.34,1,0,0,0,on_schedule,0,0,synthetic
PROJ_0872,PROJ_0872_T02,site_clearance_and_excavation,20,35,15,0,10000,0.34,1,0,0,1,rain_monsoon,1,150000,synthetic
PROJ_0872,PROJ_0872_T03,bituminous_macadam_laying,30,24,0,3,10000,0.34,0,0,1,2,on_schedule,0,0,synthetic
PROJ_0873,PROJ_0873_T01,bituminous_macadam_laying,30,26,0,3,10000,0.11,1,0,0,0,on_schedule,0,0,synthetic
PROJ_0873,PROJ_0873_T02,road_marking_and_signage_installation,15,13,0,0,10000,0.11,1,0,0,1,on_schedule,0,0,synthetic
PROJ_0873,PROJ_0873_T03,site_clearance_and_excavation,20,23,3,0,10000,0.11,1,1,0,2,material_shortage,1,30000,synthetic
PROJ_0873,PROJ_0873_T04,guardrail_installation,25,20,0,5,10000,0.11,1,0,1,3,on_schedule,0,0,synthetic
PROJ_0874,PROJ_0874_T01,guardrail_installation,25,20,0,5,10000,0.27,0,0,0,0,on_schedule,0,0,synthetic
PROJ_0874,PROJ_0874_T02,bituminous_macadam_laying,30,27,0,3,10000,0.27,0,0,0,1,on_schedule,0,0,synthetic
PROJ_0874,PROJ_0874_T03,site_clearance_and_excavation,20,16,0,0,10000,0.27,0,0,0,2,on_schedule,0,0,synthetic
PROJ_0874,PROJ_0874_T04,road_marking_and_signage_installation,15,15,0,0,10000,0.27,0,0,0,3,on_schedule,0,0,synthetic
PROJ_0874,PROJ_0874_T05,bridge_deck_construction,60,50,0,7,10000,0.27,0,0,0,4,on_schedule,0,0,synthetic
PROJ_0875,PROJ_0875_T01,site_clearance_and_excavation,20,29,9,0,10000,0.4,1,0,0,0,utility_shifting,1,90000,synthetic
PROJ_0875,PROJ_0875_T02,guardrail_installation,25,20,0,5,10000,0.4,1,0,1,1,on_schedule,0,0,synthetic
PROJ_0875,PROJ_0875_T03,bituminous_macadam_laying,30,26,0,3,10000,0.4,1,0,0,2,on_schedule,0,0,synthetic
PROJ_0875,PROJ_0875_T04,road_marking_and_signage_installation,15,12,0,0,10000,0.4,1,0,0,3,on_schedule,0,0,synthetic
PROJ_0876,PROJ_0876_T01,road_marking_and_signage_installation,15,12,0,0,10000,0.49,0,0,0,0,on_schedule,0,0,synthetic
PROJ_0876,PROJ_0876_T02,bituminous_macadam_laying,30,43,13,3,10000,0.49,1,0,0,1,labour_dispute,1,100000,synthetic
PROJ_0876,PROJ_0876_T03,bridge_deck_construction,60,48,0,7,10000,0.49,1,0,1,2,on_schedule,0,0,synthetic
PROJ_0876,PROJ_0876_T04,sub_base_course_preparation,45,54,9,0,10000,0.49,1,0,0,3,land_acquisition,1,90000,synthetic
PROJ_0876,PROJ_0876_T05,site_clearance_and_excavation,20,20,0,0,10000,0.49,0,0,1,4,on_schedule,0,0,synthetic
PROJ_0876,PROJ_0876_T06,guardrail_installation,25,24,0,5,10000,0.49,1,0,0,5,on_schedule,0,0,synthetic
PROJ_0877,PROJ_0877_T01,bituminous_macadam_laying,30,25,0,3,10000,0.1,0,0,0,0,on_schedule,0,0,synthetic
PROJ_0877,PROJ_0877_T02,site_clearance_and_excavation,20,34,14,0,10000,0.1,1,0,0,1,rain_monsoon,1,140000,synthetic
PROJ_0877,PROJ_0877_T03,road_marking_and_signage_installation,15,14,0,0,10000,0.1,0,0,1,2,on_schedule,0,0,synthetic
PROJ_0877,PROJ_0877_T04,bridge_deck_construction,60,48,0,7,10000,0.1,1,0,0,3,on_schedule,0,0,synthetic
PROJ_0877,PROJ_0877_T05,sub_base_course_preparation,45,36,0,0,10000,0.1,0,0,0,4,on_schedule,0,0,synthetic
PROJ_0878,PROJ_0878_T01,bituminous_macadam_laying,30,30,0,3,10000,0.39,0,0,0,0,on_schedule,0,0,synthetic
PROJ_0878,PROJ_0878_T02,sub_base_course_preparation,45,37,0,0,10000,0.39,1,0,0,1,on_schedule,0,0,synthetic
PROJ_0878,PROJ_0878_T03,road_marking_and_signage_installation,15,17,2,0,10000,0.39,1,1,0,2,material_shortage,1,20000,synthetic
PROJ_0879,PROJ_0879_T01,site_clearance_and_excavation,20,35,15,0,10000,0.57,1,0,0,0,rain_monsoon,1,150000,synthetic
PROJ_0879,PROJ_0879_T02,bituminous_macadam_laying,30,29,0,3,10000,0.57,0,0,1,1,on_schedule,0,0,synthetic
PROJ_0879,PROJ_0879_T03,road_marking_and_signage_installation,15,23,8,0,10000,0.57,0,0,0,2,land_acquisition,1,80000,synthetic
PROJ_0879,PROJ_0879_T04,sub_base_course_preparation,45,45,0,0,10000,0.57,1,0,1,3,on_schedule,0,0,synthetic
PROJ_0880,PROJ_0880_T01,road_marking_and_signage_installation,15,15,0,0,10000,0.45,1,0,0,0,on_schedule,0,0,synthetic
PROJ_0880,PROJ_0880_T02,bridge_deck_construction,60,77,17,7,10000,0.45,1,0,0,1,land_acquisition,1,100000,synthetic
PROJ_0880,PROJ_0880_T03,site_clearance_and_excavation,20,19,0,0,10000,0.45,0,0,1,2,on_schedule,0,0,synthetic
PROJ_0880,PROJ_0880_T04,sub_base_course_preparation,45,44,0,0,10000,0.45,0,0,0,3,on_schedule,0,0,synthetic
PROJ_0880,PROJ_0880_T05,bituminous_macadam_laying,30,25,0,3,10000,0.45,1,0,0,4,on_schedule,0,0,synthetic
PROJ_0881,PROJ_0881_T01,bridge_deck_construction,60,48,0,7,10000,0.21,0,0,0,0,on_schedule,0,0,synthetic
PROJ_0881,PROJ_0881_T02,bituminous_macadam_laying,30,28,0,3,10000,0.21,1,0,0,1,on_schedule,0,0,synthetic
PROJ_0881,PROJ_0881_T03,sub_base_course_preparation,45,57,12,0,10000,0.21,1,0,0,2,rain_monsoon,1,120000,synthetic
PROJ_0882,PROJ_0882_T01,bridge_deck_construction,60,50,0,7,10000,0.21,1,0,0,0,on_schedule,0,0,synthetic
PROJ_0882,PROJ_0882_T02,guardrail_installation,25,23,0,5,10000,0.21,1,0,0,1,on_schedule,0,0,synthetic
PROJ_0882,PROJ_0882_T03,site_clearance_and_excavation,20,19,0,0,10000,0.21,0,0,0,2,on_schedule,0,0,synthetic
PROJ_0882,PROJ_0882_T04,road_marking_and_signage_installation,15,15,0,0,10000,0.21,0,0,0,3,on_schedule,0,0,synthetic
PROJ_0882,PROJ_0882_T05,bituminous_macadam_laying,30,25,0,3,10000,0.21,1,0,0,4,on_schedule,0,0,synthetic
PROJ_0883,PROJ_0883_T01,sub_base_course_preparation,45,42,0,0,10000,0.57,1,0,0,0,on_schedule,0,0,synthetic
PROJ_0883,PROJ_0883_T02,road_marking_and_signage_installation,15,13,0,0,10000,0.57,0,0,0,1,on_schedule,0,0,synthetic
PROJ_0883,PROJ_0883_T03,guardrail_installation,25,20,0,5,10000,0.57,1,0,0,2,on_schedule,0,0,synthetic
PROJ_0883,PROJ_0883_T04,bituminous_macadam_laying,30,26,0,3,10000,0.57,0,0,0,3,on_schedule,0,0,synthetic
PROJ_0883,PROJ_0883_T05,bridge_deck_construction,60,55,0,7,10000,0.57,1,0,0,4,on_schedule,0,0,synthetic
PROJ_0884,PROJ_0884_T01,site_clearance_and_excavation,20,16,0,0,10000,0.14,0,0,0,0,on_schedule,0,0,synthetic
PROJ_0884,PROJ_0884_T02,road_marking_and_signage_installation,15,14,0,0,10000,0.14,1,0,0,1,on_schedule,0,0,synthetic
PROJ_0884,PROJ_0884_T03,sub_base_course_preparation,45,77,32,0,10000,0.14,0,0,0,2,land_acquisition,1,320000,synthetic
PROJ_0884,PROJ_0884_T04,guardrail_installation,25,24,0,5,10000,0.14,0,0,1,3,on_schedule,0,0,synthetic
PROJ_0884,PROJ_0884_T05,bituminous_macadam_laying,30,24,0,3,10000,0.14,0,0,0,4,on_schedule,0,0,synthetic
PROJ_0885,PROJ_0885_T01,sub_base_course_preparation,45,36,0,0,10000,0.33,0,0,0,0,on_schedule,0,0,synthetic
PROJ_0885,PROJ_0885_T02,site_clearance_and_excavation,20,18,0,0,10000,0.33,1,0,0,1,on_schedule,0,0,synthetic
PROJ_0885,PROJ_0885_T03,bituminous_macadam_laying,30,24,0,3,10000,0.33,0,0,0,2,on_schedule,0,0,synthetic
PROJ_0886,PROJ_0886_T01,site_clearance_and_excavation,20,18,0,0,10000,0.42,0,0,0,0,on_schedule,0,0,synthetic
PROJ_0886,PROJ_0886_T02,sub_base_course_preparation,45,36,0,0,10000,0.42,0,0,0,1,on_schedule,0,0,synthetic
PROJ_0886,PROJ_0886_T03,guardrail_installation,25,21,0,5,10000,0.42,1,0,0,2,on_schedule,0,0,synthetic
PROJ_0886,PROJ_0886_T04,bituminous_macadam_laying,30,30,0,3,10000,0.42,1,0,0,3,on_schedule,0,0,synthetic
PROJ_0887,PROJ_0887_T01,site_clearance_and_excavation,20,18,0,0,10000,0.11,0,0,0,0,on_schedule,0,0,synthetic
PROJ_0887,PROJ_0887_T02,bituminous_macadam_laying,30,25,0,3,10000,0.11,1,0,0,1,on_schedule,0,0,synthetic
PROJ_0887,PROJ_0887_T03,sub_base_course_preparation,45,45,0,0,10000,0.11,1,0,0,2,on_schedule,0,0,synthetic
PROJ_0888,PROJ_0888_T01,sub_base_course_preparation,45,43,0,0,10000,0.42,0,0,0,0,on_schedule,0,0,synthetic
PROJ_0888,PROJ_0888_T02,guardrail_installation,25,25,0,5,10000,0.42,0,0,0,1,on_schedule,0,0,synthetic
PROJ_0888,PROJ_0888_T03,bituminous_macadam_laying,30,27,0,3,10000,0.42,0,0,0,2,on_schedule,0,0,synthetic
PROJ_0888,PROJ_0888_T04,road_marking_and_signage_installation,15,14,0,0,10000,0.42,0,0,0,3,on_schedule,0,0,synthetic
PROJ_0888,PROJ_0888_T05,bridge_deck_construction,60,58,0,7,10000,0.42,0,0,0,4,on_schedule,0,0,synthetic
PROJ_0888,PROJ_0888_T06,site_clearance_and_excavation,20,33,13,0,10000,0.42,0,0,0,5,land_acquisition,1,130000,synthetic
PROJ_0889,PROJ_0889_T01,bituminous_macadam_laying,30,24,0,3,10000,0.49,0,0,0,0,on_schedule,0,0,synthetic
PROJ_0889,PROJ_0889_T02,road_marking_and_signage_installation,15,14,0,0,10000,0.49,0,0,0,1,on_schedule,0,0,synthetic
PROJ_0889,PROJ_0889_T03,bridge_deck_construction,60,80,20,7,10000,0.49,0,0,0,2,rain_monsoon,1,130000,synthetic
PROJ_0889,PROJ_0889_T04,site_clearance_and_excavation,20,18,0,0,10000,0.49,0,0,1,3,on_schedule,0,0,synthetic
PROJ_0889,PROJ_0889_T05,sub_base_course_preparation,45,41,0,0,10000,0.49,1,0,0,4,on_schedule,0,0,synthetic
PROJ_0890,PROJ_0890_T01,bridge_deck_construction,60,85,25,7,10000,0.55,0,0,0,0,rain_monsoon,1,180000,synthetic
PROJ_0890,PROJ_0890_T02,sub_base_course_preparation,45,77,32,0,10000,0.55,0,1,1,1,material_shortage,1,320000,synthetic
PROJ_0890,PROJ_0890_T03,guardrail_installation,25,23,0,5,10000,0.55,0,0,1,2,on_schedule,0,0,synthetic
PROJ_0890,PROJ_0890_T04,bituminous_macadam_laying,30,43,13,3,10000,0.55,1,0,0,3,subcontractor_failure,1,100000,synthetic
PROJ_0891,PROJ_0891_T01,bridge_deck_construction,60,50,0,7,10000,0.12,0,0,0,0,on_schedule,0,0,synthetic
PROJ_0891,PROJ_0891_T02,road_marking_and_signage_installation,15,14,0,0,10000,0.12,1,0,0,1,on_schedule,0,0,synthetic
PROJ_0891,PROJ_0891_T03,site_clearance_and_excavation,20,18,0,0,10000,0.12,0,0,0,2,on_schedule,0,0,synthetic
PROJ_0891,PROJ_0891_T04,guardrail_installation,25,38,13,5,10000,0.12,1,0,0,3,subcontractor_failure,1,80000,synthetic
PROJ_0891,PROJ_0891_T05,sub_base_course_preparation,45,38,0,0,10000,0.12,1,0,1,4,on_schedule,0,0,synthetic
PROJ_0892,PROJ_0892_T01,road_marking_and_signage_installation,15,15,0,0,10000,0.1,1,0,0,0,on_schedule,0,0,synthetic
PROJ_0892,PROJ_0892_T02,guardrail_installation,25,23,0,5,10000,0.1,0,0,0,1,on_schedule,0,0,synthetic
PROJ_0892,PROJ_0892_T03,bituminous_macadam_laying,30,27,0,3,10000,0.1,1,0,0,2,on_schedule,0,0,synthetic
PROJ_0892,PROJ_0892_T04,site_clearance_and_excavation,20,22,2,0,10000,0.1,0,0,0,3,equipment_breakdown,1,20000,synthetic
PROJ_0892,PROJ_0892_T05,bridge_deck_construction,60,75,15,7,10000,0.1,1,0,1,4,land_acquisition,1,80000,synthetic
PROJ_0893,PROJ_0893_T01,bridge_deck_construction,60,54,0,7,10000,0.13,0,0,0,0,on_schedule,0,0,synthetic
PROJ_0893,PROJ_0893_T02,bituminous_macadam_laying,30,24,0,3,10000,0.13,1,0,0,1,on_schedule,0,0,synthetic
PROJ_0893,PROJ_0893_T03,sub_base_course_preparation,45,39,0,0,10000,0.13,0,0,0,2,on_schedule,0,0,synthetic
PROJ_0894,PROJ_0894_T01,bituminous_macadam_laying,30,30,0,3,10000,0.54,0,0,0,0,on_schedule,0,0,synthetic
PROJ_0894,PROJ_0894_T02,bridge_deck_construction,60,48,0,7,10000,0.54,1,0,0,1,on_schedule,0,0,synthetic
PROJ_0894,PROJ_0894_T03,site_clearance_and_excavation,20,18,0,0,10000,0.54,1,0,0,2,on_schedule,0,0,synthetic
PROJ_0894,PROJ_0894_T04,road_marking_and_signage_installation,15,15,0,0,10000,0.54,1,0,0,3,on_schedule,0,0,synthetic
PROJ_0895,PROJ_0895_T01,sub_base_course_preparation,45,48,3,0,10000,0.14,0,0,0,0,labour_dispute,1,30000,synthetic
PROJ_0895,PROJ_0895_T02,bridge_deck_construction,60,60,0,7,10000,0.14,0,0,1,1,on_schedule,0,0,synthetic
PROJ_0895,PROJ_0895_T03,site_clearance_and_excavation,20,17,0,0,10000,0.14,1,0,0,2,on_schedule,0,0,synthetic
PROJ_0895,PROJ_0895_T04,road_marking_and_signage_installation,15,13,0,0,10000,0.14,0,0,0,3,on_schedule,0,0,synthetic
PROJ_0896,PROJ_0896_T01,site_clearance_and_excavation,20,32,12,0,10000,0.33,0,0,0,0,equipment_breakdown,1,120000,synthetic
PROJ_0896,PROJ_0896_T02,bituminous_macadam_laying,30,28,0,3,10000,0.33,0,0,1,1,on_schedule,0,0,synthetic
PROJ_0896,PROJ_0896_T03,road_marking_and_signage_installation,15,22,7,0,10000,0.33,0,0,0,2,equipment_breakdown,1,70000,synthetic
PROJ_0896,PROJ_0896_T04,sub_base_course_preparation,45,45,0,0,10000,0.33,0,0,1,3,on_schedule,0,0,synthetic
PROJ_0896,PROJ_0896_T05,bridge_deck_construction,60,94,34,7,10000,0.33,1,0,0,4,rain_monsoon,1,270000,synthetic
PROJ_0897,PROJ_0897_T01,sub_base_course_preparation,45,53,8,0,10000,0.44,0,0,0,0,design_change,1,80000,synthetic
PROJ_0897,PROJ_0897_T02,bituminous_macadam_laying,30,26,0,3,10000,0.44,0,0,1,1,on_schedule,0,0,synthetic
PROJ_0897,PROJ_0897_T03,site_clearance_and_excavation,20,18,0,0,10000,0.44,1,0,0,2,on_schedule,0,0,synthetic
PROJ_0898,PROJ_0898_T01,bridge_deck_construction,60,60,0,7,10000,0.18,1,0,0,0,on_schedule,0,0,synthetic
PROJ_0898,PROJ_0898_T02,bituminous_macadam_laying,30,27,0,3,10000,0.18,0,0,0,1,on_schedule,0,0,synthetic
PROJ_0898,PROJ_0898_T03,site_clearance_and_excavation,20,33,13,0,10000,0.18,1,0,0,2,equipment_breakdown,1,130000,synthetic
PROJ_0898,PROJ_0898_T04,guardrail_installation,25,24,0,5,10000,0.18,1,0,1,3,on_schedule,0,0,synthetic
PROJ_0898,PROJ_0898_T05,sub_base_course_preparation,45,40,0,0,10000,0.18,0,0,0,4,on_schedule,0,0,synthetic
PROJ_0898,PROJ_0898_T06,road_marking_and_signage_installation,15,13,0,0,10000,0.18,0,0,0,5,on_schedule,0,0,synthetic
PROJ_0899,PROJ_0899_T01,bituminous_macadam_laying,30,30,0,3,10000,0.18,0,0,0,0,on_schedule,0,0,synthetic
PROJ_0899,PROJ_0899_T02,road_marking_and_signage_installation,15,18,3,0,10000,0.18,1,1,0,1,material_shortage,1,30000,synthetic
PROJ_0899,PROJ_0899_T03,sub_base_course_preparation,45,63,18,0,10000,0.18,1,0,1,2,subcontractor_failure,1,180000,synthetic
PROJ_0899,PROJ_0899_T04,guardrail_installation,25,25,0,5,10000,0.18,0,0,1,3,on_schedule,0,0,synthetic
PROJ_0899,PROJ_0899_T05,site_clearance_and_excavation,20,20,0,0,10000,0.18,0,0,0,4,on_schedule,0,0,synthetic
PROJ_0899,PROJ_0899_T06,bridge_deck_construction,60,84,24,7,10000,0.18,0,0,0,5,labour_dispute,1,170000,synthetic
PROJ_0900,PROJ_0900_T01,bridge_deck_construction,60,48,0,7,10000,0.47,1,0,0,0,on_schedule,0,0,synthetic
PROJ_0900,PROJ_0900_T02,bituminous_macadam_laying,30,29,0,3,10000,0.47,0,0,0,1,on_schedule,0,0,synthetic
PROJ_0900,PROJ_0900_T03,road_marking_and_signage_installation,15,18,3,0,10000,0.47,1,0,0,2,equipment_breakdown,1,30000,synthetic
PROJ_0900,PROJ_0900_T04,sub_base_course_preparation,45,38,0,0,10000,0.47,0,0,1,3,on_schedule,0,0,synthetic
PROJ_0901,PROJ_0901_T01,road_marking_and_signage_installation,15,21,6,0,10000,0.29,1,1,0,0,material_shortage,1,60000,synthetic
PROJ_0901,PROJ_0901_T02,bituminous_macadam_laying,30,25,0,3,10000,0.29,0,0,1,1,on_schedule,0,0,synthetic
PROJ_0901,PROJ_0901_T03,bridge_deck_construction,60,48,0,7,10000,0.29,1,0,0,2,on_schedule,0,0,synthetic
PROJ_0901,PROJ_0901_T04,guardrail_installation,25,24,0,5,10000,0.29,0,0,0,3,on_schedule,0,0,synthetic
PROJ_0902,PROJ_0902_T01,guardrail_installation,25,25,0,5,10000,0.33,0,0,0,0,on_schedule,0,0,synthetic
PROJ_0902,PROJ_0902_T02,site_clearance_and_excavation,20,20,0,0,10000,0.33,0,0,0,1,on_schedule,0,0,synthetic
PROJ_0902,PROJ_0902_T03,bituminous_macadam_laying,30,30,0,3,10000,0.33,0,0,0,2,on_schedule,0,0,synthetic
PROJ_0902,PROJ_0902_T04,bridge_deck_construction,60,54,0,7,10000,0.33,0,0,0,3,on_schedule,0,0,synthetic
PROJ_0902,PROJ_0902_T05,sub_base_course_preparation,45,38,0,0,10000,0.33,0,0,0,4,on_schedule,0,0,synthetic
PROJ_0902,PROJ_0902_T06,road_marking_and_signage_installation,15,28,13,0,10000,0.33,1,1,0,5,material_shortage,1,130000,synthetic
PROJ_0903,PROJ_0903_T01,bridge_deck_construction,60,54,0,7,10000,0.52,0,0,0,0,on_schedule,0,0,synthetic
PROJ_0903,PROJ_0903_T02,sub_base_course_preparation,45,51,6,0,10000,0.52,0,0,0,1,labour_dispute,1,60000,synthetic
PROJ_0903,PROJ_0903_T03,guardrail_installation,25,20,0,5,10000,0.52,0,0,1,2,on_schedule,0,0,synthetic
PROJ_0903,PROJ_0903_T04,bituminous_macadam_laying,30,28,0,3,10000,0.52,1,0,0,3,on_schedule,0,0,synthetic
PROJ_0904,PROJ_0904_T01,site_clearance_and_excavation,20,16,0,0,10000,0.52,1,0,0,0,on_schedule,0,0,synthetic
PROJ_0904,PROJ_0904_T02,bridge_deck_construction,60,48,0,7,10000,0.52,1,0,0,1,on_schedule,0,0,synthetic
PROJ_0904,PROJ_0904_T03,bituminous_macadam_laying,30,30,0,3,10000,0.52,1,0,0,2,on_schedule,0,0,synthetic
PROJ_0904,PROJ_0904_T04,road_marking_and_signage_installation,15,16,1,0,10000,0.52,1,0,0,3,subcontractor_failure,1,10000,synthetic
PROJ_0904,PROJ_0904_T05,sub_base_course_preparation,45,39,0,0,10000,0.52,1,0,1,4,on_schedule,0,0,synthetic
PROJ_0904,PROJ_0904_T06,guardrail_installation,25,21,0,5,10000,0.52,0,0,0,5,on_schedule,0,0,synthetic
PROJ_0905,PROJ_0905_T01,guardrail_installation,25,31,6,5,10000,0.27,0,0,0,0,design_change,1,10000,synthetic
PROJ_0905,PROJ_0905_T02,sub_base_course_preparation,45,37,0,0,10000,0.27,0,0,1,1,on_schedule,0,0,synthetic
PROJ_0905,PROJ_0905_T03,site_clearance_and_excavation,20,17,0,0,10000,0.27,1,0,0,2,on_schedule,0,0,synthetic
PROJ_0905,PROJ_0905_T04,bituminous_macadam_laying,30,44,14,3,10000,0.27,1,0,0,3,equipment_breakdown,1,110000,synthetic
PROJ_0905,PROJ_0905_T05,road_marking_and_signage_installation,15,14,0,0,10000,0.27,1,0,1,4,on_schedule,0,0,synthetic
PROJ_0905,PROJ_0905_T06,bridge_deck_construction,60,49,0,7,10000,0.27,0,0,0,5,on_schedule,0,0,synthetic
PROJ_0906,PROJ_0906_T01,sub_base_course_preparation,45,40,0,0,10000,0.57,0,0,0,0,on_schedule,0,0,synthetic
PROJ_0906,PROJ_0906_T02,bridge_deck_construction,60,57,0,7,10000,0.57,1,0,0,1,on_schedule,0,0,synthetic
PROJ_0906,PROJ_0906_T03,bituminous_macadam_laying,30,37,7,3,10000,0.57,0,0,0,2,utility_shifting,1,40000,synthetic
PROJ_0906,PROJ_0906_T04,guardrail_installation,25,25,0,5,10000,0.57,1,0,1,3,on_schedule,0,0,synthetic
PROJ_0906,PROJ_0906_T05,road_marking_and_signage_installation,15,13,0,0,10000,0.57,1,0,0,4,on_schedule,0,0,synthetic
PROJ_0906,PROJ_0906_T06,site_clearance_and_excavation,20,18,0,0,10000,0.57,0,0,0,5,on_schedule,0,0,synthetic
PROJ_0907,PROJ_0907_T01,road_marking_and_signage_installation,15,29,14,0,10000,0.22,1,0,0,0,utility_shifting,1,140000,synthetic
PROJ_0907,PROJ_0907_T02,bituminous_macadam_laying,30,26,0,3,10000,0.22,1,0,1,1,on_schedule,0,0,synthetic
PROJ_0907,PROJ_0907_T03,bridge_deck_construction,60,55,0,7,10000,0.22,1,0,0,2,on_schedule,0,0,synthetic
PROJ_0907,PROJ_0907_T04,sub_base_course_preparation,45,45,0,0,10000,0.22,1,0,0,3,on_schedule,0,0,synthetic
PROJ_0908,PROJ_0908_T01,site_clearance_and_excavation,20,17,0,0,10000,0.27,1,0,0,0,on_schedule,0,0,synthetic
PROJ_0908,PROJ_0908_T02,bridge_deck_construction,60,55,0,7,10000,0.27,1,0,0,1,on_schedule,0,0,synthetic
PROJ_0908,PROJ_0908_T03,guardrail_installation,25,25,0,5,10000,0.27,1,0,0,2,on_schedule,0,0,synthetic
PROJ_0908,PROJ_0908_T04,sub_base_course_preparation,45,37,0,0,10000,0.27,1,0,0,3,on_schedule,0,0,synthetic
PROJ_0908,PROJ_0908_T05,road_marking_and_signage_installation,15,20,5,0,10000,0.27,0,0,0,4,equipment_breakdown,1,50000,synthetic
PROJ_0908,PROJ_0908_T06,bituminous_macadam_laying,30,40,10,3,10000,0.27,0,0,1,5,utility_shifting,1,70000,synthetic
PROJ_0909,PROJ_0909_T01,sub_base_course_preparation,45,38,0,0,10000,0.39,1,0,0,0,on_schedule,0,0,synthetic
PROJ_0909,PROJ_0909_T02,guardrail_installation,25,22,0,5,10000,0.39,1,0,0,1,on_schedule,0,0,synthetic
PROJ_0909,PROJ_0909_T03,bituminous_macadam_laying,30,27,0,3,10000,0.39,1,0,0,2,on_schedule,0,0,synthetic
PROJ_0910,PROJ_0910_T01,road_marking_and_signage_installation,15,12,0,0,10000,0.19,1,0,0,0,on_schedule,0,0,synthetic
PROJ_0910,PROJ_0910_T02,bituminous_macadam_laying,30,34,4,3,10000,0.19,0,0,0,1,land_acquisition,1,10000,synthetic
PROJ_0910,PROJ_0910_T03,site_clearance_and_excavation,20,18,0,0,10000,0.19,0,0,1,2,on_schedule,0,0,synthetic
PROJ_0910,PROJ_0910_T04,bridge_deck_construction,60,50,0,7,10000,0.19,1,0,0,3,on_schedule,0,0,synthetic
PROJ_0910,PROJ_0910_T05,sub_base_course_preparation,45,40,0,0,10000,0.19,1,0,0,4,on_schedule,0,0,synthetic
PROJ_0910,PROJ_0910_T06,guardrail_installation,25,21,0,5,10000,0.19,0,0,0,5,on_schedule,0,0,synthetic
PROJ_0911,PROJ_0911_T01,road_marking_and_signage_installation,15,12,0,0,10000,0.38,1,0,0,0,on_schedule,0,0,synthetic
PROJ_0911,PROJ_0911_T02,site_clearance_and_excavation,20,18,0,0,10000,0.38,0,0,0,1,on_schedule,0,0,synthetic
PROJ_0911,PROJ_0911_T03,bridge_deck_construction,60,68,8,7,10000,0.38,1,0,0,2,rain_monsoon,1,10000,synthetic
PROJ_0911,PROJ_0911_T04,bituminous_macadam_laying,30,27,0,3,10000,0.38,0,0,1,3,on_schedule,0,0,synthetic
PROJ_0911,PROJ_0911_T05,guardrail_installation,25,24,0,5,10000,0.38,1,0,0,4,on_schedule,0,0,synthetic
PROJ_0911,PROJ_0911_T06,sub_base_course_preparation,45,39,0,0,10000,0.38,1,0,0,5,on_schedule,0,0,synthetic
PROJ_0912,PROJ_0912_T01,road_marking_and_signage_installation,15,15,0,0,10000,0.47,0,0,0,0,on_schedule,0,0,synthetic
PROJ_0912,PROJ_0912_T02,site_clearance_and_excavation,20,27,7,0,10000,0.47,0,0,0,1,equipment_breakdown,1,70000,synthetic
PROJ_0912,PROJ_0912_T03,sub_base_course_preparation,45,42,0,0,10000,0.47,1,0,1,2,on_schedule,0,0,synthetic
PROJ_0912,PROJ_0912_T04,bridge_deck_construction,60,50,0,7,10000,0.47,0,0,0,3,on_schedule,0,0,synthetic
PROJ_0912,PROJ_0912_T05,guardrail_installation,25,23,0,5,10000,0.47,1,0,0,4,on_schedule,0,0,synthetic
PROJ_0913,PROJ_0913_T01,site_clearance_and_excavation,20,21,1,0,10000,0.39,1,0,0,0,rain_monsoon,1,10000,synthetic
PROJ_0913,PROJ_0913_T02,guardrail_installation,25,25,0,5,10000,0.39,0,0,1,1,on_schedule,0,0,synthetic
PROJ_0913,PROJ_0913_T03,bridge_deck_construction,60,58,0,7,10000,0.39,1,0,0,2,on_schedule,0,0,synthetic
PROJ_0913,PROJ_0913_T04,bituminous_macadam_laying,30,30,0,3,10000,0.39,1,0,0,3,on_schedule,0,0,synthetic
PROJ_0914,PROJ_0914_T01,guardrail_installation,25,30,5,5,10000,0.11,0,0,0,0,subcontractor_failure,0,0,synthetic
PROJ_0914,PROJ_0914_T02,bridge_deck_construction,60,49,0,7,10000,0.11,1,0,1,1,on_schedule,0,0,synthetic
PROJ_0914,PROJ_0914_T03,bituminous_macadam_laying,30,45,15,3,10000,0.11,0,0,0,2,labour_dispute,1,120000,synthetic
PROJ_0915,PROJ_0915_T01,guardrail_installation,25,21,0,5,10000,0.11,0,0,0,0,on_schedule,0,0,synthetic
PROJ_0915,PROJ_0915_T02,road_marking_and_signage_installation,15,13,0,0,10000,0.11,1,0,0,1,on_schedule,0,0,synthetic
PROJ_0915,PROJ_0915_T03,bituminous_macadam_laying,30,26,0,3,10000,0.11,0,0,0,2,on_schedule,0,0,synthetic
PROJ_0915,PROJ_0915_T04,site_clearance_and_excavation,20,19,0,0,10000,0.11,0,0,0,3,on_schedule,0,0,synthetic
PROJ_0915,PROJ_0915_T05,sub_base_course_preparation,45,36,0,0,10000,0.11,0,0,0,4,on_schedule,0,0,synthetic
PROJ_0915,PROJ_0915_T06,bridge_deck_construction,60,58,0,7,10000,0.11,1,0,0,5,on_schedule,0,0,synthetic
PROJ_0916,PROJ_0916_T01,bridge_deck_construction,60,51,0,7,10000,0.27,0,0,0,0,on_schedule,0,0,synthetic
PROJ_0916,PROJ_0916_T02,guardrail_installation,25,40,15,5,10000,0.27,0,0,0,1,labour_dispute,1,100000,synthetic
PROJ_0916,PROJ_0916_T03,sub_base_course_preparation,45,45,0,0,10000,0.27,0,0,1,2,on_schedule,0,0,synthetic
PROJ_0916,PROJ_0916_T04,site_clearance_and_excavation,20,32,12,0,10000,0.27,0,0,0,3,subcontractor_failure,1,120000,synthetic
PROJ_0917,PROJ_0917_T01,road_marking_and_signage_installation,15,15,0,0,10000,0.21,1,0,0,0,on_schedule,0,0,synthetic
PROJ_0917,PROJ_0917_T02,site_clearance_and_excavation,20,22,2,0,10000,0.21,0,0,0,1,subcontractor_failure,1,20000,synthetic
PROJ_0917,PROJ_0917_T03,sub_base_course_preparation,45,42,0,0,10000,0.21,1,0,1,2,on_schedule,0,0,synthetic
PROJ_0917,PROJ_0917_T04,bituminous_macadam_laying,30,24,0,3,10000,0.21,0,0,0,3,on_schedule,0,0,synthetic
PROJ_0917,PROJ_0917_T05,bridge_deck_construction,60,51,0,7,10000,0.21,1,0,0,4,on_schedule,0,0,synthetic
PROJ_0918,PROJ_0918_T01,site_clearance_and_excavation,20,18,0,0,10000,0.15,0,0,0,0,on_schedule,0,0,synthetic
PROJ_0918,PROJ_0918_T02,bituminous_macadam_laying,30,28,0,3,10000,0.15,0,0,0,1,on_schedule,0,0,synthetic
PROJ_0918,PROJ_0918_T03,road_marking_and_signage_installation,15,15,0,0,10000,0.15,1,0,0,2,on_schedule,0,0,synthetic
PROJ_0919,PROJ_0919_T01,guardrail_installation,25,22,0,5,10000,0.37,0,0,0,0,on_schedule,0,0,synthetic
PROJ_0919,PROJ_0919_T02,site_clearance_and_excavation,20,27,7,0,10000,0.37,0,0,0,1,equipment_breakdown,1,70000,synthetic
PROJ_0919,PROJ_0919_T03,sub_base_course_preparation,45,44,0,0,10000,0.37,0,0,1,2,on_schedule,0,0,synthetic
PROJ_0919,PROJ_0919_T04,bituminous_macadam_laying,30,30,0,3,10000,0.37,1,0,0,3,on_schedule,0,0,synthetic
PROJ_0919,PROJ_0919_T05,road_marking_and_signage_installation,15,18,3,0,10000,0.37,0,0,0,4,utility_shifting,1,30000,synthetic
PROJ_0920,PROJ_0920_T01,guardrail_installation,25,45,20,5,10000,0.19,0,0,0,0,utility_shifting,1,150000,synthetic
PROJ_0920,PROJ_0920_T02,site_clearance_and_excavation,20,16,0,0,10000,0.19,1,0,1,1,on_schedule,0,0,synthetic
PROJ_0920,PROJ_0920_T03,bituminous_macadam_laying,30,29,0,3,10000,0.19,1,0,0,2,on_schedule,0,0,synthetic
PROJ_0920,PROJ_0920_T04,road_marking_and_signage_installation,15,13,0,0,10000,0.19,0,0,0,3,on_schedule,0,0,synthetic
PROJ_0921,PROJ_0921_T01,guardrail_installation,25,21,0,5,10000,0.37,0,0,0,0,on_schedule,0,0,synthetic
PROJ_0921,PROJ_0921_T02,site_clearance_and_excavation,20,18,0,0,10000,0.37,0,0,0,1,on_schedule,0,0,synthetic
PROJ_0921,PROJ_0921_T03,sub_base_course_preparation,45,40,0,0,10000,0.37,0,0,0,2,on_schedule,0,0,synthetic
PROJ_0922,PROJ_0922_T01,bridge_deck_construction,60,48,0,7,10000,0.17,1,0,0,0,on_schedule,0,0,synthetic
PROJ_0922,PROJ_0922_T02,bituminous_macadam_laying,30,25,0,3,10000,0.17,1,0,0,1,on_schedule,0,0,synthetic
PROJ_0922,PROJ_0922_T03,road_marking_and_signage_installation,15,15,0,0,10000,0.17,0,0,0,2,on_schedule,0,0,synthetic
PROJ_0922,PROJ_0922_T04,site_clearance_and_excavation,20,18,0,0,10000,0.17,1,0,0,3,on_schedule,0,0,synthetic
PROJ_0922,PROJ_0922_T05,sub_base_course_preparation,45,66,21,0,10000,0.17,0,0,0,4,land_acquisition,1,210000,synthetic
PROJ_0923,PROJ_0923_T01,bridge_deck_construction,60,59,0,7,10000,0.57,1,0,0,0,on_schedule,0,0,synthetic
PROJ_0923,PROJ_0923_T02,bituminous_macadam_laying,30,49,19,3,10000,0.57,1,0,0,1,utility_shifting,1,160000,synthetic
PROJ_0923,PROJ_0923_T03,guardrail_installation,25,20,0,5,10000,0.57,0,0,1,2,on_schedule,0,0,synthetic
PROJ_0923,PROJ_0923_T04,sub_base_course_preparation,45,42,0,0,10000,0.57,0,0,0,3,on_schedule,0,0,synthetic
PROJ_0924,PROJ_0924_T01,site_clearance_and_excavation,20,17,0,0,10000,0.33,0,0,0,0,on_schedule,0,0,synthetic
PROJ_0924,PROJ_0924_T02,guardrail_installation,25,23,0,5,10000,0.33,0,0,0,1,on_schedule,0,0,synthetic
PROJ_0924,PROJ_0924_T03,road_marking_and_signage_installation,15,12,0,0,10000,0.33,1,0,0,2,on_schedule,0,0,synthetic
PROJ_0924,PROJ_0924_T04,bituminous_macadam_laying,30,52,22,3,10000,0.33,0,0,0,3,rain_monsoon,1,190000,synthetic
PROJ_0924,PROJ_0924_T05,bridge_deck_construction,60,51,0,7,10000,0.33,0,0,1,4,on_schedule,0,0,synthetic
PROJ_0925,PROJ_0925_T01,sub_base_course_preparation,45,76,31,0,10000,0.55,0,0,0,0,labour_dispute,1,310000,synthetic
PROJ_0925,PROJ_0925_T02,site_clearance_and_excavation,20,36,16,0,10000,0.55,0,0,1,1,subcontractor_failure,1,160000,synthetic
PROJ_0925,PROJ_0925_T03,bridge_deck_construction,60,99,39,7,10000,0.55,0,0,1,2,equipment_breakdown,1,320000,synthetic
PROJ_0925,PROJ_0925_T04,guardrail_installation,25,23,0,5,10000,0.55,0,0,1,3,on_schedule,0,0,synthetic
PROJ_0925,PROJ_0925_T05,road_marking_and_signage_installation,15,14,0,0,10000,0.55,1,0,0,4,on_schedule,0,0,synthetic
PROJ_0925,PROJ_0925_T06,bituminous_macadam_laying,30,27,0,3,10000,0.55,1,0,0,5,on_schedule,0,0,synthetic
PROJ_0926,PROJ_0926_T01,road_marking_and_signage_installation,15,17,2,0,10000,0.52,1,0,0,0,design_change,1,20000,synthetic
PROJ_0926,PROJ_0926_T02,sub_base_course_preparation,45,36,0,0,10000,0.52,1,0,1,1,on_schedule,0,0,synthetic
PROJ_0926,PROJ_0926_T03,guardrail_installation,25,29,4,5,10000,0.52,0,0,0,2,equipment_breakdown,0,0,synthetic
PROJ_0926,PROJ_0926_T04,bituminous_macadam_laying,30,49,19,3,10000,0.52,1,0,1,3,rain_monsoon,1,160000,synthetic
PROJ_0927,PROJ_0927_T01,site_clearance_and_excavation,20,20,0,0,10000,0.49,1,0,0,0,on_schedule,0,0,synthetic
PROJ_0927,PROJ_0927_T02,bridge_deck_construction,60,52,0,7,10000,0.49,1,0,0,1,on_schedule,0,0,synthetic
PROJ_0927,PROJ_0927_T03,guardrail_installation,25,27,2,5,10000,0.49,0,1,0,2,material_shortage,0,0,synthetic
PROJ_0928,PROJ_0928_T01,site_clearance_and_excavation,20,20,0,0,10000,0.58,1,0,0,0,on_schedule,0,0,synthetic
PROJ_0928,PROJ_0928_T02,bridge_deck_construction,60,52,0,7,10000,0.58,0,0,0,1,on_schedule,0,0,synthetic
PROJ_0928,PROJ_0928_T03,guardrail_installation,25,21,0,5,10000,0.58,1,0,0,2,on_schedule,0,0,synthetic
PROJ_0928,PROJ_0928_T04,road_marking_and_signage_installation,15,15,0,0,10000,0.58,0,0,0,3,on_schedule,0,0,synthetic
PROJ_0928,PROJ_0928_T05,sub_base_course_preparation,45,67,22,0,10000,0.58,0,1,0,4,material_shortage,1,220000,synthetic
PROJ_0928,PROJ_0928_T06,bituminous_macadam_laying,30,26,0,3,10000,0.58,1,0,1,5,on_schedule,0,0,synthetic
PROJ_0929,PROJ_0929_T01,bituminous_macadam_laying,30,28,0,3,10000,0.34,0,0,0,0,on_schedule,0,0,synthetic
PROJ_0929,PROJ_0929_T02,sub_base_course_preparation,45,43,0,0,10000,0.34,0,0,0,1,on_schedule,0,0,synthetic
PROJ_0929,PROJ_0929_T03,site_clearance_and_excavation,20,32,12,0,10000,0.34,1,0,0,2,equipment_breakdown,1,120000,synthetic
PROJ_0929,PROJ_0929_T04,road_marking_and_signage_installation,15,19,4,0,10000,0.34,1,1,1,3,material_shortage,1,40000,synthetic
PROJ_0930,PROJ_0930_T01,road_marking_and_signage_installation,15,13,0,0,10000,0.46,1,0,0,0,on_schedule,0,0,synthetic
PROJ_0930,PROJ_0930_T02,guardrail_installation,25,20,0,5,10000,0.46,1,0,0,1,on_schedule,0,0,synthetic
PROJ_0930,PROJ_0930_T03,sub_base_course_preparation,45,44,0,0,10000,0.46,1,0,0,2,on_schedule,0,0,synthetic
PROJ_0930,PROJ_0930_T04,bituminous_macadam_laying,30,26,0,3,10000,0.46,1,0,0,3,on_schedule,0,0,synthetic
PROJ_0930,PROJ_0930_T05,site_clearance_and_excavation,20,19,0,0,10000,0.46,0,0,0,4,on_schedule,0,0,synthetic
PROJ_0930,PROJ_0930_T06,bridge_deck_construction,60,82,22,7,10000,0.46,1,0,0,5,land_acquisition,1,150000,synthetic
PROJ_0931,PROJ_0931_T01,guardrail_installation,25,44,19,5,10000,0.25,0,0,0,0,labour_dispute,1,140000,synthetic
PROJ_0931,PROJ_0931_T02,bituminous_macadam_laying,30,30,0,3,10000,0.25,1,0,1,1,on_schedule,0,0,synthetic
PROJ_0931,PROJ_0931_T03,bridge_deck_construction,60,55,0,7,10000,0.25,1,0,0,2,on_schedule,0,0,synthetic
PROJ_0931,PROJ_0931_T04,site_clearance_and_excavation,20,29,9,0,10000,0.25,1,0,0,3,design_change,1,90000,synthetic
PROJ_0932,PROJ_0932_T01,bridge_deck_construction,60,64,4,7,10000,0.36,1,0,0,0,utility_shifting,0,0,synthetic
PROJ_0932,PROJ_0932_T02,sub_base_course_preparation,45,76,31,0,10000,0.36,1,0,1,1,labour_dispute,1,310000,synthetic
PROJ_0932,PROJ_0932_T03,road_marking_and_signage_installation,15,18,3,0,10000,0.36,0,0,1,2,rain_monsoon,1,30000,synthetic
PROJ_0933,PROJ_0933_T01,bridge_deck_construction,60,56,0,7,10000,0.16,1,0,0,0,on_schedule,0,0,synthetic
PROJ_0933,PROJ_0933_T02,road_marking_and_signage_installation,15,26,11,0,10000,0.16,1,0,0,1,design_change,1,110000,synthetic
PROJ_0933,PROJ_0933_T03,bituminous_macadam_laying,30,30,0,3,10000,0.16,0,0,1,2,on_schedule,0,0,synthetic
PROJ_0933,PROJ_0933_T04,sub_base_course_preparation,45,38,0,0,10000,0.16,0,0,0,3,on_schedule,0,0,synthetic
PROJ_0933,PROJ_0933_T05,site_clearance_and_excavation,20,22,2,0,10000,0.16,1,0,0,4,land_acquisition,1,20000,synthetic
PROJ_0933,PROJ_0933_T06,guardrail_installation,25,22,0,5,10000,0.16,1,0,1,5,on_schedule,0,0,synthetic
PROJ_0934,PROJ_0934_T01,sub_base_course_preparation,45,38,0,0,10000,0.17,1,0,0,0,on_schedule,0,0,synthetic
PROJ_0934,PROJ_0934_T02,road_marking_and_signage_installation,15,28,13,0,10000,0.17,0,0,0,1,rain_monsoon,1,130000,synthetic
PROJ_0934,PROJ_0934_T03,bituminous_macadam_laying,30,27,0,3,10000,0.17,1,0,1,2,on_schedule,0,0,synthetic
PROJ_0935,PROJ_0935_T01,sub_base_course_preparation,45,43,0,0,10000,0.53,0,0,0,0,on_schedule,0,0,synthetic
PROJ_0935,PROJ_0935_T02,bridge_deck_construction,60,54,0,7,10000,0.53,0,0,0,1,on_schedule,0,0,synthetic
PROJ_0935,PROJ_0935_T03,site_clearance_and_excavation,20,20,0,0,10000,0.53,0,0,0,2,on_schedule,0,0,synthetic
PROJ_0935,PROJ_0935_T04,bituminous_macadam_laying,30,26,0,3,10000,0.53,1,0,0,3,on_schedule,0,0,synthetic
PROJ_0935,PROJ_0935_T05,road_marking_and_signage_installation,15,13,0,0,10000,0.53,1,0,0,4,on_schedule,0,0,synthetic
PROJ_0935,PROJ_0935_T06,guardrail_installation,25,23,0,5,10000,0.53,1,0,0,5,on_schedule,0,0,synthetic
PROJ_0936,PROJ_0936_T01,road_marking_and_signage_installation,15,14,0,0,10000,0.14,0,0,0,0,on_schedule,0,0,synthetic
PROJ_0936,PROJ_0936_T02,sub_base_course_preparation,45,72,27,0,10000,0.14,0,0,0,1,equipment_breakdown,1,270000,synthetic
PROJ_0936,PROJ_0936_T03,guardrail_installation,25,33,8,5,10000,0.14,1,0,1,2,labour_dispute,1,30000,synthetic
PROJ_0936,PROJ_0936_T04,bituminous_macadam_laying,30,25,0,3,10000,0.14,1,0,1,3,on_schedule,0,0,synthetic
PROJ_0937,PROJ_0937_T01,bituminous_macadam_laying,30,29,0,3,10000,0.2,1,0,0,0,on_schedule,0,0,synthetic
PROJ_0937,PROJ_0937_T02,bridge_deck_construction,60,56,0,7,10000,0.2,0,0,0,1,on_schedule,0,0,synthetic
PROJ_0937,PROJ_0937_T03,guardrail_installation,25,36,11,5,10000,0.2,1,0,0,2,equipment_breakdown,1,60000,synthetic
PROJ_0937,PROJ_0937_T04,sub_base_course_preparation,45,45,0,0,10000,0.2,0,0,1,3,on_schedule,0,0,synthetic
PROJ_0937,PROJ_0937_T05,road_marking_and_signage_installation,15,28,13,0,10000,0.2,1,0,0,4,rain_monsoon,1,130000,synthetic
PROJ_0937,PROJ_0937_T06,site_clearance_and_excavation,20,18,0,0,10000,0.2,0,0,1,5,on_schedule,0,0,synthetic
PROJ_0938,PROJ_0938_T01,bituminous_macadam_laying,30,30,0,3,10000,0.23,1,0,0,0,on_schedule,0,0,synthetic
PROJ_0938,PROJ_0938_T02,guardrail_installation,25,21,0,5,10000,0.23,0,0,0,1,on_schedule,0,0,synthetic
PROJ_0938,PROJ_0938_T03,road_marking_and_signage_installation,15,14,0,0,10000,0.23,1,0,0,2,on_schedule,0,0,synthetic
PROJ_0938,PROJ_0938_T04,site_clearance_and_excavation,20,17,0,0,10000,0.23,1,0,0,3,on_schedule,0,0,synthetic
PROJ_0938,PROJ_0938_T05,bridge_deck_construction,60,59,0,7,10000,0.23,0,0,0,4,on_schedule,0,0,synthetic
PROJ_0938,PROJ_0938_T06,sub_base_course_preparation,45,54,9,0,10000,0.23,0,0,0,5,equipment_breakdown,1,90000,synthetic
PROJ_0939,PROJ_0939_T01,road_marking_and_signage_installation,15,12,0,0,10000,0.17,0,0,0,0,on_schedule,0,0,synthetic
PROJ_0939,PROJ_0939_T02,guardrail_installation,25,26,1,5,10000,0.17,0,0,0,1,labour_dispute,0,0,synthetic
PROJ_0939,PROJ_0939_T03,site_clearance_and_excavation,20,29,9,0,10000,0.17,1,0,1,2,design_change,1,90000,synthetic
PROJ_0940,PROJ_0940_T01,bridge_deck_construction,60,54,0,7,10000,0.13,0,0,0,0,on_schedule,0,0,synthetic
PROJ_0940,PROJ_0940_T02,bituminous_macadam_laying,30,28,0,3,10000,0.13,1,0,0,1,on_schedule,0,0,synthetic
PROJ_0940,PROJ_0940_T03,site_clearance_and_excavation,20,18,0,0,10000,0.13,0,0,0,2,on_schedule,0,0,synthetic
PROJ_0940,PROJ_0940_T04,road_marking_and_signage_installation,15,12,0,0,10000,0.13,0,0,0,3,on_schedule,0,0,synthetic
PROJ_0940,PROJ_0940_T05,guardrail_installation,25,22,0,5,10000,0.13,0,0,0,4,on_schedule,0,0,synthetic
PROJ_0940,PROJ_0940_T06,sub_base_course_preparation,45,57,12,0,10000,0.13,1,0,0,5,labour_dispute,1,120000,synthetic
PROJ_0941,PROJ_0941_T01,bituminous_macadam_laying,30,40,10,3,10000,0.19,0,0,0,0,subcontractor_failure,1,70000,synthetic
PROJ_0941,PROJ_0941_T02,road_marking_and_signage_installation,15,12,0,0,10000,0.19,0,0,1,1,on_schedule,0,0,synthetic
PROJ_0941,PROJ_0941_T03,guardrail_installation,25,21,0,5,10000,0.19,0,0,0,2,on_schedule,0,0,synthetic
PROJ_0941,PROJ_0941_T04,site_clearance_and_excavation,20,17,0,0,10000,0.19,1,0,0,3,on_schedule,0,0,synthetic
PROJ_0941,PROJ_0941_T05,bridge_deck_construction,60,84,24,7,10000,0.19,1,1,0,4,material_shortage,1,170000,synthetic
PROJ_0941,PROJ_0941_T06,sub_base_course_preparation,45,42,0,0,10000,0.19,1,0,1,5,on_schedule,0,0,synthetic
PROJ_0942,PROJ_0942_T01,bituminous_macadam_laying,30,50,20,3,10000,0.46,1,0,0,0,equipment_breakdown,1,170000,synthetic
PROJ_0942,PROJ_0942_T02,site_clearance_and_excavation,20,32,12,0,10000,0.46,1,0,1,1,labour_dispute,1,120000,synthetic
PROJ_0942,PROJ_0942_T03,sub_base_course_preparation,45,76,31,0,10000,0.46,1,0,1,2,equipment_breakdown,1,310000,synthetic
PROJ_0942,PROJ_0942_T04,road_marking_and_signage_installation,15,12,0,0,10000,0.46,0,0,1,3,on_schedule,0,0,synthetic
PROJ_0942,PROJ_0942_T05,guardrail_installation,25,45,20,5,10000,0.46,1,1,0,4,material_shortage,1,150000,synthetic
PROJ_0942,PROJ_0942_T06,bridge_deck_construction,60,60,0,7,10000,0.46,1,0,1,5,on_schedule,0,0,synthetic
PROJ_0943,PROJ_0943_T01,bridge_deck_construction,60,55,0,7,10000,0.56,0,0,0,0,on_schedule,0,0,synthetic
PROJ_0943,PROJ_0943_T02,road_marking_and_signage_installation,15,12,0,0,10000,0.56,0,0,0,1,on_schedule,0,0,synthetic
PROJ_0943,PROJ_0943_T03,sub_base_course_preparation,45,49,4,0,10000,0.56,1,0,0,2,rain_monsoon,1,40000,synthetic
PROJ_0943,PROJ_0943_T04,site_clearance_and_excavation,20,16,0,0,10000,0.56,0,0,1,3,on_schedule,0,0,synthetic
PROJ_0943,PROJ_0943_T05,bituminous_macadam_laying,30,29,0,3,10000,0.56,1,0,0,4,on_schedule,0,0,synthetic
PROJ_0944,PROJ_0944_T01,bituminous_macadam_laying,30,27,0,3,10000,0.43,1,0,0,0,on_schedule,0,0,synthetic
PROJ_0944,PROJ_0944_T02,site_clearance_and_excavation,20,17,0,0,10000,0.43,0,0,0,1,on_schedule,0,0,synthetic
PROJ_0944,PROJ_0944_T03,bridge_deck_construction,60,57,0,7,10000,0.43,1,0,0,2,on_schedule,0,0,synthetic
PROJ_0945,PROJ_0945_T01,guardrail_installation,25,41,16,5,10000,0.19,1,0,0,0,design_change,1,110000,synthetic
PROJ_0945,PROJ_0945_T02,bituminous_macadam_laying,30,28,0,3,10000,0.19,1,0,1,1,on_schedule,0,0,synthetic
PROJ_0945,PROJ_0945_T03,site_clearance_and_excavation,20,21,1,0,10000,0.19,1,0,0,2,utility_shifting,1,10000,synthetic
PROJ_0945,PROJ_0945_T04,sub_base_course_preparation,45,53,8,0,10000,0.19,0,0,1,3,design_change,1,80000,synthetic
PROJ_0945,PROJ_0945_T05,bridge_deck_construction,60,53,0,7,10000,0.19,1,0,1,4,on_schedule,0,0,synthetic
PROJ_0946,PROJ_0946_T01,road_marking_and_signage_installation,15,14,0,0,10000,0.52,1,0,0,0,on_schedule,0,0,synthetic
PROJ_0946,PROJ_0946_T02,bridge_deck_construction,60,48,0,7,10000,0.52,1,0,0,1,on_schedule,0,0,synthetic
PROJ_0946,PROJ_0946_T03,bituminous_macadam_laying,30,28,0,3,10000,0.52,1,0,0,2,on_schedule,0,0,synthetic
PROJ_0946,PROJ_0946_T04,guardrail_installation,25,24,0,5,10000,0.52,1,0,0,3,on_schedule,0,0,synthetic
PROJ_0946,PROJ_0946_T05,site_clearance_and_excavation,20,35,15,0,10000,0.52,0,1,0,4,material_shortage,1,150000,synthetic
PROJ_0946,PROJ_0946_T06,sub_base_course_preparation,45,69,24,0,10000,0.52,1,0,1,5,design_change,1,240000,synthetic
PROJ_0947,PROJ_0947_T01,guardrail_installation,25,24,0,5,10000,0.41,0,0,0,0,on_schedule,0,0,synthetic
PROJ_0947,PROJ_0947_T02,road_marking_and_signage_installation,15,13,0,0,10000,0.41,0,0,0,1,on_schedule,0,0,synthetic
PROJ_0947,PROJ_0947_T03,site_clearance_and_excavation,20,20,0,0,10000,0.41,1,0,0,2,on_schedule,0,0,synthetic
PROJ_0948,PROJ_0948_T01,road_marking_and_signage_installation,15,21,6,0,10000,0.22,0,0,0,0,equipment_breakdown,1,60000,synthetic
PROJ_0948,PROJ_0948_T02,site_clearance_and_excavation,20,19,0,0,10000,0.22,1,0,1,1,on_schedule,0,0,synthetic
PROJ_0948,PROJ_0948_T03,sub_base_course_preparation,45,38,0,0,10000,0.22,0,0,0,2,on_schedule,0,0,synthetic
PROJ_0948,PROJ_0948_T04,bridge_deck_construction,60,84,24,7,10000,0.22,0,0,0,3,equipment_breakdown,1,170000,synthetic
PROJ_0948,PROJ_0948_T05,guardrail_installation,25,20,0,5,10000,0.22,0,0,1,4,on_schedule,0,0,synthetic
PROJ_0948,PROJ_0948_T06,bituminous_macadam_laying,30,30,0,3,10000,0.22,1,0,0,5,on_schedule,0,0,synthetic
PROJ_0949,PROJ_0949_T01,sub_base_course_preparation,45,42,0,0,10000,0.12,0,0,0,0,on_schedule,0,0,synthetic
PROJ_0949,PROJ_0949_T02,guardrail_installation,25,23,0,5,10000,0.12,0,0,0,1,on_schedule,0,0,synthetic
PROJ_0949,PROJ_0949_T03,bridge_deck_construction,60,50,0,7,10000,0.12,1,0,0,2,on_schedule,0,0,synthetic
PROJ_0949,PROJ_0949_T04,site_clearance_and_excavation,20,17,0,0,10000,0.12,0,0,0,3,on_schedule,0,0,synthetic
PROJ_0950,PROJ_0950_T01,guardrail_installation,25,29,4,5,10000,0.29,0,0,0,0,labour_dispute,0,0,synthetic
PROJ_0950,PROJ_0950_T02,bridge_deck_construction,60,97,37,7,10000,0.29,0,0,1,1,labour_dispute,1,300000,synthetic
PROJ_0950,PROJ_0950_T03,bituminous_macadam_laying,30,51,21,3,10000,0.29,0,0,1,2,rain_monsoon,1,180000,synthetic
PROJ_0950,PROJ_0950_T04,sub_base_course_preparation,45,37,0,0,10000,0.29,0,0,1,3,on_schedule,0,0,synthetic
PROJ_0950,PROJ_0950_T05,road_marking_and_signage_installation,15,14,0,0,10000,0.29,1,0,0,4,on_schedule,0,0,synthetic
PROJ_0950,PROJ_0950_T06,site_clearance_and_excavation,20,16,0,0,10000,0.29,1,0,0,5,on_schedule,0,0,synthetic
PROJ_0951,PROJ_0951_T01,sub_base_course_preparation,45,36,0,0,10000,0.53,0,0,0,0,on_schedule,0,0,synthetic
PROJ_0951,PROJ_0951_T02,site_clearance_and_excavation,20,16,0,0,10000,0.53,1,0,0,1,on_schedule,0,0,synthetic
PROJ_0951,PROJ_0951_T03,bridge_deck_construction,60,95,35,7,10000,0.53,1,1,0,2,material_shortage,1,280000,synthetic
PROJ_0951,PROJ_0951_T04,road_marking_and_signage_installation,15,20,5,0,10000,0.53,0,0,1,3,equipment_breakdown,1,50000,synthetic
PROJ_0952,PROJ_0952_T01,road_marking_and_signage_installation,15,15,0,0,10000,0.5,0,0,0,0,on_schedule,0,0,synthetic
PROJ_0952,PROJ_0952_T02,sub_base_course_preparation,45,44,0,0,10000,0.5,1,0,0,1,on_schedule,0,0,synthetic
PROJ_0952,PROJ_0952_T03,site_clearance_and_excavation,20,19,0,0,10000,0.5,1,0,0,2,on_schedule,0,0,synthetic
PROJ_0953,PROJ_0953_T01,site_clearance_and_excavation,20,17,0,0,10000,0.57,1,0,0,0,on_schedule,0,0,synthetic
PROJ_0953,PROJ_0953_T02,guardrail_installation,25,20,0,5,10000,0.57,0,0,0,1,on_schedule,0,0,synthetic
PROJ_0953,PROJ_0953_T03,bituminous_macadam_laying,30,27,0,3,10000,0.57,0,0,0,2,on_schedule,0,0,synthetic
PROJ_0953,PROJ_0953_T04,sub_base_course_preparation,45,58,13,0,10000,0.57,0,0,0,3,equipment_breakdown,1,130000,synthetic
PROJ_0953,PROJ_0953_T05,road_marking_and_signage_installation,15,17,2,0,10000,0.57,1,1,1,4,material_shortage,1,20000,synthetic
PROJ_0954,PROJ_0954_T01,sub_base_course_preparation,45,44,0,0,10000,0.41,0,0,0,0,on_schedule,0,0,synthetic
PROJ_0954,PROJ_0954_T02,road_marking_and_signage_installation,15,29,14,0,10000,0.41,0,0,0,1,subcontractor_failure,1,140000,synthetic
PROJ_0954,PROJ_0954_T03,bituminous_macadam_laying,30,27,0,3,10000,0.41,1,0,1,2,on_schedule,0,0,synthetic
PROJ_0954,PROJ_0954_T04,bridge_deck_construction,60,56,0,7,10000,0.41,0,0,0,3,on_schedule,0,0,synthetic
PROJ_0955,PROJ_0955_T01,road_marking_and_signage_installation,15,22,7,0,10000,0.36,1,0,0,0,design_change,1,70000,synthetic
PROJ_0955,PROJ_0955_T02,bituminous_macadam_laying,30,53,23,3,10000,0.36,0,0,1,1,equipment_breakdown,1,200000,synthetic
PROJ_0955,PROJ_0955_T03,sub_base_course_preparation,45,68,23,0,10000,0.36,0,0,1,2,labour_dispute,1,230000,synthetic
PROJ_0955,PROJ_0955_T04,site_clearance_and_excavation,20,17,0,0,10000,0.36,1,0,1,3,on_schedule,0,0,synthetic
PROJ_0956,PROJ_0956_T01,bituminous_macadam_laying,30,26,0,3,10000,0.54,0,0,0,0,on_schedule,0,0,synthetic
PROJ_0956,PROJ_0956_T02,guardrail_installation,25,21,0,5,10000,0.54,0,0,0,1,on_schedule,0,0,synthetic
PROJ_0956,PROJ_0956_T03,bridge_deck_construction,60,56,0,7,10000,0.54,0,0,0,2,on_schedule,0,0,synthetic
PROJ_0956,PROJ_0956_T04,road_marking_and_signage_installation,15,13,0,0,10000,0.54,0,0,0,3,on_schedule,0,0,synthetic
PROJ_0957,PROJ_0957_T01,sub_base_course_preparation,45,42,0,0,10000,0.33,0,0,0,0,on_schedule,0,0,synthetic
PROJ_0957,PROJ_0957_T02,site_clearance_and_excavation,20,17,0,0,10000,0.33,0,0,0,1,on_schedule,0,0,synthetic
PROJ_0957,PROJ_0957_T03,road_marking_and_signage_installation,15,15,0,0,10000,0.33,0,0,0,2,on_schedule,0,0,synthetic
PROJ_0958,PROJ_0958_T01,site_clearance_and_excavation,20,33,13,0,10000,0.51,1,0,0,0,equipment_breakdown,1,130000,synthetic
PROJ_0958,PROJ_0958_T02,bituminous_macadam_laying,30,25,0,3,10000,0.51,1,0,1,1,on_schedule,0,0,synthetic
PROJ_0958,PROJ_0958_T03,guardrail_installation,25,20,0,5,10000,0.51,0,0,0,2,on_schedule,0,0,synthetic
PROJ_0958,PROJ_0958_T04,bridge_deck_construction,60,51,0,7,10000,0.51,0,0,0,3,on_schedule,0,0,synthetic
PROJ_0959,PROJ_0959_T01,road_marking_and_signage_installation,15,13,0,0,10000,0.2,1,0,0,0,on_schedule,0,0,synthetic
PROJ_0959,PROJ_0959_T02,sub_base_course_preparation,45,43,0,0,10000,0.2,0,0,0,1,on_schedule,0,0,synthetic
PROJ_0959,PROJ_0959_T03,bridge_deck_construction,60,53,0,7,10000,0.2,0,0,0,2,on_schedule,0,0,synthetic
PROJ_0959,PROJ_0959_T04,bituminous_macadam_laying,30,27,0,3,10000,0.2,1,0,0,3,on_schedule,0,0,synthetic
PROJ_0960,PROJ_0960_T01,bituminous_macadam_laying,30,28,0,3,10000,0.15,0,0,0,0,on_schedule,0,0,synthetic
PROJ_0960,PROJ_0960_T02,site_clearance_and_excavation,20,18,0,0,10000,0.15,0,0,0,1,on_schedule,0,0,synthetic
PROJ_0960,PROJ_0960_T03,guardrail_installation,25,24,0,5,10000,0.15,0,0,0,2,on_schedule,0,0,synthetic
PROJ_0960,PROJ_0960_T04,sub_base_course_preparation,45,43,0,0,10000,0.15,1,0,0,3,on_schedule,0,0,synthetic
PROJ_0960,PROJ_0960_T05,bridge_deck_construction,60,93,33,7,10000,0.15,1,0,0,4,rain_monsoon,1,260000,synthetic
PROJ_0960,PROJ_0960_T06,road_marking_and_signage_installation,15,15,0,0,10000,0.15,0,0,1,5,on_schedule,0,0,synthetic
PROJ_0961,PROJ_0961_T01,site_clearance_and_excavation,20,19,0,0,10000,0.27,1,0,0,0,on_schedule,0,0,synthetic
PROJ_0961,PROJ_0961_T02,road_marking_and_signage_installation,15,15,0,0,10000,0.27,1,0,0,1,on_schedule,0,0,synthetic
PROJ_0961,PROJ_0961_T03,bituminous_macadam_laying,30,28,0,3,10000,0.27,1,0,0,2,on_schedule,0,0,synthetic
PROJ_0961,PROJ_0961_T04,guardrail_installation,25,20,0,5,10000,0.27,0,0,0,3,on_schedule,0,0,synthetic
PROJ_0961,PROJ_0961_T05,bridge_deck_construction,60,51,0,7,10000,0.27,1,0,0,4,on_schedule,0,0,synthetic
PROJ_0962,PROJ_0962_T01,road_marking_and_signage_installation,15,12,0,0,10000,0.27,1,0,0,0,on_schedule,0,0,synthetic
PROJ_0962,PROJ_0962_T02,sub_base_course_preparation,45,38,0,0,10000,0.27,0,0,0,1,on_schedule,0,0,synthetic
PROJ_0962,PROJ_0962_T03,guardrail_installation,25,25,0,5,10000,0.27,1,0,0,2,on_schedule,0,0,synthetic
PROJ_0962,PROJ_0962_T04,site_clearance_and_excavation,20,34,14,0,10000,0.27,1,0,0,3,design_change,1,140000,synthetic
PROJ_0963,PROJ_0963_T01,sub_base_course_preparation,45,44,0,0,10000,0.48,0,0,0,0,on_schedule,0,0,synthetic
PROJ_0963,PROJ_0963_T02,bridge_deck_construction,60,57,0,7,10000,0.48,1,0,0,1,on_schedule,0,0,synthetic
PROJ_0963,PROJ_0963_T03,site_clearance_and_excavation,20,36,16,0,10000,0.48,1,0,0,2,land_acquisition,1,160000,synthetic
PROJ_0964,PROJ_0964_T01,bituminous_macadam_laying,30,45,15,3,10000,0.3,1,0,0,0,labour_dispute,1,120000,synthetic
PROJ_0964,PROJ_0964_T02,sub_base_course_preparation,45,44,0,0,10000,0.3,1,0,1,1,on_schedule,0,0,synthetic
PROJ_0964,PROJ_0964_T03,road_marking_and_signage_installation,15,27,12,0,10000,0.3,1,0,0,2,rain_monsoon,1,120000,synthetic
PROJ_0964,PROJ_0964_T04,guardrail_installation,25,24,0,5,10000,0.3,0,0,1,3,on_schedule,0,0,synthetic
PROJ_0964,PROJ_0964_T05,site_clearance_and_excavation,20,31,11,0,10000,0.3,0,1,0,4,material_shortage,1,110000,synthetic
PROJ_0965,PROJ_0965_T01,guardrail_installation,25,40,15,5,10000,0.54,1,1,0,0,material_shortage,1,100000,synthetic
PROJ_0965,PROJ_0965_T02,road_marking_and_signage_installation,15,12,0,0,10000,0.54,0,0,1,1,on_schedule,0,0,synthetic
PROJ_0965,PROJ_0965_T03,bituminous_macadam_laying,30,25,0,3,10000,0.54,1,0,0,2,on_schedule,0,0,synthetic
PROJ_0965,PROJ_0965_T04,site_clearance_and_excavation,20,18,0,0,10000,0.54,1,0,0,3,on_schedule,0,0,synthetic
PROJ_0965,PROJ_0965_T05,bridge_deck_construction,60,60,0,7,10000,0.54,0,0,0,4,on_schedule,0,0,synthetic
PROJ_0965,PROJ_0965_T06,sub_base_course_preparation,45,58,13,0,10000,0.54,1,1,0,5,material_shortage,1,130000,synthetic
PROJ_0966,PROJ_0966_T01,sub_base_course_preparation,45,37,0,0,10000,0.25,1,0,0,0,on_schedule,0,0,synthetic
PROJ_0966,PROJ_0966_T02,bridge_deck_construction,60,51,0,7,10000,0.25,0,0,0,1,on_schedule,0,0,synthetic
PROJ_0966,PROJ_0966_T03,road_marking_and_signage_installation,15,23,8,0,10000,0.25,0,0,0,2,utility_shifting,1,80000,synthetic
PROJ_0966,PROJ_0966_T04,guardrail_installation,25,32,7,5,10000,0.25,1,1,1,3,material_shortage,1,20000,synthetic
PROJ_0966,PROJ_0966_T05,site_clearance_and_excavation,20,19,0,0,10000,0.25,0,0,1,4,on_schedule,0,0,synthetic
PROJ_0966,PROJ_0966_T06,bituminous_macadam_laying,30,30,0,3,10000,0.25,1,0,0,5,on_schedule,0,0,synthetic
PROJ_0967,PROJ_0967_T01,guardrail_installation,25,24,0,5,10000,0.11,0,0,0,0,on_schedule,0,0,synthetic
PROJ_0967,PROJ_0967_T02,site_clearance_and_excavation,20,20,0,0,10000,0.11,1,0,0,1,on_schedule,0,0,synthetic
PROJ_0967,PROJ_0967_T03,bridge_deck_construction,60,57,0,7,10000,0.11,0,0,0,2,on_schedule,0,0,synthetic
PROJ_0967,PROJ_0967_T04,bituminous_macadam_laying,30,27,0,3,10000,0.11,0,0,0,3,on_schedule,0,0,synthetic
PROJ_0968,PROJ_0968_T01,road_marking_and_signage_installation,15,26,11,0,10000,0.37,1,0,0,0,labour_dispute,1,110000,synthetic
PROJ_0968,PROJ_0968_T02,site_clearance_and_excavation,20,16,0,0,10000,0.37,0,0,1,1,on_schedule,0,0,synthetic
PROJ_0968,PROJ_0968_T03,bituminous_macadam_laying,30,40,10,3,10000,0.37,1,0,0,2,land_acquisition,1,70000,synthetic
PROJ_0969,PROJ_0969_T01,bituminous_macadam_laying,30,27,0,3,10000,0.4,1,0,0,0,on_schedule,0,0,synthetic
PROJ_0969,PROJ_0969_T02,site_clearance_and_excavation,20,18,0,0,10000,0.4,0,0,0,1,on_schedule,0,0,synthetic
PROJ_0969,PROJ_0969_T03,sub_base_course_preparation,45,36,0,0,10000,0.4,1,0,0,2,on_schedule,0,0,synthetic
PROJ_0969,PROJ_0969_T04,road_marking_and_signage_installation,15,28,13,0,10000,0.4,0,0,0,3,equipment_breakdown,1,130000,synthetic
PROJ_0970,PROJ_0970_T01,sub_base_course_preparation,45,42,0,0,10000,0.56,0,0,0,0,on_schedule,0,0,synthetic
PROJ_0970,PROJ_0970_T02,bridge_deck_construction,60,72,12,7,10000,0.56,0,0,0,1,rain_monsoon,1,50000,synthetic
PROJ_0970,PROJ_0970_T03,site_clearance_and_excavation,20,17,0,0,10000,0.56,1,0,1,2,on_schedule,0,0,synthetic
PROJ_0970,PROJ_0970_T04,road_marking_and_signage_installation,15,12,0,0,10000,0.56,1,0,0,3,on_schedule,0,0,synthetic
PROJ_0970,PROJ_0970_T05,bituminous_macadam_laying,30,27,0,3,10000,0.56,1,0,0,4,on_schedule,0,0,synthetic
PROJ_0971,PROJ_0971_T01,bridge_deck_construction,60,53,0,7,10000,0.37,0,0,0,0,on_schedule,0,0,synthetic
PROJ_0971,PROJ_0971_T02,guardrail_installation,25,33,8,5,10000,0.37,1,0,0,1,labour_dispute,1,30000,synthetic
PROJ_0971,PROJ_0971_T03,sub_base_course_preparation,45,51,6,0,10000,0.37,1,0,1,2,equipment_breakdown,1,60000,synthetic
PROJ_0971,PROJ_0971_T04,site_clearance_and_excavation,20,18,0,0,10000,0.37,0,0,1,3,on_schedule,0,0,synthetic
PROJ_0971,PROJ_0971_T05,bituminous_macadam_laying,30,53,23,3,10000,0.37,0,1,0,4,material_shortage,1,200000,synthetic
PROJ_0972,PROJ_0972_T01,bridge_deck_construction,60,60,0,7,10000,0.3,1,0,0,0,on_schedule,0,0,synthetic
PROJ_0972,PROJ_0972_T02,road_marking_and_signage_installation,15,13,0,0,10000,0.3,1,0,0,1,on_schedule,0,0,synthetic
PROJ_0972,PROJ_0972_T03,bituminous_macadam_laying,30,27,0,3,10000,0.3,1,0,0,2,on_schedule,0,0,synthetic
PROJ_0972,PROJ_0972_T04,site_clearance_and_excavation,20,20,0,0,10000,0.3,0,0,0,3,on_schedule,0,0,synthetic
PROJ_0973,PROJ_0973_T01,bridge_deck_construction,60,52,0,7,10000,0.38,0,0,0,0,on_schedule,0,0,synthetic
PROJ_0973,PROJ_0973_T02,guardrail_installation,25,22,0,5,10000,0.38,0,0,0,1,on_schedule,0,0,synthetic
PROJ_0973,PROJ_0973_T03,sub_base_course_preparation,45,41,0,0,10000,0.38,0,0,0,2,on_schedule,0,0,synthetic
PROJ_0973,PROJ_0973_T04,bituminous_macadam_laying,30,28,0,3,10000,0.38,1,0,0,3,on_schedule,0,0,synthetic
PROJ_0973,PROJ_0973_T05,site_clearance_and_excavation,20,20,0,0,10000,0.38,0,0,0,4,on_schedule,0,0,synthetic
PROJ_0974,PROJ_0974_T01,guardrail_installation,25,23,0,5,10000,0.13,1,0,0,0,on_schedule,0,0,synthetic
PROJ_0974,PROJ_0974_T02,bituminous_macadam_laying,30,25,0,3,10000,0.13,1,0,0,1,on_schedule,0,0,synthetic
PROJ_0974,PROJ_0974_T03,sub_base_course_preparation,45,41,0,0,10000,0.13,0,0,0,2,on_schedule,0,0,synthetic
PROJ_0974,PROJ_0974_T04,road_marking_and_signage_installation,15,14,0,0,10000,0.13,0,0,0,3,on_schedule,0,0,synthetic
PROJ_0974,PROJ_0974_T05,bridge_deck_construction,60,55,0,7,10000,0.13,0,0,0,4,on_schedule,0,0,synthetic
PROJ_0974,PROJ_0974_T06,site_clearance_and_excavation,20,18,0,0,10000,0.13,1,0,0,5,on_schedule,0,0,synthetic
PROJ_0975,PROJ_0975_T01,sub_base_course_preparation,45,44,0,0,10000,0.23,0,0,0,0,on_schedule,0,0,synthetic
PROJ_0975,PROJ_0975_T02,road_marking_and_signage_installation,15,12,0,0,10000,0.23,0,0,0,1,on_schedule,0,0,synthetic
PROJ_0975,PROJ_0975_T03,bituminous_macadam_laying,30,30,0,3,10000,0.23,0,0,0,2,on_schedule,0,0,synthetic
PROJ_0975,PROJ_0975_T04,bridge_deck_construction,60,51,0,7,10000,0.23,0,0,0,3,on_schedule,0,0,synthetic
PROJ_0976,PROJ_0976_T01,sub_base_course_preparation,45,43,0,0,10000,0.57,1,0,0,0,on_schedule,0,0,synthetic
PROJ_0976,PROJ_0976_T02,site_clearance_and_excavation,20,30,10,0,10000,0.57,0,0,0,1,design_change,1,100000,synthetic
PROJ_0976,PROJ_0976_T03,road_marking_and_signage_installation,15,12,0,0,10000,0.57,1,0,1,2,on_schedule,0,0,synthetic
PROJ_0976,PROJ_0976_T04,guardrail_installation,25,40,15,5,10000,0.57,1,0,0,3,land_acquisition,1,100000,synthetic
PROJ_0976,PROJ_0976_T05,bituminous_macadam_laying,30,52,22,3,10000,0.57,1,0,1,4,labour_dispute,1,190000,synthetic
PROJ_0976,PROJ_0976_T06,bridge_deck_construction,60,55,0,7,10000,0.57,0,0,1,5,on_schedule,0,0,synthetic
PROJ_0977,PROJ_0977_T01,bituminous_macadam_laying,30,25,0,3,10000,0.36,1,0,0,0,on_schedule,0,0,synthetic
PROJ_0977,PROJ_0977_T02,guardrail_installation,25,23,0,5,10000,0.36,1,0,0,1,on_schedule,0,0,synthetic
PROJ_0977,PROJ_0977_T03,site_clearance_and_excavation,20,36,16,0,10000,0.36,1,0,0,2,subcontractor_failure,1,160000,synthetic
PROJ_0978,PROJ_0978_T01,site_clearance_and_excavation,20,33,13,0,10000,0.4,1,0,0,0,equipment_breakdown,1,130000,synthetic
PROJ_0978,PROJ_0978_T02,sub_base_course_preparation,45,42,0,0,10000,0.4,1,0,1,1,on_schedule,0,0,synthetic
PROJ_0978,PROJ_0978_T03,bituminous_macadam_laying,30,26,0,3,10000,0.4,0,0,0,2,on_schedule,0,0,synthetic
PROJ_0978,PROJ_0978_T04,road_marking_and_signage_installation,15,12,0,0,10000,0.4,0,0,0,3,on_schedule,0,0,synthetic
PROJ_0979,PROJ_0979_T01,sub_base_course_preparation,45,45,0,0,10000,0.12,0,0,0,0,on_schedule,0,0,synthetic
PROJ_0979,PROJ_0979_T02,bridge_deck_construction,60,51,0,7,10000,0.12,1,0,0,1,on_schedule,0,0,synthetic
PROJ_0979,PROJ_0979_T03,guardrail_installation,25,28,3,5,10000,0.12,1,0,0,2,design_change,0,0,synthetic
PROJ_0980,PROJ_0980_T01,guardrail_installation,25,25,0,5,10000,0.19,1,0,0,0,on_schedule,0,0,synthetic
PROJ_0980,PROJ_0980_T02,site_clearance_and_excavation,20,19,0,0,10000,0.19,0,0,0,1,on_schedule,0,0,synthetic
PROJ_0980,PROJ_0980_T03,bridge_deck_construction,60,53,0,7,10000,0.19,1,0,0,2,on_schedule,0,0,synthetic
PROJ_0980,PROJ_0980_T04,sub_base_course_preparation,45,45,0,0,10000,0.19,1,0,0,3,on_schedule,0,0,synthetic
PROJ_0980,PROJ_0980_T05,road_marking_and_signage_installation,15,13,0,0,10000,0.19,0,0,0,4,on_schedule,0,0,synthetic
PROJ_0981,PROJ_0981_T01,bituminous_macadam_laying,30,28,0,3,10000,0.19,0,0,0,0,on_schedule,0,0,synthetic
PROJ_0981,PROJ_0981_T02,site_clearance_and_excavation,20,18,0,0,10000,0.19,0,0,0,1,on_schedule,0,0,synthetic
PROJ_0981,PROJ_0981_T03,sub_base_course_preparation,45,43,0,0,10000,0.19,0,0,0,2,on_schedule,0,0,synthetic
PROJ_0982,PROJ_0982_T01,guardrail_installation,25,21,0,5,10000,0.11,1,0,0,0,on_schedule,0,0,synthetic
PROJ_0982,PROJ_0982_T02,sub_base_course_preparation,45,38,0,0,10000,0.11,1,0,0,1,on_schedule,0,0,synthetic
PROJ_0982,PROJ_0982_T03,bridge_deck_construction,60,49,0,7,10000,0.11,0,0,0,2,on_schedule,0,0,synthetic
PROJ_0982,PROJ_0982_T04,road_marking_and_signage_installation,15,19,4,0,10000,0.11,0,1,0,3,material_shortage,1,40000,synthetic
PROJ_0982,PROJ_0982_T05,site_clearance_and_excavation,20,18,0,0,10000,0.11,1,0,1,4,on_schedule,0,0,synthetic
PROJ_0982,PROJ_0982_T06,bituminous_macadam_laying,30,24,0,3,10000,0.11,0,0,0,5,on_schedule,0,0,synthetic
PROJ_0983,PROJ_0983_T01,site_clearance_and_excavation,20,18,0,0,10000,0.4,0,0,0,0,on_schedule,0,0,synthetic
PROJ_0983,PROJ_0983_T02,sub_base_course_preparation,45,36,0,0,10000,0.4,0,0,0,1,on_schedule,0,0,synthetic
PROJ_0983,PROJ_0983_T03,bituminous_macadam_laying,30,27,0,3,10000,0.4,1,0,0,2,on_schedule,0,0,synthetic
PROJ_0983,PROJ_0983_T04,road_marking_and_signage_installation,15,14,0,0,10000,0.4,1,0,0,3,on_schedule,0,0,synthetic
PROJ_0984,PROJ_0984_T01,site_clearance_and_excavation,20,18,0,0,10000,0.38,0,0,0,0,on_schedule,0,0,synthetic
PROJ_0984,PROJ_0984_T02,bridge_deck_construction,60,58,0,7,10000,0.38,1,0,0,1,on_schedule,0,0,synthetic
PROJ_0984,PROJ_0984_T03,road_marking_and_signage_installation,15,12,0,0,10000,0.38,1,0,0,2,on_schedule,0,0,synthetic
PROJ_0984,PROJ_0984_T04,bituminous_macadam_laying,30,24,0,3,10000,0.38,1,0,0,3,on_schedule,0,0,synthetic
PROJ_0985,PROJ_0985_T01,site_clearance_and_excavation,20,20,0,0,10000,0.16,0,0,0,0,on_schedule,0,0,synthetic
PROJ_0985,PROJ_0985_T02,bituminous_macadam_laying,30,48,18,3,10000,0.16,1,0,0,1,equipment_breakdown,1,150000,synthetic
PROJ_0985,PROJ_0985_T03,sub_base_course_preparation,45,41,0,0,10000,0.16,1,0,1,2,on_schedule,0,0,synthetic
PROJ_0985,PROJ_0985_T04,bridge_deck_construction,60,88,28,7,10000,0.16,0,1,0,3,material_shortage,1,210000,synthetic
PROJ_0986,PROJ_0986_T01,bituminous_macadam_laying,30,25,0,3,10000,0.51,1,0,0,0,on_schedule,0,0,synthetic
PROJ_0986,PROJ_0986_T02,sub_base_course_preparation,45,75,30,0,10000,0.51,1,0,0,1,labour_dispute,1,300000,synthetic
PROJ_0986,PROJ_0986_T03,bridge_deck_construction,60,82,22,7,10000,0.51,0,0,1,2,subcontractor_failure,1,150000,synthetic
PROJ_0986,PROJ_0986_T04,site_clearance_and_excavation,20,19,0,0,10000,0.51,0,0,1,3,on_schedule,0,0,synthetic
PROJ_0986,PROJ_0986_T05,road_marking_and_signage_installation,15,12,0,0,10000,0.51,0,0,0,4,on_schedule,0,0,synthetic
PROJ_0987,PROJ_0987_T01,sub_base_course_preparation,45,45,0,0,10000,0.35,0,0,0,0,on_schedule,0,0,synthetic
PROJ_0987,PROJ_0987_T02,site_clearance_and_excavation,20,18,0,0,10000,0.35,1,0,0,1,on_schedule,0,0,synthetic
PROJ_0987,PROJ_0987_T03,road_marking_and_signage_installation,15,15,0,0,10000,0.35,0,0,0,2,on_schedule,0,0,synthetic
PROJ_0987,PROJ_0987_T04,bituminous_macadam_laying,30,26,0,3,10000,0.35,1,0,0,3,on_schedule,0,0,synthetic
PROJ_0987,PROJ_0987_T05,bridge_deck_construction,60,49,0,7,10000,0.35,1,0,0,4,on_schedule,0,0,synthetic
PROJ_0988,PROJ_0988_T01,road_marking_and_signage_installation,15,12,0,0,10000,0.51,0,0,0,0,on_schedule,0,0,synthetic
PROJ_0988,PROJ_0988_T02,sub_base_course_preparation,45,39,0,0,10000,0.51,1,0,0,1,on_schedule,0,0,synthetic
PROJ_0988,PROJ_0988_T03,site_clearance_and_excavation,20,20,0,0,10000,0.51,0,0,0,2,on_schedule,0,0,synthetic
PROJ_0988,PROJ_0988_T04,guardrail_installation,25,24,0,5,10000,0.51,0,0,0,3,on_schedule,0,0,synthetic
PROJ_0988,PROJ_0988_T05,bituminous_macadam_laying,30,25,0,3,10000,0.51,1,0,0,4,on_schedule,0,0,synthetic
PROJ_0988,PROJ_0988_T06,bridge_deck_construction,60,71,11,7,10000,0.51,1,0,0,5,design_change,1,40000,synthetic
PROJ_0989,PROJ_0989_T01,road_marking_and_signage_installation,15,14,0,0,10000,0.1,0,0,0,0,on_schedule,0,0,synthetic
PROJ_0989,PROJ_0989_T02,guardrail_installation,25,25,0,5,10000,0.1,1,0,0,1,on_schedule,0,0,synthetic
PROJ_0989,PROJ_0989_T03,bridge_deck_construction,60,67,7,7,10000,0.1,1,0,0,2,subcontractor_failure,0,0,synthetic
PROJ_0989,PROJ_0989_T04,sub_base_course_preparation,45,39,0,0,10000,0.1,1,0,1,3,on_schedule,0,0,synthetic
PROJ_0989,PROJ_0989_T05,bituminous_macadam_laying,30,30,0,3,10000,0.1,1,0,0,4,on_schedule,0,0,synthetic
PROJ_0989,PROJ_0989_T06,site_clearance_and_excavation,20,18,0,0,10000,0.1,0,0,0,5,on_schedule,0,0,synthetic
PROJ_0990,PROJ_0990_T01,bituminous_macadam_laying,30,24,0,3,10000,0.58,1,0,0,0,on_schedule,0,0,synthetic
PROJ_0990,PROJ_0990_T02,road_marking_and_signage_installation,15,22,7,0,10000,0.58,1,0,0,1,labour_dispute,1,70000,synthetic
PROJ_0990,PROJ_0990_T03,bridge_deck_construction,60,93,33,7,10000,0.58,1,0,1,2,rain_monsoon,1,260000,synthetic
PROJ_0990,PROJ_0990_T04,site_clearance_and_excavation,20,18,0,0,10000,0.58,1,0,1,3,on_schedule,0,0,synthetic
PROJ_0990,PROJ_0990_T05,sub_base_course_preparation,45,60,15,0,10000,0.58,0,0,0,4,utility_shifting,1,150000,synthetic
PROJ_0991,PROJ_0991_T01,sub_base_course_preparation,45,40,0,0,10000,0.39,0,0,0,0,on_schedule,0,0,synthetic
PROJ_0991,PROJ_0991_T02,bituminous_macadam_laying,30,25,0,3,10000,0.39,1,0,0,1,on_schedule,0,0,synthetic
PROJ_0991,PROJ_0991_T03,site_clearance_and_excavation,20,20,0,0,10000,0.39,1,0,0,2,on_schedule,0,0,synthetic
PROJ_0992,PROJ_0992_T01,guardrail_installation,25,41,16,5,10000,0.54,1,0,0,0,rain_monsoon,1,110000,synthetic
PROJ_0992,PROJ_0992_T02,bituminous_macadam_laying,30,37,7,3,10000,0.54,1,1,1,1,material_shortage,1,40000,synthetic
PROJ_0992,PROJ_0992_T03,road_marking_and_signage_installation,15,12,0,0,10000,0.54,0,0,1,2,on_schedule,0,0,synthetic
PROJ_0992,PROJ_0992_T04,site_clearance_and_excavation,20,18,0,0,10000,0.54,0,0,0,3,on_schedule,0,0,synthetic
PROJ_0992,PROJ_0992_T05,bridge_deck_construction,60,74,14,7,10000,0.54,1,0,0,4,rain_monsoon,1,70000,synthetic
PROJ_0993,PROJ_0993_T01,site_clearance_and_excavation,20,19,0,0,10000,0.37,1,0,0,0,on_schedule,0,0,synthetic
PROJ_0993,PROJ_0993_T02,guardrail_installation,25,23,0,5,10000,0.37,0,0,0,1,on_schedule,0,0,synthetic
PROJ_0993,PROJ_0993_T03,road_marking_and_signage_installation,15,12,0,0,10000,0.37,0,0,0,2,on_schedule,0,0,synthetic
PROJ_0993,PROJ_0993_T04,sub_base_course_preparation,45,45,0,0,10000,0.37,0,0,0,3,on_schedule,0,0,synthetic
PROJ_0994,PROJ_0994_T01,guardrail_installation,25,21,0,5,10000,0.57,0,0,0,0,on_schedule,0,0,synthetic
PROJ_0994,PROJ_0994_T02,road_marking_and_signage_installation,15,14,0,0,10000,0.57,1,0,0,1,on_schedule,0,0,synthetic
PROJ_0994,PROJ_0994_T03,site_clearance_and_excavation,20,16,0,0,10000,0.57,1,0,0,2,on_schedule,0,0,synthetic
PROJ_0995,PROJ_0995_T01,road_marking_and_signage_installation,15,14,0,0,10000,0.43,1,0,0,0,on_schedule,0,0,synthetic
PROJ_0995,PROJ_0995_T02,bridge_deck_construction,60,48,0,7,10000,0.43,1,0,0,1,on_schedule,0,0,synthetic
PROJ_0995,PROJ_0995_T03,bituminous_macadam_laying,30,24,0,3,10000,0.43,0,0,0,2,on_schedule,0,0,synthetic
PROJ_0996,PROJ_0996_T01,site_clearance_and_excavation,20,27,7,0,10000,0.45,1,0,0,0,equipment_breakdown,1,70000,synthetic
PROJ_0996,PROJ_0996_T02,sub_base_course_preparation,45,39,0,0,10000,0.45,0,0,1,1,on_schedule,0,0,synthetic
PROJ_0996,PROJ_0996_T03,guardrail_installation,25,41,16,5,10000,0.45,0,0,0,2,land_acquisition,1,110000,synthetic
PROJ_0997,PROJ_0997_T01,guardrail_installation,25,25,0,5,10000,0.17,1,0,0,0,on_schedule,0,0,synthetic
PROJ_0997,PROJ_0997_T02,sub_base_course_preparation,45,70,25,0,10000,0.17,1,0,0,1,land_acquisition,1,250000,synthetic
PROJ_0997,PROJ_0997_T03,site_clearance_and_excavation,20,26,6,0,10000,0.17,0,0,1,2,utility_shifting,1,60000,synthetic
PROJ_0997,PROJ_0997_T04,bituminous_macadam_laying,30,30,0,3,10000,0.17,1,0,1,3,on_schedule,0,0,synthetic
PROJ_0998,PROJ_0998_T01,bituminous_macadam_laying,30,24,0,3,10000,0.19,0,0,0,0,on_schedule,0,0,synthetic
PROJ_0998,PROJ_0998_T02,guardrail_installation,25,35,10,5,10000,0.19,1,0,0,1,design_change,1,50000,synthetic
PROJ_0998,PROJ_0998_T03,road_marking_and_signage_installation,15,22,7,0,10000,0.19,0,0,1,2,labour_dispute,1,70000,synthetic
PROJ_0998,PROJ_0998_T04,bridge_deck_construction,60,50,0,7,10000,0.19,1,0,1,3,on_schedule,0,0,synthetic
PROJ_0999,PROJ_0999_T01,road_marking_and_signage_installation,15,13,0,0,10000,0.45,1,0,0,0,on_schedule,0,0,synthetic
PROJ_0999,PROJ_0999_T02,bituminous_macadam_laying,30,27,0,3,10000,0.45,0,0,0,1,on_schedule,0,0,synthetic
PROJ_0999,PROJ_0999_T03,bridge_deck_construction,60,84,24,7,10000,0.45,1,0,0,2,labour_dispute,1,170000,synthetic
PROJ_0999,PROJ_0999_T04,sub_base_course_preparation,45,45,0,0,10000,0.45,0,0,1,3,on_schedule,0,0,synthetic
PROJ_0999,PROJ_0999_T05,guardrail_installation,25,40,15,5,10000,0.45,1,0,0,4,subcontractor_failure,1,100000,synthetic
PROJ_0999,PROJ_0999_T06,site_clearance_and_excavation,20,24,4,0,10000,0.45,0,0,1,5,subcontractor_failure,1,40000,synthetic
PROJ_1000,PROJ_1000_T01,sub_base_course_preparation,45,43,0,0,10000,0.27,0,0,0,0,on_schedule,0,0,synthetic
PROJ_1000,PROJ_1000_T02,bituminous_macadam_laying,30,32,2,3,10000,0.27,0,0,0,1,subcontractor_failure,0,0,synthetic
PROJ_1000,PROJ_1000_T03,bridge_deck_construction,60,67,7,7,10000,0.27,1,0,1,2,labour_dispute,0,0,synthetic
PROJ_1000,PROJ_1000_T04,road_marking_and_signage_installation,15,15,0,0,10000,0.27,0,0,1,3,on_schedule,0,0,synthetic
