project_id,task_type,planned_duration_days,actual_duration_days,violation,delay_cause,contractor_past_delay_rate,is_monsoon_period,delay_days,penalty_amount_inr,task_id
PROJ_REAL_1.0,materials,60,64.0,0,Materials,0.1307025077609353,0,4.0,0.0,PROJ_REAL_1.0_materials
PROJ_REAL_2.0,materials,60,68.0,0,Materials,0.5448070145957973,0,8.0,0.0,PROJ_REAL_2.0_materials
PROJ_REAL_3.0,materials,60,64.0,0,Materials,0.0414864140094374,0,4.0,0.0,PROJ_REAL_3.0_materials
PROJ_REAL_4.0,materials,60,68.0,0,Materials,0.3832278174643869,0,8.0,0.0,PROJ_REAL_4.0_materials
PROJ_REAL_5.0,materials,60,64.0,0,Materials,0.2160064720688389,0,4.0,0.0,PROJ_REAL_5.0_materials
PROJ_REAL_6.0,materials,60,64.0,0,Materials,0.3227144810809706,0,4.0,0.0,PROJ_REAL_6.0_materials
PROJ_REAL_7.0,materials,60,64.0,0,Materials,0.2037363297601291,0,4.0,0.0,PROJ_REAL_7.0_materials
PROJ_REAL_8.0,materials,60,64.0,0,Materials,0.2703354720485451,0,4.0,0.0,PROJ_REAL_8.0_materials
PROJ_REAL_9.0,materials,60,64.0,0,Materials,0.2139542508281321,0,4.0,0.0,PROJ_REAL_9.0_materials
PROJ_REAL_10.0,materials,60,64.0,0,Materials,0.1280948969758016,0,4.0,0.0,PROJ_REAL_10.0_materials
PROJ_REAL_11.0,materials,60,68.0,0,Materials,0.344616523239632,0,8.0,0.0,PROJ_REAL_11.0_materials
PROJ_REAL_12.0,materials,60,68.0,0,Materials,0.4070101905634571,0,8.0,0.0,PROJ_REAL_12.0_materials
PROJ_REAL_13.0,materials,60,80.0,1,Materials,0.7924365633371389,0,20.0,300000.0,PROJ_REAL_13.0_materials
PROJ_REAL_14.0,materials,60,76.0,1,Materials,0.7486939824331326,0,16.0,240000.0,PROJ_REAL_14.0_materials
PROJ_REAL_15.0,materials,60,68.0,0,Materials,0.4073537663384882,0,8.0,0.0,PROJ_REAL_15.0_materials
PROJ_REAL_16.0,materials,60,72.0,1,Materials,0.95694541569177,0,12.0,180000.0,PROJ_REAL_16.0_materials
PROJ_REAL_17.0,materials,60,80.0,1,Materials,0.9740954928518768,0,20.0,300000.0,PROJ_REAL_17.0_materials
PROJ_REAL_18.0,materials,60,76.0,1,Materials,0.6430012909086036,0,16.0,240000.0,PROJ_REAL_18.0_materials
PROJ_REAL_19.0,materials,60,64.0,0,Materials,0.1913696833806902,0,4.0,0.0,PROJ_REAL_19.0_materials
PROJ_REAL_20.0,materials,60,72.0,1,Materials,0.6371547843488516,0,12.0,180000.0,PROJ_REAL_20.0_materials
PROJ_REAL_21.0,materials,60,76.0,1,Materials,0.6565836175917155,0,16.0,240000.0,PROJ_REAL_21.0_materials
PROJ_REAL_22.0,materials,60,76.0,1,Materials,0.856349328979775,0,16.0,240000.0,PROJ_REAL_22.0_materials
PROJ_REAL_23.0,materials,60,68.0,0,Materials,0.5477660992787727,0,8.0,0.0,PROJ_REAL_23.0_materials
PROJ_REAL_24.0,materials,60,72.0,1,Materials,0.6872662004769902,0,12.0,180000.0,PROJ_REAL_24.0_materials
PROJ_REAL_25.0,materials,60,68.0,0,Materials,0.43446912229901,0,8.0,0.0,PROJ_REAL_25.0_materials
PROJ_REAL_26.0,materials,60,76.0,1,Materials,0.7206608989590914,0,16.0,240000.0,PROJ_REAL_26.0_materials
PROJ_REAL_27.0,materials,60,76.0,1,Materials,0.7204340502063906,0,16.0,240000.0,PROJ_REAL_27.0_materials
PROJ_REAL_28.0,materials,60,72.0,1,Materials,0.4590395251883227,0,12.0,180000.0,PROJ_REAL_28.0_materials
PROJ_REAL_29.0,materials,60,68.0,0,Materials,0.3313776018209224,0,8.0,0.0,PROJ_REAL_29.0_materials
PROJ_REAL_30.0,materials,60,64.0,0,Materials,0.146731919210202,0,4.0,0.0,PROJ_REAL_30.0_materials
PROJ_REAL_31.0,materials,60,76.0,1,Materials,0.8844632754901709,0,16.0,240000.0,PROJ_REAL_31.0_materials
PROJ_REAL_32.0,materials,60,68.0,0,Materials,0.1834947435890607,0,8.0,0.0,PROJ_REAL_32.0_materials
PROJ_REAL_33.0,materials,60,76.0,1,Materials,0.8510724809957492,0,16.0,240000.0,PROJ_REAL_33.0_materials
PROJ_REAL_34.0,materials,60,64.0,0,Materials,0.1528515304798834,0,4.0,0.0,PROJ_REAL_34.0_materials
PROJ_REAL_35.0,materials,60,68.0,0,Materials,0.4649755395965491,0,8.0,0.0,PROJ_REAL_35.0_materials
PROJ_REAL_36.0,materials,60,72.0,1,Materials,0.6024866276242123,0,12.0,180000.0,PROJ_REAL_36.0_materials
PROJ_REAL_37.0,materials,60,76.0,1,Materials,0.8621147094043776,0,16.0,240000.0,PROJ_REAL_37.0_materials
PROJ_REAL_38.0,materials,60,76.0,1,Materials,0.6220155914259357,0,16.0,240000.0,PROJ_REAL_38.0_materials
PROJ_REAL_39.0,materials,60,72.0,1,Materials,0.6073438303585448,0,12.0,180000.0,PROJ_REAL_39.0_materials
PROJ_REAL_40.0,materials,60,76.0,1,Materials,0.9029819953741236,0,16.0,240000.0,PROJ_REAL_40.0_materials
PROJ_REAL_41.0,materials,60,76.0,1,Materials,0.7195864613077506,0,16.0,240000.0,PROJ_REAL_41.0_materials
PROJ_REAL_42.0,materials,60,76.0,1,Materials,0.7701373522650918,0,16.0,240000.0,PROJ_REAL_42.0_materials
PROJ_REAL_43.0,materials,60,76.0,1,Materials,0.8830960496158945,0,16.0,240000.0,PROJ_REAL_43.0_materials
PROJ_REAL_44.0,materials,60,76.0,1,Materials,0.7650298700073406,0,16.0,240000.0,PROJ_REAL_44.0_materials
PROJ_REAL_45.0,materials,60,76.0,1,Materials,0.748273643956787,0,16.0,240000.0,PROJ_REAL_45.0_materials
PROJ_REAL_46.0,materials,60,76.0,1,Materials,0.8253313642376867,0,16.0,240000.0,PROJ_REAL_46.0_materials
PROJ_REAL_47.0,materials,60,76.0,1,Materials,0.8124189193816822,0,16.0,240000.0,PROJ_REAL_47.0_materials
PROJ_REAL_48.0,materials,60,64.0,0,Materials,0.1934891498255426,0,4.0,0.0,PROJ_REAL_48.0_materials
PROJ_REAL_49.0,materials,60,76.0,1,Materials,0.7256894997025136,0,16.0,240000.0,PROJ_REAL_49.0_materials
PROJ_REAL_50.0,materials,60,80.0,1,Materials,0.8880562200749282,0,20.0,300000.0,PROJ_REAL_50.0_materials
PROJ_REAL_51.0,materials,60,76.0,1,Materials,0.8162875841306043,0,16.0,240000.0,PROJ_REAL_51.0_materials
PROJ_REAL_52.0,materials,60,80.0,1,Materials,1.0,0,20.0,300000.0,PROJ_REAL_52.0_materials
PROJ_REAL_53.0,materials,60,80.0,1,Materials,0.775718218997003,0,20.0,300000.0,PROJ_REAL_53.0_materials
PROJ_REAL_54.0,materials,60,76.0,1,Materials,0.7952950357418818,0,16.0,240000.0,PROJ_REAL_54.0_materials
PROJ_REAL_55.0,materials,60,68.0,0,Materials,0.3487978375390265,0,8.0,0.0,PROJ_REAL_55.0_materials
PROJ_REAL_56.0,materials,60,64.0,0,Materials,0.2010286520328896,0,4.0,0.0,PROJ_REAL_56.0_materials
PROJ_REAL_57.0,materials,60,64.0,0,Materials,0.3163412128433849,0,4.0,0.0,PROJ_REAL_57.0_materials
PROJ_REAL_58.0,materials,60,64.0,0,Materials,0.1236764910695816,0,4.0,0.0,PROJ_REAL_58.0_materials
PROJ_REAL_59.0,materials,60,64.0,0,Materials,0.1832935333222165,0,4.0,0.0,PROJ_REAL_59.0_materials
PROJ_REAL_60.0,materials,60,76.0,1,Materials,0.7862166300458518,0,16.0,240000.0,PROJ_REAL_60.0_materials
PROJ_REAL_61.0,materials,60,76.0,1,Materials,0.7556943547007257,0,16.0,240000.0,PROJ_REAL_61.0_materials
PROJ_REAL_62.0,materials,60,80.0,1,Materials,1.0,0,20.0,300000.0,PROJ_REAL_62.0_materials
PROJ_REAL_63.0,materials,60,64.0,0,Materials,0.0504601651489701,0,4.0,0.0,PROJ_REAL_63.0_materials
PROJ_REAL_64.0,materials,60,72.0,1,Materials,0.6573971369889586,0,12.0,180000.0,PROJ_REAL_64.0_materials
PROJ_REAL_65.0,materials,60,72.0,1,Materials,0.4989369932347537,0,12.0,180000.0,PROJ_REAL_65.0_materials
PROJ_REAL_66.0,materials,60,80.0,1,Materials,0.9739178390041744,0,20.0,300000.0,PROJ_REAL_66.0_materials
PROJ_REAL_67.0,materials,60,80.0,1,Materials,0.837098476499015,0,20.0,300000.0,PROJ_REAL_67.0_materials
PROJ_REAL_68.0,materials,60,72.0,1,Materials,0.7368026716562982,0,12.0,180000.0,PROJ_REAL_68.0_materials
PROJ_REAL_69.0,materials,60,68.0,0,Materials,0.5201853923019367,0,8.0,0.0,PROJ_REAL_69.0_materials
PROJ_REAL_70.0,materials,60,76.0,1,Materials,0.7712797108381402,0,16.0,240000.0,PROJ_REAL_70.0_materials
PROJ_REAL_71.0,materials,60,76.0,1,Materials,0.8570251716016775,0,16.0,240000.0,PROJ_REAL_71.0_materials
PROJ_REAL_72.0,materials,60,72.0,1,Materials,0.6372481736550467,0,12.0,180000.0,PROJ_REAL_72.0_materials
PROJ_REAL_73.0,materials,60,64.0,0,Materials,0.1415833318366968,0,4.0,0.0,PROJ_REAL_73.0_materials
PROJ_REAL_74.0,materials,60,76.0,1,Materials,0.6754799409016524,0,16.0,240000.0,PROJ_REAL_74.0_materials
PROJ_REAL_75.0,materials,60,76.0,1,Materials,0.8351455857364973,0,16.0,240000.0,PROJ_REAL_75.0_materials
PROJ_REAL_76.0,materials,60,72.0,1,Materials,0.7859823484286902,0,12.0,180000.0,PROJ_REAL_76.0_materials
PROJ_REAL_77.0,materials,60,80.0,1,Materials,1.0,0,20.0,300000.0,PROJ_REAL_77.0_materials
PROJ_REAL_78.0,materials,60,80.0,1,Materials,1.0,0,20.0,300000.0,PROJ_REAL_78.0_materials
PROJ_REAL_79.0,materials,60,68.0,0,Materials,0.4449104288191725,0,8.0,0.0,PROJ_REAL_79.0_materials
PROJ_REAL_80.0,materials,60,72.0,1,Materials,0.6618905696980664,0,12.0,180000.0,PROJ_REAL_80.0_materials
PROJ_REAL_81.0,materials,60,68.0,0,Materials,0.510624807236571,0,8.0,0.0,PROJ_REAL_81.0_materials
PROJ_REAL_82.0,materials,60,76.0,1,Materials,0.7947458827462045,0,16.0,240000.0,PROJ_REAL_82.0_materials
PROJ_REAL_83.0,materials,60,76.0,1,Materials,0.7324526349165785,0,16.0,240000.0,PROJ_REAL_83.0_materials
PROJ_REAL_84.0,materials,60,72.0,1,Materials,0.5760358478133226,0,12.0,180000.0,PROJ_REAL_84.0_materials
PROJ_REAL_85.0,materials,60,76.0,1,Materials,0.9643099205808864,0,16.0,240000.0,PROJ_REAL_85.0_materials
PROJ_REAL_86.0,materials,60,68.0,0,Materials,0.3864736188815844,0,8.0,0.0,PROJ_REAL_86.0_materials
PROJ_REAL_87.0,materials,60,76.0,1,Materials,0.773661414078406,0,16.0,240000.0,PROJ_REAL_87.0_materials
PROJ_REAL_88.0,materials,60,72.0,1,Materials,0.5300099828185669,0,12.0,180000.0,PROJ_REAL_88.0_materials
PROJ_REAL_89.0,materials,60,68.0,0,Materials,0.4470365811646327,0,8.0,0.0,PROJ_REAL_89.0_materials
PROJ_REAL_90.0,materials,60,76.0,1,Materials,0.6763618129786815,0,16.0,240000.0,PROJ_REAL_90.0_materials
PROJ_REAL_91.0,materials,60,72.0,1,Materials,0.4555637926629493,0,12.0,180000.0,PROJ_REAL_91.0_materials
PROJ_REAL_92.0,materials,60,76.0,1,Materials,0.75898893369413,0,16.0,240000.0,PROJ_REAL_92.0_materials
PROJ_REAL_93.0,materials,60,80.0,1,Materials,0.984765131540209,0,20.0,300000.0,PROJ_REAL_93.0_materials
PROJ_REAL_94.0,materials,60,76.0,1,Materials,0.7202685235827417,0,16.0,240000.0,PROJ_REAL_94.0_materials
PROJ_REAL_95.0,materials,60,64.0,0,Materials,0.0,0,4.0,0.0,PROJ_REAL_95.0_materials
PROJ_REAL_96.0,materials,60,76.0,1,Materials,0.7757411058180035,0,16.0,240000.0,PROJ_REAL_96.0_materials
PROJ_REAL_97.0,materials,60,80.0,1,Materials,1.0,0,20.0,300000.0,PROJ_REAL_97.0_materials
PROJ_REAL_98.0,materials,60,76.0,1,Materials,0.678836078839843,0,16.0,240000.0,PROJ_REAL_98.0_materials
PROJ_REAL_99.0,materials,60,68.0,0,Materials,0.520235429463368,0,8.0,0.0,PROJ_REAL_99.0_materials
PROJ_REAL_100.0,materials,60,68.0,0,Materials,0.3719358869881861,0,8.0,0.0,PROJ_REAL_100.0_materials
PROJ_REAL_101.0,materials,60,76.0,1,Materials,0.82919686015286,0,16.0,240000.0,PROJ_REAL_101.0_materials
PROJ_REAL_102.0,materials,60,76.0,1,Materials,0.7456300721377599,0,16.0,240000.0,PROJ_REAL_102.0_materials
PROJ_REAL_103.0,materials,60,76.0,1,Materials,0.8282249999893633,0,16.0,240000.0,PROJ_REAL_103.0_materials
PROJ_REAL_104.0,materials,60,76.0,1,Materials,0.8600649323267183,0,16.0,240000.0,PROJ_REAL_104.0_materials
PROJ_REAL_105.0,materials,60,76.0,1,Materials,0.7358760094008497,0,16.0,240000.0,PROJ_REAL_105.0_materials
PROJ_REAL_106.0,materials,60,76.0,1,Materials,0.7763947874506183,0,16.0,240000.0,PROJ_REAL_106.0_materials
PROJ_REAL_107.0,materials,60,76.0,1,Materials,0.9858755083494588,0,16.0,240000.0,PROJ_REAL_107.0_materials
PROJ_REAL_108.0,materials,60,72.0,1,Materials,0.5723714622015679,0,12.0,180000.0,PROJ_REAL_108.0_materials
PROJ_REAL_109.0,materials,60,68.0,0,Materials,0.458328214156217,0,8.0,0.0,PROJ_REAL_109.0_materials
PROJ_REAL_110.0,materials,60,68.0,0,Materials,0.4887935659926234,0,8.0,0.0,PROJ_REAL_110.0_materials
PROJ_REAL_111.0,materials,60,64.0,0,Materials,0.1890913191825222,0,4.0,0.0,PROJ_REAL_111.0_materials
PROJ_REAL_112.0,materials,60,76.0,1,Materials,0.6354245180057732,0,16.0,240000.0,PROJ_REAL_112.0_materials
PROJ_REAL_113.0,materials,60,76.0,1,Materials,0.7666049341628319,0,16.0,240000.0,PROJ_REAL_113.0_materials
PROJ_REAL_114.0,materials,60,76.0,1,Materials,0.7703207154171289,0,16.0,240000.0,PROJ_REAL_114.0_materials
PROJ_REAL_115.0,materials,60,72.0,1,Materials,0.559405091989904,0,12.0,180000.0,PROJ_REAL_115.0_materials
PROJ_REAL_116.0,materials,60,76.0,1,Materials,0.6786609136574832,0,16.0,240000.0,PROJ_REAL_116.0_materials
PROJ_REAL_117.0,materials,60,68.0,0,Materials,0.3370845190187945,0,8.0,0.0,PROJ_REAL_117.0_materials
PROJ_REAL_118.0,materials,60,64.0,0,Materials,0.1936176123705336,0,4.0,0.0,PROJ_REAL_118.0_materials
PROJ_REAL_119.0,materials,60,76.0,1,Materials,0.926917848430682,0,16.0,240000.0,PROJ_REAL_119.0_materials
PROJ_REAL_120.0,materials,60,64.0,0,Materials,0.0229056252221429,0,4.0,0.0,PROJ_REAL_120.0_materials
PROJ_REAL_121.0,materials,60,68.0,0,Materials,0.4339242459974847,0,8.0,0.0,PROJ_REAL_121.0_materials
PROJ_REAL_122.0,materials,60,76.0,1,Materials,0.6586657500285484,0,16.0,240000.0,PROJ_REAL_122.0_materials
PROJ_REAL_123.0,materials,60,76.0,1,Materials,0.569570466413484,0,16.0,240000.0,PROJ_REAL_123.0_materials
PROJ_REAL_124.0,materials,60,76.0,1,Materials,0.8588198852118377,0,16.0,240000.0,PROJ_REAL_124.0_materials
PROJ_REAL_125.0,materials,60,64.0,0,Materials,0.1595999168558314,0,4.0,0.0,PROJ_REAL_125.0_materials
PROJ_REAL_126.0,materials,60,76.0,1,Materials,0.6907546837923025,0,16.0,240000.0,PROJ_REAL_126.0_materials
PROJ_REAL_127.0,materials,60,76.0,1,Materials,0.7730897315788912,0,16.0,240000.0,PROJ_REAL_127.0_materials
PROJ_REAL_128.0,materials,60,72.0,1,Materials,0.5883747712931919,0,12.0,180000.0,PROJ_REAL_128.0_materials
PROJ_REAL_129.0,materials,60,76.0,1,Materials,0.7687703079029777,0,16.0,240000.0,PROJ_REAL_129.0_materials
PROJ_REAL_130.0,materials,60,68.0,0,Materials,0.4978818353509976,0,8.0,0.0,PROJ_REAL_130.0_materials
PROJ_REAL_131.0,materials,60,72.0,1,Materials,0.5206946598760813,0,12.0,180000.0,PROJ_REAL_131.0_materials
PROJ_REAL_132.0,materials,60,68.0,0,Materials,0.501581373798103,0,8.0,0.0,PROJ_REAL_132.0_materials
PROJ_REAL_133.0,materials,60,72.0,1,Materials,0.4224414263375032,0,12.0,180000.0,PROJ_REAL_133.0_materials
PROJ_REAL_134.0,materials,60,76.0,1,Materials,0.8236662491282261,0,16.0,240000.0,PROJ_REAL_134.0_materials
PROJ_REAL_135.0,materials,60,72.0,1,Materials,0.647611449836155,0,12.0,180000.0,PROJ_REAL_135.0_materials
PROJ_REAL_136.0,materials,60,76.0,1,Materials,0.7558794617145984,0,16.0,240000.0,PROJ_REAL_136.0_materials
PROJ_REAL_137.0,materials,60,76.0,1,Materials,0.7171033815237111,0,16.0,240000.0,PROJ_REAL_137.0_materials
PROJ_REAL_138.0,materials,60,68.0,0,Materials,0.3410393850781889,0,8.0,0.0,PROJ_REAL_138.0_materials
PROJ_REAL_139.0,materials,60,80.0,1,Materials,1.0,0,20.0,300000.0,PROJ_REAL_139.0_materials
PROJ_REAL_140.0,materials,60,72.0,1,Materials,0.5441021855800485,0,12.0,180000.0,PROJ_REAL_140.0_materials
PROJ_REAL_141.0,materials,60,72.0,1,Materials,0.5709191575135215,0,12.0,180000.0,PROJ_REAL_141.0_materials
PROJ_REAL_142.0,materials,60,72.0,1,Materials,0.6147406736283673,0,12.0,180000.0,PROJ_REAL_142.0_materials
PROJ_REAL_143.0,materials,60,68.0,0,Materials,0.3807173685028591,0,8.0,0.0,PROJ_REAL_143.0_materials
PROJ_REAL_1.0,materials.1,60,64.0,0,Materials.1,0.2455791789971725,0,4.0,0.0,PROJ_REAL_1.0_materials.1
PROJ_REAL_2.0,materials.1,60,80.0,1,Materials.1,0.8062802533962149,0,20.0,300000.0,PROJ_REAL_2.0_materials.1
PROJ_REAL_3.0,materials.1,60,68.0,0,Materials.1,0.4722587341942951,0,8.0,0.0,PROJ_REAL_3.0_materials.1
PROJ_REAL_4.0,materials.1,60,68.0,0,Materials.1,0.3592849675292331,0,8.0,0.0,PROJ_REAL_4.0_materials.1
PROJ_REAL_5.0,materials.1,60,68.0,0,Materials.1,0.681252602903091,0,8.0,0.0,PROJ_REAL_5.0_materials.1
PROJ_REAL_6.0,materials.1,60,64.0,0,Materials.1,0.4458801457518814,0,4.0,0.0,PROJ_REAL_6.0_materials.1
PROJ_REAL_7.0,materials.1,60,64.0,0,Materials.1,0.1720695104576146,0,4.0,0.0,PROJ_REAL_7.0_materials.1
PROJ_REAL_8.0,materials.1,60,64.0,0,Materials.1,0.3040024620888163,0,4.0,0.0,PROJ_REAL_8.0_materials.1
PROJ_REAL_9.0,materials.1,60,64.0,0,Materials.1,0.1527919057428498,0,4.0,0.0,PROJ_REAL_9.0_materials.1
PROJ_REAL_10.0,materials.1,60,64.0,0,Materials.1,0.1673303424248663,0,4.0,0.0,PROJ_REAL_10.0_materials.1
PROJ_REAL_11.0,materials.1,60,76.0,1,Materials.1,0.7728800662659623,0,16.0,240000.0,PROJ_REAL_11.0_materials.1
PROJ_REAL_12.0,materials.1,60,64.0,0,Materials.1,0.0647396589358212,0,4.0,0.0,PROJ_REAL_12.0_materials.1
PROJ_REAL_13.0,materials.1,60,80.0,1,Materials.1,1.0,0,20.0,300000.0,PROJ_REAL_13.0_materials.1
PROJ_REAL_14.0,materials.1,60,76.0,1,Materials.1,0.9565210663482678,0,16.0,240000.0,PROJ_REAL_14.0_materials.1
PROJ_REAL_15.0,materials.1,60,80.0,1,Materials.1,1.0,0,20.0,300000.0,PROJ_REAL_15.0_materials.1
PROJ_REAL_16.0,materials.1,60,72.0,1,Materials.1,0.5243046821991553,0,12.0,180000.0,PROJ_REAL_16.0_materials.1
PROJ_REAL_17.0,materials.1,60,72.0,1,Materials.1,0.4460742894348868,0,12.0,180000.0,PROJ_REAL_17.0_materials.1
PROJ_REAL_18.0,materials.1,60,72.0,1,Materials.1,0.6197962296521984,0,12.0,180000.0,PROJ_REAL_18.0_materials.1
PROJ_REAL_19.0,materials.1,60,80.0,1,Materials.1,1.0,0,20.0,300000.0,PROJ_REAL_19.0_materials.1
PROJ_REAL_20.0,materials.1,60,72.0,1,Materials.1,0.5839823093203649,0,12.0,180000.0,PROJ_REAL_20.0_materials.1
PROJ_REAL_21.0,materials.1,60,72.0,1,Materials.1,0.6481947616160244,0,12.0,180000.0,PROJ_REAL_21.0_materials.1
PROJ_REAL_22.0,materials.1,60,72.0,1,Materials.1,0.7051899558542569,0,12.0,180000.0,PROJ_REAL_22.0_materials.1
PROJ_REAL_23.0,materials.1,60,76.0,1,Materials.1,0.770643609058458,0,16.0,240000.0,PROJ_REAL_23.0_materials.1
PROJ_REAL_24.0,materials.1,60,68.0,0,Materials.1,0.547978345138066,0,8.0,0.0,PROJ_REAL_24.0_materials.1
PROJ_REAL_25.0,materials.1,60,72.0,1,Materials.1,0.5321527333878528,0,12.0,180000.0,PROJ_REAL_25.0_materials.1
PROJ_REAL_26.0,materials.1,60,72.0,1,Materials.1,0.5618099436343755,0,12.0,180000.0,PROJ_REAL_26.0_materials.1
PROJ_REAL_27.0,materials.1,60,76.0,1,Materials.1,0.7969343931280454,0,16.0,240000.0,PROJ_REAL_27.0_materials.1
PROJ_REAL_28.0,materials.1,60,68.0,0,Materials.1,0.4385282734973154,0,8.0,0.0,PROJ_REAL_28.0_materials.1
PROJ_REAL_29.0,materials.1,60,68.0,0,Materials.1,0.4875347666679444,0,8.0,0.0,PROJ_REAL_29.0_materials.1
PROJ_REAL_30.0,materials.1,60,64.0,0,Materials.1,0.1438157314091105,0,4.0,0.0,PROJ_REAL_30.0_materials.1
PROJ_REAL_31.0,materials.1,60,72.0,1,Materials.1,0.5507319520638756,0,12.0,180000.0,PROJ_REAL_31.0_materials.1
PROJ_REAL_32.0,materials.1,60,68.0,0,Materials.1,0.5092070879260435,0,8.0,0.0,PROJ_REAL_32.0_materials.1
PROJ_REAL_33.0,materials.1,60,72.0,1,Materials.1,0.6145583129733806,0,12.0,180000.0,PROJ_REAL_33.0_materials.1
PROJ_REAL_34.0,materials.1,60,68.0,0,Materials.1,0.5303010444309867,0,8.0,0.0,PROJ_REAL_34.0_materials.1
PROJ_REAL_35.0,materials.1,60,68.0,0,Materials.1,0.2573735129338795,0,8.0,0.0,PROJ_REAL_35.0_materials.1
PROJ_REAL_36.0,materials.1,60,76.0,1,Materials.1,0.8426780538449022,0,16.0,240000.0,PROJ_REAL_36.0_materials.1
PROJ_REAL_37.0,materials.1,60,72.0,1,Materials.1,0.3505645975010689,0,12.0,180000.0,PROJ_REAL_37.0_materials.1
PROJ_REAL_38.0,materials.1,60,72.0,1,Materials.1,0.4851082556471842,0,12.0,180000.0,PROJ_REAL_38.0_materials.1
PROJ_REAL_39.0,materials.1,60,80.0,1,Materials.1,0.9070872571983726,0,20.0,300000.0,PROJ_REAL_39.0_materials.1
PROJ_REAL_40.0,materials.1,60,72.0,1,Materials.1,0.7059649124587365,0,12.0,180000.0,PROJ_REAL_40.0_materials.1
PROJ_REAL_41.0,materials.1,60,80.0,1,Materials.1,0.9960716742633534,0,20.0,300000.0,PROJ_REAL_41.0_materials.1
PROJ_REAL_42.0,materials.1,60,72.0,1,Materials.1,0.5772943053948494,0,12.0,180000.0,PROJ_REAL_42.0_materials.1
PROJ_REAL_43.0,materials.1,60,80.0,1,Materials.1,0.973030124999008,0,20.0,300000.0,PROJ_REAL_43.0_materials.1
PROJ_REAL_44.0,materials.1,60,80.0,1,Materials.1,0.8407287040026743,0,20.0,300000.0,PROJ_REAL_44.0_materials.1
PROJ_REAL_45.0,materials.1,60,80.0,1,Materials.1,1.0,0,20.0,300000.0,PROJ_REAL_45.0_materials.1
PROJ_REAL_46.0,materials.1,60,80.0,1,Materials.1,0.9792658485421052,0,20.0,300000.0,PROJ_REAL_46.0_materials.1
PROJ_REAL_47.0,materials.1,60,72.0,1,Materials.1,0.676284664869353,0,12.0,180000.0,PROJ_REAL_47.0_materials.1
PROJ_REAL_48.0,materials.1,60,64.0,0,Materials.1,0.258060827933641,0,4.0,0.0,PROJ_REAL_48.0_materials.1
PROJ_REAL_49.0,materials.1,60,68.0,0,Materials.1,0.2921492089269006,0,8.0,0.0,PROJ_REAL_49.0_materials.1
PROJ_REAL_50.0,materials.1,60,76.0,1,Materials.1,0.8567964508601424,0,16.0,240000.0,PROJ_REAL_50.0_materials.1
PROJ_REAL_51.0,materials.1,60,68.0,0,Materials.1,0.3020960894270499,0,8.0,0.0,PROJ_REAL_51.0_materials.1
PROJ_REAL_52.0,materials.1,60,76.0,1,Materials.1,0.7294256011137927,0,16.0,240000.0,PROJ_REAL_52.0_materials.1
PROJ_REAL_53.0,materials.1,60,76.0,1,Materials.1,0.8977440375782878,0,16.0,240000.0,PROJ_REAL_53.0_materials.1
PROJ_REAL_54.0,materials.1,60,80.0,1,Materials.1,1.0,0,20.0,300000.0,PROJ_REAL_54.0_materials.1
PROJ_REAL_55.0,materials.1,60,72.0,1,Materials.1,0.5563747712705321,0,12.0,180000.0,PROJ_REAL_55.0_materials.1
PROJ_REAL_56.0,materials.1,60,64.0,0,Materials.1,0.0131332450768458,0,4.0,0.0,PROJ_REAL_56.0_materials.1
PROJ_REAL_57.0,materials.1,60,64.0,0,Materials.1,0.1654325855909336,0,4.0,0.0,PROJ_REAL_57.0_materials.1
PROJ_REAL_58.0,materials.1,60,64.0,0,Materials.1,0.1894199685389049,0,4.0,0.0,PROJ_REAL_58.0_materials.1
PROJ_REAL_59.0,materials.1,60,64.0,0,Materials.1,0.1513648189155924,0,4.0,0.0,PROJ_REAL_59.0_materials.1
PROJ_REAL_60.0,materials.1,60,80.0,1,Materials.1,0.8500730424546727,0,20.0,300000.0,PROJ_REAL_60.0_materials.1
PROJ_REAL_61.0,materials.1,60,80.0,1,Materials.1,1.0,0,20.0,300000.0,PROJ_REAL_61.0_materials.1
PROJ_REAL_62.0,materials.1,60,76.0,1,Materials.1,0.7577110363120486,0,16.0,240000.0,PROJ_REAL_62.0_materials.1
PROJ_REAL_63.0,materials.1,60,64.0,0,Materials.1,0.3224566257481201,0,4.0,0.0,PROJ_REAL_63.0_materials.1
PROJ_REAL_64.0,materials.1,60,76.0,1,Materials.1,0.8456093650712163,0,16.0,240000.0,PROJ_REAL_64.0_materials.1
PROJ_REAL_65.0,materials.1,60,72.0,1,Materials.1,0.5785682486174499,0,12.0,180000.0,PROJ_REAL_65.0_materials.1
PROJ_REAL_66.0,materials.1,60,72.0,1,Materials.1,0.714910776001912,0,12.0,180000.0,PROJ_REAL_66.0_materials.1
PROJ_REAL_67.0,materials.1,60,72.0,1,Materials.1,0.3766161995016199,0,12.0,180000.0,PROJ_REAL_67.0_materials.1
PROJ_REAL_68.0,materials.1,60,76.0,1,Materials.1,0.7696333609469421,0,16.0,240000.0,PROJ_REAL_68.0_materials.1
PROJ_REAL_69.0,materials.1,60,68.0,0,Materials.1,0.3711502730256468,0,8.0,0.0,PROJ_REAL_69.0_materials.1
PROJ_REAL_70.0,materials.1,60,80.0,1,Materials.1,0.9410364428410792,0,20.0,300000.0,PROJ_REAL_70.0_materials.1
PROJ_REAL_71.0,materials.1,60,76.0,1,Materials.1,0.7347059590051034,0,16.0,240000.0,PROJ_REAL_71.0_materials.1
PROJ_REAL_72.0,materials.1,60,72.0,1,Materials.1,0.6246109623096836,0,12.0,180000.0,PROJ_REAL_72.0_materials.1
PROJ_REAL_73.0,materials.1,60,64.0,0,Materials.1,0.2451932325323572,0,4.0,0.0,PROJ_REAL_73.0_materials.1
PROJ_REAL_74.0,materials.1,60,76.0,1,Materials.1,0.7357808045927708,0,16.0,240000.0,PROJ_REAL_74.0_materials.1
PROJ_REAL_75.0,materials.1,60,76.0,1,Materials.1,0.9695670588562018,0,16.0,240000.0,PROJ_REAL_75.0_materials.1
PROJ_REAL_76.0,materials.1,60,64.0,0,Materials.1,0.248601205652561,0,4.0,0.0,PROJ_REAL_76.0_materials.1
PROJ_REAL_77.0,materials.1,60,72.0,1,Materials.1,0.4915569398210949,0,12.0,180000.0,PROJ_REAL_77.0_materials.1
PROJ_REAL_78.0,materials.1,60,72.0,1,Materials.1,0.625822163635283,0,12.0,180000.0,PROJ_REAL_78.0_materials.1
PROJ_REAL_79.0,materials.1,60,68.0,0,Materials.1,0.3578802580529459,0,8.0,0.0,PROJ_REAL_79.0_materials.1
PROJ_REAL_80.0,materials.1,60,76.0,1,Materials.1,0.8548612295827043,0,16.0,240000.0,PROJ_REAL_80.0_materials.1
PROJ_REAL_81.0,materials.1,60,68.0,0,Materials.1,0.4382570731215901,0,8.0,0.0,PROJ_REAL_81.0_materials.1
PROJ_REAL_82.0,materials.1,60,64.0,0,Materials.1,0.1964665180907709,0,4.0,0.0,PROJ_REAL_82.0_materials.1
PROJ_REAL_83.0,materials.1,60,80.0,1,Materials.1,1.0,0,20.0,300000.0,PROJ_REAL_83.0_materials.1
PROJ_REAL_84.0,materials.1,60,76.0,1,Materials.1,0.8721315644944999,0,16.0,240000.0,PROJ_REAL_84.0_materials.1
PROJ_REAL_85.0,materials.1,60,72.0,1,Materials.1,0.5465081407292132,0,12.0,180000.0,PROJ_REAL_85.0_materials.1
PROJ_REAL_86.0,materials.1,60,68.0,0,Materials.1,0.4049931249859628,0,8.0,0.0,PROJ_REAL_86.0_materials.1
PROJ_REAL_87.0,materials.1,60,76.0,1,Materials.1,0.6519113869741882,0,16.0,240000.0,PROJ_REAL_87.0_materials.1
PROJ_REAL_88.0,materials.1,60,76.0,1,Materials.1,0.8520168875509554,0,16.0,240000.0,PROJ_REAL_88.0_materials.1
PROJ_REAL_89.0,materials.1,60,68.0,0,Materials.1,0.3327981221889101,0,8.0,0.0,PROJ_REAL_89.0_materials.1
PROJ_REAL_90.0,materials.1,60,76.0,1,Materials.1,0.7832452339369482,0,16.0,240000.0,PROJ_REAL_90.0_materials.1
PROJ_REAL_91.0,materials.1,60,72.0,1,Materials.1,0.667312304327696,0,12.0,180000.0,PROJ_REAL_91.0_materials.1
PROJ_REAL_92.0,materials.1,60,72.0,1,Materials.1,0.6280782078974262,0,12.0,180000.0,PROJ_REAL_92.0_materials.1
PROJ_REAL_93.0,materials.1,60,76.0,1,Materials.1,0.646964835290043,0,16.0,240000.0,PROJ_REAL_93.0_materials.1
PROJ_REAL_94.0,materials.1,60,68.0,0,Materials.1,0.4155657406317077,0,8.0,0.0,PROJ_REAL_94.0_materials.1
PROJ_REAL_95.0,materials.1,60,64.0,0,Materials.1,0.0483310853679571,0,4.0,0.0,PROJ_REAL_95.0_materials.1
PROJ_REAL_96.0,materials.1,60,68.0,0,Materials.1,0.4508482262643058,0,8.0,0.0,PROJ_REAL_96.0_materials.1
PROJ_REAL_97.0,materials.1,60,80.0,1,Materials.1,0.877206035076558,0,20.0,300000.0,PROJ_REAL_97.0_materials.1
PROJ_REAL_98.0,materials.1,60,80.0,1,Materials.1,1.0,0,20.0,300000.0,PROJ_REAL_98.0_materials.1
PROJ_REAL_99.0,materials.1,60,68.0,0,Materials.1,0.3854181526049546,0,8.0,0.0,PROJ_REAL_99.0_materials.1
PROJ_REAL_100.0,materials.1,60,76.0,1,Materials.1,0.9319031826486808,0,16.0,240000.0,PROJ_REAL_100.0_materials.1
PROJ_REAL_101.0,materials.1,60,76.0,1,Materials.1,0.6444748127844044,0,16.0,240000.0,PROJ_REAL_101.0_materials.1
PROJ_REAL_102.0,materials.1,60,68.0,0,Materials.1,0.2316006612115518,0,8.0,0.0,PROJ_REAL_102.0_materials.1
PROJ_REAL_103.0,materials.1,60,72.0,1,Materials.1,0.4289874485315759,0,12.0,180000.0,PROJ_REAL_103.0_materials.1
PROJ_REAL_104.0,materials.1,60,76.0,1,Materials.1,0.7788594815963177,0,16.0,240000.0,PROJ_REAL_104.0_materials.1
PROJ_REAL_105.0,materials.1,60,68.0,0,Materials.1,0.2571247729619932,0,8.0,0.0,PROJ_REAL_105.0_materials.1
PROJ_REAL_106.0,materials.1,60,80.0,1,Materials.1,0.686581460089813,0,20.0,300000.0,PROJ_REAL_106.0_materials.1
PROJ_REAL_107.0,materials.1,60,68.0,0,Materials.1,0.3885704858498802,0,8.0,0.0,PROJ_REAL_107.0_materials.1
PROJ_REAL_108.0,materials.1,60,64.0,0,Materials.1,0.1891856550807688,0,4.0,0.0,PROJ_REAL_108.0_materials.1
PROJ_REAL_109.0,materials.1,60,68.0,0,Materials.1,0.441861684671989,0,8.0,0.0,PROJ_REAL_109.0_materials.1
PROJ_REAL_110.0,materials.1,60,68.0,0,Materials.1,0.4488945180999183,0,8.0,0.0,PROJ_REAL_110.0_materials.1
PROJ_REAL_111.0,materials.1,60,64.0,0,Materials.1,0.0,0,4.0,0.0,PROJ_REAL_111.0_materials.1
PROJ_REAL_112.0,materials.1,60,76.0,1,Materials.1,0.827595083546297,0,16.0,240000.0,PROJ_REAL_112.0_materials.1
PROJ_REAL_113.0,materials.1,60,72.0,1,Materials.1,0.6065020729799957,0,12.0,180000.0,PROJ_REAL_113.0_materials.1
PROJ_REAL_114.0,materials.1,60,80.0,1,Materials.1,0.9605289451071478,0,20.0,300000.0,PROJ_REAL_114.0_materials.1
PROJ_REAL_115.0,materials.1,60,72.0,1,Materials.1,0.7567812270898067,0,12.0,180000.0,PROJ_REAL_115.0_materials.1
PROJ_REAL_116.0,materials.1,60,76.0,1,Materials.1,0.7529114221696334,0,16.0,240000.0,PROJ_REAL_116.0_materials.1
PROJ_REAL_117.0,materials.1,60,76.0,1,Materials.1,0.8768235931214564,0,16.0,240000.0,PROJ_REAL_117.0_materials.1
PROJ_REAL_118.0,materials.1,60,64.0,0,Materials.1,0.1616413732911505,0,4.0,0.0,PROJ_REAL_118.0_materials.1
PROJ_REAL_119.0,materials.1,60,80.0,1,Materials.1,0.980937951373848,0,20.0,300000.0,PROJ_REAL_119.0_materials.1
PROJ_REAL_120.0,materials.1,60,64.0,0,Materials.1,0.1053499306849364,0,4.0,0.0,PROJ_REAL_120.0_materials.1
PROJ_REAL_121.0,materials.1,60,68.0,0,Materials.1,0.5176901562627207,0,8.0,0.0,PROJ_REAL_121.0_materials.1
PROJ_REAL_122.0,materials.1,60,72.0,1,Materials.1,0.6145399054680067,0,12.0,180000.0,PROJ_REAL_122.0_materials.1
PROJ_REAL_123.0,materials.1,60,80.0,1,Materials.1,1.0,0,20.0,300000.0,PROJ_REAL_123.0_materials.1
PROJ_REAL_124.0,materials.1,60,80.0,1,Materials.1,1.0,0,20.0,300000.0,PROJ_REAL_124.0_materials.1
PROJ_REAL_125.0,materials.1,60,64.0,0,Materials.1,0.2713116481621081,0,4.0,0.0,PROJ_REAL_125.0_materials.1
PROJ_REAL_126.0,materials.1,60,80.0,1,Materials.1,1.0,0,20.0,300000.0,PROJ_REAL_126.0_materials.1
PROJ_REAL_127.0,materials.1,60,72.0,1,Materials.1,0.466758418925268,0,12.0,180000.0,PROJ_REAL_127.0_materials.1
PROJ_REAL_128.0,materials.1,60,72.0,1,Materials.1,0.4787645725856186,0,12.0,180000.0,PROJ_REAL_128.0_materials.1
PROJ_REAL_129.0,materials.1,60,76.0,1,Materials.1,0.8086662149154691,0,16.0,240000.0,PROJ_REAL_129.0_materials.1
PROJ_REAL_130.0,materials.1,60,68.0,0,Materials.1,0.4121308649761164,0,8.0,0.0,PROJ_REAL_130.0_materials.1
PROJ_REAL_131.0,materials.1,60,76.0,1,Materials.1,0.7845510075376411,0,16.0,240000.0,PROJ_REAL_131.0_materials.1
PROJ_REAL_132.0,materials.1,60,68.0,0,Materials.1,0.5659128408798753,0,8.0,0.0,PROJ_REAL_132.0_materials.1
PROJ_REAL_133.0,materials.1,60,64.0,0,Materials.1,0.1115685885604467,0,4.0,0.0,PROJ_REAL_133.0_materials.1
PROJ_REAL_134.0,materials.1,60,76.0,1,Materials.1,0.7435474482637219,0,16.0,240000.0,PROJ_REAL_134.0_materials.1
PROJ_REAL_135.0,materials.1,60,72.0,1,Materials.1,0.6084842988305077,0,12.0,180000.0,PROJ_REAL_135.0_materials.1
PROJ_REAL_136.0,materials.1,60,76.0,1,Materials.1,0.8284836789991734,0,16.0,240000.0,PROJ_REAL_136.0_materials.1
PROJ_REAL_137.0,materials.1,60,80.0,1,Materials.1,0.9213445735448632,0,20.0,300000.0,PROJ_REAL_137.0_materials.1
PROJ_REAL_138.0,materials.1,60,68.0,0,Materials.1,0.2113326671407468,0,8.0,0.0,PROJ_REAL_138.0_materials.1
PROJ_REAL_139.0,materials.1,60,72.0,1,Materials.1,0.6219890628072182,0,12.0,180000.0,PROJ_REAL_139.0_materials.1
PROJ_REAL_140.0,materials.1,60,72.0,1,Materials.1,0.5614636120936387,0,12.0,180000.0,PROJ_REAL_140.0_materials.1
PROJ_REAL_141.0,materials.1,60,68.0,0,Materials.1,0.5143054483076116,0,8.0,0.0,PROJ_REAL_141.0_materials.1
PROJ_REAL_142.0,materials.1,60,68.0,0,Materials.1,0.2754989395528686,0,8.0,0.0,PROJ_REAL_142.0_materials.1
PROJ_REAL_143.0,materials.1,60,68.0,0,Materials.1,0.3720792272012649,0,8.0,0.0,PROJ_REAL_143.0_materials.1
PROJ_REAL_1.0,materials.2,60,64.0,0,Materials.2,0.1693139570491585,0,4.0,0.0,PROJ_REAL_1.0_materials.2
PROJ_REAL_2.0,materials.2,60,72.0,1,Materials.2,0.6336219065950011,0,12.0,180000.0,PROJ_REAL_2.0_materials.2
PROJ_REAL_3.0,materials.2,60,64.0,0,Materials.2,0.3090040112730499,0,4.0,0.0,PROJ_REAL_3.0_materials.2
PROJ_REAL_4.0,materials.2,60,72.0,1,Materials.2,0.5384792325230122,0,12.0,180000.0,PROJ_REAL_4.0_materials.2
PROJ_REAL_5.0,materials.2,60,64.0,0,Materials.2,0.2155748236737755,0,4.0,0.0,PROJ_REAL_5.0_materials.2
PROJ_REAL_6.0,materials.2,60,64.0,0,Materials.2,0.0878519264738295,0,4.0,0.0,PROJ_REAL_6.0_materials.2
PROJ_REAL_7.0,materials.2,60,64.0,0,Materials.2,0.1557162917218404,0,4.0,0.0,PROJ_REAL_7.0_materials.2
PROJ_REAL_8.0,materials.2,60,64.0,0,Materials.2,0.1280392738681407,0,4.0,0.0,PROJ_REAL_8.0_materials.2
PROJ_REAL_9.0,materials.2,60,64.0,0,Materials.2,0.0984825037810579,0,4.0,0.0,PROJ_REAL_9.0_materials.2
PROJ_REAL_10.0,materials.2,60,64.0,0,Materials.2,0.2631508175272682,0,4.0,0.0,PROJ_REAL_10.0_materials.2
PROJ_REAL_11.0,materials.2,60,76.0,1,Materials.2,0.853124780872853,0,16.0,240000.0,PROJ_REAL_11.0_materials.2
PROJ_REAL_12.0,materials.2,60,72.0,1,Materials.2,0.421309108153562,0,12.0,180000.0,PROJ_REAL_12.0_materials.2
PROJ_REAL_13.0,materials.2,60,80.0,1,Materials.2,0.9655899062606128,0,20.0,300000.0,PROJ_REAL_13.0_materials.2
PROJ_REAL_14.0,materials.2,60,72.0,1,Materials.2,0.6933573289336303,0,12.0,180000.0,PROJ_REAL_14.0_materials.2
PROJ_REAL_15.0,materials.2,60,68.0,0,Materials.2,0.3979628512364528,0,8.0,0.0,PROJ_REAL_15.0_materials.2
PROJ_REAL_16.0,materials.2,60,68.0,0,Materials.2,0.3877131963685031,0,8.0,0.0,PROJ_REAL_16.0_materials.2
PROJ_REAL_17.0,materials.2,60,68.0,0,Materials.2,0.3241329476877056,0,8.0,0.0,PROJ_REAL_17.0_materials.2
PROJ_REAL_18.0,materials.2,60,72.0,1,Materials.2,0.7319281880662923,0,12.0,180000.0,PROJ_REAL_18.0_materials.2
PROJ_REAL_19.0,materials.2,60,72.0,1,Materials.2,0.6034194831128963,0,12.0,180000.0,PROJ_REAL_19.0_materials.2
PROJ_REAL_20.0,materials.2,60,80.0,1,Materials.2,0.957741042838694,0,20.0,300000.0,PROJ_REAL_20.0_materials.2
PROJ_REAL_21.0,materials.2,60,72.0,1,Materials.2,0.4113933279129765,0,12.0,180000.0,PROJ_REAL_21.0_materials.2
PROJ_REAL_22.0,materials.2,60,76.0,1,Materials.2,0.7955907703178723,0,16.0,240000.0,PROJ_REAL_22.0_materials.2
PROJ_REAL_23.0,materials.2,60,80.0,1,Materials.2,0.8073201326455299,0,20.0,300000.0,PROJ_REAL_23.0_materials.2
PROJ_REAL_24.0,materials.2,60,76.0,1,Materials.2,0.8630945336311538,0,16.0,240000.0,PROJ_REAL_24.0_materials.2
PROJ_REAL_25.0,materials.2,60,72.0,1,Materials.2,0.4962117718939893,0,12.0,180000.0,PROJ_REAL_25.0_materials.2
PROJ_REAL_26.0,materials.2,60,76.0,1,Materials.2,0.8605595328602454,0,16.0,240000.0,PROJ_REAL_26.0_materials.2
PROJ_REAL_27.0,materials.2,60,80.0,1,Materials.2,0.8608010670956655,0,20.0,300000.0,PROJ_REAL_27.0_materials.2
PROJ_REAL_28.0,materials.2,60,72.0,1,Materials.2,0.5395392468036221,0,12.0,180000.0,PROJ_REAL_28.0_materials.2
PROJ_REAL_29.0,materials.2,60,72.0,1,Materials.2,0.577729105770635,0,12.0,180000.0,PROJ_REAL_29.0_materials.2
PROJ_REAL_30.0,materials.2,60,64.0,0,Materials.2,0.1780974201263822,0,4.0,0.0,PROJ_REAL_30.0_materials.2
PROJ_REAL_31.0,materials.2,60,68.0,0,Materials.2,0.2913863693588461,0,8.0,0.0,PROJ_REAL_31.0_materials.2
PROJ_REAL_32.0,materials.2,60,72.0,1,Materials.2,0.5641355917302231,0,12.0,180000.0,PROJ_REAL_32.0_materials.2
PROJ_REAL_33.0,materials.2,60,68.0,0,Materials.2,0.2880189403971011,0,8.0,0.0,PROJ_REAL_33.0_materials.2
PROJ_REAL_34.0,materials.2,60,64.0,0,Materials.2,0.0356669228513914,0,4.0,0.0,PROJ_REAL_34.0_materials.2
PROJ_REAL_35.0,materials.2,60,68.0,0,Materials.2,0.3204020025834486,0,8.0,0.0,PROJ_REAL_35.0_materials.2
PROJ_REAL_36.0,materials.2,60,76.0,1,Materials.2,0.8173405390945132,0,16.0,240000.0,PROJ_REAL_36.0_materials.2
PROJ_REAL_37.0,materials.2,60,64.0,0,Materials.2,0.2799585865296956,0,4.0,0.0,PROJ_REAL_37.0_materials.2
PROJ_REAL_38.0,materials.2,60,72.0,1,Materials.2,0.6460254894540861,0,12.0,180000.0,PROJ_REAL_38.0_materials.2
PROJ_REAL_39.0,materials.2,60,68.0,0,Materials.2,0.3940142991030991,0,8.0,0.0,PROJ_REAL_39.0_materials.2
PROJ_REAL_40.0,materials.2,60,64.0,0,Materials.2,0.2200393858561064,0,4.0,0.0,PROJ_REAL_40.0_materials.2
PROJ_REAL_41.0,materials.2,60,72.0,1,Materials.2,0.4680066702874177,0,12.0,180000.0,PROJ_REAL_41.0_materials.2
PROJ_REAL_42.0,materials.2,60,64.0,0,Materials.2,0.4192626418713879,0,4.0,0.0,PROJ_REAL_42.0_materials.2
PROJ_REAL_43.0,materials.2,60,72.0,1,Materials.2,0.494033226109312,0,12.0,180000.0,PROJ_REAL_43.0_materials.2
PROJ_REAL_44.0,materials.2,60,72.0,1,Materials.2,0.3970453432739173,0,12.0,180000.0,PROJ_REAL_44.0_materials.2
PROJ_REAL_45.0,materials.2,60,72.0,1,Materials.2,0.6972690730852886,0,12.0,180000.0,PROJ_REAL_45.0_materials.2
PROJ_REAL_46.0,materials.2,60,72.0,1,Materials.2,0.6135159516657389,0,12.0,180000.0,PROJ_REAL_46.0_materials.2
PROJ_REAL_47.0,materials.2,60,72.0,1,Materials.2,0.5060921732827761,0,12.0,180000.0,PROJ_REAL_47.0_materials.2
PROJ_REAL_48.0,materials.2,60,68.0,0,Materials.2,0.3599512099047106,0,8.0,0.0,PROJ_REAL_48.0_materials.2
PROJ_REAL_49.0,materials.2,60,76.0,1,Materials.2,0.871754141759159,0,16.0,240000.0,PROJ_REAL_49.0_materials.2
PROJ_REAL_50.0,materials.2,60,76.0,1,Materials.2,0.8756322952506725,0,16.0,240000.0,PROJ_REAL_50.0_materials.2
PROJ_REAL_51.0,materials.2,60,76.0,1,Materials.2,0.815435519704544,0,16.0,240000.0,PROJ_REAL_51.0_materials.2
PROJ_REAL_52.0,materials.2,60,76.0,1,Materials.2,0.7045400388917297,0,16.0,240000.0,PROJ_REAL_52.0_materials.2
PROJ_REAL_53.0,materials.2,60,64.0,0,Materials.2,0.0472043955466947,0,4.0,0.0,PROJ_REAL_53.0_materials.2
PROJ_REAL_54.0,materials.2,60,72.0,1,Materials.2,0.5554284985809227,0,12.0,180000.0,PROJ_REAL_54.0_materials.2
PROJ_REAL_55.0,materials.2,60,76.0,1,Materials.2,0.8032505155816506,0,16.0,240000.0,PROJ_REAL_55.0_materials.2
PROJ_REAL_56.0,materials.2,60,64.0,0,Materials.2,0.2827424875374379,0,4.0,0.0,PROJ_REAL_56.0_materials.2
PROJ_REAL_57.0,materials.2,60,76.0,1,Materials.2,0.7260576839636659,0,16.0,240000.0,PROJ_REAL_57.0_materials.2
PROJ_REAL_58.0,materials.2,60,76.0,1,Materials.2,0.6133626681023765,0,16.0,240000.0,PROJ_REAL_58.0_materials.2
PROJ_REAL_59.0,materials.2,60,76.0,1,Materials.2,0.6464385062327439,0,16.0,240000.0,PROJ_REAL_59.0_materials.2
PROJ_REAL_60.0,materials.2,60,72.0,1,Materials.2,0.4779095080674858,0,12.0,180000.0,PROJ_REAL_60.0_materials.2
PROJ_REAL_61.0,materials.2,60,72.0,1,Materials.2,0.6758983742426112,0,12.0,180000.0,PROJ_REAL_61.0_materials.2
PROJ_REAL_62.0,materials.2,60,64.0,0,Materials.2,0.200742966317478,0,4.0,0.0,PROJ_REAL_62.0_materials.2
PROJ_REAL_63.0,materials.2,60,76.0,1,Materials.2,0.644813566950992,0,16.0,240000.0,PROJ_REAL_63.0_materials.2
PROJ_REAL_64.0,materials.2,60,72.0,1,Materials.2,0.661203968104604,0,12.0,180000.0,PROJ_REAL_64.0_materials.2
PROJ_REAL_65.0,materials.2,60,72.0,1,Materials.2,0.7216239277513881,0,12.0,180000.0,PROJ_REAL_65.0_materials.2
PROJ_REAL_66.0,materials.2,60,68.0,0,Materials.2,0.4189806030260394,0,8.0,0.0,PROJ_REAL_66.0_materials.2
PROJ_REAL_67.0,materials.2,60,68.0,0,Materials.2,0.5100494724703097,0,8.0,0.0,PROJ_REAL_67.0_materials.2
PROJ_REAL_68.0,materials.2,60,80.0,1,Materials.2,0.8689723655351398,0,20.0,300000.0,PROJ_REAL_68.0_materials.2
PROJ_REAL_69.0,materials.2,60,72.0,1,Materials.2,0.6289692589388141,0,12.0,180000.0,PROJ_REAL_69.0_materials.2
PROJ_REAL_70.0,materials.2,60,76.0,1,Materials.2,0.8235943315463865,0,16.0,240000.0,PROJ_REAL_70.0_materials.2
PROJ_REAL_71.0,materials.2,60,72.0,1,Materials.2,0.6064773398520998,0,12.0,180000.0,PROJ_REAL_71.0_materials.2
PROJ_REAL_72.0,materials.2,60,72.0,1,Materials.2,0.6414745188298915,0,12.0,180000.0,PROJ_REAL_72.0_materials.2
PROJ_REAL_73.0,materials.2,60,80.0,1,Materials.2,1.0,0,20.0,300000.0,PROJ_REAL_73.0_materials.2
PROJ_REAL_74.0,materials.2,60,64.0,0,Materials.2,0.2304109971627448,0,4.0,0.0,PROJ_REAL_74.0_materials.2
PROJ_REAL_75.0,materials.2,60,64.0,0,Materials.2,0.1320055309478936,0,4.0,0.0,PROJ_REAL_75.0_materials.2
PROJ_REAL_76.0,materials.2,60,64.0,0,Materials.2,0.3086376435869766,0,4.0,0.0,PROJ_REAL_76.0_materials.2
PROJ_REAL_77.0,materials.2,60,72.0,1,Materials.2,0.6219675496910768,0,12.0,180000.0,PROJ_REAL_77.0_materials.2
PROJ_REAL_78.0,materials.2,60,68.0,0,Materials.2,0.4364637532348736,0,8.0,0.0,PROJ_REAL_78.0_materials.2
PROJ_REAL_79.0,materials.2,60,68.0,0,Materials.2,0.4233196609166912,0,8.0,0.0,PROJ_REAL_79.0_materials.2
PROJ_REAL_80.0,materials.2,60,68.0,0,Materials.2,0.3315262558859553,0,8.0,0.0,PROJ_REAL_80.0_materials.2
PROJ_REAL_81.0,materials.2,60,72.0,1,Materials.2,0.6004050481115643,0,12.0,180000.0,PROJ_REAL_81.0_materials.2
PROJ_REAL_82.0,materials.2,60,68.0,0,Materials.2,0.4013236509265362,0,8.0,0.0,PROJ_REAL_82.0_materials.2
PROJ_REAL_83.0,materials.2,60,72.0,1,Materials.2,0.6265381579703351,0,12.0,180000.0,PROJ_REAL_83.0_materials.2
PROJ_REAL_84.0,materials.2,60,76.0,1,Materials.2,0.8278248448744534,0,16.0,240000.0,PROJ_REAL_84.0_materials.2
PROJ_REAL_85.0,materials.2,60,72.0,1,Materials.2,0.5731767079029435,0,12.0,180000.0,PROJ_REAL_85.0_materials.2
PROJ_REAL_86.0,materials.2,60,72.0,1,Materials.2,0.6582619623841115,0,12.0,180000.0,PROJ_REAL_86.0_materials.2
PROJ_REAL_87.0,materials.2,60,72.0,1,Materials.2,0.7169318680181299,0,12.0,180000.0,PROJ_REAL_87.0_materials.2
PROJ_REAL_88.0,materials.2,60,76.0,1,Materials.2,0.6867157668526735,0,16.0,240000.0,PROJ_REAL_88.0_materials.2
PROJ_REAL_89.0,materials.2,60,68.0,0,Materials.2,0.7473146280081892,0,8.0,0.0,PROJ_REAL_89.0_materials.2
PROJ_REAL_90.0,materials.2,60,64.0,0,Materials.2,0.1920473456456218,0,4.0,0.0,PROJ_REAL_90.0_materials.2
PROJ_REAL_91.0,materials.2,60,76.0,1,Materials.2,0.9347939481270472,0,16.0,240000.0,PROJ_REAL_91.0_materials.2
PROJ_REAL_92.0,materials.2,60,72.0,1,Materials.2,0.4601248685224759,0,12.0,180000.0,PROJ_REAL_92.0_materials.2
PROJ_REAL_93.0,materials.2,60,72.0,1,Materials.2,0.4922361639470395,0,12.0,180000.0,PROJ_REAL_93.0_materials.2
PROJ_REAL_94.0,materials.2,60,64.0,0,Materials.2,0.1389198215788139,0,4.0,0.0,PROJ_REAL_94.0_materials.2
PROJ_REAL_95.0,materials.2,60,64.0,0,Materials.2,0.23412952216537,0,4.0,0.0,PROJ_REAL_95.0_materials.2
PROJ_REAL_96.0,materials.2,60,76.0,1,Materials.2,0.788636257466573,0,16.0,240000.0,PROJ_REAL_96.0_materials.2
PROJ_REAL_97.0,materials.2,60,72.0,1,Materials.2,0.6630288819576333,0,12.0,180000.0,PROJ_REAL_97.0_materials.2
PROJ_REAL_98.0,materials.2,60,72.0,1,Materials.2,0.7785477782704211,0,12.0,180000.0,PROJ_REAL_98.0_materials.2
PROJ_REAL_99.0,materials.2,60,72.0,1,Materials.2,0.4820982040252048,0,12.0,180000.0,PROJ_REAL_99.0_materials.2
PROJ_REAL_100.0,materials.2,60,76.0,1,Materials.2,0.7370002368751367,0,16.0,240000.0,PROJ_REAL_100.0_materials.2
PROJ_REAL_101.0,materials.2,60,76.0,1,Materials.2,0.7447643308893432,0,16.0,240000.0,PROJ_REAL_101.0_materials.2
PROJ_REAL_102.0,materials.2,60,76.0,1,Materials.2,0.8371053111645684,0,16.0,240000.0,PROJ_REAL_102.0_materials.2
PROJ_REAL_103.0,materials.2,60,72.0,1,Materials.2,0.6415681247953048,0,12.0,180000.0,PROJ_REAL_103.0_materials.2
PROJ_REAL_104.0,materials.2,60,76.0,1,Materials.2,0.9186591375599314,0,16.0,240000.0,PROJ_REAL_104.0_materials.2
PROJ_REAL_105.0,materials.2,60,76.0,1,Materials.2,0.7923339311302817,0,16.0,240000.0,PROJ_REAL_105.0_materials.2
PROJ_REAL_106.0,materials.2,60,72.0,1,Materials.2,0.6884020000675176,0,12.0,180000.0,PROJ_REAL_106.0_materials.2
PROJ_REAL_107.0,materials.2,60,72.0,1,Materials.2,0.5699660176193895,0,12.0,180000.0,PROJ_REAL_107.0_materials.2
PROJ_REAL_108.0,materials.2,60,64.0,0,Materials.2,0.0557460578739096,0,4.0,0.0,PROJ_REAL_108.0_materials.2
PROJ_REAL_109.0,materials.2,60,72.0,1,Materials.2,0.608122241100292,0,12.0,180000.0,PROJ_REAL_109.0_materials.2
PROJ_REAL_110.0,materials.2,60,68.0,0,Materials.2,0.4894578053716417,0,8.0,0.0,PROJ_REAL_110.0_materials.2
PROJ_REAL_111.0,materials.2,60,64.0,0,Materials.2,0.2780259484871401,0,4.0,0.0,PROJ_REAL_111.0_materials.2
PROJ_REAL_112.0,materials.2,60,76.0,1,Materials.2,0.9285281797409204,0,16.0,240000.0,PROJ_REAL_112.0_materials.2
PROJ_REAL_113.0,materials.2,60,72.0,1,Materials.2,0.558570487681543,0,12.0,180000.0,PROJ_REAL_113.0_materials.2
PROJ_REAL_114.0,materials.2,60,72.0,1,Materials.2,0.4642561733967001,0,12.0,180000.0,PROJ_REAL_114.0_materials.2
PROJ_REAL_115.0,materials.2,60,72.0,1,Materials.2,0.6612893057399192,0,12.0,180000.0,PROJ_REAL_115.0_materials.2
PROJ_REAL_116.0,materials.2,60,76.0,1,Materials.2,0.8948376689776208,0,16.0,240000.0,PROJ_REAL_116.0_materials.2
PROJ_REAL_117.0,materials.2,60,76.0,1,Materials.2,0.6907481253143934,0,16.0,240000.0,PROJ_REAL_117.0_materials.2
PROJ_REAL_118.0,materials.2,60,64.0,0,Materials.2,0.3276638149179851,0,4.0,0.0,PROJ_REAL_118.0_materials.2
PROJ_REAL_119.0,materials.2,60,72.0,1,Materials.2,0.6278085913264001,0,12.0,180000.0,PROJ_REAL_119.0_materials.2
PROJ_REAL_120.0,materials.2,60,64.0,0,Materials.2,0.1939302681514587,0,4.0,0.0,PROJ_REAL_120.0_materials.2
PROJ_REAL_121.0,materials.2,60,72.0,1,Materials.2,0.4225726442094638,0,12.0,180000.0,PROJ_REAL_121.0_materials.2
PROJ_REAL_122.0,materials.2,60,72.0,1,Materials.2,0.5878416253600128,0,12.0,180000.0,PROJ_REAL_122.0_materials.2
PROJ_REAL_123.0,materials.2,60,72.0,1,Materials.2,0.5101460457418577,0,12.0,180000.0,PROJ_REAL_123.0_materials.2
PROJ_REAL_124.0,materials.2,60,72.0,1,Materials.2,0.589611849749857,0,12.0,180000.0,PROJ_REAL_124.0_materials.2
PROJ_REAL_125.0,materials.2,60,64.0,0,Materials.2,0.1018913921373954,0,4.0,0.0,PROJ_REAL_125.0_materials.2
PROJ_REAL_126.0,materials.2,60,72.0,1,Materials.2,0.5133352279467176,0,12.0,180000.0,PROJ_REAL_126.0_materials.2
PROJ_REAL_127.0,materials.2,60,72.0,1,Materials.2,0.6957031828641249,0,12.0,180000.0,PROJ_REAL_127.0_materials.2
PROJ_REAL_128.0,materials.2,60,72.0,1,Materials.2,0.6088183308383853,0,12.0,180000.0,PROJ_REAL_128.0_materials.2
PROJ_REAL_129.0,materials.2,60,72.0,1,Materials.2,0.5211707762952416,0,12.0,180000.0,PROJ_REAL_129.0_materials.2
PROJ_REAL_130.0,materials.2,60,72.0,1,Materials.2,0.6407636440700781,0,12.0,180000.0,PROJ_REAL_130.0_materials.2
PROJ_REAL_131.0,materials.2,60,68.0,0,Materials.2,0.3814785967267098,0,8.0,0.0,PROJ_REAL_131.0_materials.2
PROJ_REAL_132.0,materials.2,60,68.0,0,Materials.2,0.3686373452148086,0,8.0,0.0,PROJ_REAL_132.0_materials.2
PROJ_REAL_133.0,materials.2,60,64.0,0,Materials.2,0.3364742475092673,0,4.0,0.0,PROJ_REAL_133.0_materials.2
PROJ_REAL_134.0,materials.2,60,64.0,0,Materials.2,0.1793577300517305,0,4.0,0.0,PROJ_REAL_134.0_materials.2
PROJ_REAL_135.0,materials.2,60,72.0,1,Materials.2,0.5166276839840424,0,12.0,180000.0,PROJ_REAL_135.0_materials.2
PROJ_REAL_136.0,materials.2,60,72.0,1,Materials.2,0.7532119725010836,0,12.0,180000.0,PROJ_REAL_136.0_materials.2
PROJ_REAL_137.0,materials.2,60,76.0,1,Materials.2,0.6343652224771011,0,16.0,240000.0,PROJ_REAL_137.0_materials.2
PROJ_REAL_138.0,materials.2,60,72.0,1,Materials.2,0.7717070547097017,0,12.0,180000.0,PROJ_REAL_138.0_materials.2
PROJ_REAL_139.0,materials.2,60,68.0,0,Materials.2,0.383352097402905,0,8.0,0.0,PROJ_REAL_139.0_materials.2
PROJ_REAL_140.0,materials.2,60,72.0,1,Materials.2,0.5158000797491921,0,12.0,180000.0,PROJ_REAL_140.0_materials.2
PROJ_REAL_141.0,materials.2,60,72.0,1,Materials.2,0.592778894822703,0,12.0,180000.0,PROJ_REAL_141.0_materials.2
PROJ_REAL_142.0,materials.2,60,72.0,1,Materials.2,0.8002422725250884,0,12.0,180000.0,PROJ_REAL_142.0_materials.2
PROJ_REAL_143.0,materials.2,60,72.0,1,Materials.2,0.6110683871952911,0,12.0,180000.0,PROJ_REAL_143.0_materials.2
PROJ_REAL_1.0,materials.3,60,64.0,0,Materials.3,0.2993750063225658,0,4.0,0.0,PROJ_REAL_1.0_materials.3
PROJ_REAL_2.0,materials.3,60,68.0,0,Materials.3,0.2571047956569525,0,8.0,0.0,PROJ_REAL_2.0_materials.3
PROJ_REAL_3.0,materials.3,60,64.0,0,Materials.3,0.0612052713575304,0,4.0,0.0,PROJ_REAL_3.0_materials.3
PROJ_REAL_4.0,materials.3,60,72.0,1,Materials.3,0.6648646622582176,0,12.0,180000.0,PROJ_REAL_4.0_materials.3
PROJ_REAL_5.0,materials.3,60,64.0,0,Materials.3,0.3191733151477632,0,4.0,0.0,PROJ_REAL_5.0_materials.3
PROJ_REAL_6.0,materials.3,60,64.0,0,Materials.3,0.1673206206521925,0,4.0,0.0,PROJ_REAL_6.0_materials.3
PROJ_REAL_7.0,materials.3,60,64.0,0,Materials.3,0.1045366402144338,0,4.0,0.0,PROJ_REAL_7.0_materials.3
PROJ_REAL_8.0,materials.3,60,64.0,0,Materials.3,0.1873554254444293,0,4.0,0.0,PROJ_REAL_8.0_materials.3
PROJ_REAL_9.0,materials.3,60,64.0,0,Materials.3,0.2264324512789853,0,4.0,0.0,PROJ_REAL_9.0_materials.3
PROJ_REAL_10.0,materials.3,60,64.0,0,Materials.3,0.3472740704685797,0,4.0,0.0,PROJ_REAL_10.0_materials.3
PROJ_REAL_11.0,materials.3,60,64.0,0,Materials.3,0.2996450189083323,0,4.0,0.0,PROJ_REAL_11.0_materials.3
PROJ_REAL_12.0,materials.3,60,76.0,1,Materials.3,0.8061312228822766,0,16.0,240000.0,PROJ_REAL_12.0_materials.3
PROJ_REAL_13.0,materials.3,60,80.0,1,Materials.3,0.8300583488508575,0,20.0,300000.0,PROJ_REAL_13.0_materials.3
PROJ_REAL_14.0,materials.3,60,72.0,1,Materials.3,0.4666705186259379,0,12.0,180000.0,PROJ_REAL_14.0_materials.3
PROJ_REAL_15.0,materials.3,60,72.0,1,Materials.3,0.4991961664445347,0,12.0,180000.0,PROJ_REAL_15.0_materials.3
PROJ_REAL_16.0,materials.3,60,76.0,1,Materials.3,0.9241074223546744,0,16.0,240000.0,PROJ_REAL_16.0_materials.3
PROJ_REAL_17.0,materials.3,60,76.0,1,Materials.3,0.700162570105417,0,16.0,240000.0,PROJ_REAL_17.0_materials.3
PROJ_REAL_18.0,materials.3,60,72.0,1,Materials.3,0.4650130185037652,0,12.0,180000.0,PROJ_REAL_18.0_materials.3
PROJ_REAL_19.0,materials.3,60,72.0,1,Materials.3,0.5447924256254971,0,12.0,180000.0,PROJ_REAL_19.0_materials.3
PROJ_REAL_20.0,materials.3,60,76.0,1,Materials.3,0.6274638380948507,0,16.0,240000.0,PROJ_REAL_20.0_materials.3
PROJ_REAL_21.0,materials.3,60,76.0,1,Materials.3,0.634880706411216,0,16.0,240000.0,PROJ_REAL_21.0_materials.3
PROJ_REAL_22.0,materials.3,60,72.0,1,Materials.3,0.5146920041534964,0,12.0,180000.0,PROJ_REAL_22.0_materials.3
PROJ_REAL_23.0,materials.3,60,68.0,0,Materials.3,0.4308988594798116,0,8.0,0.0,PROJ_REAL_23.0_materials.3
PROJ_REAL_24.0,materials.3,60,72.0,1,Materials.3,0.4848546698229005,0,12.0,180000.0,PROJ_REAL_24.0_materials.3
PROJ_REAL_25.0,materials.3,60,68.0,0,Materials.3,0.4433338899380886,0,8.0,0.0,PROJ_REAL_25.0_materials.3
PROJ_REAL_26.0,materials.3,60,68.0,0,Materials.3,0.4600742216751919,0,8.0,0.0,PROJ_REAL_26.0_materials.3
PROJ_REAL_27.0,materials.3,60,72.0,1,Materials.3,0.7696166333840868,0,12.0,180000.0,PROJ_REAL_27.0_materials.3
PROJ_REAL_28.0,materials.3,60,68.0,0,Materials.3,0.4495304446260162,0,8.0,0.0,PROJ_REAL_28.0_materials.3
PROJ_REAL_29.0,materials.3,60,68.0,0,Materials.3,0.1689104721726698,0,8.0,0.0,PROJ_REAL_29.0_materials.3
PROJ_REAL_30.0,materials.3,60,64.0,0,Materials.3,0.1696883562033804,0,4.0,0.0,PROJ_REAL_30.0_materials.3
PROJ_REAL_31.0,materials.3,60,72.0,1,Materials.3,0.4064284165621132,0,12.0,180000.0,PROJ_REAL_31.0_materials.3
PROJ_REAL_32.0,materials.3,60,68.0,0,Materials.3,0.5517756413627786,0,8.0,0.0,PROJ_REAL_32.0_materials.3
PROJ_REAL_33.0,materials.3,60,72.0,1,Materials.3,0.557039144098383,0,12.0,180000.0,PROJ_REAL_33.0_materials.3
PROJ_REAL_34.0,materials.3,60,64.0,0,Materials.3,0.1923153761804148,0,4.0,0.0,PROJ_REAL_34.0_materials.3
PROJ_REAL_35.0,materials.3,60,68.0,0,Materials.3,0.2800102273467638,0,8.0,0.0,PROJ_REAL_35.0_materials.3
PROJ_REAL_36.0,materials.3,60,72.0,1,Materials.3,0.691656910958321,0,12.0,180000.0,PROJ_REAL_36.0_materials.3
PROJ_REAL_37.0,materials.3,60,72.0,1,Materials.3,0.7806625604283591,0,12.0,180000.0,PROJ_REAL_37.0_materials.3
PROJ_REAL_38.0,materials.3,60,72.0,1,Materials.3,0.8480803178328788,0,12.0,180000.0,PROJ_REAL_38.0_materials.3
PROJ_REAL_39.0,materials.3,60,68.0,0,Materials.3,0.4166306501639643,0,8.0,0.0,PROJ_REAL_39.0_materials.3
PROJ_REAL_40.0,materials.3,60,72.0,1,Materials.3,0.6343070784582737,0,12.0,180000.0,PROJ_REAL_40.0_materials.3
PROJ_REAL_41.0,materials.3,60,76.0,1,Materials.3,0.6795948452407462,0,16.0,240000.0,PROJ_REAL_41.0_materials.3
PROJ_REAL_42.0,materials.3,60,72.0,1,Materials.3,0.702851873688218,0,12.0,180000.0,PROJ_REAL_42.0_materials.3
PROJ_REAL_43.0,materials.3,60,76.0,1,Materials.3,0.9923152782669302,0,16.0,240000.0,PROJ_REAL_43.0_materials.3
PROJ_REAL_44.0,materials.3,60,76.0,1,Materials.3,0.7188221000800603,0,16.0,240000.0,PROJ_REAL_44.0_materials.3
PROJ_REAL_45.0,materials.3,60,76.0,1,Materials.3,0.8203256616067593,0,16.0,240000.0,PROJ_REAL_45.0_materials.3
PROJ_REAL_46.0,materials.3,60,76.0,1,Materials.3,0.6474928364398189,0,16.0,240000.0,PROJ_REAL_46.0_materials.3
PROJ_REAL_47.0,materials.3,60,72.0,1,Materials.3,0.554338426196436,0,12.0,180000.0,PROJ_REAL_47.0_materials.3
PROJ_REAL_48.0,materials.3,60,68.0,0,Materials.3,0.3422172221308996,0,8.0,0.0,PROJ_REAL_48.0_materials.3
PROJ_REAL_49.0,materials.3,60,76.0,1,Materials.3,0.7619484439512509,0,16.0,240000.0,PROJ_REAL_49.0_materials.3
PROJ_REAL_50.0,materials.3,60,80.0,1,Materials.3,1.0,0,20.0,300000.0,PROJ_REAL_50.0_materials.3
PROJ_REAL_51.0,materials.3,60,72.0,1,Materials.3,0.5781751820359274,0,12.0,180000.0,PROJ_REAL_51.0_materials.3
PROJ_REAL_52.0,materials.3,60,80.0,1,Materials.3,1.0,0,20.0,300000.0,PROJ_REAL_52.0_materials.3
PROJ_REAL_53.0,materials.3,60,72.0,1,Materials.3,0.5640393198483807,0,12.0,180000.0,PROJ_REAL_53.0_materials.3
PROJ_REAL_54.0,materials.3,60,76.0,1,Materials.3,0.8508414986779912,0,16.0,240000.0,PROJ_REAL_54.0_materials.3
PROJ_REAL_55.0,materials.3,60,68.0,0,Materials.3,0.6054377844474399,0,8.0,0.0,PROJ_REAL_55.0_materials.3
PROJ_REAL_56.0,materials.3,60,64.0,0,Materials.3,0.0879736890197491,0,4.0,0.0,PROJ_REAL_56.0_materials.3
PROJ_REAL_57.0,materials.3,60,72.0,1,Materials.3,0.7007423889774862,0,12.0,180000.0,PROJ_REAL_57.0_materials.3
PROJ_REAL_58.0,materials.3,60,72.0,1,Materials.3,0.7698348095628101,0,12.0,180000.0,PROJ_REAL_58.0_materials.3
PROJ_REAL_59.0,materials.3,60,72.0,1,Materials.3,0.7434159027888761,0,12.0,180000.0,PROJ_REAL_59.0_materials.3
PROJ_REAL_60.0,materials.3,60,76.0,1,Materials.3,1.0,0,16.0,240000.0,PROJ_REAL_60.0_materials.3
PROJ_REAL_61.0,materials.3,60,76.0,1,Materials.3,0.8647882226301391,0,16.0,240000.0,PROJ_REAL_61.0_materials.3
PROJ_REAL_62.0,materials.3,60,72.0,1,Materials.3,0.4603804272989288,0,12.0,180000.0,PROJ_REAL_62.0_materials.3
PROJ_REAL_63.0,materials.3,60,72.0,1,Materials.3,0.5106455849595697,0,12.0,180000.0,PROJ_REAL_63.0_materials.3
PROJ_REAL_64.0,materials.3,60,68.0,0,Materials.3,0.3816405938728422,0,8.0,0.0,PROJ_REAL_64.0_materials.3
PROJ_REAL_65.0,materials.3,60,72.0,1,Materials.3,0.7063978783715628,0,12.0,180000.0,PROJ_REAL_65.0_materials.3
PROJ_REAL_66.0,materials.3,60,72.0,1,Materials.3,0.6829924156736891,0,12.0,180000.0,PROJ_REAL_66.0_materials.3
PROJ_REAL_67.0,materials.3,60,72.0,1,Materials.3,0.7981391979646084,0,12.0,180000.0,PROJ_REAL_67.0_materials.3
PROJ_REAL_68.0,materials.3,60,76.0,1,Materials.3,0.8891061471328545,0,16.0,240000.0,PROJ_REAL_68.0_materials.3
PROJ_REAL_69.0,materials.3,60,72.0,1,Materials.3,0.6214280156974499,0,12.0,180000.0,PROJ_REAL_69.0_materials.3
PROJ_REAL_70.0,materials.3,60,72.0,1,Materials.3,0.4034038049646415,0,12.0,180000.0,PROJ_REAL_70.0_materials.3
PROJ_REAL_71.0,materials.3,60,76.0,1,Materials.3,0.7993503580052687,0,16.0,240000.0,PROJ_REAL_71.0_materials.3
PROJ_REAL_72.0,materials.3,60,72.0,1,Materials.3,0.5588639643300561,0,12.0,180000.0,PROJ_REAL_72.0_materials.3
PROJ_REAL_73.0,materials.3,60,64.0,0,Materials.3,0.0,0,4.0,0.0,PROJ_REAL_73.0_materials.3
PROJ_REAL_74.0,materials.3,60,72.0,1,Materials.3,0.6197068563770236,0,12.0,180000.0,PROJ_REAL_74.0_materials.3
PROJ_REAL_75.0,materials.3,60,72.0,1,Materials.3,0.5907382635872368,0,12.0,180000.0,PROJ_REAL_75.0_materials.3
PROJ_REAL_76.0,materials.3,60,68.0,0,Materials.3,0.3089330497691595,0,8.0,0.0,PROJ_REAL_76.0_materials.3
PROJ_REAL_77.0,materials.3,60,72.0,1,Materials.3,0.7412302184567907,0,12.0,180000.0,PROJ_REAL_77.0_materials.3
PROJ_REAL_78.0,materials.3,60,72.0,1,Materials.3,0.7730658716457299,0,12.0,180000.0,PROJ_REAL_78.0_materials.3
PROJ_REAL_79.0,materials.3,60,68.0,0,Materials.3,0.4807080442426166,0,8.0,0.0,PROJ_REAL_79.0_materials.3
PROJ_REAL_80.0,materials.3,60,68.0,0,Materials.3,0.3781731567220499,0,8.0,0.0,PROJ_REAL_80.0_materials.3
PROJ_REAL_81.0,materials.3,60,76.0,1,Materials.3,0.7268515084840297,0,16.0,240000.0,PROJ_REAL_81.0_materials.3
PROJ_REAL_82.0,materials.3,60,72.0,1,Materials.3,0.6409242728508374,0,12.0,180000.0,PROJ_REAL_82.0_materials.3
PROJ_REAL_83.0,materials.3,60,76.0,1,Materials.3,0.8809631055311462,0,16.0,240000.0,PROJ_REAL_83.0_materials.3
PROJ_REAL_84.0,materials.3,60,72.0,1,Materials.3,0.5552189188854175,0,12.0,180000.0,PROJ_REAL_84.0_materials.3
PROJ_REAL_85.0,materials.3,60,72.0,1,Materials.3,0.5374518513899478,0,12.0,180000.0,PROJ_REAL_85.0_materials.3
PROJ_REAL_86.0,materials.3,60,68.0,0,Materials.3,0.496937646777831,0,8.0,0.0,PROJ_REAL_86.0_materials.3
PROJ_REAL_87.0,materials.3,60,76.0,1,Materials.3,0.6608212506365664,0,16.0,240000.0,PROJ_REAL_87.0_materials.3
PROJ_REAL_88.0,materials.3,60,76.0,1,Materials.3,0.8462449615948744,0,16.0,240000.0,PROJ_REAL_88.0_materials.3
PROJ_REAL_89.0,materials.3,60,72.0,1,Materials.3,0.6468408540927886,0,12.0,180000.0,PROJ_REAL_89.0_materials.3
PROJ_REAL_90.0,materials.3,60,72.0,1,Materials.3,0.8276254763119288,0,12.0,180000.0,PROJ_REAL_90.0_materials.3
PROJ_REAL_91.0,materials.3,60,72.0,1,Materials.3,0.4421257886435112,0,12.0,180000.0,PROJ_REAL_91.0_materials.3
PROJ_REAL_92.0,materials.3,60,72.0,1,Materials.3,0.5934437545010016,0,12.0,180000.0,PROJ_REAL_92.0_materials.3
PROJ_REAL_93.0,materials.3,60,80.0,1,Materials.3,1.0,0,20.0,300000.0,PROJ_REAL_93.0_materials.3
PROJ_REAL_94.0,materials.3,60,68.0,0,Materials.3,0.3578678979934566,0,8.0,0.0,PROJ_REAL_94.0_materials.3
PROJ_REAL_95.0,materials.3,60,64.0,0,Materials.3,0.0291877513210311,0,4.0,0.0,PROJ_REAL_95.0_materials.3
PROJ_REAL_96.0,materials.3,60,76.0,1,Materials.3,0.8701466610666105,0,16.0,240000.0,PROJ_REAL_96.0_materials.3
PROJ_REAL_97.0,materials.3,60,68.0,0,Materials.3,0.5081338403888342,0,8.0,0.0,PROJ_REAL_97.0_materials.3
PROJ_REAL_98.0,materials.3,60,80.0,1,Materials.3,0.9068316795942144,0,20.0,300000.0,PROJ_REAL_98.0_materials.3
PROJ_REAL_99.0,materials.3,60,72.0,1,Materials.3,0.6570720882373371,0,12.0,180000.0,PROJ_REAL_99.0_materials.3
PROJ_REAL_100.0,materials.3,60,72.0,1,Materials.3,0.6616635771763085,0,12.0,180000.0,PROJ_REAL_100.0_materials.3
PROJ_REAL_101.0,materials.3,60,76.0,1,Materials.3,0.8500843626397743,0,16.0,240000.0,PROJ_REAL_101.0_materials.3
PROJ_REAL_102.0,materials.3,60,76.0,1,Materials.3,1.0,0,16.0,240000.0,PROJ_REAL_102.0_materials.3
PROJ_REAL_103.0,materials.3,60,76.0,1,Materials.3,0.7509347478606524,0,16.0,240000.0,PROJ_REAL_103.0_materials.3
PROJ_REAL_104.0,materials.3,60,76.0,1,Materials.3,0.9015207301034804,0,16.0,240000.0,PROJ_REAL_104.0_materials.3
PROJ_REAL_105.0,materials.3,60,76.0,1,Materials.3,0.8331692174764895,0,16.0,240000.0,PROJ_REAL_105.0_materials.3
PROJ_REAL_106.0,materials.3,60,80.0,1,Materials.3,0.9971157740112526,0,20.0,300000.0,PROJ_REAL_106.0_materials.3
PROJ_REAL_107.0,materials.3,60,76.0,1,Materials.3,0.8670960244306111,0,16.0,240000.0,PROJ_REAL_107.0_materials.3
PROJ_REAL_108.0,materials.3,60,68.0,0,Materials.3,0.5068944768116225,0,8.0,0.0,PROJ_REAL_108.0_materials.3
PROJ_REAL_109.0,materials.3,60,76.0,1,Materials.3,0.7140404317883554,0,16.0,240000.0,PROJ_REAL_109.0_materials.3
PROJ_REAL_110.0,materials.3,60,68.0,0,Materials.3,0.4701585215346493,0,8.0,0.0,PROJ_REAL_110.0_materials.3
PROJ_REAL_111.0,materials.3,60,64.0,0,Materials.3,0.0970249727521975,0,4.0,0.0,PROJ_REAL_111.0_materials.3
PROJ_REAL_112.0,materials.3,60,76.0,1,Materials.3,0.8575762936408102,0,16.0,240000.0,PROJ_REAL_112.0_materials.3
PROJ_REAL_113.0,materials.3,60,72.0,1,Materials.3,0.8160963598406289,0,12.0,180000.0,PROJ_REAL_113.0_materials.3
PROJ_REAL_114.0,materials.3,60,72.0,1,Materials.3,0.5227340607194031,0,12.0,180000.0,PROJ_REAL_114.0_materials.3
PROJ_REAL_115.0,materials.3,60,72.0,1,Materials.3,0.5445110080072932,0,12.0,180000.0,PROJ_REAL_115.0_materials.3
PROJ_REAL_116.0,materials.3,60,76.0,1,Materials.3,0.786519915275806,0,16.0,240000.0,PROJ_REAL_116.0_materials.3
PROJ_REAL_117.0,materials.3,60,72.0,1,Materials.3,0.595293457985836,0,12.0,180000.0,PROJ_REAL_117.0_materials.3
PROJ_REAL_118.0,materials.3,60,64.0,0,Materials.3,0.171254919758964,0,4.0,0.0,PROJ_REAL_118.0_materials.3
PROJ_REAL_119.0,materials.3,60,80.0,1,Materials.3,0.9238546464832864,0,20.0,300000.0,PROJ_REAL_119.0_materials.3
PROJ_REAL_120.0,materials.3,60,64.0,0,Materials.3,0.1511483829294532,0,4.0,0.0,PROJ_REAL_120.0_materials.3
PROJ_REAL_121.0,materials.3,60,72.0,1,Materials.3,0.6213209345154217,0,12.0,180000.0,PROJ_REAL_121.0_materials.3
PROJ_REAL_122.0,materials.3,60,72.0,1,Materials.3,0.5639411226404504,0,12.0,180000.0,PROJ_REAL_122.0_materials.3
PROJ_REAL_123.0,materials.3,60,72.0,1,Materials.3,0.5126158660495432,0,12.0,180000.0,PROJ_REAL_123.0_materials.3
PROJ_REAL_124.0,materials.3,60,80.0,1,Materials.3,0.9169176293228156,0,20.0,300000.0,PROJ_REAL_124.0_materials.3
PROJ_REAL_125.0,materials.3,60,64.0,0,Materials.3,0.1816149929113718,0,4.0,0.0,PROJ_REAL_125.0_materials.3
PROJ_REAL_126.0,materials.3,60,72.0,1,Materials.3,0.6124763705646213,0,12.0,180000.0,PROJ_REAL_126.0_materials.3
PROJ_REAL_127.0,materials.3,60,72.0,1,Materials.3,0.4988564566675812,0,12.0,180000.0,PROJ_REAL_127.0_materials.3
PROJ_REAL_128.0,materials.3,60,72.0,1,Materials.3,0.5037766864491999,0,12.0,180000.0,PROJ_REAL_128.0_materials.3
PROJ_REAL_129.0,materials.3,60,76.0,1,Materials.3,0.9209608022810454,0,16.0,240000.0,PROJ_REAL_129.0_materials.3
PROJ_REAL_130.0,materials.3,60,72.0,1,Materials.3,0.5822914819206184,0,12.0,180000.0,PROJ_REAL_130.0_materials.3
PROJ_REAL_131.0,materials.3,60,68.0,0,Materials.3,0.3271780843665732,0,8.0,0.0,PROJ_REAL_131.0_materials.3
PROJ_REAL_132.0,materials.3,60,68.0,0,Materials.3,0.4493183578712784,0,8.0,0.0,PROJ_REAL_132.0_materials.3
PROJ_REAL_133.0,materials.3,60,68.0,0,Materials.3,0.3137061911645054,0,8.0,0.0,PROJ_REAL_133.0_materials.3
PROJ_REAL_134.0,materials.3,60,72.0,1,Materials.3,0.5231288210009065,0,12.0,180000.0,PROJ_REAL_134.0_materials.3
PROJ_REAL_135.0,materials.3,60,72.0,1,Materials.3,0.7067452735884365,0,12.0,180000.0,PROJ_REAL_135.0_materials.3
PROJ_REAL_136.0,materials.3,60,76.0,1,Materials.3,0.7889840112200717,0,16.0,240000.0,PROJ_REAL_136.0_materials.3
PROJ_REAL_137.0,materials.3,60,72.0,1,Materials.3,0.5982344614638552,0,12.0,180000.0,PROJ_REAL_137.0_materials.3
PROJ_REAL_138.0,materials.3,60,72.0,1,Materials.3,0.5871276769078634,0,12.0,180000.0,PROJ_REAL_138.0_materials.3
PROJ_REAL_139.0,materials.3,60,72.0,1,Materials.3,0.5654314588085497,0,12.0,180000.0,PROJ_REAL_139.0_materials.3
PROJ_REAL_140.0,materials.3,60,72.0,1,Materials.3,0.4099552992157769,0,12.0,180000.0,PROJ_REAL_140.0_materials.3
PROJ_REAL_141.0,materials.3,60,72.0,1,Materials.3,0.7794273841908734,0,12.0,180000.0,PROJ_REAL_141.0_materials.3
PROJ_REAL_142.0,materials.3,60,72.0,1,Materials.3,0.6715524719677679,0,12.0,180000.0,PROJ_REAL_142.0_materials.3
PROJ_REAL_143.0,materials.3,60,68.0,0,Materials.3,0.3694055375638911,0,8.0,0.0,PROJ_REAL_143.0_materials.3
PROJ_REAL_1.0,materials.4,60,64.0,0,Materials.4,0.0382952313593187,0,4.0,0.0,PROJ_REAL_1.0_materials.4
PROJ_REAL_2.0,materials.4,60,72.0,1,Materials.4,0.5959709753905708,0,12.0,180000.0,PROJ_REAL_2.0_materials.4
PROJ_REAL_3.0,materials.4,60,68.0,0,Materials.4,0.536723045776762,0,8.0,0.0,PROJ_REAL_3.0_materials.4
PROJ_REAL_4.0,materials.4,60,68.0,0,Materials.4,0.5373835615085004,0,8.0,0.0,PROJ_REAL_4.0_materials.4
PROJ_REAL_5.0,materials.4,60,68.0,0,Materials.4,0.3926239223513228,0,8.0,0.0,PROJ_REAL_5.0_materials.4
PROJ_REAL_6.0,materials.4,60,64.0,0,Materials.4,0.116871560986075,0,4.0,0.0,PROJ_REAL_6.0_materials.4
PROJ_REAL_7.0,materials.4,60,64.0,0,Materials.4,0.2243413550104167,0,4.0,0.0,PROJ_REAL_7.0_materials.4
PROJ_REAL_8.0,materials.4,60,64.0,0,Materials.4,0.2295949495442416,0,4.0,0.0,PROJ_REAL_8.0_materials.4
PROJ_REAL_9.0,materials.4,60,64.0,0,Materials.4,0.0,0,4.0,0.0,PROJ_REAL_9.0_materials.4
PROJ_REAL_10.0,materials.4,60,64.0,0,Materials.4,0.2055232850102075,0,4.0,0.0,PROJ_REAL_10.0_materials.4
PROJ_REAL_11.0,materials.4,60,64.0,0,Materials.4,0.1737252960902197,0,4.0,0.0,PROJ_REAL_11.0_materials.4
PROJ_REAL_12.0,materials.4,60,76.0,1,Materials.4,0.8211722375585169,0,16.0,240000.0,PROJ_REAL_12.0_materials.4
PROJ_REAL_13.0,materials.4,60,72.0,1,Materials.4,0.6206504856387278,0,12.0,180000.0,PROJ_REAL_13.0_materials.4
PROJ_REAL_14.0,materials.4,60,76.0,1,Materials.4,0.9085655492816744,0,16.0,240000.0,PROJ_REAL_14.0_materials.4
PROJ_REAL_15.0,materials.4,60,76.0,1,Materials.4,0.9061586311035066,0,16.0,240000.0,PROJ_REAL_15.0_materials.4
PROJ_REAL_16.0,materials.4,60,64.0,0,Materials.4,0.3484525907439987,0,4.0,0.0,PROJ_REAL_16.0_materials.4
PROJ_REAL_17.0,materials.4,60,76.0,1,Materials.4,0.871107464616875,0,16.0,240000.0,PROJ_REAL_17.0_materials.4
PROJ_REAL_18.0,materials.4,60,72.0,1,Materials.4,0.7491552781872559,0,12.0,180000.0,PROJ_REAL_18.0_materials.4
PROJ_REAL_19.0,materials.4,60,76.0,1,Materials.4,0.9607473459013012,0,16.0,240000.0,PROJ_REAL_19.0_materials.4
PROJ_REAL_20.0,materials.4,60,72.0,1,Materials.4,0.5942781052119331,0,12.0,180000.0,PROJ_REAL_20.0_materials.4
PROJ_REAL_21.0,materials.4,60,76.0,1,Materials.4,0.8118764236501503,0,16.0,240000.0,PROJ_REAL_21.0_materials.4
PROJ_REAL_22.0,materials.4,60,80.0,1,Materials.4,0.8831519307723755,0,20.0,300000.0,PROJ_REAL_22.0_materials.4
PROJ_REAL_23.0,materials.4,60,80.0,1,Materials.4,0.9628844569107792,0,20.0,300000.0,PROJ_REAL_23.0_materials.4
PROJ_REAL_24.0,materials.4,60,72.0,1,Materials.4,0.6266706949864275,0,12.0,180000.0,PROJ_REAL_24.0_materials.4
PROJ_REAL_25.0,materials.4,60,72.0,1,Materials.4,0.5430003856964439,0,12.0,180000.0,PROJ_REAL_25.0_materials.4
PROJ_REAL_26.0,materials.4,60,72.0,1,Materials.4,0.4731261886015386,0,12.0,180000.0,PROJ_REAL_26.0_materials.4
PROJ_REAL_27.0,materials.4,60,76.0,1,Materials.4,0.8487572960649638,0,16.0,240000.0,PROJ_REAL_27.0_materials.4
PROJ_REAL_28.0,materials.4,60,64.0,0,Materials.4,0.2162711456858301,0,4.0,0.0,PROJ_REAL_28.0_materials.4
PROJ_REAL_29.0,materials.4,60,64.0,0,Materials.4,0.1282485785508517,0,4.0,0.0,PROJ_REAL_29.0_materials.4
PROJ_REAL_30.0,materials.4,60,64.0,0,Materials.4,0.1251552576099744,0,4.0,0.0,PROJ_REAL_30.0_materials.4
PROJ_REAL_31.0,materials.4,60,72.0,1,Materials.4,0.682745950655886,0,12.0,180000.0,PROJ_REAL_31.0_materials.4
PROJ_REAL_32.0,materials.4,60,64.0,0,Materials.4,0.4108932219047034,0,4.0,0.0,PROJ_REAL_32.0_materials.4
PROJ_REAL_33.0,materials.4,60,76.0,1,Materials.4,0.7353871431710104,0,16.0,240000.0,PROJ_REAL_33.0_materials.4
PROJ_REAL_34.0,materials.4,60,68.0,0,Materials.4,0.455989271326544,0,8.0,0.0,PROJ_REAL_34.0_materials.4
PROJ_REAL_35.0,materials.4,60,72.0,1,Materials.4,0.6137565412791733,0,12.0,180000.0,PROJ_REAL_35.0_materials.4
PROJ_REAL_36.0,materials.4,60,68.0,0,Materials.4,0.5105768881023774,0,8.0,0.0,PROJ_REAL_36.0_materials.4
PROJ_REAL_37.0,materials.4,60,64.0,0,Materials.4,0.1295519612750636,0,4.0,0.0,PROJ_REAL_37.0_materials.4
PROJ_REAL_38.0,materials.4,60,72.0,1,Materials.4,0.6944141343597511,0,12.0,180000.0,PROJ_REAL_38.0_materials.4
PROJ_REAL_39.0,materials.4,60,72.0,1,Materials.4,0.4303755331908731,0,12.0,180000.0,PROJ_REAL_39.0_materials.4
PROJ_REAL_40.0,materials.4,60,64.0,0,Materials.4,0.3388219699689313,0,4.0,0.0,PROJ_REAL_40.0_materials.4
PROJ_REAL_41.0,materials.4,60,76.0,1,Materials.4,0.8169734769934729,0,16.0,240000.0,PROJ_REAL_41.0_materials.4
PROJ_REAL_42.0,materials.4,60,64.0,0,Materials.4,0.044656103295266,0,4.0,0.0,PROJ_REAL_42.0_materials.4
PROJ_REAL_43.0,materials.4,60,76.0,1,Materials.4,0.7496665003542397,0,16.0,240000.0,PROJ_REAL_43.0_materials.4
PROJ_REAL_44.0,materials.4,60,76.0,1,Materials.4,0.8626212398330081,0,16.0,240000.0,PROJ_REAL_44.0_materials.4
PROJ_REAL_45.0,materials.4,60,76.0,1,Materials.4,0.7978674260466,0,16.0,240000.0,PROJ_REAL_45.0_materials.4
PROJ_REAL_46.0,materials.4,60,76.0,1,Materials.4,0.8119485961725627,0,16.0,240000.0,PROJ_REAL_46.0_materials.4
PROJ_REAL_47.0,materials.4,60,72.0,1,Materials.4,0.4733500926691258,0,12.0,180000.0,PROJ_REAL_47.0_materials.4
PROJ_REAL_48.0,materials.4,60,68.0,0,Materials.4,0.2280628542468214,0,8.0,0.0,PROJ_REAL_48.0_materials.4
PROJ_REAL_49.0,materials.4,60,72.0,1,Materials.4,0.7097165779090437,0,12.0,180000.0,PROJ_REAL_49.0_materials.4
PROJ_REAL_50.0,materials.4,60,68.0,0,Materials.4,0.2705502213808446,0,8.0,0.0,PROJ_REAL_50.0_materials.4
PROJ_REAL_51.0,materials.4,60,72.0,1,Materials.4,0.7668837419126598,0,12.0,180000.0,PROJ_REAL_51.0_materials.4
PROJ_REAL_52.0,materials.4,60,68.0,0,Materials.4,0.2234314378395408,0,8.0,0.0,PROJ_REAL_52.0_materials.4
PROJ_REAL_53.0,materials.4,60,64.0,0,Materials.4,0.1933244003901627,0,4.0,0.0,PROJ_REAL_53.0_materials.4
PROJ_REAL_54.0,materials.4,60,76.0,1,Materials.4,0.7547984582557564,0,16.0,240000.0,PROJ_REAL_54.0_materials.4
PROJ_REAL_55.0,materials.4,60,76.0,1,Materials.4,0.615734577175855,0,16.0,240000.0,PROJ_REAL_55.0_materials.4
PROJ_REAL_56.0,materials.4,60,64.0,0,Materials.4,0.3953051671994797,0,4.0,0.0,PROJ_REAL_56.0_materials.4
PROJ_REAL_57.0,materials.4,60,76.0,1,Materials.4,0.7694684860734572,0,16.0,240000.0,PROJ_REAL_57.0_materials.4
PROJ_REAL_58.0,materials.4,60,76.0,1,Materials.4,0.8184382031858226,0,16.0,240000.0,PROJ_REAL_58.0_materials.4
PROJ_REAL_59.0,materials.4,60,76.0,1,Materials.4,0.848531256619546,0,16.0,240000.0,PROJ_REAL_59.0_materials.4
PROJ_REAL_60.0,materials.4,60,76.0,1,Materials.4,0.7485107955114259,0,16.0,240000.0,PROJ_REAL_60.0_materials.4
PROJ_REAL_61.0,materials.4,60,76.0,1,Materials.4,0.8012371292175122,0,16.0,240000.0,PROJ_REAL_61.0_materials.4
PROJ_REAL_62.0,materials.4,60,64.0,0,Materials.4,0.1492193685922832,0,4.0,0.0,PROJ_REAL_62.0_materials.4
PROJ_REAL_63.0,materials.4,60,76.0,1,Materials.4,0.780993018069528,0,16.0,240000.0,PROJ_REAL_63.0_materials.4
PROJ_REAL_64.0,materials.4,60,64.0,0,Materials.4,0.2214946179550594,0,4.0,0.0,PROJ_REAL_64.0_materials.4
PROJ_REAL_65.0,materials.4,60,72.0,1,Materials.4,0.7297412545902482,0,12.0,180000.0,PROJ_REAL_65.0_materials.4
PROJ_REAL_66.0,materials.4,60,80.0,1,Materials.4,1.0,0,20.0,300000.0,PROJ_REAL_66.0_materials.4
PROJ_REAL_67.0,materials.4,60,80.0,1,Materials.4,1.0,0,20.0,300000.0,PROJ_REAL_67.0_materials.4
PROJ_REAL_68.0,materials.4,60,72.0,1,Materials.4,0.6397867403245028,0,12.0,180000.0,PROJ_REAL_68.0_materials.4
PROJ_REAL_69.0,materials.4,60,64.0,0,Materials.4,0.1697561556359363,0,4.0,0.0,PROJ_REAL_69.0_materials.4
PROJ_REAL_70.0,materials.4,60,76.0,1,Materials.4,0.7985913617563399,0,16.0,240000.0,PROJ_REAL_70.0_materials.4
PROJ_REAL_71.0,materials.4,60,76.0,1,Materials.4,0.8572726317518637,0,16.0,240000.0,PROJ_REAL_71.0_materials.4
PROJ_REAL_72.0,materials.4,60,72.0,1,Materials.4,0.7283003842676427,0,12.0,180000.0,PROJ_REAL_72.0_materials.4
PROJ_REAL_73.0,materials.4,60,64.0,0,Materials.4,0.1814154101370242,0,4.0,0.0,PROJ_REAL_73.0_materials.4
PROJ_REAL_74.0,materials.4,60,72.0,1,Materials.4,0.7588492056410421,0,12.0,180000.0,PROJ_REAL_74.0_materials.4
PROJ_REAL_75.0,materials.4,60,72.0,1,Materials.4,0.6633490538265444,0,12.0,180000.0,PROJ_REAL_75.0_materials.4
PROJ_REAL_76.0,materials.4,60,64.0,0,Materials.4,0.2731874360937161,0,4.0,0.0,PROJ_REAL_76.0_materials.4
PROJ_REAL_77.0,materials.4,60,68.0,0,Materials.4,0.4010758724999544,0,8.0,0.0,PROJ_REAL_77.0_materials.4
PROJ_REAL_78.0,materials.4,60,80.0,1,Materials.4,0.8546404137405799,0,20.0,300000.0,PROJ_REAL_78.0_materials.4
PROJ_REAL_79.0,materials.4,60,64.0,0,Materials.4,0.0956024149356813,0,4.0,0.0,PROJ_REAL_79.0_materials.4
PROJ_REAL_80.0,materials.4,60,72.0,1,Materials.4,0.6985516218424414,0,12.0,180000.0,PROJ_REAL_80.0_materials.4
PROJ_REAL_81.0,materials.4,60,80.0,1,Materials.4,0.9741487957920169,0,20.0,300000.0,PROJ_REAL_81.0_materials.4
PROJ_REAL_82.0,materials.4,60,76.0,1,Materials.4,0.6460445437407025,0,16.0,240000.0,PROJ_REAL_82.0_materials.4
PROJ_REAL_83.0,materials.4,60,76.0,1,Materials.4,0.8477275718065637,0,16.0,240000.0,PROJ_REAL_83.0_materials.4
PROJ_REAL_84.0,materials.4,60,68.0,0,Materials.4,0.6446724018896751,0,8.0,0.0,PROJ_REAL_84.0_materials.4
PROJ_REAL_85.0,materials.4,60,64.0,0,Materials.4,0.3401921346856877,0,4.0,0.0,PROJ_REAL_85.0_materials.4
PROJ_REAL_86.0,materials.4,60,72.0,1,Materials.4,0.6184150893704132,0,12.0,180000.0,PROJ_REAL_86.0_materials.4
PROJ_REAL_87.0,materials.4,60,76.0,1,Materials.4,0.8181979055919935,0,16.0,240000.0,PROJ_REAL_87.0_materials.4
PROJ_REAL_88.0,materials.4,60,76.0,1,Materials.4,0.7018406219661445,0,16.0,240000.0,PROJ_REAL_88.0_materials.4
PROJ_REAL_89.0,materials.4,60,68.0,0,Materials.4,0.424056576218689,0,8.0,0.0,PROJ_REAL_89.0_materials.4
PROJ_REAL_90.0,materials.4,60,72.0,1,Materials.4,0.7919963371390233,0,12.0,180000.0,PROJ_REAL_90.0_materials.4
PROJ_REAL_91.0,materials.4,60,68.0,0,Materials.4,0.3017553558592685,0,8.0,0.0,PROJ_REAL_91.0_materials.4
PROJ_REAL_92.0,materials.4,60,72.0,1,Materials.4,0.7572052646988737,0,12.0,180000.0,PROJ_REAL_92.0_materials.4
PROJ_REAL_93.0,materials.4,60,72.0,1,Materials.4,0.5842330066052539,0,12.0,180000.0,PROJ_REAL_93.0_materials.4
PROJ_REAL_94.0,materials.4,60,72.0,1,Materials.4,0.5799669546398977,0,12.0,180000.0,PROJ_REAL_94.0_materials.4
PROJ_REAL_95.0,materials.4,60,68.0,0,Materials.4,0.4114047739288138,0,8.0,0.0,PROJ_REAL_95.0_materials.4
PROJ_REAL_96.0,materials.4,60,72.0,1,Materials.4,0.6273395961253014,0,12.0,180000.0,PROJ_REAL_96.0_materials.4
PROJ_REAL_97.0,materials.4,60,68.0,0,Materials.4,0.4628026052619805,0,8.0,0.0,PROJ_REAL_97.0_materials.4
PROJ_REAL_98.0,materials.4,60,76.0,1,Materials.4,0.7551326694808869,0,16.0,240000.0,PROJ_REAL_98.0_materials.4
PROJ_REAL_99.0,materials.4,60,76.0,1,Materials.4,0.8397499766589079,0,16.0,240000.0,PROJ_REAL_99.0_materials.4
PROJ_REAL_100.0,materials.4,60,68.0,0,Materials.4,0.3430332684214798,0,8.0,0.0,PROJ_REAL_100.0_materials.4
PROJ_REAL_101.0,materials.4,60,72.0,1,Materials.4,0.7885616846256804,0,12.0,180000.0,PROJ_REAL_101.0_materials.4
PROJ_REAL_102.0,materials.4,60,72.0,1,Materials.4,0.571253501708167,0,12.0,180000.0,PROJ_REAL_102.0_materials.4
PROJ_REAL_103.0,materials.4,60,76.0,1,Materials.4,0.6881150361842311,0,16.0,240000.0,PROJ_REAL_103.0_materials.4
PROJ_REAL_104.0,materials.4,60,80.0,1,Materials.4,1.0,0,20.0,300000.0,PROJ_REAL_104.0_materials.4
PROJ_REAL_105.0,materials.4,60,72.0,1,Materials.4,0.6408246392645373,0,12.0,180000.0,PROJ_REAL_105.0_materials.4
PROJ_REAL_106.0,materials.4,60,80.0,1,Materials.4,1.0,0,20.0,300000.0,PROJ_REAL_106.0_materials.4
PROJ_REAL_107.0,materials.4,60,68.0,0,Materials.4,0.2937659336004855,0,8.0,0.0,PROJ_REAL_107.0_materials.4
PROJ_REAL_108.0,materials.4,60,64.0,0,Materials.4,0.0914529825161342,0,4.0,0.0,PROJ_REAL_108.0_materials.4
PROJ_REAL_109.0,materials.4,60,80.0,1,Materials.4,1.0,0,20.0,300000.0,PROJ_REAL_109.0_materials.4
PROJ_REAL_110.0,materials.4,60,64.0,0,Materials.4,0.1198646721291227,0,4.0,0.0,PROJ_REAL_110.0_materials.4
PROJ_REAL_111.0,materials.4,60,68.0,0,Materials.4,0.3461394148802074,0,8.0,0.0,PROJ_REAL_111.0_materials.4
PROJ_REAL_112.0,materials.4,60,80.0,1,Materials.4,1.0,0,20.0,300000.0,PROJ_REAL_112.0_materials.4
PROJ_REAL_113.0,materials.4,60,72.0,1,Materials.4,0.6595222658276464,0,12.0,180000.0,PROJ_REAL_113.0_materials.4
PROJ_REAL_114.0,materials.4,60,72.0,1,Materials.4,0.6424803907582557,0,12.0,180000.0,PROJ_REAL_114.0_materials.4
PROJ_REAL_115.0,materials.4,60,72.0,1,Materials.4,0.5745639638336039,0,12.0,180000.0,PROJ_REAL_115.0_materials.4
PROJ_REAL_116.0,materials.4,60,72.0,1,Materials.4,0.8073672342187548,0,12.0,180000.0,PROJ_REAL_116.0_materials.4
PROJ_REAL_117.0,materials.4,60,68.0,0,Materials.4,0.2747072726883997,0,8.0,0.0,PROJ_REAL_117.0_materials.4
PROJ_REAL_118.0,materials.4,60,68.0,0,Materials.4,0.3296033747997994,0,8.0,0.0,PROJ_REAL_118.0_materials.4
PROJ_REAL_119.0,materials.4,60,80.0,1,Materials.4,1.0,0,20.0,300000.0,PROJ_REAL_119.0_materials.4
PROJ_REAL_120.0,materials.4,60,68.0,0,Materials.4,0.4394658373196295,0,8.0,0.0,PROJ_REAL_120.0_materials.4
PROJ_REAL_121.0,materials.4,60,76.0,1,Materials.4,0.7069635160282214,0,16.0,240000.0,PROJ_REAL_121.0_materials.4
PROJ_REAL_122.0,materials.4,60,72.0,1,Materials.4,0.3629654829667462,0,12.0,180000.0,PROJ_REAL_122.0_materials.4
PROJ_REAL_123.0,materials.4,60,72.0,1,Materials.4,0.801623894839461,0,12.0,180000.0,PROJ_REAL_123.0_materials.4
PROJ_REAL_124.0,materials.4,60,76.0,1,Materials.4,0.8997111482783693,0,16.0,240000.0,PROJ_REAL_124.0_materials.4
PROJ_REAL_125.0,materials.4,60,68.0,0,Materials.4,0.5539227073961628,0,8.0,0.0,PROJ_REAL_125.0_materials.4
PROJ_REAL_126.0,materials.4,60,72.0,1,Materials.4,0.4599660573085042,0,12.0,180000.0,PROJ_REAL_126.0_materials.4
PROJ_REAL_127.0,materials.4,60,72.0,1,Materials.4,0.5978869504093396,0,12.0,180000.0,PROJ_REAL_127.0_materials.4
PROJ_REAL_128.0,materials.4,60,72.0,1,Materials.4,0.6759783889899575,0,12.0,180000.0,PROJ_REAL_128.0_materials.4
PROJ_REAL_129.0,materials.4,60,76.0,1,Materials.4,0.7543762297240326,0,16.0,240000.0,PROJ_REAL_129.0_materials.4
PROJ_REAL_130.0,materials.4,60,64.0,0,Materials.4,0.2254614397767895,0,4.0,0.0,PROJ_REAL_130.0_materials.4
PROJ_REAL_131.0,materials.4,60,72.0,1,Materials.4,0.5805215516854838,0,12.0,180000.0,PROJ_REAL_131.0_materials.4
PROJ_REAL_132.0,materials.4,60,64.0,0,Materials.4,0.1364737368939726,0,4.0,0.0,PROJ_REAL_132.0_materials.4
PROJ_REAL_133.0,materials.4,60,64.0,0,Materials.4,0.0793010159236897,0,4.0,0.0,PROJ_REAL_133.0_materials.4
PROJ_REAL_134.0,materials.4,60,72.0,1,Materials.4,0.7468077013802878,0,12.0,180000.0,PROJ_REAL_134.0_materials.4
PROJ_REAL_135.0,materials.4,60,72.0,1,Materials.4,0.547411794148795,0,12.0,180000.0,PROJ_REAL_135.0_materials.4
PROJ_REAL_136.0,materials.4,60,76.0,1,Materials.4,0.7155682064212449,0,16.0,240000.0,PROJ_REAL_136.0_materials.4
PROJ_REAL_137.0,materials.4,60,76.0,1,Materials.4,0.6968417191155463,0,16.0,240000.0,PROJ_REAL_137.0_materials.4
PROJ_REAL_138.0,materials.4,60,64.0,0,Materials.4,0.2230294175220288,0,4.0,0.0,PROJ_REAL_138.0_materials.4
PROJ_REAL_139.0,materials.4,60,80.0,1,Materials.4,0.8861061572444178,0,20.0,300000.0,PROJ_REAL_139.0_materials.4
PROJ_REAL_140.0,materials.4,60,72.0,1,Materials.4,0.6410621908841555,0,12.0,180000.0,PROJ_REAL_140.0_materials.4
PROJ_REAL_141.0,materials.4,60,72.0,1,Materials.4,0.7188702935902055,0,12.0,180000.0,PROJ_REAL_141.0_materials.4
PROJ_REAL_142.0,materials.4,60,72.0,1,Materials.4,0.6050351722630312,0,12.0,180000.0,PROJ_REAL_142.0_materials.4
PROJ_REAL_143.0,materials.4,60,64.0,0,Materials.4,0.2661368123384255,0,4.0,0.0,PROJ_REAL_143.0_materials.4
PROJ_REAL_1.0,labor_and_equipment,60,64.0,0,Labor and Equipment,0.198899818508897,0,4.0,0.0,PROJ_REAL_1.0_labor_and_equipment
PROJ_REAL_2.0,labor_and_equipment,60,68.0,0,Labor and Equipment,0.268421772424354,0,8.0,0.0,PROJ_REAL_2.0_labor_and_equipment
PROJ_REAL_3.0,labor_and_equipment,60,68.0,0,Labor and Equipment,0.4042547682340218,0,8.0,0.0,PROJ_REAL_3.0_labor_and_equipment
PROJ_REAL_4.0,labor_and_equipment,60,68.0,0,Labor and Equipment,0.3804529617168449,0,8.0,0.0,PROJ_REAL_4.0_labor_and_equipment
PROJ_REAL_5.0,labor_and_equipment,60,68.0,0,Labor and Equipment,0.5610678907203234,0,8.0,0.0,PROJ_REAL_5.0_labor_and_equipment
PROJ_REAL_6.0,labor_and_equipment,60,68.0,0,Labor and Equipment,0.5166504418282537,0,8.0,0.0,PROJ_REAL_6.0_labor_and_equipment
PROJ_REAL_7.0,labor_and_equipment,60,64.0,0,Labor and Equipment,0.2355634984897197,0,4.0,0.0,PROJ_REAL_7.0_labor_and_equipment
PROJ_REAL_8.0,labor_and_equipment,60,64.0,0,Labor and Equipment,0.2246941903972859,0,4.0,0.0,PROJ_REAL_8.0_labor_and_equipment
PROJ_REAL_9.0,labor_and_equipment,60,64.0,0,Labor and Equipment,0.2486677909612296,0,4.0,0.0,PROJ_REAL_9.0_labor_and_equipment
PROJ_REAL_10.0,labor_and_equipment,60,64.0,0,Labor and Equipment,0.1445825173202943,0,4.0,0.0,PROJ_REAL_10.0_labor_and_equipment
PROJ_REAL_11.0,labor_and_equipment,60,80.0,1,Labor and Equipment,1.0,0,20.0,300000.0,PROJ_REAL_11.0_labor_and_equipment
PROJ_REAL_12.0,labor_and_equipment,60,72.0,1,Labor and Equipment,0.5111258948607741,0,12.0,180000.0,PROJ_REAL_12.0_labor_and_equipment
PROJ_REAL_13.0,labor_and_equipment,60,72.0,1,Labor and Equipment,0.5712565950318297,0,12.0,180000.0,PROJ_REAL_13.0_labor_and_equipment
PROJ_REAL_14.0,labor_and_equipment,60,72.0,1,Labor and Equipment,0.8498409153113259,0,12.0,180000.0,PROJ_REAL_14.0_labor_and_equipment
PROJ_REAL_15.0,labor_and_equipment,60,80.0,1,Labor and Equipment,1.0,0,20.0,300000.0,PROJ_REAL_15.0_labor_and_equipment
PROJ_REAL_16.0,labor_and_equipment,60,76.0,1,Labor and Equipment,0.9460612263322088,0,16.0,240000.0,PROJ_REAL_16.0_labor_and_equipment
PROJ_REAL_17.0,labor_and_equipment,60,80.0,1,Labor and Equipment,1.0,0,20.0,300000.0,PROJ_REAL_17.0_labor_and_equipment
PROJ_REAL_18.0,labor_and_equipment,60,76.0,1,Labor and Equipment,0.6897608344028383,0,16.0,240000.0,PROJ_REAL_18.0_labor_and_equipment
PROJ_REAL_19.0,labor_and_equipment,60,64.0,0,Labor and Equipment,0.1005349113773823,0,4.0,0.0,PROJ_REAL_19.0_labor_and_equipment
PROJ_REAL_20.0,labor_and_equipment,60,80.0,1,Labor and Equipment,1.0,0,20.0,300000.0,PROJ_REAL_20.0_labor_and_equipment
PROJ_REAL_21.0,labor_and_equipment,60,76.0,1,Labor and Equipment,0.8049847949872724,0,16.0,240000.0,PROJ_REAL_21.0_labor_and_equipment
PROJ_REAL_22.0,labor_and_equipment,60,76.0,1,Labor and Equipment,0.9045961072744616,0,16.0,240000.0,PROJ_REAL_22.0_labor_and_equipment
PROJ_REAL_23.0,labor_and_equipment,60,72.0,1,Labor and Equipment,0.5343501087093357,0,12.0,180000.0,PROJ_REAL_23.0_labor_and_equipment
PROJ_REAL_24.0,labor_and_equipment,60,72.0,1,Labor and Equipment,0.5774619901534759,0,12.0,180000.0,PROJ_REAL_24.0_labor_and_equipment
PROJ_REAL_25.0,labor_and_equipment,60,68.0,0,Labor and Equipment,0.4773747374436771,0,8.0,0.0,PROJ_REAL_25.0_labor_and_equipment
PROJ_REAL_26.0,labor_and_equipment,60,68.0,0,Labor and Equipment,0.4390235918525746,0,8.0,0.0,PROJ_REAL_26.0_labor_and_equipment
PROJ_REAL_27.0,labor_and_equipment,60,76.0,1,Labor and Equipment,0.7021494660921536,0,16.0,240000.0,PROJ_REAL_27.0_labor_and_equipment
PROJ_REAL_28.0,labor_and_equipment,60,72.0,1,Labor and Equipment,0.7535609389899562,0,12.0,180000.0,PROJ_REAL_28.0_labor_and_equipment
PROJ_REAL_29.0,labor_and_equipment,60,68.0,0,Labor and Equipment,0.3749747084636431,0,8.0,0.0,PROJ_REAL_29.0_labor_and_equipment
PROJ_REAL_30.0,labor_and_equipment,60,64.0,0,Labor and Equipment,0.0443991888335134,0,4.0,0.0,PROJ_REAL_30.0_labor_and_equipment
PROJ_REAL_31.0,labor_and_equipment,60,68.0,0,Labor and Equipment,0.5072953547128202,0,8.0,0.0,PROJ_REAL_31.0_labor_and_equipment
PROJ_REAL_32.0,labor_and_equipment,60,68.0,0,Labor and Equipment,0.3602963249422724,0,8.0,0.0,PROJ_REAL_32.0_labor_and_equipment
PROJ_REAL_33.0,labor_and_equipment,60,72.0,1,Labor and Equipment,0.6343775766152125,0,12.0,180000.0,PROJ_REAL_33.0_labor_and_equipment
PROJ_REAL_34.0,labor_and_equipment,60,68.0,0,Labor and Equipment,0.2481869684191497,0,8.0,0.0,PROJ_REAL_34.0_labor_and_equipment
PROJ_REAL_35.0,labor_and_equipment,60,68.0,0,Labor and Equipment,0.4372377304410269,0,8.0,0.0,PROJ_REAL_35.0_labor_and_equipment
PROJ_REAL_36.0,labor_and_equipment,60,68.0,0,Labor and Equipment,0.5292479617020942,0,8.0,0.0,PROJ_REAL_36.0_labor_and_equipment
PROJ_REAL_37.0,labor_and_equipment,60,76.0,1,Labor and Equipment,0.8121838296665614,0,16.0,240000.0,PROJ_REAL_37.0_labor_and_equipment
PROJ_REAL_38.0,labor_and_equipment,60,80.0,1,Labor and Equipment,0.7791986847348016,0,20.0,300000.0,PROJ_REAL_38.0_labor_and_equipment
PROJ_REAL_39.0,labor_and_equipment,60,68.0,0,Labor and Equipment,0.4668825279939827,0,8.0,0.0,PROJ_REAL_39.0_labor_and_equipment
PROJ_REAL_40.0,labor_and_equipment,60,76.0,1,Labor and Equipment,0.8637655413479713,0,16.0,240000.0,PROJ_REAL_40.0_labor_and_equipment
PROJ_REAL_41.0,labor_and_equipment,60,76.0,1,Labor and Equipment,0.7680172372929882,0,16.0,240000.0,PROJ_REAL_41.0_labor_and_equipment
PROJ_REAL_42.0,labor_and_equipment,60,76.0,1,Labor and Equipment,0.9043225432447944,0,16.0,240000.0,PROJ_REAL_42.0_labor_and_equipment
PROJ_REAL_43.0,labor_and_equipment,60,76.0,1,Labor and Equipment,0.8068087350173485,0,16.0,240000.0,PROJ_REAL_43.0_labor_and_equipment
PROJ_REAL_44.0,labor_and_equipment,60,76.0,1,Labor and Equipment,0.926401878921491,0,16.0,240000.0,PROJ_REAL_44.0_labor_and_equipment
PROJ_REAL_45.0,labor_and_equipment,60,76.0,1,Labor and Equipment,0.6262456024407043,0,16.0,240000.0,PROJ_REAL_45.0_labor_and_equipment
PROJ_REAL_46.0,labor_and_equipment,60,76.0,1,Labor and Equipment,0.7930467701396956,0,16.0,240000.0,PROJ_REAL_46.0_labor_and_equipment
PROJ_REAL_47.0,labor_and_equipment,60,80.0,1,Labor and Equipment,0.930155483609544,0,20.0,300000.0,PROJ_REAL_47.0_labor_and_equipment
PROJ_REAL_48.0,labor_and_equipment,60,76.0,1,Labor and Equipment,0.7639267538792804,0,16.0,240000.0,PROJ_REAL_48.0_labor_and_equipment
PROJ_REAL_49.0,labor_and_equipment,60,76.0,1,Labor and Equipment,0.7462361339035168,0,16.0,240000.0,PROJ_REAL_49.0_labor_and_equipment
PROJ_REAL_50.0,labor_and_equipment,60,80.0,1,Labor and Equipment,0.8736084864863469,0,20.0,300000.0,PROJ_REAL_50.0_labor_and_equipment
PROJ_REAL_51.0,labor_and_equipment,60,76.0,1,Labor and Equipment,0.6951857681893638,0,16.0,240000.0,PROJ_REAL_51.0_labor_and_equipment
PROJ_REAL_52.0,labor_and_equipment,60,80.0,1,Labor and Equipment,1.0,0,20.0,300000.0,PROJ_REAL_52.0_labor_and_equipment
PROJ_REAL_53.0,labor_and_equipment,60,76.0,1,Labor and Equipment,0.725353047347917,0,16.0,240000.0,PROJ_REAL_53.0_labor_and_equipment
PROJ_REAL_54.0,labor_and_equipment,60,76.0,1,Labor and Equipment,0.8943218686631873,0,16.0,240000.0,PROJ_REAL_54.0_labor_and_equipment
PROJ_REAL_55.0,labor_and_equipment,60,72.0,1,Labor and Equipment,0.7056291813451279,0,12.0,180000.0,PROJ_REAL_55.0_labor_and_equipment
PROJ_REAL_56.0,labor_and_equipment,60,80.0,1,Labor and Equipment,0.8257902223997696,0,20.0,300000.0,PROJ_REAL_56.0_labor_and_equipment
PROJ_REAL_57.0,labor_and_equipment,60,76.0,1,Labor and Equipment,0.7216423863588587,0,16.0,240000.0,PROJ_REAL_57.0_labor_and_equipment
PROJ_REAL_58.0,labor_and_equipment,60,76.0,1,Labor and Equipment,0.7252147162036869,0,16.0,240000.0,PROJ_REAL_58.0_labor_and_equipment
PROJ_REAL_59.0,labor_and_equipment,60,76.0,1,Labor and Equipment,0.8028991215937857,0,16.0,240000.0,PROJ_REAL_59.0_labor_and_equipment
PROJ_REAL_60.0,labor_and_equipment,60,76.0,1,Labor and Equipment,0.8638146396964501,0,16.0,240000.0,PROJ_REAL_60.0_labor_and_equipment
PROJ_REAL_61.0,labor_and_equipment,60,76.0,1,Labor and Equipment,0.7171046174309295,0,16.0,240000.0,PROJ_REAL_61.0_labor_and_equipment
PROJ_REAL_62.0,labor_and_equipment,60,76.0,1,Labor and Equipment,0.7721643625610461,0,16.0,240000.0,PROJ_REAL_62.0_labor_and_equipment
PROJ_REAL_63.0,labor_and_equipment,60,76.0,1,Labor and Equipment,0.7589686135411597,0,16.0,240000.0,PROJ_REAL_63.0_labor_and_equipment
PROJ_REAL_64.0,labor_and_equipment,60,72.0,1,Labor and Equipment,0.6660710360549659,0,12.0,180000.0,PROJ_REAL_64.0_labor_and_equipment
PROJ_REAL_65.0,labor_and_equipment,60,76.0,1,Labor and Equipment,0.792083334274373,0,16.0,240000.0,PROJ_REAL_65.0_labor_and_equipment
PROJ_REAL_66.0,labor_and_equipment,60,80.0,1,Labor and Equipment,1.0,0,20.0,300000.0,PROJ_REAL_66.0_labor_and_equipment
PROJ_REAL_67.0,labor_and_equipment,60,80.0,1,Labor and Equipment,0.9127633881782836,0,20.0,300000.0,PROJ_REAL_67.0_labor_and_equipment
PROJ_REAL_68.0,labor_and_equipment,60,72.0,1,Labor and Equipment,0.4149711420148755,0,12.0,180000.0,PROJ_REAL_68.0_labor_and_equipment
PROJ_REAL_69.0,labor_and_equipment,60,68.0,0,Labor and Equipment,0.5100363587545923,0,8.0,0.0,PROJ_REAL_69.0_labor_and_equipment
PROJ_REAL_70.0,labor_and_equipment,60,76.0,1,Labor and Equipment,0.8384705145422818,0,16.0,240000.0,PROJ_REAL_70.0_labor_and_equipment
PROJ_REAL_71.0,labor_and_equipment,60,76.0,1,Labor and Equipment,0.8833701714828719,0,16.0,240000.0,PROJ_REAL_71.0_labor_and_equipment
PROJ_REAL_72.0,labor_and_equipment,60,72.0,1,Labor and Equipment,0.6830071601567566,0,12.0,180000.0,PROJ_REAL_72.0_labor_and_equipment
PROJ_REAL_73.0,labor_and_equipment,60,80.0,1,Labor and Equipment,1.0,0,20.0,300000.0,PROJ_REAL_73.0_labor_and_equipment
PROJ_REAL_74.0,labor_and_equipment,60,76.0,1,Labor and Equipment,0.7876139189159574,0,16.0,240000.0,PROJ_REAL_74.0_labor_and_equipment
PROJ_REAL_75.0,labor_and_equipment,60,76.0,1,Labor and Equipment,0.8938999440285972,0,16.0,240000.0,PROJ_REAL_75.0_labor_and_equipment
PROJ_REAL_76.0,labor_and_equipment,60,64.0,0,Labor and Equipment,0.1662977305955378,0,4.0,0.0,PROJ_REAL_76.0_labor_and_equipment
PROJ_REAL_77.0,labor_and_equipment,60,80.0,1,Labor and Equipment,0.8801471912275938,0,20.0,300000.0,PROJ_REAL_77.0_labor_and_equipment
PROJ_REAL_78.0,labor_and_equipment,60,72.0,1,Labor and Equipment,0.6937305348745868,0,12.0,180000.0,PROJ_REAL_78.0_labor_and_equipment
PROJ_REAL_79.0,labor_and_equipment,60,72.0,1,Labor and Equipment,0.6835123512216504,0,12.0,180000.0,PROJ_REAL_79.0_labor_and_equipment
PROJ_REAL_80.0,labor_and_equipment,60,76.0,1,Labor and Equipment,0.7673782228701154,0,16.0,240000.0,PROJ_REAL_80.0_labor_and_equipment
PROJ_REAL_81.0,labor_and_equipment,60,80.0,1,Labor and Equipment,0.921915341377656,0,20.0,300000.0,PROJ_REAL_81.0_labor_and_equipment
PROJ_REAL_82.0,labor_and_equipment,60,80.0,1,Labor and Equipment,1.0,0,20.0,300000.0,PROJ_REAL_82.0_labor_and_equipment
PROJ_REAL_83.0,labor_and_equipment,60,76.0,1,Labor and Equipment,0.8359086652200649,0,16.0,240000.0,PROJ_REAL_83.0_labor_and_equipment
PROJ_REAL_84.0,labor_and_equipment,60,76.0,1,Labor and Equipment,0.7727975551588144,0,16.0,240000.0,PROJ_REAL_84.0_labor_and_equipment
PROJ_REAL_85.0,labor_and_equipment,60,72.0,1,Labor and Equipment,0.7554054416621344,0,12.0,180000.0,PROJ_REAL_85.0_labor_and_equipment
PROJ_REAL_86.0,labor_and_equipment,60,72.0,1,Labor and Equipment,0.765879509882583,0,12.0,180000.0,PROJ_REAL_86.0_labor_and_equipment
PROJ_REAL_87.0,labor_and_equipment,60,76.0,1,Labor and Equipment,0.8388021315374986,0,16.0,240000.0,PROJ_REAL_87.0_labor_and_equipment
PROJ_REAL_88.0,labor_and_equipment,60,76.0,1,Labor and Equipment,0.762620934712543,0,16.0,240000.0,PROJ_REAL_88.0_labor_and_equipment
PROJ_REAL_89.0,labor_and_equipment,60,76.0,1,Labor and Equipment,0.8431879121720804,0,16.0,240000.0,PROJ_REAL_89.0_labor_and_equipment
PROJ_REAL_90.0,labor_and_equipment,60,76.0,1,Labor and Equipment,0.8260531306045643,0,16.0,240000.0,PROJ_REAL_90.0_labor_and_equipment
PROJ_REAL_91.0,labor_and_equipment,60,76.0,1,Labor and Equipment,0.7599218487494965,0,16.0,240000.0,PROJ_REAL_91.0_labor_and_equipment
PROJ_REAL_92.0,labor_and_equipment,60,76.0,1,Labor and Equipment,0.7314381628811055,0,16.0,240000.0,PROJ_REAL_92.0_labor_and_equipment
PROJ_REAL_93.0,labor_and_equipment,60,76.0,1,Labor and Equipment,0.7293631508192561,0,16.0,240000.0,PROJ_REAL_93.0_labor_and_equipment
PROJ_REAL_94.0,labor_and_equipment,60,68.0,0,Labor and Equipment,0.448386854045475,0,8.0,0.0,PROJ_REAL_94.0_labor_and_equipment
PROJ_REAL_95.0,labor_and_equipment,60,72.0,1,Labor and Equipment,0.5909148181652352,0,12.0,180000.0,PROJ_REAL_95.0_labor_and_equipment
PROJ_REAL_96.0,labor_and_equipment,60,76.0,1,Labor and Equipment,0.7461522036818883,0,16.0,240000.0,PROJ_REAL_96.0_labor_and_equipment
PROJ_REAL_97.0,labor_and_equipment,60,76.0,1,Labor and Equipment,0.6807040789090344,0,16.0,240000.0,PROJ_REAL_97.0_labor_and_equipment
PROJ_REAL_98.0,labor_and_equipment,60,76.0,1,Labor and Equipment,0.7166463972243919,0,16.0,240000.0,PROJ_REAL_98.0_labor_and_equipment
PROJ_REAL_99.0,labor_and_equipment,60,76.0,1,Labor and Equipment,1.0,0,16.0,240000.0,PROJ_REAL_99.0_labor_and_equipment
PROJ_REAL_100.0,labor_and_equipment,60,76.0,1,Labor and Equipment,0.7307567135135103,0,16.0,240000.0,PROJ_REAL_100.0_labor_and_equipment
PROJ_REAL_101.0,labor_and_equipment,60,76.0,1,Labor and Equipment,0.8933956777066335,0,16.0,240000.0,PROJ_REAL_101.0_labor_and_equipment
PROJ_REAL_102.0,labor_and_equipment,60,76.0,1,Labor and Equipment,0.8448992553157069,0,16.0,240000.0,PROJ_REAL_102.0_labor_and_equipment
PROJ_REAL_103.0,labor_and_equipment,60,72.0,1,Labor and Equipment,0.5818045058848453,0,12.0,180000.0,PROJ_REAL_103.0_labor_and_equipment
PROJ_REAL_104.0,labor_and_equipment,60,72.0,1,Labor and Equipment,0.7148276358223756,0,12.0,180000.0,PROJ_REAL_104.0_labor_and_equipment
PROJ_REAL_105.0,labor_and_equipment,60,76.0,1,Labor and Equipment,0.7244321741898209,0,16.0,240000.0,PROJ_REAL_105.0_labor_and_equipment
PROJ_REAL_106.0,labor_and_equipment,60,76.0,1,Labor and Equipment,0.8137876527084039,0,16.0,240000.0,PROJ_REAL_106.0_labor_and_equipment
PROJ_REAL_107.0,labor_and_equipment,60,80.0,1,Labor and Equipment,0.8260631424578314,0,20.0,300000.0,PROJ_REAL_107.0_labor_and_equipment
PROJ_REAL_108.0,labor_and_equipment,60,64.0,0,Labor and Equipment,0.1387911079378393,0,4.0,0.0,PROJ_REAL_108.0_labor_and_equipment
PROJ_REAL_109.0,labor_and_equipment,60,80.0,1,Labor and Equipment,0.9522998321241924,0,20.0,300000.0,PROJ_REAL_109.0_labor_and_equipment
PROJ_REAL_110.0,labor_and_equipment,60,72.0,1,Labor and Equipment,0.4840375235194072,0,12.0,180000.0,PROJ_REAL_110.0_labor_and_equipment
PROJ_REAL_111.0,labor_and_equipment,60,72.0,1,Labor and Equipment,0.7460971158355983,0,12.0,180000.0,PROJ_REAL_111.0_labor_and_equipment
PROJ_REAL_112.0,labor_and_equipment,60,72.0,1,Labor and Equipment,0.6183709315253345,0,12.0,180000.0,PROJ_REAL_112.0_labor_and_equipment
PROJ_REAL_113.0,labor_and_equipment,60,76.0,1,Labor and Equipment,0.8276969846998887,0,16.0,240000.0,PROJ_REAL_113.0_labor_and_equipment
PROJ_REAL_114.0,labor_and_equipment,60,76.0,1,Labor and Equipment,0.712642283150979,0,16.0,240000.0,PROJ_REAL_114.0_labor_and_equipment
PROJ_REAL_115.0,labor_and_equipment,60,72.0,1,Labor and Equipment,0.6465336555156811,0,12.0,180000.0,PROJ_REAL_115.0_labor_and_equipment
PROJ_REAL_116.0,labor_and_equipment,60,76.0,1,Labor and Equipment,0.7929117637195338,0,16.0,240000.0,PROJ_REAL_116.0_labor_and_equipment
PROJ_REAL_117.0,labor_and_equipment,60,76.0,1,Labor and Equipment,0.8019261587920661,0,16.0,240000.0,PROJ_REAL_117.0_labor_and_equipment
PROJ_REAL_118.0,labor_and_equipment,60,72.0,1,Labor and Equipment,0.83448527159848,0,12.0,180000.0,PROJ_REAL_118.0_labor_and_equipment
PROJ_REAL_119.0,labor_and_equipment,60,76.0,1,Labor and Equipment,0.888989590734895,0,16.0,240000.0,PROJ_REAL_119.0_labor_and_equipment
PROJ_REAL_120.0,labor_and_equipment,60,72.0,1,Labor and Equipment,0.5187771197480507,0,12.0,180000.0,PROJ_REAL_120.0_labor_and_equipment
PROJ_REAL_121.0,labor_and_equipment,60,76.0,1,Labor and Equipment,1.0,0,16.0,240000.0,PROJ_REAL_121.0_labor_and_equipment
PROJ_REAL_122.0,labor_and_equipment,60,76.0,1,Labor and Equipment,0.8687022919689048,0,16.0,240000.0,PROJ_REAL_122.0_labor_and_equipment
PROJ_REAL_123.0,labor_and_equipment,60,76.0,1,Labor and Equipment,0.7976704655482613,0,16.0,240000.0,PROJ_REAL_123.0_labor_and_equipment
PROJ_REAL_124.0,labor_and_equipment,60,76.0,1,Labor and Equipment,0.7399412565600123,0,16.0,240000.0,PROJ_REAL_124.0_labor_and_equipment
PROJ_REAL_125.0,labor_and_equipment,60,72.0,1,Labor and Equipment,0.5472091749721154,0,12.0,180000.0,PROJ_REAL_125.0_labor_and_equipment
PROJ_REAL_126.0,labor_and_equipment,60,76.0,1,Labor and Equipment,0.7946116248222747,0,16.0,240000.0,PROJ_REAL_126.0_labor_and_equipment
PROJ_REAL_127.0,labor_and_equipment,60,76.0,1,Labor and Equipment,0.7677819173025464,0,16.0,240000.0,PROJ_REAL_127.0_labor_and_equipment
PROJ_REAL_128.0,labor_and_equipment,60,72.0,1,Labor and Equipment,0.4493573724221832,0,12.0,180000.0,PROJ_REAL_128.0_labor_and_equipment
PROJ_REAL_129.0,labor_and_equipment,60,76.0,1,Labor and Equipment,0.6682881881261171,0,16.0,240000.0,PROJ_REAL_129.0_labor_and_equipment
PROJ_REAL_130.0,labor_and_equipment,60,68.0,0,Labor and Equipment,0.2897947642983072,0,8.0,0.0,PROJ_REAL_130.0_labor_and_equipment
PROJ_REAL_131.0,labor_and_equipment,60,76.0,1,Labor and Equipment,0.7618220253272083,0,16.0,240000.0,PROJ_REAL_131.0_labor_and_equipment
PROJ_REAL_132.0,labor_and_equipment,60,72.0,1,Labor and Equipment,0.7461187449190578,0,12.0,180000.0,PROJ_REAL_132.0_labor_and_equipment
PROJ_REAL_133.0,labor_and_equipment,60,64.0,0,Labor and Equipment,0.3077543203671915,0,4.0,0.0,PROJ_REAL_133.0_labor_and_equipment
PROJ_REAL_134.0,labor_and_equipment,60,76.0,1,Labor and Equipment,0.8136084520711474,0,16.0,240000.0,PROJ_REAL_134.0_labor_and_equipment
PROJ_REAL_135.0,labor_and_equipment,60,72.0,1,Labor and Equipment,0.4827289082224194,0,12.0,180000.0,PROJ_REAL_135.0_labor_and_equipment
PROJ_REAL_136.0,labor_and_equipment,60,76.0,1,Labor and Equipment,0.6811825291438797,0,16.0,240000.0,PROJ_REAL_136.0_labor_and_equipment
PROJ_REAL_137.0,labor_and_equipment,60,76.0,1,Labor and Equipment,0.8398025463099186,0,16.0,240000.0,PROJ_REAL_137.0_labor_and_equipment
PROJ_REAL_138.0,labor_and_equipment,60,68.0,0,Labor and Equipment,0.5997387269750948,0,8.0,0.0,PROJ_REAL_138.0_labor_and_equipment
PROJ_REAL_139.0,labor_and_equipment,60,80.0,1,Labor and Equipment,1.0,0,20.0,300000.0,PROJ_REAL_139.0_labor_and_equipment
PROJ_REAL_140.0,labor_and_equipment,60,76.0,1,Labor and Equipment,0.9232688102065382,0,16.0,240000.0,PROJ_REAL_140.0_labor_and_equipment
PROJ_REAL_141.0,labor_and_equipment,60,76.0,1,Labor and Equipment,0.8301960329088865,0,16.0,240000.0,PROJ_REAL_141.0_labor_and_equipment
PROJ_REAL_142.0,labor_and_equipment,60,76.0,1,Labor and Equipment,0.8753503789784886,0,16.0,240000.0,PROJ_REAL_142.0_labor_and_equipment
PROJ_REAL_143.0,labor_and_equipment,60,68.0,0,Labor and Equipment,0.2872586047783037,0,8.0,0.0,PROJ_REAL_143.0_labor_and_equipment
PROJ_REAL_1.0,labor_and_equipment.1,60,64.0,0,Labor and Equipment.1,0.2717574995266733,0,4.0,0.0,PROJ_REAL_1.0_labor_and_equipment.1
PROJ_REAL_2.0,labor_and_equipment.1,60,68.0,0,Labor and Equipment.1,0.4039927151904027,0,8.0,0.0,PROJ_REAL_2.0_labor_and_equipment.1
PROJ_REAL_3.0,labor_and_equipment.1,60,64.0,0,Labor and Equipment.1,0.0115234489390894,0,4.0,0.0,PROJ_REAL_3.0_labor_and_equipment.1
PROJ_REAL_4.0,labor_and_equipment.1,60,72.0,1,Labor and Equipment.1,0.4377312312229943,0,12.0,180000.0,PROJ_REAL_4.0_labor_and_equipment.1
PROJ_REAL_5.0,labor_and_equipment.1,60,64.0,0,Labor and Equipment.1,0.2577522999204122,0,4.0,0.0,PROJ_REAL_5.0_labor_and_equipment.1
PROJ_REAL_6.0,labor_and_equipment.1,60,68.0,0,Labor and Equipment.1,0.3325835835141862,0,8.0,0.0,PROJ_REAL_6.0_labor_and_equipment.1
PROJ_REAL_7.0,labor_and_equipment.1,60,64.0,0,Labor and Equipment.1,0.2561629130349573,0,4.0,0.0,PROJ_REAL_7.0_labor_and_equipment.1
PROJ_REAL_8.0,labor_and_equipment.1,60,64.0,0,Labor and Equipment.1,0.0,0,4.0,0.0,PROJ_REAL_8.0_labor_and_equipment.1
PROJ_REAL_9.0,labor_and_equipment.1,60,64.0,0,Labor and Equipment.1,0.258853871931019,0,4.0,0.0,PROJ_REAL_9.0_labor_and_equipment.1
PROJ_REAL_10.0,labor_and_equipment.1,60,64.0,0,Labor and Equipment.1,0.3037604742823374,0,4.0,0.0,PROJ_REAL_10.0_labor_and_equipment.1
PROJ_REAL_11.0,labor_and_equipment.1,60,64.0,0,Labor and Equipment.1,0.1572980573103933,0,4.0,0.0,PROJ_REAL_11.0_labor_and_equipment.1
PROJ_REAL_12.0,labor_and_equipment.1,60,72.0,1,Labor and Equipment.1,0.5026065741161916,0,12.0,180000.0,PROJ_REAL_12.0_labor_and_equipment.1
PROJ_REAL_13.0,labor_and_equipment.1,60,76.0,1,Labor and Equipment.1,0.8932797768509422,0,16.0,240000.0,PROJ_REAL_13.0_labor_and_equipment.1
PROJ_REAL_14.0,labor_and_equipment.1,60,72.0,1,Labor and Equipment.1,0.6813565156029998,0,12.0,180000.0,PROJ_REAL_14.0_labor_and_equipment.1
PROJ_REAL_15.0,labor_and_equipment.1,60,76.0,1,Labor and Equipment.1,1.0,0,16.0,240000.0,PROJ_REAL_15.0_labor_and_equipment.1
PROJ_REAL_16.0,labor_and_equipment.1,60,68.0,0,Labor and Equipment.1,0.5344665498611598,0,8.0,0.0,PROJ_REAL_16.0_labor_and_equipment.1
PROJ_REAL_17.0,labor_and_equipment.1,60,80.0,1,Labor and Equipment.1,1.0,0,20.0,300000.0,PROJ_REAL_17.0_labor_and_equipment.1
PROJ_REAL_18.0,labor_and_equipment.1,60,76.0,1,Labor and Equipment.1,0.8304691986612888,0,16.0,240000.0,PROJ_REAL_18.0_labor_and_equipment.1
PROJ_REAL_19.0,labor_and_equipment.1,60,68.0,0,Labor and Equipment.1,0.2371899392598004,0,8.0,0.0,PROJ_REAL_19.0_labor_and_equipment.1
PROJ_REAL_20.0,labor_and_equipment.1,60,76.0,1,Labor and Equipment.1,0.7411528096186434,0,16.0,240000.0,PROJ_REAL_20.0_labor_and_equipment.1
PROJ_REAL_21.0,labor_and_equipment.1,60,72.0,1,Labor and Equipment.1,0.672118966194746,0,12.0,180000.0,PROJ_REAL_21.0_labor_and_equipment.1
PROJ_REAL_22.0,labor_and_equipment.1,60,80.0,1,Labor and Equipment.1,0.935412848036504,0,20.0,300000.0,PROJ_REAL_22.0_labor_and_equipment.1
PROJ_REAL_23.0,labor_and_equipment.1,60,80.0,1,Labor and Equipment.1,0.9487113342746832,0,20.0,300000.0,PROJ_REAL_23.0_labor_and_equipment.1
PROJ_REAL_24.0,labor_and_equipment.1,60,76.0,1,Labor and Equipment.1,0.6005135551493697,0,16.0,240000.0,PROJ_REAL_24.0_labor_and_equipment.1
PROJ_REAL_25.0,labor_and_equipment.1,60,72.0,1,Labor and Equipment.1,0.7660356386708684,0,12.0,180000.0,PROJ_REAL_25.0_labor_and_equipment.1
PROJ_REAL_26.0,labor_and_equipment.1,60,64.0,0,Labor and Equipment.1,0.1482342194901564,0,4.0,0.0,PROJ_REAL_26.0_labor_and_equipment.1
PROJ_REAL_27.0,labor_and_equipment.1,60,76.0,1,Labor and Equipment.1,0.5044037282628445,0,16.0,240000.0,PROJ_REAL_27.0_labor_and_equipment.1
PROJ_REAL_28.0,labor_and_equipment.1,60,72.0,1,Labor and Equipment.1,0.5863595867263939,0,12.0,180000.0,PROJ_REAL_28.0_labor_and_equipment.1
PROJ_REAL_29.0,labor_and_equipment.1,60,68.0,0,Labor and Equipment.1,0.2658351805347468,0,8.0,0.0,PROJ_REAL_29.0_labor_and_equipment.1
PROJ_REAL_30.0,labor_and_equipment.1,60,64.0,0,Labor and Equipment.1,0.3601374197788617,0,4.0,0.0,PROJ_REAL_30.0_labor_and_equipment.1
PROJ_REAL_31.0,labor_and_equipment.1,60,72.0,1,Labor and Equipment.1,0.4814861941767498,0,12.0,180000.0,PROJ_REAL_31.0_labor_and_equipment.1
PROJ_REAL_32.0,labor_and_equipment.1,60,68.0,0,Labor and Equipment.1,0.2143411357517711,0,8.0,0.0,PROJ_REAL_32.0_labor_and_equipment.1
PROJ_REAL_33.0,labor_and_equipment.1,60,72.0,1,Labor and Equipment.1,0.5502421802691004,0,12.0,180000.0,PROJ_REAL_33.0_labor_and_equipment.1
PROJ_REAL_34.0,labor_and_equipment.1,60,64.0,0,Labor and Equipment.1,0.2196195100774029,0,4.0,0.0,PROJ_REAL_34.0_labor_and_equipment.1
PROJ_REAL_35.0,labor_and_equipment.1,60,68.0,0,Labor and Equipment.1,0.5800619223555564,0,8.0,0.0,PROJ_REAL_35.0_labor_and_equipment.1
PROJ_REAL_36.0,labor_and_equipment.1,60,72.0,1,Labor and Equipment.1,0.4090037777016247,0,12.0,180000.0,PROJ_REAL_36.0_labor_and_equipment.1
PROJ_REAL_37.0,labor_and_equipment.1,60,76.0,1,Labor and Equipment.1,0.8264334729268384,0,16.0,240000.0,PROJ_REAL_37.0_labor_and_equipment.1
PROJ_REAL_38.0,labor_and_equipment.1,60,80.0,1,Labor and Equipment.1,0.9456574831879032,0,20.0,300000.0,PROJ_REAL_38.0_labor_and_equipment.1
PROJ_REAL_39.0,labor_and_equipment.1,60,72.0,1,Labor and Equipment.1,0.5292975557278737,0,12.0,180000.0,PROJ_REAL_39.0_labor_and_equipment.1
PROJ_REAL_40.0,labor_and_equipment.1,60,76.0,1,Labor and Equipment.1,0.8245822877557254,0,16.0,240000.0,PROJ_REAL_40.0_labor_and_equipment.1
PROJ_REAL_41.0,labor_and_equipment.1,60,80.0,1,Labor and Equipment.1,0.8282439932882921,0,20.0,300000.0,PROJ_REAL_41.0_labor_and_equipment.1
PROJ_REAL_42.0,labor_and_equipment.1,60,76.0,1,Labor and Equipment.1,0.612757252742224,0,16.0,240000.0,PROJ_REAL_42.0_labor_and_equipment.1
PROJ_REAL_43.0,labor_and_equipment.1,60,80.0,1,Labor and Equipment.1,1.0,0,20.0,300000.0,PROJ_REAL_43.0_labor_and_equipment.1
PROJ_REAL_44.0,labor_and_equipment.1,60,80.0,1,Labor and Equipment.1,1.0,0,20.0,300000.0,PROJ_REAL_44.0_labor_and_equipment.1
PROJ_REAL_45.0,labor_and_equipment.1,60,80.0,1,Labor and Equipment.1,0.9665455251959256,0,20.0,300000.0,PROJ_REAL_45.0_labor_and_equipment.1
PROJ_REAL_46.0,labor_and_equipment.1,60,80.0,1,Labor and Equipment.1,1.0,0,20.0,300000.0,PROJ_REAL_46.0_labor_and_equipment.1
PROJ_REAL_47.0,labor_and_equipment.1,60,80.0,1,Labor and Equipment.1,1.0,0,20.0,300000.0,PROJ_REAL_47.0_labor_and_equipment.1
PROJ_REAL_48.0,labor_and_equipment.1,60,76.0,1,Labor and Equipment.1,0.8482822366548871,0,16.0,240000.0,PROJ_REAL_48.0_labor_and_equipment.1
PROJ_REAL_49.0,labor_and_equipment.1,60,80.0,1,Labor and Equipment.1,0.8336146302838051,0,20.0,300000.0,PROJ_REAL_49.0_labor_and_equipment.1
PROJ_REAL_50.0,labor_and_equipment.1,60,80.0,1,Labor and Equipment.1,0.9063921587983694,0,20.0,300000.0,PROJ_REAL_50.0_labor_and_equipment.1
PROJ_REAL_51.0,labor_and_equipment.1,60,76.0,1,Labor and Equipment.1,0.9030013721133155,0,16.0,240000.0,PROJ_REAL_51.0_labor_and_equipment.1
PROJ_REAL_52.0,labor_and_equipment.1,60,80.0,1,Labor and Equipment.1,0.9611921327570044,0,20.0,300000.0,PROJ_REAL_52.0_labor_and_equipment.1
PROJ_REAL_53.0,labor_and_equipment.1,60,76.0,1,Labor and Equipment.1,0.8915783943112232,0,16.0,240000.0,PROJ_REAL_53.0_labor_and_equipment.1
PROJ_REAL_54.0,labor_and_equipment.1,60,80.0,1,Labor and Equipment.1,0.9539368944118708,0,20.0,300000.0,PROJ_REAL_54.0_labor_and_equipment.1
PROJ_REAL_55.0,labor_and_equipment.1,60,68.0,0,Labor and Equipment.1,0.3974776757611813,0,8.0,0.0,PROJ_REAL_55.0_labor_and_equipment.1
PROJ_REAL_56.0,labor_and_equipment.1,60,80.0,1,Labor and Equipment.1,0.9561927531765892,0,20.0,300000.0,PROJ_REAL_56.0_labor_and_equipment.1
PROJ_REAL_57.0,labor_and_equipment.1,60,76.0,1,Labor and Equipment.1,0.7376781629426625,0,16.0,240000.0,PROJ_REAL_57.0_labor_and_equipment.1
PROJ_REAL_58.0,labor_and_equipment.1,60,76.0,1,Labor and Equipment.1,0.9908878441276034,0,16.0,240000.0,PROJ_REAL_58.0_labor_and_equipment.1
PROJ_REAL_59.0,labor_and_equipment.1,60,76.0,1,Labor and Equipment.1,0.6816282669428336,0,16.0,240000.0,PROJ_REAL_59.0_labor_and_equipment.1
PROJ_REAL_60.0,labor_and_equipment.1,60,80.0,1,Labor and Equipment.1,0.8659118946647735,0,20.0,300000.0,PROJ_REAL_60.0_labor_and_equipment.1
PROJ_REAL_61.0,labor_and_equipment.1,60,80.0,1,Labor and Equipment.1,1.0,0,20.0,300000.0,PROJ_REAL_61.0_labor_and_equipment.1
PROJ_REAL_62.0,labor_and_equipment.1,60,76.0,1,Labor and Equipment.1,0.8570251167459163,0,16.0,240000.0,PROJ_REAL_62.0_labor_and_equipment.1
PROJ_REAL_63.0,labor_and_equipment.1,60,76.0,1,Labor and Equipment.1,0.923149340600854,0,16.0,240000.0,PROJ_REAL_63.0_labor_and_equipment.1
PROJ_REAL_64.0,labor_and_equipment.1,60,72.0,1,Labor and Equipment.1,0.6224921271797116,0,12.0,180000.0,PROJ_REAL_64.0_labor_and_equipment.1
PROJ_REAL_65.0,labor_and_equipment.1,60,76.0,1,Labor and Equipment.1,0.8158293916883659,0,16.0,240000.0,PROJ_REAL_65.0_labor_and_equipment.1
PROJ_REAL_66.0,labor_and_equipment.1,60,80.0,1,Labor and Equipment.1,1.0,0,20.0,300000.0,PROJ_REAL_66.0_labor_and_equipment.1
PROJ_REAL_67.0,labor_and_equipment.1,60,80.0,1,Labor and Equipment.1,0.9050423934576348,0,20.0,300000.0,PROJ_REAL_67.0_labor_and_equipment.1
PROJ_REAL_68.0,labor_and_equipment.1,60,76.0,1,Labor and Equipment.1,1.0,0,16.0,240000.0,PROJ_REAL_68.0_labor_and_equipment.1
PROJ_REAL_69.0,labor_and_equipment.1,60,72.0,1,Labor and Equipment.1,0.5946493721110702,0,12.0,180000.0,PROJ_REAL_69.0_labor_and_equipment.1
PROJ_REAL_70.0,labor_and_equipment.1,60,76.0,1,Labor and Equipment.1,0.7441216640994974,0,16.0,240000.0,PROJ_REAL_70.0_labor_and_equipment.1
PROJ_REAL_71.0,labor_and_equipment.1,60,76.0,1,Labor and Equipment.1,0.8858963878436659,0,16.0,240000.0,PROJ_REAL_71.0_labor_and_equipment.1
PROJ_REAL_72.0,labor_and_equipment.1,60,68.0,0,Labor and Equipment.1,0.2548194861763412,0,8.0,0.0,PROJ_REAL_72.0_labor_and_equipment.1
PROJ_REAL_73.0,labor_and_equipment.1,60,80.0,1,Labor and Equipment.1,1.0,0,20.0,300000.0,PROJ_REAL_73.0_labor_and_equipment.1
PROJ_REAL_74.0,labor_and_equipment.1,60,76.0,1,Labor and Equipment.1,0.6711170316871052,0,16.0,240000.0,PROJ_REAL_74.0_labor_and_equipment.1
PROJ_REAL_75.0,labor_and_equipment.1,60,76.0,1,Labor and Equipment.1,0.7374237250406694,0,16.0,240000.0,PROJ_REAL_75.0_labor_and_equipment.1
PROJ_REAL_76.0,labor_and_equipment.1,60,64.0,0,Labor and Equipment.1,0.4828006853731201,0,4.0,0.0,PROJ_REAL_76.0_labor_and_equipment.1
PROJ_REAL_77.0,labor_and_equipment.1,60,76.0,1,Labor and Equipment.1,0.8581750221112991,0,16.0,240000.0,PROJ_REAL_77.0_labor_and_equipment.1
PROJ_REAL_78.0,labor_and_equipment.1,60,72.0,1,Labor and Equipment.1,0.8174060609785408,0,12.0,180000.0,PROJ_REAL_78.0_labor_and_equipment.1
PROJ_REAL_79.0,labor_and_equipment.1,60,72.0,1,Labor and Equipment.1,0.6851571859428085,0,12.0,180000.0,PROJ_REAL_79.0_labor_and_equipment.1
PROJ_REAL_80.0,labor_and_equipment.1,60,76.0,1,Labor and Equipment.1,0.7726747158187003,0,16.0,240000.0,PROJ_REAL_80.0_labor_and_equipment.1
PROJ_REAL_81.0,labor_and_equipment.1,60,80.0,1,Labor and Equipment.1,0.9169506589778458,0,20.0,300000.0,PROJ_REAL_81.0_labor_and_equipment.1
PROJ_REAL_82.0,labor_and_equipment.1,60,80.0,1,Labor and Equipment.1,1.0,0,20.0,300000.0,PROJ_REAL_82.0_labor_and_equipment.1
PROJ_REAL_83.0,labor_and_equipment.1,60,76.0,1,Labor and Equipment.1,0.828909748355875,0,16.0,240000.0,PROJ_REAL_83.0_labor_and_equipment.1
PROJ_REAL_84.0,labor_and_equipment.1,60,76.0,1,Labor and Equipment.1,0.7125956354757831,0,16.0,240000.0,PROJ_REAL_84.0_labor_and_equipment.1
PROJ_REAL_85.0,labor_and_equipment.1,60,76.0,1,Labor and Equipment.1,0.7122334956895451,0,16.0,240000.0,PROJ_REAL_85.0_labor_and_equipment.1
PROJ_REAL_86.0,labor_and_equipment.1,60,72.0,1,Labor and Equipment.1,0.6159783835712223,0,12.0,180000.0,PROJ_REAL_86.0_labor_and_equipment.1
PROJ_REAL_87.0,labor_and_equipment.1,60,76.0,1,Labor and Equipment.1,0.8465500535195836,0,16.0,240000.0,PROJ_REAL_87.0_labor_and_equipment.1
PROJ_REAL_88.0,labor_and_equipment.1,60,80.0,1,Labor and Equipment.1,1.0,0,20.0,300000.0,PROJ_REAL_88.0_labor_and_equipment.1
PROJ_REAL_89.0,labor_and_equipment.1,60,72.0,1,Labor and Equipment.1,0.7604601129488222,0,12.0,180000.0,PROJ_REAL_89.0_labor_and_equipment.1
PROJ_REAL_90.0,labor_and_equipment.1,60,76.0,1,Labor and Equipment.1,0.7962028888917185,0,16.0,240000.0,PROJ_REAL_90.0_labor_and_equipment.1
PROJ_REAL_91.0,labor_and_equipment.1,60,76.0,1,Labor and Equipment.1,0.8212582359026439,0,16.0,240000.0,PROJ_REAL_91.0_labor_and_equipment.1
PROJ_REAL_92.0,labor_and_equipment.1,60,76.0,1,Labor and Equipment.1,0.6119639323127533,0,16.0,240000.0,PROJ_REAL_92.0_labor_and_equipment.1
PROJ_REAL_93.0,labor_and_equipment.1,60,76.0,1,Labor and Equipment.1,0.8455266685593708,0,16.0,240000.0,PROJ_REAL_93.0_labor_and_equipment.1
PROJ_REAL_94.0,labor_and_equipment.1,60,76.0,1,Labor and Equipment.1,0.6477666587607077,0,16.0,240000.0,PROJ_REAL_94.0_labor_and_equipment.1
PROJ_REAL_95.0,labor_and_equipment.1,60,72.0,1,Labor and Equipment.1,0.3966660478311592,0,12.0,180000.0,PROJ_REAL_95.0_labor_and_equipment.1
PROJ_REAL_96.0,labor_and_equipment.1,60,80.0,1,Labor and Equipment.1,0.8305482157822714,0,20.0,300000.0,PROJ_REAL_96.0_labor_and_equipment.1
PROJ_REAL_97.0,labor_and_equipment.1,60,76.0,1,Labor and Equipment.1,0.7034027530113092,0,16.0,240000.0,PROJ_REAL_97.0_labor_and_equipment.1
PROJ_REAL_98.0,labor_and_equipment.1,60,76.0,1,Labor and Equipment.1,0.8199281988746727,0,16.0,240000.0,PROJ_REAL_98.0_labor_and_equipment.1
PROJ_REAL_99.0,labor_and_equipment.1,60,76.0,1,Labor and Equipment.1,0.8426286477450035,0,16.0,240000.0,PROJ_REAL_99.0_labor_and_equipment.1
PROJ_REAL_100.0,labor_and_equipment.1,60,76.0,1,Labor and Equipment.1,0.7492427651011956,0,16.0,240000.0,PROJ_REAL_100.0_labor_and_equipment.1
PROJ_REAL_101.0,labor_and_equipment.1,60,76.0,1,Labor and Equipment.1,0.7684904683674425,0,16.0,240000.0,PROJ_REAL_101.0_labor_and_equipment.1
PROJ_REAL_102.0,labor_and_equipment.1,60,80.0,1,Labor and Equipment.1,1.0,0,20.0,300000.0,PROJ_REAL_102.0_labor_and_equipment.1
PROJ_REAL_103.0,labor_and_equipment.1,60,76.0,1,Labor and Equipment.1,0.8491287401058669,0,16.0,240000.0,PROJ_REAL_103.0_labor_and_equipment.1
PROJ_REAL_104.0,labor_and_equipment.1,60,72.0,1,Labor and Equipment.1,0.6773022334210063,0,12.0,180000.0,PROJ_REAL_104.0_labor_and_equipment.1
PROJ_REAL_105.0,labor_and_equipment.1,60,80.0,1,Labor and Equipment.1,0.8810461772686509,0,20.0,300000.0,PROJ_REAL_105.0_labor_and_equipment.1
PROJ_REAL_106.0,labor_and_equipment.1,60,76.0,1,Labor and Equipment.1,0.7772444834231677,0,16.0,240000.0,PROJ_REAL_106.0_labor_and_equipment.1
PROJ_REAL_107.0,labor_and_equipment.1,60,76.0,1,Labor and Equipment.1,0.660390448112887,0,16.0,240000.0,PROJ_REAL_107.0_labor_and_equipment.1
PROJ_REAL_108.0,labor_and_equipment.1,60,64.0,0,Labor and Equipment.1,0.2286279388374782,0,4.0,0.0,PROJ_REAL_108.0_labor_and_equipment.1
PROJ_REAL_109.0,labor_and_equipment.1,60,80.0,1,Labor and Equipment.1,0.9895793590887648,0,20.0,300000.0,PROJ_REAL_109.0_labor_and_equipment.1
PROJ_REAL_110.0,labor_and_equipment.1,60,72.0,1,Labor and Equipment.1,0.5345817718221746,0,12.0,180000.0,PROJ_REAL_110.0_labor_and_equipment.1
PROJ_REAL_111.0,labor_and_equipment.1,60,72.0,1,Labor and Equipment.1,0.7544045437557922,0,12.0,180000.0,PROJ_REAL_111.0_labor_and_equipment.1
PROJ_REAL_112.0,labor_and_equipment.1,60,72.0,1,Labor and Equipment.1,0.6626055577328858,0,12.0,180000.0,PROJ_REAL_112.0_labor_and_equipment.1
PROJ_REAL_113.0,labor_and_equipment.1,60,76.0,1,Labor and Equipment.1,0.7982135601736124,0,16.0,240000.0,PROJ_REAL_113.0_labor_and_equipment.1
PROJ_REAL_114.0,labor_and_equipment.1,60,76.0,1,Labor and Equipment.1,0.7243498446572478,0,16.0,240000.0,PROJ_REAL_114.0_labor_and_equipment.1
PROJ_REAL_115.0,labor_and_equipment.1,60,68.0,0,Labor and Equipment.1,0.3994206226405736,0,8.0,0.0,PROJ_REAL_115.0_labor_and_equipment.1
PROJ_REAL_116.0,labor_and_equipment.1,60,76.0,1,Labor and Equipment.1,0.6454965551747339,0,16.0,240000.0,PROJ_REAL_116.0_labor_and_equipment.1
PROJ_REAL_117.0,labor_and_equipment.1,60,76.0,1,Labor and Equipment.1,0.6985054832150654,0,16.0,240000.0,PROJ_REAL_117.0_labor_and_equipment.1
PROJ_REAL_118.0,labor_and_equipment.1,60,72.0,1,Labor and Equipment.1,0.5093630297218219,0,12.0,180000.0,PROJ_REAL_118.0_labor_and_equipment.1
PROJ_REAL_119.0,labor_and_equipment.1,60,76.0,1,Labor and Equipment.1,0.5860270393697318,0,16.0,240000.0,PROJ_REAL_119.0_labor_and_equipment.1
PROJ_REAL_120.0,labor_and_equipment.1,60,72.0,1,Labor and Equipment.1,0.6323461582507994,0,12.0,180000.0,PROJ_REAL_120.0_labor_and_equipment.1
PROJ_REAL_121.0,labor_and_equipment.1,60,76.0,1,Labor and Equipment.1,0.7782906565009252,0,16.0,240000.0,PROJ_REAL_121.0_labor_and_equipment.1
PROJ_REAL_122.0,labor_and_equipment.1,60,76.0,1,Labor and Equipment.1,0.9774344963666296,0,16.0,240000.0,PROJ_REAL_122.0_labor_and_equipment.1
PROJ_REAL_123.0,labor_and_equipment.1,60,76.0,1,Labor and Equipment.1,0.848314142018358,0,16.0,240000.0,PROJ_REAL_123.0_labor_and_equipment.1
PROJ_REAL_124.0,labor_and_equipment.1,60,76.0,1,Labor and Equipment.1,0.8062242390109228,0,16.0,240000.0,PROJ_REAL_124.0_labor_and_equipment.1
PROJ_REAL_125.0,labor_and_equipment.1,60,72.0,1,Labor and Equipment.1,0.4705827786905571,0,12.0,180000.0,PROJ_REAL_125.0_labor_and_equipment.1
PROJ_REAL_126.0,labor_and_equipment.1,60,76.0,1,Labor and Equipment.1,0.8094750962711845,0,16.0,240000.0,PROJ_REAL_126.0_labor_and_equipment.1
PROJ_REAL_127.0,labor_and_equipment.1,60,76.0,1,Labor and Equipment.1,0.805145315426527,0,16.0,240000.0,PROJ_REAL_127.0_labor_and_equipment.1
PROJ_REAL_128.0,labor_and_equipment.1,60,68.0,0,Labor and Equipment.1,0.4768103492954426,0,8.0,0.0,PROJ_REAL_128.0_labor_and_equipment.1
PROJ_REAL_129.0,labor_and_equipment.1,60,76.0,1,Labor and Equipment.1,0.8943180297848674,0,16.0,240000.0,PROJ_REAL_129.0_labor_and_equipment.1
PROJ_REAL_130.0,labor_and_equipment.1,60,72.0,1,Labor and Equipment.1,0.6639973084517519,0,12.0,180000.0,PROJ_REAL_130.0_labor_and_equipment.1
PROJ_REAL_131.0,labor_and_equipment.1,60,76.0,1,Labor and Equipment.1,0.8271670232908106,0,16.0,240000.0,PROJ_REAL_131.0_labor_and_equipment.1
PROJ_REAL_132.0,labor_and_equipment.1,60,72.0,1,Labor and Equipment.1,0.6775402938196805,0,12.0,180000.0,PROJ_REAL_132.0_labor_and_equipment.1
PROJ_REAL_133.0,labor_and_equipment.1,60,64.0,0,Labor and Equipment.1,0.1948563575272233,0,4.0,0.0,PROJ_REAL_133.0_labor_and_equipment.1
PROJ_REAL_134.0,labor_and_equipment.1,60,76.0,1,Labor and Equipment.1,0.7550902480559305,0,16.0,240000.0,PROJ_REAL_134.0_labor_and_equipment.1
PROJ_REAL_135.0,labor_and_equipment.1,60,68.0,0,Labor and Equipment.1,0.5325641980557807,0,8.0,0.0,PROJ_REAL_135.0_labor_and_equipment.1
PROJ_REAL_136.0,labor_and_equipment.1,60,76.0,1,Labor and Equipment.1,0.8764328629503768,0,16.0,240000.0,PROJ_REAL_136.0_labor_and_equipment.1
PROJ_REAL_137.0,labor_and_equipment.1,60,76.0,1,Labor and Equipment.1,1.0,0,16.0,240000.0,PROJ_REAL_137.0_labor_and_equipment.1
PROJ_REAL_138.0,labor_and_equipment.1,60,72.0,1,Labor and Equipment.1,0.6532055451624569,0,12.0,180000.0,PROJ_REAL_138.0_labor_and_equipment.1
PROJ_REAL_139.0,labor_and_equipment.1,60,80.0,1,Labor and Equipment.1,1.0,0,20.0,300000.0,PROJ_REAL_139.0_labor_and_equipment.1
PROJ_REAL_140.0,labor_and_equipment.1,60,76.0,1,Labor and Equipment.1,0.7158103430340357,0,16.0,240000.0,PROJ_REAL_140.0_labor_and_equipment.1
PROJ_REAL_141.0,labor_and_equipment.1,60,76.0,1,Labor and Equipment.1,0.785823293994242,0,16.0,240000.0,PROJ_REAL_141.0_labor_and_equipment.1
PROJ_REAL_142.0,labor_and_equipment.1,60,76.0,1,Labor and Equipment.1,0.7818709148354491,0,16.0,240000.0,PROJ_REAL_142.0_labor_and_equipment.1
PROJ_REAL_143.0,labor_and_equipment.1,60,68.0,0,Labor and Equipment.1,0.4694489595140277,0,8.0,0.0,PROJ_REAL_143.0_labor_and_equipment.1
PROJ_REAL_1.0,labor_and_equipment.2,60,64.0,0,Labor and Equipment.2,0.2598652777531431,0,4.0,0.0,PROJ_REAL_1.0_labor_and_equipment.2
PROJ_REAL_2.0,labor_and_equipment.2,60,68.0,0,Labor and Equipment.2,0.4333329033150822,0,8.0,0.0,PROJ_REAL_2.0_labor_and_equipment.2
PROJ_REAL_3.0,labor_and_equipment.2,60,68.0,0,Labor and Equipment.2,0.4243356658301692,0,8.0,0.0,PROJ_REAL_3.0_labor_and_equipment.2
PROJ_REAL_4.0,labor_and_equipment.2,60,76.0,1,Labor and Equipment.2,0.989954720008835,0,16.0,240000.0,PROJ_REAL_4.0_labor_and_equipment.2
PROJ_REAL_5.0,labor_and_equipment.2,60,68.0,0,Labor and Equipment.2,0.4853980993227711,0,8.0,0.0,PROJ_REAL_5.0_labor_and_equipment.2
PROJ_REAL_6.0,labor_and_equipment.2,60,68.0,0,Labor and Equipment.2,0.3205821867498652,0,8.0,0.0,PROJ_REAL_6.0_labor_and_equipment.2
PROJ_REAL_7.0,labor_and_equipment.2,60,64.0,0,Labor and Equipment.2,0.2431627574015478,0,4.0,0.0,PROJ_REAL_7.0_labor_and_equipment.2
PROJ_REAL_8.0,labor_and_equipment.2,60,64.0,0,Labor and Equipment.2,0.2458201900300965,0,4.0,0.0,PROJ_REAL_8.0_labor_and_equipment.2
PROJ_REAL_9.0,labor_and_equipment.2,60,64.0,0,Labor and Equipment.2,0.0544976336450535,0,4.0,0.0,PROJ_REAL_9.0_labor_and_equipment.2
PROJ_REAL_10.0,labor_and_equipment.2,60,64.0,0,Labor and Equipment.2,0.2715424003793126,0,4.0,0.0,PROJ_REAL_10.0_labor_and_equipment.2
PROJ_REAL_11.0,labor_and_equipment.2,60,76.0,1,Labor and Equipment.2,0.8451426365675382,0,16.0,240000.0,PROJ_REAL_11.0_labor_and_equipment.2
PROJ_REAL_12.0,labor_and_equipment.2,60,76.0,1,Labor and Equipment.2,0.6715721576068393,0,16.0,240000.0,PROJ_REAL_12.0_labor_and_equipment.2
PROJ_REAL_13.0,labor_and_equipment.2,60,80.0,1,Labor and Equipment.2,1.0,0,20.0,300000.0,PROJ_REAL_13.0_labor_and_equipment.2
PROJ_REAL_14.0,labor_and_equipment.2,60,76.0,1,Labor and Equipment.2,0.7869120436056503,0,16.0,240000.0,PROJ_REAL_14.0_labor_and_equipment.2
PROJ_REAL_15.0,labor_and_equipment.2,60,80.0,1,Labor and Equipment.2,1.0,0,20.0,300000.0,PROJ_REAL_15.0_labor_and_equipment.2
PROJ_REAL_16.0,labor_and_equipment.2,60,72.0,1,Labor and Equipment.2,0.8162634161767851,0,12.0,180000.0,PROJ_REAL_16.0_labor_and_equipment.2
PROJ_REAL_17.0,labor_and_equipment.2,60,80.0,1,Labor and Equipment.2,1.0,0,20.0,300000.0,PROJ_REAL_17.0_labor_and_equipment.2
PROJ_REAL_18.0,labor_and_equipment.2,60,76.0,1,Labor and Equipment.2,0.7889824883657506,0,16.0,240000.0,PROJ_REAL_18.0_labor_and_equipment.2
PROJ_REAL_19.0,labor_and_equipment.2,60,64.0,0,Labor and Equipment.2,0.2029212019510979,0,4.0,0.0,PROJ_REAL_19.0_labor_and_equipment.2
PROJ_REAL_20.0,labor_and_equipment.2,60,76.0,1,Labor and Equipment.2,0.7906167104001666,0,16.0,240000.0,PROJ_REAL_20.0_labor_and_equipment.2
PROJ_REAL_21.0,labor_and_equipment.2,60,76.0,1,Labor and Equipment.2,0.8170616045962968,0,16.0,240000.0,PROJ_REAL_21.0_labor_and_equipment.2
PROJ_REAL_22.0,labor_and_equipment.2,60,76.0,1,Labor and Equipment.2,0.750389886647367,0,16.0,240000.0,PROJ_REAL_22.0_labor_and_equipment.2
PROJ_REAL_23.0,labor_and_equipment.2,60,64.0,0,Labor and Equipment.2,0.2651471606784411,0,4.0,0.0,PROJ_REAL_23.0_labor_and_equipment.2
PROJ_REAL_24.0,labor_and_equipment.2,60,76.0,1,Labor and Equipment.2,0.6264150215755921,0,16.0,240000.0,PROJ_REAL_24.0_labor_and_equipment.2
PROJ_REAL_25.0,labor_and_equipment.2,60,72.0,1,Labor and Equipment.2,0.4757349303533344,0,12.0,180000.0,PROJ_REAL_25.0_labor_and_equipment.2
PROJ_REAL_26.0,labor_and_equipment.2,60,72.0,1,Labor and Equipment.2,0.5885050652605158,0,12.0,180000.0,PROJ_REAL_26.0_labor_and_equipment.2
PROJ_REAL_27.0,labor_and_equipment.2,60,72.0,1,Labor and Equipment.2,0.6510409905012934,0,12.0,180000.0,PROJ_REAL_27.0_labor_and_equipment.2
PROJ_REAL_28.0,labor_and_equipment.2,60,72.0,1,Labor and Equipment.2,0.5545029536277604,0,12.0,180000.0,PROJ_REAL_28.0_labor_and_equipment.2
PROJ_REAL_29.0,labor_and_equipment.2,60,72.0,1,Labor and Equipment.2,0.6714159755852208,0,12.0,180000.0,PROJ_REAL_29.0_labor_and_equipment.2
PROJ_REAL_30.0,labor_and_equipment.2,60,64.0,0,Labor and Equipment.2,0.1921386372730003,0,4.0,0.0,PROJ_REAL_30.0_labor_and_equipment.2
PROJ_REAL_31.0,labor_and_equipment.2,60,68.0,0,Labor and Equipment.2,0.2942952528210297,0,8.0,0.0,PROJ_REAL_31.0_labor_and_equipment.2
PROJ_REAL_32.0,labor_and_equipment.2,60,72.0,1,Labor and Equipment.2,0.5468889483092106,0,12.0,180000.0,PROJ_REAL_32.0_labor_and_equipment.2
PROJ_REAL_33.0,labor_and_equipment.2,60,68.0,0,Labor and Equipment.2,0.4359974521160149,0,8.0,0.0,PROJ_REAL_33.0_labor_and_equipment.2
PROJ_REAL_34.0,labor_and_equipment.2,60,68.0,0,Labor and Equipment.2,0.444324648804012,0,8.0,0.0,PROJ_REAL_34.0_labor_and_equipment.2
PROJ_REAL_35.0,labor_and_equipment.2,60,68.0,0,Labor and Equipment.2,0.5428026014784045,0,8.0,0.0,PROJ_REAL_35.0_labor_and_equipment.2
PROJ_REAL_36.0,labor_and_equipment.2,60,68.0,0,Labor and Equipment.2,0.5071257688846317,0,8.0,0.0,PROJ_REAL_36.0_labor_and_equipment.2
PROJ_REAL_37.0,labor_and_equipment.2,60,76.0,1,Labor and Equipment.2,0.7875409813834237,0,16.0,240000.0,PROJ_REAL_37.0_labor_and_equipment.2
PROJ_REAL_38.0,labor_and_equipment.2,60,80.0,1,Labor and Equipment.2,1.0,0,20.0,300000.0,PROJ_REAL_38.0_labor_and_equipment.2
PROJ_REAL_39.0,labor_and_equipment.2,60,68.0,0,Labor and Equipment.2,0.3435729582236757,0,8.0,0.0,PROJ_REAL_39.0_labor_and_equipment.2
PROJ_REAL_40.0,labor_and_equipment.2,60,76.0,1,Labor and Equipment.2,0.6674953444663094,0,16.0,240000.0,PROJ_REAL_40.0_labor_and_equipment.2
PROJ_REAL_41.0,labor_and_equipment.2,60,76.0,1,Labor and Equipment.2,0.6437132920386623,0,16.0,240000.0,PROJ_REAL_41.0_labor_and_equipment.2
PROJ_REAL_42.0,labor_and_equipment.2,60,76.0,1,Labor and Equipment.2,0.7843965106691573,0,16.0,240000.0,PROJ_REAL_42.0_labor_and_equipment.2
PROJ_REAL_43.0,labor_and_equipment.2,60,76.0,1,Labor and Equipment.2,0.7920843891110271,0,16.0,240000.0,PROJ_REAL_43.0_labor_and_equipment.2
PROJ_REAL_44.0,labor_and_equipment.2,60,76.0,1,Labor and Equipment.2,0.7282481113063572,0,16.0,240000.0,PROJ_REAL_44.0_labor_and_equipment.2
PROJ_REAL_45.0,labor_and_equipment.2,60,76.0,1,Labor and Equipment.2,0.7833740695895155,0,16.0,240000.0,PROJ_REAL_45.0_labor_and_equipment.2
PROJ_REAL_46.0,labor_and_equipment.2,60,76.0,1,Labor and Equipment.2,0.9434590805167252,0,16.0,240000.0,PROJ_REAL_46.0_labor_and_equipment.2
PROJ_REAL_47.0,labor_and_equipment.2,60,80.0,1,Labor and Equipment.2,0.98060854817567,0,20.0,300000.0,PROJ_REAL_47.0_labor_and_equipment.2
PROJ_REAL_48.0,labor_and_equipment.2,60,72.0,1,Labor and Equipment.2,0.5763253271471906,0,12.0,180000.0,PROJ_REAL_48.0_labor_and_equipment.2
PROJ_REAL_49.0,labor_and_equipment.2,60,72.0,1,Labor and Equipment.2,0.6159297486071336,0,12.0,180000.0,PROJ_REAL_49.0_labor_and_equipment.2
PROJ_REAL_50.0,labor_and_equipment.2,60,80.0,1,Labor and Equipment.2,0.9952325382296522,0,20.0,300000.0,PROJ_REAL_50.0_labor_and_equipment.2
PROJ_REAL_51.0,labor_and_equipment.2,60,72.0,1,Labor and Equipment.2,0.4755990736709382,0,12.0,180000.0,PROJ_REAL_51.0_labor_and_equipment.2
PROJ_REAL_52.0,labor_and_equipment.2,60,80.0,1,Labor and Equipment.2,1.0,0,20.0,300000.0,PROJ_REAL_52.0_labor_and_equipment.2
PROJ_REAL_53.0,labor_and_equipment.2,60,76.0,1,Labor and Equipment.2,0.8137608227531842,0,16.0,240000.0,PROJ_REAL_53.0_labor_and_equipment.2
PROJ_REAL_54.0,labor_and_equipment.2,60,76.0,1,Labor and Equipment.2,0.7171010944262163,0,16.0,240000.0,PROJ_REAL_54.0_labor_and_equipment.2
PROJ_REAL_55.0,labor_and_equipment.2,60,72.0,1,Labor and Equipment.2,0.6163115092091157,0,12.0,180000.0,PROJ_REAL_55.0_labor_and_equipment.2
PROJ_REAL_56.0,labor_and_equipment.2,60,72.0,1,Labor and Equipment.2,0.5760162113092875,0,12.0,180000.0,PROJ_REAL_56.0_labor_and_equipment.2
PROJ_REAL_57.0,labor_and_equipment.2,60,76.0,1,Labor and Equipment.2,0.9366146050920924,0,16.0,240000.0,PROJ_REAL_57.0_labor_and_equipment.2
PROJ_REAL_58.0,labor_and_equipment.2,60,76.0,1,Labor and Equipment.2,0.8062692019941138,0,16.0,240000.0,PROJ_REAL_58.0_labor_and_equipment.2
PROJ_REAL_59.0,labor_and_equipment.2,60,76.0,1,Labor and Equipment.2,0.8492593027729128,0,16.0,240000.0,PROJ_REAL_59.0_labor_and_equipment.2
PROJ_REAL_60.0,labor_and_equipment.2,60,76.0,1,Labor and Equipment.2,0.8909361012305461,0,16.0,240000.0,PROJ_REAL_60.0_labor_and_equipment.2
PROJ_REAL_61.0,labor_and_equipment.2,60,76.0,1,Labor and Equipment.2,0.7887122857269594,0,16.0,240000.0,PROJ_REAL_61.0_labor_and_equipment.2
PROJ_REAL_62.0,labor_and_equipment.2,60,76.0,1,Labor and Equipment.2,0.8281095749191777,0,16.0,240000.0,PROJ_REAL_62.0_labor_and_equipment.2
PROJ_REAL_63.0,labor_and_equipment.2,60,76.0,1,Labor and Equipment.2,0.8873870221513277,0,16.0,240000.0,PROJ_REAL_63.0_labor_and_equipment.2
PROJ_REAL_64.0,labor_and_equipment.2,60,68.0,0,Labor and Equipment.2,0.5137162074414913,0,8.0,0.0,PROJ_REAL_64.0_labor_and_equipment.2
PROJ_REAL_65.0,labor_and_equipment.2,60,76.0,1,Labor and Equipment.2,0.796657716360309,0,16.0,240000.0,PROJ_REAL_65.0_labor_and_equipment.2
PROJ_REAL_66.0,labor_and_equipment.2,60,80.0,1,Labor and Equipment.2,0.7422098386416793,0,20.0,300000.0,PROJ_REAL_66.0_labor_and_equipment.2
PROJ_REAL_67.0,labor_and_equipment.2,60,80.0,1,Labor and Equipment.2,1.0,0,20.0,300000.0,PROJ_REAL_67.0_labor_and_equipment.2
PROJ_REAL_68.0,labor_and_equipment.2,60,72.0,1,Labor and Equipment.2,0.6591220898496041,0,12.0,180000.0,PROJ_REAL_68.0_labor_and_equipment.2
PROJ_REAL_69.0,labor_and_equipment.2,60,72.0,1,Labor and Equipment.2,0.5624081880373195,0,12.0,180000.0,PROJ_REAL_69.0_labor_and_equipment.2
PROJ_REAL_70.0,labor_and_equipment.2,60,76.0,1,Labor and Equipment.2,0.8431739542558778,0,16.0,240000.0,PROJ_REAL_70.0_labor_and_equipment.2
PROJ_REAL_71.0,labor_and_equipment.2,60,76.0,1,Labor and Equipment.2,0.8281110779627968,0,16.0,240000.0,PROJ_REAL_71.0_labor_and_equipment.2
PROJ_REAL_72.0,labor_and_equipment.2,60,72.0,1,Labor and Equipment.2,0.6094425294037605,0,12.0,180000.0,PROJ_REAL_72.0_labor_and_equipment.2
PROJ_REAL_73.0,labor_and_equipment.2,60,80.0,1,Labor and Equipment.2,0.9964752876752736,0,20.0,300000.0,PROJ_REAL_73.0_labor_and_equipment.2
PROJ_REAL_74.0,labor_and_equipment.2,60,80.0,1,Labor and Equipment.2,1.0,0,20.0,300000.0,PROJ_REAL_74.0_labor_and_equipment.2
PROJ_REAL_75.0,labor_and_equipment.2,60,72.0,1,Labor and Equipment.2,0.4948407359485246,0,12.0,180000.0,PROJ_REAL_75.0_labor_and_equipment.2
PROJ_REAL_76.0,labor_and_equipment.2,60,72.0,1,Labor and Equipment.2,0.7142894302230348,0,12.0,180000.0,PROJ_REAL_76.0_labor_and_equipment.2
PROJ_REAL_77.0,labor_and_equipment.2,60,76.0,1,Labor and Equipment.2,0.7052145379274007,0,16.0,240000.0,PROJ_REAL_77.0_labor_and_equipment.2
PROJ_REAL_78.0,labor_and_equipment.2,60,72.0,1,Labor and Equipment.2,0.5792342394370966,0,12.0,180000.0,PROJ_REAL_78.0_labor_and_equipment.2
PROJ_REAL_79.0,labor_and_equipment.2,60,64.0,0,Labor and Equipment.2,0.0766369727206856,0,4.0,0.0,PROJ_REAL_79.0_labor_and_equipment.2
PROJ_REAL_80.0,labor_and_equipment.2,60,76.0,1,Labor and Equipment.2,0.7396524298807649,0,16.0,240000.0,PROJ_REAL_80.0_labor_and_equipment.2
PROJ_REAL_81.0,labor_and_equipment.2,60,76.0,1,Labor and Equipment.2,0.5989309966362678,0,16.0,240000.0,PROJ_REAL_81.0_labor_and_equipment.2
PROJ_REAL_82.0,labor_and_equipment.2,60,80.0,1,Labor and Equipment.2,1.0,0,20.0,300000.0,PROJ_REAL_82.0_labor_and_equipment.2
PROJ_REAL_83.0,labor_and_equipment.2,60,76.0,1,Labor and Equipment.2,0.8246292548549721,0,16.0,240000.0,PROJ_REAL_83.0_labor_and_equipment.2
PROJ_REAL_84.0,labor_and_equipment.2,60,76.0,1,Labor and Equipment.2,0.8136291929018645,0,16.0,240000.0,PROJ_REAL_84.0_labor_and_equipment.2
PROJ_REAL_85.0,labor_and_equipment.2,60,64.0,0,Labor and Equipment.2,0.1477320008515776,0,4.0,0.0,PROJ_REAL_85.0_labor_and_equipment.2
PROJ_REAL_86.0,labor_and_equipment.2,60,72.0,1,Labor and Equipment.2,0.544735219666808,0,12.0,180000.0,PROJ_REAL_86.0_labor_and_equipment.2
PROJ_REAL_87.0,labor_and_equipment.2,60,76.0,1,Labor and Equipment.2,1.0,0,16.0,240000.0,PROJ_REAL_87.0_labor_and_equipment.2
PROJ_REAL_88.0,labor_and_equipment.2,60,76.0,1,Labor and Equipment.2,0.7578726744457336,0,16.0,240000.0,PROJ_REAL_88.0_labor_and_equipment.2
PROJ_REAL_89.0,labor_and_equipment.2,60,72.0,1,Labor and Equipment.2,0.5650089187374541,0,12.0,180000.0,PROJ_REAL_89.0_labor_and_equipment.2
PROJ_REAL_90.0,labor_and_equipment.2,60,80.0,1,Labor and Equipment.2,1.0,0,20.0,300000.0,PROJ_REAL_90.0_labor_and_equipment.2
PROJ_REAL_91.0,labor_and_equipment.2,60,72.0,1,Labor and Equipment.2,0.542404429747251,0,12.0,180000.0,PROJ_REAL_91.0_labor_and_equipment.2
PROJ_REAL_92.0,labor_and_equipment.2,60,76.0,1,Labor and Equipment.2,0.8607941030882466,0,16.0,240000.0,PROJ_REAL_92.0_labor_and_equipment.2
PROJ_REAL_93.0,labor_and_equipment.2,60,76.0,1,Labor and Equipment.2,0.944631035741882,0,16.0,240000.0,PROJ_REAL_93.0_labor_and_equipment.2
PROJ_REAL_94.0,labor_and_equipment.2,60,64.0,0,Labor and Equipment.2,0.2857826188026821,0,4.0,0.0,PROJ_REAL_94.0_labor_and_equipment.2
PROJ_REAL_95.0,labor_and_equipment.2,60,72.0,1,Labor and Equipment.2,0.5022930517111175,0,12.0,180000.0,PROJ_REAL_95.0_labor_and_equipment.2
PROJ_REAL_96.0,labor_and_equipment.2,60,72.0,1,Labor and Equipment.2,0.4238015408822277,0,12.0,180000.0,PROJ_REAL_96.0_labor_and_equipment.2
PROJ_REAL_97.0,labor_and_equipment.2,60,76.0,1,Labor and Equipment.2,0.7751691663522281,0,16.0,240000.0,PROJ_REAL_97.0_labor_and_equipment.2
PROJ_REAL_98.0,labor_and_equipment.2,60,76.0,1,Labor and Equipment.2,0.8831215503933452,0,16.0,240000.0,PROJ_REAL_98.0_labor_and_equipment.2
PROJ_REAL_99.0,labor_and_equipment.2,60,72.0,1,Labor and Equipment.2,0.7034056674913047,0,12.0,180000.0,PROJ_REAL_99.0_labor_and_equipment.2
PROJ_REAL_100.0,labor_and_equipment.2,60,72.0,1,Labor and Equipment.2,0.4648835699478435,0,12.0,180000.0,PROJ_REAL_100.0_labor_and_equipment.2
PROJ_REAL_101.0,labor_and_equipment.2,60,76.0,1,Labor and Equipment.2,0.6908971278505712,0,16.0,240000.0,PROJ_REAL_101.0_labor_and_equipment.2
PROJ_REAL_102.0,labor_and_equipment.2,60,72.0,1,Labor and Equipment.2,0.58095950921863,0,12.0,180000.0,PROJ_REAL_102.0_labor_and_equipment.2
PROJ_REAL_103.0,labor_and_equipment.2,60,72.0,1,Labor and Equipment.2,0.6791335418826345,0,12.0,180000.0,PROJ_REAL_103.0_labor_and_equipment.2
PROJ_REAL_104.0,labor_and_equipment.2,60,76.0,1,Labor and Equipment.2,0.9056999355190282,0,16.0,240000.0,PROJ_REAL_104.0_labor_and_equipment.2
PROJ_REAL_105.0,labor_and_equipment.2,60,72.0,1,Labor and Equipment.2,0.6169415389749522,0,12.0,180000.0,PROJ_REAL_105.0_labor_and_equipment.2
PROJ_REAL_106.0,labor_and_equipment.2,60,76.0,1,Labor and Equipment.2,0.5324742837194452,0,16.0,240000.0,PROJ_REAL_106.0_labor_and_equipment.2
PROJ_REAL_107.0,labor_and_equipment.2,60,72.0,1,Labor and Equipment.2,0.6094134670859065,0,12.0,180000.0,PROJ_REAL_107.0_labor_and_equipment.2
PROJ_REAL_108.0,labor_and_equipment.2,60,72.0,1,Labor and Equipment.2,0.6686391162654934,0,12.0,180000.0,PROJ_REAL_108.0_labor_and_equipment.2
PROJ_REAL_109.0,labor_and_equipment.2,60,76.0,1,Labor and Equipment.2,0.7455427954243815,0,16.0,240000.0,PROJ_REAL_109.0_labor_and_equipment.2
PROJ_REAL_110.0,labor_and_equipment.2,60,64.0,0,Labor and Equipment.2,0.2089965981499885,0,4.0,0.0,PROJ_REAL_110.0_labor_and_equipment.2
PROJ_REAL_111.0,labor_and_equipment.2,60,72.0,1,Labor and Equipment.2,0.6736763248322261,0,12.0,180000.0,PROJ_REAL_111.0_labor_and_equipment.2
PROJ_REAL_112.0,labor_and_equipment.2,60,76.0,1,Labor and Equipment.2,0.7214790505081643,0,16.0,240000.0,PROJ_REAL_112.0_labor_and_equipment.2
PROJ_REAL_113.0,labor_and_equipment.2,60,80.0,1,Labor and Equipment.2,1.0,0,20.0,300000.0,PROJ_REAL_113.0_labor_and_equipment.2
PROJ_REAL_114.0,labor_and_equipment.2,60,80.0,1,Labor and Equipment.2,1.0,0,20.0,300000.0,PROJ_REAL_114.0_labor_and_equipment.2
PROJ_REAL_115.0,labor_and_equipment.2,60,72.0,1,Labor and Equipment.2,0.5743009437955316,0,12.0,180000.0,PROJ_REAL_115.0_labor_and_equipment.2
PROJ_REAL_116.0,labor_and_equipment.2,60,76.0,1,Labor and Equipment.2,0.9209355871653708,0,16.0,240000.0,PROJ_REAL_116.0_labor_and_equipment.2
PROJ_REAL_117.0,labor_and_equipment.2,60,72.0,1,Labor and Equipment.2,0.6450736069293275,0,12.0,180000.0,PROJ_REAL_117.0_labor_and_equipment.2
PROJ_REAL_118.0,labor_and_equipment.2,60,72.0,1,Labor and Equipment.2,0.5632226177195971,0,12.0,180000.0,PROJ_REAL_118.0_labor_and_equipment.2
PROJ_REAL_119.0,labor_and_equipment.2,60,76.0,1,Labor and Equipment.2,0.7338299960053641,0,16.0,240000.0,PROJ_REAL_119.0_labor_and_equipment.2
PROJ_REAL_120.0,labor_and_equipment.2,60,72.0,1,Labor and Equipment.2,0.5272445421477329,0,12.0,180000.0,PROJ_REAL_120.0_labor_and_equipment.2
PROJ_REAL_121.0,labor_and_equipment.2,60,72.0,1,Labor and Equipment.2,0.4230688384731709,0,12.0,180000.0,PROJ_REAL_121.0_labor_and_equipment.2
PROJ_REAL_122.0,labor_and_equipment.2,60,80.0,1,Labor and Equipment.2,1.0,0,20.0,300000.0,PROJ_REAL_122.0_labor_and_equipment.2
PROJ_REAL_123.0,labor_and_equipment.2,60,80.0,1,Labor and Equipment.2,1.0,0,20.0,300000.0,PROJ_REAL_123.0_labor_and_equipment.2
PROJ_REAL_124.0,labor_and_equipment.2,60,76.0,1,Labor and Equipment.2,0.8894588490466776,0,16.0,240000.0,PROJ_REAL_124.0_labor_and_equipment.2
PROJ_REAL_125.0,labor_and_equipment.2,60,72.0,1,Labor and Equipment.2,0.6745105160320739,0,12.0,180000.0,PROJ_REAL_125.0_labor_and_equipment.2
PROJ_REAL_126.0,labor_and_equipment.2,60,80.0,1,Labor and Equipment.2,0.936487941873091,0,20.0,300000.0,PROJ_REAL_126.0_labor_and_equipment.2
PROJ_REAL_127.0,labor_and_equipment.2,60,80.0,1,Labor and Equipment.2,1.0,0,20.0,300000.0,PROJ_REAL_127.0_labor_and_equipment.2
PROJ_REAL_128.0,labor_and_equipment.2,60,72.0,1,Labor and Equipment.2,0.586097623687282,0,12.0,180000.0,PROJ_REAL_128.0_labor_and_equipment.2
PROJ_REAL_129.0,labor_and_equipment.2,60,76.0,1,Labor and Equipment.2,1.0,0,16.0,240000.0,PROJ_REAL_129.0_labor_and_equipment.2
PROJ_REAL_130.0,labor_and_equipment.2,60,72.0,1,Labor and Equipment.2,0.6424842163217959,0,12.0,180000.0,PROJ_REAL_130.0_labor_and_equipment.2
PROJ_REAL_131.0,labor_and_equipment.2,60,76.0,1,Labor and Equipment.2,0.8622480545550514,0,16.0,240000.0,PROJ_REAL_131.0_labor_and_equipment.2
PROJ_REAL_132.0,labor_and_equipment.2,60,64.0,0,Labor and Equipment.2,0.3485931767897127,0,4.0,0.0,PROJ_REAL_132.0_labor_and_equipment.2
PROJ_REAL_133.0,labor_and_equipment.2,60,72.0,1,Labor and Equipment.2,0.458881581226325,0,12.0,180000.0,PROJ_REAL_133.0_labor_and_equipment.2
PROJ_REAL_134.0,labor_and_equipment.2,60,80.0,1,Labor and Equipment.2,1.0,0,20.0,300000.0,PROJ_REAL_134.0_labor_and_equipment.2
PROJ_REAL_135.0,labor_and_equipment.2,60,72.0,1,Labor and Equipment.2,0.6193971005023307,0,12.0,180000.0,PROJ_REAL_135.0_labor_and_equipment.2
PROJ_REAL_136.0,labor_and_equipment.2,60,76.0,1,Labor and Equipment.2,0.7176559418252284,0,16.0,240000.0,PROJ_REAL_136.0_labor_and_equipment.2
PROJ_REAL_137.0,labor_and_equipment.2,60,76.0,1,Labor and Equipment.2,0.7018775322942382,0,16.0,240000.0,PROJ_REAL_137.0_labor_and_equipment.2
PROJ_REAL_138.0,labor_and_equipment.2,60,72.0,1,Labor and Equipment.2,0.5962233912362539,0,12.0,180000.0,PROJ_REAL_138.0_labor_and_equipment.2
PROJ_REAL_139.0,labor_and_equipment.2,60,80.0,1,Labor and Equipment.2,1.0,0,20.0,300000.0,PROJ_REAL_139.0_labor_and_equipment.2
PROJ_REAL_140.0,labor_and_equipment.2,60,76.0,1,Labor and Equipment.2,0.7092343559421184,0,16.0,240000.0,PROJ_REAL_140.0_labor_and_equipment.2
PROJ_REAL_141.0,labor_and_equipment.2,60,72.0,1,Labor and Equipment.2,0.4886769922817411,0,12.0,180000.0,PROJ_REAL_141.0_labor_and_equipment.2
PROJ_REAL_142.0,labor_and_equipment.2,60,72.0,1,Labor and Equipment.2,0.5089376700608459,0,12.0,180000.0,PROJ_REAL_142.0_labor_and_equipment.2
PROJ_REAL_143.0,labor_and_equipment.2,60,72.0,1,Labor and Equipment.2,0.5302589188750902,0,12.0,180000.0,PROJ_REAL_143.0_labor_and_equipment.2
PROJ_REAL_1.0,labor_and_equipment.3,60,64.0,0,Labor and Equipment.3,0.3673846946844259,0,4.0,0.0,PROJ_REAL_1.0_labor_and_equipment.3
PROJ_REAL_2.0,labor_and_equipment.3,60,72.0,1,Labor and Equipment.3,0.657603637403639,0,12.0,180000.0,PROJ_REAL_2.0_labor_and_equipment.3
PROJ_REAL_3.0,labor_and_equipment.3,60,64.0,0,Labor and Equipment.3,0.2178804265421324,0,4.0,0.0,PROJ_REAL_3.0_labor_and_equipment.3
PROJ_REAL_4.0,labor_and_equipment.3,60,76.0,1,Labor and Equipment.3,0.8160771955060797,0,16.0,240000.0,PROJ_REAL_4.0_labor_and_equipment.3
PROJ_REAL_5.0,labor_and_equipment.3,60,64.0,0,Labor and Equipment.3,0.2305514774944709,0,4.0,0.0,PROJ_REAL_5.0_labor_and_equipment.3
PROJ_REAL_6.0,labor_and_equipment.3,60,64.0,0,Labor and Equipment.3,0.3900599238555771,0,4.0,0.0,PROJ_REAL_6.0_labor_and_equipment.3
PROJ_REAL_7.0,labor_and_equipment.3,60,64.0,0,Labor and Equipment.3,0.333651171777798,0,4.0,0.0,PROJ_REAL_7.0_labor_and_equipment.3
PROJ_REAL_8.0,labor_and_equipment.3,60,64.0,0,Labor and Equipment.3,0.0978138245313974,0,4.0,0.0,PROJ_REAL_8.0_labor_and_equipment.3
PROJ_REAL_9.0,labor_and_equipment.3,60,64.0,0,Labor and Equipment.3,0.0033318761424629,0,4.0,0.0,PROJ_REAL_9.0_labor_and_equipment.3
PROJ_REAL_10.0,labor_and_equipment.3,60,64.0,0,Labor and Equipment.3,0.1967125754604617,0,4.0,0.0,PROJ_REAL_10.0_labor_and_equipment.3
PROJ_REAL_11.0,labor_and_equipment.3,60,80.0,1,Labor and Equipment.3,1.0,0,20.0,300000.0,PROJ_REAL_11.0_labor_and_equipment.3
PROJ_REAL_12.0,labor_and_equipment.3,60,72.0,1,Labor and Equipment.3,0.5683651654991343,0,12.0,180000.0,PROJ_REAL_12.0_labor_and_equipment.3
PROJ_REAL_13.0,labor_and_equipment.3,60,68.0,0,Labor and Equipment.3,0.3233962457457147,0,8.0,0.0,PROJ_REAL_13.0_labor_and_equipment.3
PROJ_REAL_14.0,labor_and_equipment.3,60,76.0,1,Labor and Equipment.3,0.7193831006887843,0,16.0,240000.0,PROJ_REAL_14.0_labor_and_equipment.3
PROJ_REAL_15.0,labor_and_equipment.3,60,80.0,1,Labor and Equipment.3,0.907253992141126,0,20.0,300000.0,PROJ_REAL_15.0_labor_and_equipment.3
PROJ_REAL_16.0,labor_and_equipment.3,60,68.0,0,Labor and Equipment.3,0.3858362728782362,0,8.0,0.0,PROJ_REAL_16.0_labor_and_equipment.3
PROJ_REAL_17.0,labor_and_equipment.3,60,80.0,1,Labor and Equipment.3,0.902202517578063,0,20.0,300000.0,PROJ_REAL_17.0_labor_and_equipment.3
PROJ_REAL_18.0,labor_and_equipment.3,60,80.0,1,Labor and Equipment.3,0.8894780491469162,0,20.0,300000.0,PROJ_REAL_18.0_labor_and_equipment.3
PROJ_REAL_19.0,labor_and_equipment.3,60,72.0,1,Labor and Equipment.3,0.4886821121355477,0,12.0,180000.0,PROJ_REAL_19.0_labor_and_equipment.3
PROJ_REAL_20.0,labor_and_equipment.3,60,72.0,1,Labor and Equipment.3,0.5086444800355275,0,12.0,180000.0,PROJ_REAL_20.0_labor_and_equipment.3
PROJ_REAL_21.0,labor_and_equipment.3,60,76.0,1,Labor and Equipment.3,0.7554323448644502,0,16.0,240000.0,PROJ_REAL_21.0_labor_and_equipment.3
PROJ_REAL_22.0,labor_and_equipment.3,60,76.0,1,Labor and Equipment.3,0.9219502505721904,0,16.0,240000.0,PROJ_REAL_22.0_labor_and_equipment.3
PROJ_REAL_23.0,labor_and_equipment.3,60,76.0,1,Labor and Equipment.3,0.7182417103261357,0,16.0,240000.0,PROJ_REAL_23.0_labor_and_equipment.3
PROJ_REAL_24.0,labor_and_equipment.3,60,76.0,1,Labor and Equipment.3,0.7875433920146767,0,16.0,240000.0,PROJ_REAL_24.0_labor_and_equipment.3
PROJ_REAL_25.0,labor_and_equipment.3,60,72.0,1,Labor and Equipment.3,0.2789532133090312,0,12.0,180000.0,PROJ_REAL_25.0_labor_and_equipment.3
PROJ_REAL_26.0,labor_and_equipment.3,60,80.0,1,Labor and Equipment.3,1.0,0,20.0,300000.0,PROJ_REAL_26.0_labor_and_equipment.3
PROJ_REAL_27.0,labor_and_equipment.3,60,76.0,1,Labor and Equipment.3,0.7568098634923556,0,16.0,240000.0,PROJ_REAL_27.0_labor_and_equipment.3
PROJ_REAL_28.0,labor_and_equipment.3,60,72.0,1,Labor and Equipment.3,0.6742948808733908,0,12.0,180000.0,PROJ_REAL_28.0_labor_and_equipment.3
PROJ_REAL_29.0,labor_and_equipment.3,60,68.0,0,Labor and Equipment.3,0.3950855021787043,0,8.0,0.0,PROJ_REAL_29.0_labor_and_equipment.3
PROJ_REAL_30.0,labor_and_equipment.3,60,64.0,0,Labor and Equipment.3,0.3126074309627411,0,4.0,0.0,PROJ_REAL_30.0_labor_and_equipment.3
PROJ_REAL_31.0,labor_and_equipment.3,60,72.0,1,Labor and Equipment.3,0.5854086849170961,0,12.0,180000.0,PROJ_REAL_31.0_labor_and_equipment.3
PROJ_REAL_32.0,labor_and_equipment.3,60,68.0,0,Labor and Equipment.3,0.4658961302172142,0,8.0,0.0,PROJ_REAL_32.0_labor_and_equipment.3
PROJ_REAL_33.0,labor_and_equipment.3,60,68.0,0,Labor and Equipment.3,0.4130958222866351,0,8.0,0.0,PROJ_REAL_33.0_labor_and_equipment.3
PROJ_REAL_34.0,labor_and_equipment.3,60,64.0,0,Labor and Equipment.3,0.3157957096575615,0,4.0,0.0,PROJ_REAL_34.0_labor_and_equipment.3
PROJ_REAL_35.0,labor_and_equipment.3,60,68.0,0,Labor and Equipment.3,0.4601028276458618,0,8.0,0.0,PROJ_REAL_35.0_labor_and_equipment.3
PROJ_REAL_36.0,labor_and_equipment.3,60,72.0,1,Labor and Equipment.3,0.7726664254132934,0,12.0,180000.0,PROJ_REAL_36.0_labor_and_equipment.3
PROJ_REAL_37.0,labor_and_equipment.3,60,76.0,1,Labor and Equipment.3,0.8034409022366831,0,16.0,240000.0,PROJ_REAL_37.0_labor_and_equipment.3
PROJ_REAL_38.0,labor_and_equipment.3,60,80.0,1,Labor and Equipment.3,1.0,0,20.0,300000.0,PROJ_REAL_38.0_labor_and_equipment.3
PROJ_REAL_39.0,labor_and_equipment.3,60,68.0,0,Labor and Equipment.3,0.3594679076231417,0,8.0,0.0,PROJ_REAL_39.0_labor_and_equipment.3
PROJ_REAL_40.0,labor_and_equipment.3,60,76.0,1,Labor and Equipment.3,0.7945786896702588,0,16.0,240000.0,PROJ_REAL_40.0_labor_and_equipment.3
PROJ_REAL_41.0,labor_and_equipment.3,60,76.0,1,Labor and Equipment.3,0.7513493934678351,0,16.0,240000.0,PROJ_REAL_41.0_labor_and_equipment.3
PROJ_REAL_42.0,labor_and_equipment.3,60,76.0,1,Labor and Equipment.3,0.9726551512277892,0,16.0,240000.0,PROJ_REAL_42.0_labor_and_equipment.3
PROJ_REAL_43.0,labor_and_equipment.3,60,76.0,1,Labor and Equipment.3,0.8484633506973788,0,16.0,240000.0,PROJ_REAL_43.0_labor_and_equipment.3
PROJ_REAL_44.0,labor_and_equipment.3,60,76.0,1,Labor and Equipment.3,0.801971231435239,0,16.0,240000.0,PROJ_REAL_44.0_labor_and_equipment.3
PROJ_REAL_45.0,labor_and_equipment.3,60,76.0,1,Labor and Equipment.3,0.8563729990368827,0,16.0,240000.0,PROJ_REAL_45.0_labor_and_equipment.3
PROJ_REAL_46.0,labor_and_equipment.3,60,76.0,1,Labor and Equipment.3,0.8916010936585155,0,16.0,240000.0,PROJ_REAL_46.0_labor_and_equipment.3
PROJ_REAL_47.0,labor_and_equipment.3,60,80.0,1,Labor and Equipment.3,0.9003142860435875,0,20.0,300000.0,PROJ_REAL_47.0_labor_and_equipment.3
PROJ_REAL_48.0,labor_and_equipment.3,60,76.0,1,Labor and Equipment.3,0.6401754700044835,0,16.0,240000.0,PROJ_REAL_48.0_labor_and_equipment.3
PROJ_REAL_49.0,labor_and_equipment.3,60,80.0,1,Labor and Equipment.3,0.9573982769793818,0,20.0,300000.0,PROJ_REAL_49.0_labor_and_equipment.3
PROJ_REAL_50.0,labor_and_equipment.3,60,76.0,1,Labor and Equipment.3,0.7366398977719016,0,16.0,240000.0,PROJ_REAL_50.0_labor_and_equipment.3
PROJ_REAL_51.0,labor_and_equipment.3,60,76.0,1,Labor and Equipment.3,0.6350659918629689,0,16.0,240000.0,PROJ_REAL_51.0_labor_and_equipment.3
PROJ_REAL_52.0,labor_and_equipment.3,60,76.0,1,Labor and Equipment.3,0.8668558831106751,0,16.0,240000.0,PROJ_REAL_52.0_labor_and_equipment.3
PROJ_REAL_53.0,labor_and_equipment.3,60,76.0,1,Labor and Equipment.3,0.9053574485437408,0,16.0,240000.0,PROJ_REAL_53.0_labor_and_equipment.3
PROJ_REAL_54.0,labor_and_equipment.3,60,76.0,1,Labor and Equipment.3,0.7694347232921844,0,16.0,240000.0,PROJ_REAL_54.0_labor_and_equipment.3
PROJ_REAL_55.0,labor_and_equipment.3,60,76.0,1,Labor and Equipment.3,0.7584969783108445,0,16.0,240000.0,PROJ_REAL_55.0_labor_and_equipment.3
PROJ_REAL_56.0,labor_and_equipment.3,60,68.0,0,Labor and Equipment.3,0.4033405431861235,0,8.0,0.0,PROJ_REAL_56.0_labor_and_equipment.3
PROJ_REAL_57.0,labor_and_equipment.3,60,80.0,1,Labor and Equipment.3,1.0,0,20.0,300000.0,PROJ_REAL_57.0_labor_and_equipment.3
PROJ_REAL_58.0,labor_and_equipment.3,60,80.0,1,Labor and Equipment.3,0.8751192789386022,0,20.0,300000.0,PROJ_REAL_58.0_labor_and_equipment.3
PROJ_REAL_59.0,labor_and_equipment.3,60,80.0,1,Labor and Equipment.3,0.9709519114482618,0,20.0,300000.0,PROJ_REAL_59.0_labor_and_equipment.3
PROJ_REAL_60.0,labor_and_equipment.3,60,76.0,1,Labor and Equipment.3,0.6905450373823306,0,16.0,240000.0,PROJ_REAL_60.0_labor_and_equipment.3
PROJ_REAL_61.0,labor_and_equipment.3,60,76.0,1,Labor and Equipment.3,0.9659787681542668,0,16.0,240000.0,PROJ_REAL_61.0_labor_and_equipment.3
PROJ_REAL_62.0,labor_and_equipment.3,60,76.0,1,Labor and Equipment.3,0.9188902294767196,0,16.0,240000.0,PROJ_REAL_62.0_labor_and_equipment.3
PROJ_REAL_63.0,labor_and_equipment.3,60,80.0,1,Labor and Equipment.3,1.0,0,20.0,300000.0,PROJ_REAL_63.0_labor_and_equipment.3
PROJ_REAL_64.0,labor_and_equipment.3,60,72.0,1,Labor and Equipment.3,0.7464353675184545,0,12.0,180000.0,PROJ_REAL_64.0_labor_and_equipment.3
PROJ_REAL_65.0,labor_and_equipment.3,60,76.0,1,Labor and Equipment.3,0.8298076393981735,0,16.0,240000.0,PROJ_REAL_65.0_labor_and_equipment.3
PROJ_REAL_66.0,labor_and_equipment.3,60,80.0,1,Labor and Equipment.3,0.9659023679016088,0,20.0,300000.0,PROJ_REAL_66.0_labor_and_equipment.3
PROJ_REAL_67.0,labor_and_equipment.3,60,80.0,1,Labor and Equipment.3,0.9290655647233638,0,20.0,300000.0,PROJ_REAL_67.0_labor_and_equipment.3
PROJ_REAL_68.0,labor_and_equipment.3,60,76.0,1,Labor and Equipment.3,0.5552706182191722,0,16.0,240000.0,PROJ_REAL_68.0_labor_and_equipment.3
PROJ_REAL_69.0,labor_and_equipment.3,60,68.0,0,Labor and Equipment.3,0.4862156339289219,0,8.0,0.0,PROJ_REAL_69.0_labor_and_equipment.3
PROJ_REAL_70.0,labor_and_equipment.3,60,76.0,1,Labor and Equipment.3,0.9685202322916956,0,16.0,240000.0,PROJ_REAL_70.0_labor_and_equipment.3
PROJ_REAL_71.0,labor_and_equipment.3,60,76.0,1,Labor and Equipment.3,0.8837863704198874,0,16.0,240000.0,PROJ_REAL_71.0_labor_and_equipment.3
PROJ_REAL_72.0,labor_and_equipment.3,60,68.0,0,Labor and Equipment.3,0.2232186803028729,0,8.0,0.0,PROJ_REAL_72.0_labor_and_equipment.3
PROJ_REAL_73.0,labor_and_equipment.3,60,80.0,1,Labor and Equipment.3,0.948627082799158,0,20.0,300000.0,PROJ_REAL_73.0_labor_and_equipment.3
PROJ_REAL_74.0,labor_and_equipment.3,60,76.0,1,Labor and Equipment.3,0.8862405794550267,0,16.0,240000.0,PROJ_REAL_74.0_labor_and_equipment.3
PROJ_REAL_75.0,labor_and_equipment.3,60,76.0,1,Labor and Equipment.3,0.7460504694095018,0,16.0,240000.0,PROJ_REAL_75.0_labor_and_equipment.3
PROJ_REAL_76.0,labor_and_equipment.3,60,64.0,0,Labor and Equipment.3,0.2669990186163143,0,4.0,0.0,PROJ_REAL_76.0_labor_and_equipment.3
PROJ_REAL_77.0,labor_and_equipment.3,60,76.0,1,Labor and Equipment.3,0.7324622377785388,0,16.0,240000.0,PROJ_REAL_77.0_labor_and_equipment.3
PROJ_REAL_78.0,labor_and_equipment.3,60,76.0,1,Labor and Equipment.3,0.9127193754186392,0,16.0,240000.0,PROJ_REAL_78.0_labor_and_equipment.3
PROJ_REAL_79.0,labor_and_equipment.3,60,64.0,0,Labor and Equipment.3,0.2113980125122962,0,4.0,0.0,PROJ_REAL_79.0_labor_and_equipment.3
PROJ_REAL_80.0,labor_and_equipment.3,60,80.0,1,Labor and Equipment.3,0.8681416376807908,0,20.0,300000.0,PROJ_REAL_80.0_labor_and_equipment.3
PROJ_REAL_81.0,labor_and_equipment.3,60,80.0,1,Labor and Equipment.3,1.0,0,20.0,300000.0,PROJ_REAL_81.0_labor_and_equipment.3
PROJ_REAL_82.0,labor_and_equipment.3,60,72.0,1,Labor and Equipment.3,0.7333735998702717,0,12.0,180000.0,PROJ_REAL_82.0_labor_and_equipment.3
PROJ_REAL_83.0,labor_and_equipment.3,60,76.0,1,Labor and Equipment.3,0.8751541323784342,0,16.0,240000.0,PROJ_REAL_83.0_labor_and_equipment.3
PROJ_REAL_84.0,labor_and_equipment.3,60,76.0,1,Labor and Equipment.3,0.8233166485705662,0,16.0,240000.0,PROJ_REAL_84.0_labor_and_equipment.3
PROJ_REAL_85.0,labor_and_equipment.3,60,64.0,0,Labor and Equipment.3,0.1125208920192671,0,4.0,0.0,PROJ_REAL_85.0_labor_and_equipment.3
PROJ_REAL_86.0,labor_and_equipment.3,60,76.0,1,Labor and Equipment.3,0.6277669828134047,0,16.0,240000.0,PROJ_REAL_86.0_labor_and_equipment.3
PROJ_REAL_87.0,labor_and_equipment.3,60,76.0,1,Labor and Equipment.3,0.7431855318856848,0,16.0,240000.0,PROJ_REAL_87.0_labor_and_equipment.3
PROJ_REAL_88.0,labor_and_equipment.3,60,72.0,1,Labor and Equipment.3,0.8467581060558291,0,12.0,180000.0,PROJ_REAL_88.0_labor_and_equipment.3
PROJ_REAL_89.0,labor_and_equipment.3,60,72.0,1,Labor and Equipment.3,0.6349363329588206,0,12.0,180000.0,PROJ_REAL_89.0_labor_and_equipment.3
PROJ_REAL_90.0,labor_and_equipment.3,60,76.0,1,Labor and Equipment.3,0.6433814398068325,0,16.0,240000.0,PROJ_REAL_90.0_labor_and_equipment.3
PROJ_REAL_91.0,labor_and_equipment.3,60,72.0,1,Labor and Equipment.3,0.5902245019592647,0,12.0,180000.0,PROJ_REAL_91.0_labor_and_equipment.3
PROJ_REAL_92.0,labor_and_equipment.3,60,72.0,1,Labor and Equipment.3,0.3898075583368912,0,12.0,180000.0,PROJ_REAL_92.0_labor_and_equipment.3
PROJ_REAL_93.0,labor_and_equipment.3,60,72.0,1,Labor and Equipment.3,0.6076580398017069,0,12.0,180000.0,PROJ_REAL_93.0_labor_and_equipment.3
PROJ_REAL_94.0,labor_and_equipment.3,60,80.0,1,Labor and Equipment.3,0.9570067500231172,0,20.0,300000.0,PROJ_REAL_94.0_labor_and_equipment.3
PROJ_REAL_95.0,labor_and_equipment.3,60,72.0,1,Labor and Equipment.3,0.5111668711218611,0,12.0,180000.0,PROJ_REAL_95.0_labor_and_equipment.3
PROJ_REAL_96.0,labor_and_equipment.3,60,76.0,1,Labor and Equipment.3,0.8745609321292346,0,16.0,240000.0,PROJ_REAL_96.0_labor_and_equipment.3
PROJ_REAL_97.0,labor_and_equipment.3,60,76.0,1,Labor and Equipment.3,0.8069873555655824,0,16.0,240000.0,PROJ_REAL_97.0_labor_and_equipment.3
PROJ_REAL_98.0,labor_and_equipment.3,60,72.0,1,Labor and Equipment.3,0.4320548167492212,0,12.0,180000.0,PROJ_REAL_98.0_labor_and_equipment.3
PROJ_REAL_99.0,labor_and_equipment.3,60,72.0,1,Labor and Equipment.3,0.4488683902706625,0,12.0,180000.0,PROJ_REAL_99.0_labor_and_equipment.3
PROJ_REAL_100.0,labor_and_equipment.3,60,76.0,1,Labor and Equipment.3,0.6379407365041893,0,16.0,240000.0,PROJ_REAL_100.0_labor_and_equipment.3
PROJ_REAL_101.0,labor_and_equipment.3,60,72.0,1,Labor and Equipment.3,0.3683501838956037,0,12.0,180000.0,PROJ_REAL_101.0_labor_and_equipment.3
PROJ_REAL_102.0,labor_and_equipment.3,60,76.0,1,Labor and Equipment.3,0.7246544594912765,0,16.0,240000.0,PROJ_REAL_102.0_labor_and_equipment.3
PROJ_REAL_103.0,labor_and_equipment.3,60,76.0,1,Labor and Equipment.3,0.8089921046882642,0,16.0,240000.0,PROJ_REAL_103.0_labor_and_equipment.3
PROJ_REAL_104.0,labor_and_equipment.3,60,72.0,1,Labor and Equipment.3,0.6107398033851403,0,12.0,180000.0,PROJ_REAL_104.0_labor_and_equipment.3
PROJ_REAL_105.0,labor_and_equipment.3,60,76.0,1,Labor and Equipment.3,0.877828270697614,0,16.0,240000.0,PROJ_REAL_105.0_labor_and_equipment.3
PROJ_REAL_106.0,labor_and_equipment.3,60,72.0,1,Labor and Equipment.3,0.6775788665999245,0,12.0,180000.0,PROJ_REAL_106.0_labor_and_equipment.3
PROJ_REAL_107.0,labor_and_equipment.3,60,72.0,1,Labor and Equipment.3,0.6953715494655852,0,12.0,180000.0,PROJ_REAL_107.0_labor_and_equipment.3
PROJ_REAL_108.0,labor_and_equipment.3,60,64.0,0,Labor and Equipment.3,0.1636200111346759,0,4.0,0.0,PROJ_REAL_108.0_labor_and_equipment.3
PROJ_REAL_109.0,labor_and_equipment.3,60,80.0,1,Labor and Equipment.3,0.9049388983702492,0,20.0,300000.0,PROJ_REAL_109.0_labor_and_equipment.3
PROJ_REAL_110.0,labor_and_equipment.3,60,64.0,0,Labor and Equipment.3,0.1421718252151624,0,4.0,0.0,PROJ_REAL_110.0_labor_and_equipment.3
PROJ_REAL_111.0,labor_and_equipment.3,60,72.0,1,Labor and Equipment.3,0.6322139469938199,0,12.0,180000.0,PROJ_REAL_111.0_labor_and_equipment.3
PROJ_REAL_112.0,labor_and_equipment.3,60,72.0,1,Labor and Equipment.3,0.7762335473955644,0,12.0,180000.0,PROJ_REAL_112.0_labor_and_equipment.3
PROJ_REAL_113.0,labor_and_equipment.3,60,76.0,1,Labor and Equipment.3,0.6809437663130152,0,16.0,240000.0,PROJ_REAL_113.0_labor_and_equipment.3
PROJ_REAL_114.0,labor_and_equipment.3,60,72.0,1,Labor and Equipment.3,0.4024788355423723,0,12.0,180000.0,PROJ_REAL_114.0_labor_and_equipment.3
PROJ_REAL_115.0,labor_and_equipment.3,60,68.0,0,Labor and Equipment.3,0.4473527259983734,0,8.0,0.0,PROJ_REAL_115.0_labor_and_equipment.3
PROJ_REAL_116.0,labor_and_equipment.3,60,72.0,1,Labor and Equipment.3,0.6420064560089372,0,12.0,180000.0,PROJ_REAL_116.0_labor_and_equipment.3
PROJ_REAL_117.0,labor_and_equipment.3,60,76.0,1,Labor and Equipment.3,0.8892641995908227,0,16.0,240000.0,PROJ_REAL_117.0_labor_and_equipment.3
PROJ_REAL_118.0,labor_and_equipment.3,60,72.0,1,Labor and Equipment.3,0.574765785592,0,12.0,180000.0,PROJ_REAL_118.0_labor_and_equipment.3
PROJ_REAL_119.0,labor_and_equipment.3,60,72.0,1,Labor and Equipment.3,0.7917734890829751,0,12.0,180000.0,PROJ_REAL_119.0_labor_and_equipment.3
PROJ_REAL_120.0,labor_and_equipment.3,60,72.0,1,Labor and Equipment.3,0.682936028103919,0,12.0,180000.0,PROJ_REAL_120.0_labor_and_equipment.3
PROJ_REAL_121.0,labor_and_equipment.3,60,72.0,1,Labor and Equipment.3,0.5707654188165977,0,12.0,180000.0,PROJ_REAL_121.0_labor_and_equipment.3
PROJ_REAL_122.0,labor_and_equipment.3,60,76.0,1,Labor and Equipment.3,0.6506782146649508,0,16.0,240000.0,PROJ_REAL_122.0_labor_and_equipment.3
PROJ_REAL_123.0,labor_and_equipment.3,60,72.0,1,Labor and Equipment.3,0.6692410758313853,0,12.0,180000.0,PROJ_REAL_123.0_labor_and_equipment.3
PROJ_REAL_124.0,labor_and_equipment.3,60,72.0,1,Labor and Equipment.3,0.6686148850323531,0,12.0,180000.0,PROJ_REAL_124.0_labor_and_equipment.3
PROJ_REAL_125.0,labor_and_equipment.3,60,72.0,1,Labor and Equipment.3,0.6979508817612384,0,12.0,180000.0,PROJ_REAL_125.0_labor_and_equipment.3
PROJ_REAL_126.0,labor_and_equipment.3,60,72.0,1,Labor and Equipment.3,0.7214812499263374,0,12.0,180000.0,PROJ_REAL_126.0_labor_and_equipment.3
PROJ_REAL_127.0,labor_and_equipment.3,60,76.0,1,Labor and Equipment.3,0.7157120436142097,0,16.0,240000.0,PROJ_REAL_127.0_labor_and_equipment.3
PROJ_REAL_128.0,labor_and_equipment.3,60,68.0,0,Labor and Equipment.3,0.3595149319181894,0,8.0,0.0,PROJ_REAL_128.0_labor_and_equipment.3
PROJ_REAL_129.0,labor_and_equipment.3,60,76.0,1,Labor and Equipment.3,0.8266386976129637,0,16.0,240000.0,PROJ_REAL_129.0_labor_and_equipment.3
PROJ_REAL_130.0,labor_and_equipment.3,60,68.0,0,Labor and Equipment.3,0.4097202023673815,0,8.0,0.0,PROJ_REAL_130.0_labor_and_equipment.3
PROJ_REAL_131.0,labor_and_equipment.3,60,80.0,1,Labor and Equipment.3,0.9210795854055318,0,20.0,300000.0,PROJ_REAL_131.0_labor_and_equipment.3
PROJ_REAL_132.0,labor_and_equipment.3,60,64.0,0,Labor and Equipment.3,0.119951718465875,0,4.0,0.0,PROJ_REAL_132.0_labor_and_equipment.3
PROJ_REAL_133.0,labor_and_equipment.3,60,64.0,0,Labor and Equipment.3,0.190458305117884,0,4.0,0.0,PROJ_REAL_133.0_labor_and_equipment.3
PROJ_REAL_134.0,labor_and_equipment.3,60,76.0,1,Labor and Equipment.3,0.8768739095660133,0,16.0,240000.0,PROJ_REAL_134.0_labor_and_equipment.3
PROJ_REAL_135.0,labor_and_equipment.3,60,68.0,0,Labor and Equipment.3,0.4419837174113735,0,8.0,0.0,PROJ_REAL_135.0_labor_and_equipment.3
PROJ_REAL_136.0,labor_and_equipment.3,60,76.0,1,Labor and Equipment.3,0.8403135399107711,0,16.0,240000.0,PROJ_REAL_136.0_labor_and_equipment.3
PROJ_REAL_137.0,labor_and_equipment.3,60,76.0,1,Labor and Equipment.3,0.6341654298345911,0,16.0,240000.0,PROJ_REAL_137.0_labor_and_equipment.3
PROJ_REAL_138.0,labor_and_equipment.3,60,68.0,0,Labor and Equipment.3,0.6091661040793976,0,8.0,0.0,PROJ_REAL_138.0_labor_and_equipment.3
PROJ_REAL_139.0,labor_and_equipment.3,60,80.0,1,Labor and Equipment.3,0.9971023116868252,0,20.0,300000.0,PROJ_REAL_139.0_labor_and_equipment.3
PROJ_REAL_140.0,labor_and_equipment.3,60,76.0,1,Labor and Equipment.3,0.7363286588667076,0,16.0,240000.0,PROJ_REAL_140.0_labor_and_equipment.3
PROJ_REAL_141.0,labor_and_equipment.3,60,76.0,1,Labor and Equipment.3,0.7340648370008171,0,16.0,240000.0,PROJ_REAL_141.0_labor_and_equipment.3
PROJ_REAL_142.0,labor_and_equipment.3,60,76.0,1,Labor and Equipment.3,0.8833661305110425,0,16.0,240000.0,PROJ_REAL_142.0_labor_and_equipment.3
PROJ_REAL_143.0,labor_and_equipment.3,60,68.0,0,Labor and Equipment.3,0.3262635828304647,0,8.0,0.0,PROJ_REAL_143.0_labor_and_equipment.3
PROJ_REAL_1.0,labor_and_equipment.4,60,64.0,0,Labor and Equipment.4,0.1225780625916744,0,4.0,0.0,PROJ_REAL_1.0_labor_and_equipment.4
PROJ_REAL_2.0,labor_and_equipment.4,60,68.0,0,Labor and Equipment.4,0.5465484699566362,0,8.0,0.0,PROJ_REAL_2.0_labor_and_equipment.4
PROJ_REAL_3.0,labor_and_equipment.4,60,64.0,0,Labor and Equipment.4,0.177074345356619,0,4.0,0.0,PROJ_REAL_3.0_labor_and_equipment.4
PROJ_REAL_4.0,labor_and_equipment.4,60,76.0,1,Labor and Equipment.4,0.7108196812756317,0,16.0,240000.0,PROJ_REAL_4.0_labor_and_equipment.4
PROJ_REAL_5.0,labor_and_equipment.4,60,64.0,0,Labor and Equipment.4,0.0615453073379841,0,4.0,0.0,PROJ_REAL_5.0_labor_and_equipment.4
PROJ_REAL_6.0,labor_and_equipment.4,60,64.0,0,Labor and Equipment.4,0.2193014069856163,0,4.0,0.0,PROJ_REAL_6.0_labor_and_equipment.4
PROJ_REAL_7.0,labor_and_equipment.4,60,64.0,0,Labor and Equipment.4,0.0299926470994279,0,4.0,0.0,PROJ_REAL_7.0_labor_and_equipment.4
PROJ_REAL_8.0,labor_and_equipment.4,60,64.0,0,Labor and Equipment.4,0.2932625719098698,0,4.0,0.0,PROJ_REAL_8.0_labor_and_equipment.4
PROJ_REAL_9.0,labor_and_equipment.4,60,64.0,0,Labor and Equipment.4,0.3263038556745945,0,4.0,0.0,PROJ_REAL_9.0_labor_and_equipment.4
PROJ_REAL_10.0,labor_and_equipment.4,60,64.0,0,Labor and Equipment.4,0.1079602245892725,0,4.0,0.0,PROJ_REAL_10.0_labor_and_equipment.4
PROJ_REAL_11.0,labor_and_equipment.4,60,72.0,1,Labor and Equipment.4,0.567968302699287,0,12.0,180000.0,PROJ_REAL_11.0_labor_and_equipment.4
PROJ_REAL_12.0,labor_and_equipment.4,60,76.0,1,Labor and Equipment.4,0.9436700610197184,0,16.0,240000.0,PROJ_REAL_12.0_labor_and_equipment.4
PROJ_REAL_13.0,labor_and_equipment.4,60,76.0,1,Labor and Equipment.4,0.8321087357367121,0,16.0,240000.0,PROJ_REAL_13.0_labor_and_equipment.4
PROJ_REAL_14.0,labor_and_equipment.4,60,76.0,1,Labor and Equipment.4,0.6448076062356558,0,16.0,240000.0,PROJ_REAL_14.0_labor_and_equipment.4
PROJ_REAL_15.0,labor_and_equipment.4,60,80.0,1,Labor and Equipment.4,1.0,0,20.0,300000.0,PROJ_REAL_15.0_labor_and_equipment.4
PROJ_REAL_16.0,labor_and_equipment.4,60,72.0,1,Labor and Equipment.4,0.666650304401871,0,12.0,180000.0,PROJ_REAL_16.0_labor_and_equipment.4
PROJ_REAL_17.0,labor_and_equipment.4,60,80.0,1,Labor and Equipment.4,1.0,0,20.0,300000.0,PROJ_REAL_17.0_labor_and_equipment.4
PROJ_REAL_18.0,labor_and_equipment.4,60,76.0,1,Labor and Equipment.4,0.5751915087338363,0,16.0,240000.0,PROJ_REAL_18.0_labor_and_equipment.4
PROJ_REAL_19.0,labor_and_equipment.4,60,76.0,1,Labor and Equipment.4,0.8201976493963979,0,16.0,240000.0,PROJ_REAL_19.0_labor_and_equipment.4
PROJ_REAL_20.0,labor_and_equipment.4,60,76.0,1,Labor and Equipment.4,0.7694698334101572,0,16.0,240000.0,PROJ_REAL_20.0_labor_and_equipment.4
PROJ_REAL_21.0,labor_and_equipment.4,60,72.0,1,Labor and Equipment.4,0.4254814198639943,0,12.0,180000.0,PROJ_REAL_21.0_labor_and_equipment.4
PROJ_REAL_22.0,labor_and_equipment.4,60,80.0,1,Labor and Equipment.4,0.9035452849173308,0,20.0,300000.0,PROJ_REAL_22.0_labor_and_equipment.4
PROJ_REAL_23.0,labor_and_equipment.4,60,72.0,1,Labor and Equipment.4,0.7247202630456695,0,12.0,180000.0,PROJ_REAL_23.0_labor_and_equipment.4
PROJ_REAL_24.0,labor_and_equipment.4,60,72.0,1,Labor and Equipment.4,0.6258903245016632,0,12.0,180000.0,PROJ_REAL_24.0_labor_and_equipment.4
PROJ_REAL_25.0,labor_and_equipment.4,60,72.0,1,Labor and Equipment.4,0.6269157630919725,0,12.0,180000.0,PROJ_REAL_25.0_labor_and_equipment.4
PROJ_REAL_26.0,labor_and_equipment.4,60,76.0,1,Labor and Equipment.4,0.8460020175254936,0,16.0,240000.0,PROJ_REAL_26.0_labor_and_equipment.4
PROJ_REAL_27.0,labor_and_equipment.4,60,76.0,1,Labor and Equipment.4,0.8433085926188261,0,16.0,240000.0,PROJ_REAL_27.0_labor_and_equipment.4
PROJ_REAL_28.0,labor_and_equipment.4,60,76.0,1,Labor and Equipment.4,0.7818895932666658,0,16.0,240000.0,PROJ_REAL_28.0_labor_and_equipment.4
PROJ_REAL_29.0,labor_and_equipment.4,60,72.0,1,Labor and Equipment.4,0.6238989782351846,0,12.0,180000.0,PROJ_REAL_29.0_labor_and_equipment.4
PROJ_REAL_30.0,labor_and_equipment.4,60,64.0,0,Labor and Equipment.4,0.1689585611912274,0,4.0,0.0,PROJ_REAL_30.0_labor_and_equipment.4
PROJ_REAL_31.0,labor_and_equipment.4,60,68.0,0,Labor and Equipment.4,0.5239022945987385,0,8.0,0.0,PROJ_REAL_31.0_labor_and_equipment.4
PROJ_REAL_32.0,labor_and_equipment.4,60,72.0,1,Labor and Equipment.4,0.6436179981161876,0,12.0,180000.0,PROJ_REAL_32.0_labor_and_equipment.4
PROJ_REAL_33.0,labor_and_equipment.4,60,68.0,0,Labor and Equipment.4,0.2886950962784311,0,8.0,0.0,PROJ_REAL_33.0_labor_and_equipment.4
PROJ_REAL_34.0,labor_and_equipment.4,60,64.0,0,Labor and Equipment.4,0.1011599253771917,0,4.0,0.0,PROJ_REAL_34.0_labor_and_equipment.4
PROJ_REAL_35.0,labor_and_equipment.4,60,68.0,0,Labor and Equipment.4,0.2832500169919911,0,8.0,0.0,PROJ_REAL_35.0_labor_and_equipment.4
PROJ_REAL_36.0,labor_and_equipment.4,60,68.0,0,Labor and Equipment.4,0.3951312286915292,0,8.0,0.0,PROJ_REAL_36.0_labor_and_equipment.4
PROJ_REAL_37.0,labor_and_equipment.4,60,76.0,1,Labor and Equipment.4,0.9770829173861624,0,16.0,240000.0,PROJ_REAL_37.0_labor_and_equipment.4
PROJ_REAL_38.0,labor_and_equipment.4,60,80.0,1,Labor and Equipment.4,1.0,0,20.0,300000.0,PROJ_REAL_38.0_labor_and_equipment.4
PROJ_REAL_39.0,labor_and_equipment.4,60,72.0,1,Labor and Equipment.4,0.6834421884092126,0,12.0,180000.0,PROJ_REAL_39.0_labor_and_equipment.4
PROJ_REAL_40.0,labor_and_equipment.4,60,76.0,1,Labor and Equipment.4,0.8098040635136502,0,16.0,240000.0,PROJ_REAL_40.0_labor_and_equipment.4
PROJ_REAL_41.0,labor_and_equipment.4,60,80.0,1,Labor and Equipment.4,0.933890584913136,0,20.0,300000.0,PROJ_REAL_41.0_labor_and_equipment.4
PROJ_REAL_42.0,labor_and_equipment.4,60,76.0,1,Labor and Equipment.4,0.8012565631318523,0,16.0,240000.0,PROJ_REAL_42.0_labor_and_equipment.4
PROJ_REAL_43.0,labor_and_equipment.4,60,76.0,1,Labor and Equipment.4,0.6422457716340648,0,16.0,240000.0,PROJ_REAL_43.0_labor_and_equipment.4
PROJ_REAL_44.0,labor_and_equipment.4,60,80.0,1,Labor and Equipment.4,0.9375218761242552,0,20.0,300000.0,PROJ_REAL_44.0_labor_and_equipment.4
PROJ_REAL_45.0,labor_and_equipment.4,60,80.0,1,Labor and Equipment.4,0.952119861104562,0,20.0,300000.0,PROJ_REAL_45.0_labor_and_equipment.4
PROJ_REAL_46.0,labor_and_equipment.4,60,80.0,1,Labor and Equipment.4,1.0,0,20.0,300000.0,PROJ_REAL_46.0_labor_and_equipment.4
PROJ_REAL_47.0,labor_and_equipment.4,60,80.0,1,Labor and Equipment.4,0.9672404514183924,0,20.0,300000.0,PROJ_REAL_47.0_labor_and_equipment.4
PROJ_REAL_48.0,labor_and_equipment.4,60,76.0,1,Labor and Equipment.4,0.588962041536932,0,16.0,240000.0,PROJ_REAL_48.0_labor_and_equipment.4
PROJ_REAL_49.0,labor_and_equipment.4,60,72.0,1,Labor and Equipment.4,0.4763627253395511,0,12.0,180000.0,PROJ_REAL_49.0_labor_and_equipment.4
PROJ_REAL_50.0,labor_and_equipment.4,60,76.0,1,Labor and Equipment.4,0.7236282824137936,0,16.0,240000.0,PROJ_REAL_50.0_labor_and_equipment.4
PROJ_REAL_51.0,labor_and_equipment.4,60,72.0,1,Labor and Equipment.4,0.6157743072786386,0,12.0,180000.0,PROJ_REAL_51.0_labor_and_equipment.4
PROJ_REAL_52.0,labor_and_equipment.4,60,76.0,1,Labor and Equipment.4,0.7918529079332621,0,16.0,240000.0,PROJ_REAL_52.0_labor_and_equipment.4
PROJ_REAL_53.0,labor_and_equipment.4,60,76.0,1,Labor and Equipment.4,0.8659732759565921,0,16.0,240000.0,PROJ_REAL_53.0_labor_and_equipment.4
PROJ_REAL_54.0,labor_and_equipment.4,60,80.0,1,Labor and Equipment.4,1.0,0,20.0,300000.0,PROJ_REAL_54.0_labor_and_equipment.4
PROJ_REAL_55.0,labor_and_equipment.4,60,72.0,1,Labor and Equipment.4,0.5043851735396101,0,12.0,180000.0,PROJ_REAL_55.0_labor_and_equipment.4
PROJ_REAL_56.0,labor_and_equipment.4,60,80.0,1,Labor and Equipment.4,0.9658538450786732,0,20.0,300000.0,PROJ_REAL_56.0_labor_and_equipment.4
PROJ_REAL_57.0,labor_and_equipment.4,60,72.0,1,Labor and Equipment.4,0.5683092172550399,0,12.0,180000.0,PROJ_REAL_57.0_labor_and_equipment.4
PROJ_REAL_58.0,labor_and_equipment.4,60,72.0,1,Labor and Equipment.4,0.533109853303796,0,12.0,180000.0,PROJ_REAL_58.0_labor_and_equipment.4
PROJ_REAL_59.0,labor_and_equipment.4,60,72.0,1,Labor and Equipment.4,0.5650626056309137,0,12.0,180000.0,PROJ_REAL_59.0_labor_and_equipment.4
PROJ_REAL_60.0,labor_and_equipment.4,60,80.0,1,Labor and Equipment.4,1.0,0,20.0,300000.0,PROJ_REAL_60.0_labor_and_equipment.4
PROJ_REAL_61.0,labor_and_equipment.4,60,80.0,1,Labor and Equipment.4,1.0,0,20.0,300000.0,PROJ_REAL_61.0_labor_and_equipment.4
PROJ_REAL_62.0,labor_and_equipment.4,60,76.0,1,Labor and Equipment.4,0.9097337079479964,0,16.0,240000.0,PROJ_REAL_62.0_labor_and_equipment.4
PROJ_REAL_63.0,labor_and_equipment.4,60,72.0,1,Labor and Equipment.4,0.4829750968912463,0,12.0,180000.0,PROJ_REAL_63.0_labor_and_equipment.4
PROJ_REAL_64.0,labor_and_equipment.4,60,72.0,1,Labor and Equipment.4,0.6219433267269969,0,12.0,180000.0,PROJ_REAL_64.0_labor_and_equipment.4
PROJ_REAL_65.0,labor_and_equipment.4,60,76.0,1,Labor and Equipment.4,0.9053119288395182,0,16.0,240000.0,PROJ_REAL_65.0_labor_and_equipment.4
PROJ_REAL_66.0,labor_and_equipment.4,60,76.0,1,Labor and Equipment.4,0.824533244037321,0,16.0,240000.0,PROJ_REAL_66.0_labor_and_equipment.4
PROJ_REAL_67.0,labor_and_equipment.4,60,76.0,1,Labor and Equipment.4,0.5861224349397289,0,16.0,240000.0,PROJ_REAL_67.0_labor_and_equipment.4
PROJ_REAL_68.0,labor_and_equipment.4,60,76.0,1,Labor and Equipment.4,0.754140500630658,0,16.0,240000.0,PROJ_REAL_68.0_labor_and_equipment.4
PROJ_REAL_69.0,labor_and_equipment.4,60,68.0,0,Labor and Equipment.4,0.381807574967567,0,8.0,0.0,PROJ_REAL_69.0_labor_and_equipment.4
PROJ_REAL_70.0,labor_and_equipment.4,60,76.0,1,Labor and Equipment.4,0.8287621384771098,0,16.0,240000.0,PROJ_REAL_70.0_labor_and_equipment.4
PROJ_REAL_71.0,labor_and_equipment.4,60,76.0,1,Labor and Equipment.4,0.7341999347405668,0,16.0,240000.0,PROJ_REAL_71.0_labor_and_equipment.4
PROJ_REAL_72.0,labor_and_equipment.4,60,72.0,1,Labor and Equipment.4,0.6797908679704143,0,12.0,180000.0,PROJ_REAL_72.0_labor_and_equipment.4
PROJ_REAL_73.0,labor_and_equipment.4,60,80.0,1,Labor and Equipment.4,0.8922499663290364,0,20.0,300000.0,PROJ_REAL_73.0_labor_and_equipment.4
PROJ_REAL_74.0,labor_and_equipment.4,60,80.0,1,Labor and Equipment.4,0.9251703267199102,0,20.0,300000.0,PROJ_REAL_74.0_labor_and_equipment.4
PROJ_REAL_75.0,labor_and_equipment.4,60,80.0,1,Labor and Equipment.4,1.0,0,20.0,300000.0,PROJ_REAL_75.0_labor_and_equipment.4
PROJ_REAL_76.0,labor_and_equipment.4,60,80.0,1,Labor and Equipment.4,0.9224189830548432,0,20.0,300000.0,PROJ_REAL_76.0_labor_and_equipment.4
PROJ_REAL_77.0,labor_and_equipment.4,60,76.0,1,Labor and Equipment.4,0.6782741865729431,0,16.0,240000.0,PROJ_REAL_77.0_labor_and_equipment.4
PROJ_REAL_78.0,labor_and_equipment.4,60,76.0,1,Labor and Equipment.4,0.792760443261028,0,16.0,240000.0,PROJ_REAL_78.0_labor_and_equipment.4
PROJ_REAL_79.0,labor_and_equipment.4,60,64.0,0,Labor and Equipment.4,0.2577883962149551,0,4.0,0.0,PROJ_REAL_79.0_labor_and_equipment.4
PROJ_REAL_80.0,labor_and_equipment.4,60,72.0,1,Labor and Equipment.4,0.5502215549427245,0,12.0,180000.0,PROJ_REAL_80.0_labor_and_equipment.4
PROJ_REAL_81.0,labor_and_equipment.4,60,80.0,1,Labor and Equipment.4,0.9057877924004636,0,20.0,300000.0,PROJ_REAL_81.0_labor_and_equipment.4
PROJ_REAL_82.0,labor_and_equipment.4,60,72.0,1,Labor and Equipment.4,0.7501884471645279,0,12.0,180000.0,PROJ_REAL_82.0_labor_and_equipment.4
PROJ_REAL_83.0,labor_and_equipment.4,60,76.0,1,Labor and Equipment.4,0.8513199355955872,0,16.0,240000.0,PROJ_REAL_83.0_labor_and_equipment.4
PROJ_REAL_84.0,labor_and_equipment.4,60,76.0,1,Labor and Equipment.4,0.8531212549860915,0,16.0,240000.0,PROJ_REAL_84.0_labor_and_equipment.4
PROJ_REAL_85.0,labor_and_equipment.4,60,64.0,0,Labor and Equipment.4,0.043353512487038,0,4.0,0.0,PROJ_REAL_85.0_labor_and_equipment.4
PROJ_REAL_86.0,labor_and_equipment.4,60,72.0,1,Labor and Equipment.4,0.4771352801205397,0,12.0,180000.0,PROJ_REAL_86.0_labor_and_equipment.4
PROJ_REAL_87.0,labor_and_equipment.4,60,76.0,1,Labor and Equipment.4,0.7965525013869243,0,16.0,240000.0,PROJ_REAL_87.0_labor_and_equipment.4
PROJ_REAL_88.0,labor_and_equipment.4,60,76.0,1,Labor and Equipment.4,0.736933176998819,0,16.0,240000.0,PROJ_REAL_88.0_labor_and_equipment.4
PROJ_REAL_89.0,labor_and_equipment.4,60,72.0,1,Labor and Equipment.4,0.7061643246747534,0,12.0,180000.0,PROJ_REAL_89.0_labor_and_equipment.4
PROJ_REAL_90.0,labor_and_equipment.4,60,80.0,1,Labor and Equipment.4,0.922205482676162,0,20.0,300000.0,PROJ_REAL_90.0_labor_and_equipment.4
PROJ_REAL_91.0,labor_and_equipment.4,60,76.0,1,Labor and Equipment.4,0.9436515850808156,0,16.0,240000.0,PROJ_REAL_91.0_labor_and_equipment.4
PROJ_REAL_92.0,labor_and_equipment.4,60,72.0,1,Labor and Equipment.4,0.5870294300803144,0,12.0,180000.0,PROJ_REAL_92.0_labor_and_equipment.4
PROJ_REAL_93.0,labor_and_equipment.4,60,72.0,1,Labor and Equipment.4,0.4580221164506276,0,12.0,180000.0,PROJ_REAL_93.0_labor_and_equipment.4
PROJ_REAL_94.0,labor_and_equipment.4,60,68.0,0,Labor and Equipment.4,0.3410419110591501,0,8.0,0.0,PROJ_REAL_94.0_labor_and_equipment.4
PROJ_REAL_95.0,labor_and_equipment.4,60,72.0,1,Labor and Equipment.4,0.4423578926066123,0,12.0,180000.0,PROJ_REAL_95.0_labor_and_equipment.4
PROJ_REAL_96.0,labor_and_equipment.4,60,72.0,1,Labor and Equipment.4,0.4728921734355858,0,12.0,180000.0,PROJ_REAL_96.0_labor_and_equipment.4
PROJ_REAL_97.0,labor_and_equipment.4,60,76.0,1,Labor and Equipment.4,0.7415481258895321,0,16.0,240000.0,PROJ_REAL_97.0_labor_and_equipment.4
PROJ_REAL_98.0,labor_and_equipment.4,60,72.0,1,Labor and Equipment.4,0.8210332194097794,0,12.0,180000.0,PROJ_REAL_98.0_labor_and_equipment.4
PROJ_REAL_99.0,labor_and_equipment.4,60,72.0,1,Labor and Equipment.4,0.483958243754887,0,12.0,180000.0,PROJ_REAL_99.0_labor_and_equipment.4
PROJ_REAL_100.0,labor_and_equipment.4,60,76.0,1,Labor and Equipment.4,0.8345379218287915,0,16.0,240000.0,PROJ_REAL_100.0_labor_and_equipment.4
PROJ_REAL_101.0,labor_and_equipment.4,60,76.0,1,Labor and Equipment.4,0.7945888983480882,0,16.0,240000.0,PROJ_REAL_101.0_labor_and_equipment.4
PROJ_REAL_102.0,labor_and_equipment.4,60,72.0,1,Labor and Equipment.4,0.4227992671981547,0,12.0,180000.0,PROJ_REAL_102.0_labor_and_equipment.4
PROJ_REAL_103.0,labor_and_equipment.4,60,76.0,1,Labor and Equipment.4,0.8488767254386025,0,16.0,240000.0,PROJ_REAL_103.0_labor_and_equipment.4
PROJ_REAL_104.0,labor_and_equipment.4,60,76.0,1,Labor and Equipment.4,0.8018116447750344,0,16.0,240000.0,PROJ_REAL_104.0_labor_and_equipment.4
PROJ_REAL_105.0,labor_and_equipment.4,60,72.0,1,Labor and Equipment.4,0.6073332354956009,0,12.0,180000.0,PROJ_REAL_105.0_labor_and_equipment.4
PROJ_REAL_106.0,labor_and_equipment.4,60,76.0,1,Labor and Equipment.4,0.8972841842783527,0,16.0,240000.0,PROJ_REAL_106.0_labor_and_equipment.4
PROJ_REAL_107.0,labor_and_equipment.4,60,76.0,1,Labor and Equipment.4,0.5104362396517257,0,16.0,240000.0,PROJ_REAL_107.0_labor_and_equipment.4
PROJ_REAL_108.0,labor_and_equipment.4,60,80.0,1,Labor and Equipment.4,0.9755169222542184,0,20.0,300000.0,PROJ_REAL_108.0_labor_and_equipment.4
PROJ_REAL_109.0,labor_and_equipment.4,60,80.0,1,Labor and Equipment.4,0.9475690082732704,0,20.0,300000.0,PROJ_REAL_109.0_labor_and_equipment.4
PROJ_REAL_110.0,labor_and_equipment.4,60,64.0,0,Labor and Equipment.4,0.1773080348673401,0,4.0,0.0,PROJ_REAL_110.0_labor_and_equipment.4
PROJ_REAL_111.0,labor_and_equipment.4,60,72.0,1,Labor and Equipment.4,0.5546021426749934,0,12.0,180000.0,PROJ_REAL_111.0_labor_and_equipment.4
PROJ_REAL_112.0,labor_and_equipment.4,60,76.0,1,Labor and Equipment.4,0.8133939995589713,0,16.0,240000.0,PROJ_REAL_112.0_labor_and_equipment.4
PROJ_REAL_113.0,labor_and_equipment.4,60,80.0,1,Labor and Equipment.4,1.0,0,20.0,300000.0,PROJ_REAL_113.0_labor_and_equipment.4
PROJ_REAL_114.0,labor_and_equipment.4,60,68.0,0,Labor and Equipment.4,0.4906694434881782,0,8.0,0.0,PROJ_REAL_114.0_labor_and_equipment.4
PROJ_REAL_115.0,labor_and_equipment.4,60,72.0,1,Labor and Equipment.4,0.56590853105836,0,12.0,180000.0,PROJ_REAL_115.0_labor_and_equipment.4
PROJ_REAL_116.0,labor_and_equipment.4,60,76.0,1,Labor and Equipment.4,0.7245747858169362,0,16.0,240000.0,PROJ_REAL_116.0_labor_and_equipment.4
PROJ_REAL_117.0,labor_and_equipment.4,60,76.0,1,Labor and Equipment.4,0.7624122066141793,0,16.0,240000.0,PROJ_REAL_117.0_labor_and_equipment.4
PROJ_REAL_118.0,labor_and_equipment.4,60,72.0,1,Labor and Equipment.4,0.529694982129424,0,12.0,180000.0,PROJ_REAL_118.0_labor_and_equipment.4
PROJ_REAL_119.0,labor_and_equipment.4,60,76.0,1,Labor and Equipment.4,0.8071391473609658,0,16.0,240000.0,PROJ_REAL_119.0_labor_and_equipment.4
PROJ_REAL_120.0,labor_and_equipment.4,60,72.0,1,Labor and Equipment.4,0.583040122032557,0,12.0,180000.0,PROJ_REAL_120.0_labor_and_equipment.4
PROJ_REAL_121.0,labor_and_equipment.4,60,72.0,1,Labor and Equipment.4,0.6059976542880081,0,12.0,180000.0,PROJ_REAL_121.0_labor_and_equipment.4
PROJ_REAL_122.0,labor_and_equipment.4,60,80.0,1,Labor and Equipment.4,1.0,0,20.0,300000.0,PROJ_REAL_122.0_labor_and_equipment.4
PROJ_REAL_123.0,labor_and_equipment.4,60,68.0,0,Labor and Equipment.4,0.2298907666886944,0,8.0,0.0,PROJ_REAL_123.0_labor_and_equipment.4
PROJ_REAL_124.0,labor_and_equipment.4,60,72.0,1,Labor and Equipment.4,0.5747711389814032,0,12.0,180000.0,PROJ_REAL_124.0_labor_and_equipment.4
PROJ_REAL_125.0,labor_and_equipment.4,60,72.0,1,Labor and Equipment.4,0.546253131544849,0,12.0,180000.0,PROJ_REAL_125.0_labor_and_equipment.4
PROJ_REAL_126.0,labor_and_equipment.4,60,68.0,0,Labor and Equipment.4,0.3622406623478447,0,8.0,0.0,PROJ_REAL_126.0_labor_and_equipment.4
PROJ_REAL_127.0,labor_and_equipment.4,60,80.0,1,Labor and Equipment.4,0.9858990096390988,0,20.0,300000.0,PROJ_REAL_127.0_labor_and_equipment.4
PROJ_REAL_128.0,labor_and_equipment.4,60,72.0,1,Labor and Equipment.4,0.7268052476822053,0,12.0,180000.0,PROJ_REAL_128.0_labor_and_equipment.4
PROJ_REAL_129.0,labor_and_equipment.4,60,76.0,1,Labor and Equipment.4,0.6931688243036549,0,16.0,240000.0,PROJ_REAL_129.0_labor_and_equipment.4
PROJ_REAL_130.0,labor_and_equipment.4,60,68.0,0,Labor and Equipment.4,0.3976015315367154,0,8.0,0.0,PROJ_REAL_130.0_labor_and_equipment.4
PROJ_REAL_131.0,labor_and_equipment.4,60,72.0,1,Labor and Equipment.4,0.5162510074174421,0,12.0,180000.0,PROJ_REAL_131.0_labor_and_equipment.4
PROJ_REAL_132.0,labor_and_equipment.4,60,64.0,0,Labor and Equipment.4,0.1059405622663001,0,4.0,0.0,PROJ_REAL_132.0_labor_and_equipment.4
PROJ_REAL_133.0,labor_and_equipment.4,60,80.0,1,Labor and Equipment.4,0.9385375299789422,0,20.0,300000.0,PROJ_REAL_133.0_labor_and_equipment.4
PROJ_REAL_134.0,labor_and_equipment.4,60,80.0,1,Labor and Equipment.4,1.0,0,20.0,300000.0,PROJ_REAL_134.0_labor_and_equipment.4
PROJ_REAL_135.0,labor_and_equipment.4,60,72.0,1,Labor and Equipment.4,0.664772148848627,0,12.0,180000.0,PROJ_REAL_135.0_labor_and_equipment.4
PROJ_REAL_136.0,labor_and_equipment.4,60,76.0,1,Labor and Equipment.4,0.7351957435607149,0,16.0,240000.0,PROJ_REAL_136.0_labor_and_equipment.4
PROJ_REAL_137.0,labor_and_equipment.4,60,76.0,1,Labor and Equipment.4,0.8123488845505966,0,16.0,240000.0,PROJ_REAL_137.0_labor_and_equipment.4
PROJ_REAL_138.0,labor_and_equipment.4,60,68.0,0,Labor and Equipment.4,0.5196340951817291,0,8.0,0.0,PROJ_REAL_138.0_labor_and_equipment.4
PROJ_REAL_139.0,labor_and_equipment.4,60,76.0,1,Labor and Equipment.4,0.6812273433584748,0,16.0,240000.0,PROJ_REAL_139.0_labor_and_equipment.4
PROJ_REAL_140.0,labor_and_equipment.4,60,76.0,1,Labor and Equipment.4,0.8209192343984549,0,16.0,240000.0,PROJ_REAL_140.0_labor_and_equipment.4
PROJ_REAL_141.0,labor_and_equipment.4,60,72.0,1,Labor and Equipment.4,0.502896964203838,0,12.0,180000.0,PROJ_REAL_141.0_labor_and_equipment.4
PROJ_REAL_142.0,labor_and_equipment.4,60,72.0,1,Labor and Equipment.4,0.6497606599013214,0,12.0,180000.0,PROJ_REAL_142.0_labor_and_equipment.4
PROJ_REAL_143.0,labor_and_equipment.4,60,72.0,1,Labor and Equipment.4,0.7642180317780848,0,12.0,180000.0,PROJ_REAL_143.0_labor_and_equipment.4
PROJ_REAL_1.0,labor_and_equipment.5,60,64.0,0,Labor and Equipment.5,0.0123763338707114,0,4.0,0.0,PROJ_REAL_1.0_labor_and_equipment.5
PROJ_REAL_2.0,labor_and_equipment.5,60,68.0,0,Labor and Equipment.5,0.318072705281601,0,8.0,0.0,PROJ_REAL_2.0_labor_and_equipment.5
PROJ_REAL_3.0,labor_and_equipment.5,60,68.0,0,Labor and Equipment.5,0.3658032914076776,0,8.0,0.0,PROJ_REAL_3.0_labor_and_equipment.5
PROJ_REAL_4.0,labor_and_equipment.5,60,68.0,0,Labor and Equipment.5,0.4705028960202058,0,8.0,0.0,PROJ_REAL_4.0_labor_and_equipment.5
PROJ_REAL_5.0,labor_and_equipment.5,60,68.0,0,Labor and Equipment.5,0.3633633320938374,0,8.0,0.0,PROJ_REAL_5.0_labor_and_equipment.5
PROJ_REAL_6.0,labor_and_equipment.5,60,64.0,0,Labor and Equipment.5,0.0758972006707799,0,4.0,0.0,PROJ_REAL_6.0_labor_and_equipment.5
PROJ_REAL_7.0,labor_and_equipment.5,60,64.0,0,Labor and Equipment.5,0.4080550181755572,0,4.0,0.0,PROJ_REAL_7.0_labor_and_equipment.5
PROJ_REAL_8.0,labor_and_equipment.5,60,64.0,0,Labor and Equipment.5,0.055527647519393,0,4.0,0.0,PROJ_REAL_8.0_labor_and_equipment.5
PROJ_REAL_9.0,labor_and_equipment.5,60,64.0,0,Labor and Equipment.5,0.1174507661477,0,4.0,0.0,PROJ_REAL_9.0_labor_and_equipment.5
PROJ_REAL_10.0,labor_and_equipment.5,60,64.0,0,Labor and Equipment.5,0.2724495567433789,0,4.0,0.0,PROJ_REAL_10.0_labor_and_equipment.5
PROJ_REAL_11.0,labor_and_equipment.5,60,68.0,0,Labor and Equipment.5,0.4768760721704328,0,8.0,0.0,PROJ_REAL_11.0_labor_and_equipment.5
PROJ_REAL_12.0,labor_and_equipment.5,60,80.0,1,Labor and Equipment.5,0.8660578463632065,0,20.0,300000.0,PROJ_REAL_12.0_labor_and_equipment.5
PROJ_REAL_13.0,labor_and_equipment.5,60,80.0,1,Labor and Equipment.5,0.8681678746675613,0,20.0,300000.0,PROJ_REAL_13.0_labor_and_equipment.5
PROJ_REAL_14.0,labor_and_equipment.5,60,76.0,1,Labor and Equipment.5,0.7667558423564171,0,16.0,240000.0,PROJ_REAL_14.0_labor_and_equipment.5
PROJ_REAL_15.0,labor_and_equipment.5,60,80.0,1,Labor and Equipment.5,1.0,0,20.0,300000.0,PROJ_REAL_15.0_labor_and_equipment.5
PROJ_REAL_16.0,labor_and_equipment.5,60,72.0,1,Labor and Equipment.5,0.6343673602662306,0,12.0,180000.0,PROJ_REAL_16.0_labor_and_equipment.5
PROJ_REAL_17.0,labor_and_equipment.5,60,76.0,1,Labor and Equipment.5,0.9819824228908224,0,16.0,240000.0,PROJ_REAL_17.0_labor_and_equipment.5
PROJ_REAL_18.0,labor_and_equipment.5,60,72.0,1,Labor and Equipment.5,0.6740129594964098,0,12.0,180000.0,PROJ_REAL_18.0_labor_and_equipment.5
PROJ_REAL_19.0,labor_and_equipment.5,60,80.0,1,Labor and Equipment.5,1.0,0,20.0,300000.0,PROJ_REAL_19.0_labor_and_equipment.5
PROJ_REAL_20.0,labor_and_equipment.5,60,80.0,1,Labor and Equipment.5,0.8986820674156334,0,20.0,300000.0,PROJ_REAL_20.0_labor_and_equipment.5
PROJ_REAL_21.0,labor_and_equipment.5,60,76.0,1,Labor and Equipment.5,0.88148532205121,0,16.0,240000.0,PROJ_REAL_21.0_labor_and_equipment.5
PROJ_REAL_22.0,labor_and_equipment.5,60,72.0,1,Labor and Equipment.5,0.5401546392284882,0,12.0,180000.0,PROJ_REAL_22.0_labor_and_equipment.5
PROJ_REAL_23.0,labor_and_equipment.5,60,68.0,0,Labor and Equipment.5,0.4072942905001656,0,8.0,0.0,PROJ_REAL_23.0_labor_and_equipment.5
PROJ_REAL_24.0,labor_and_equipment.5,60,72.0,1,Labor and Equipment.5,0.6746543681900177,0,12.0,180000.0,PROJ_REAL_24.0_labor_and_equipment.5
PROJ_REAL_25.0,labor_and_equipment.5,60,76.0,1,Labor and Equipment.5,0.8192794798596332,0,16.0,240000.0,PROJ_REAL_25.0_labor_and_equipment.5
PROJ_REAL_26.0,labor_and_equipment.5,60,72.0,1,Labor and Equipment.5,0.4664004238253683,0,12.0,180000.0,PROJ_REAL_26.0_labor_and_equipment.5
PROJ_REAL_27.0,labor_and_equipment.5,60,76.0,1,Labor and Equipment.5,0.8236922907940321,0,16.0,240000.0,PROJ_REAL_27.0_labor_and_equipment.5
PROJ_REAL_28.0,labor_and_equipment.5,60,76.0,1,Labor and Equipment.5,0.8102265189114914,0,16.0,240000.0,PROJ_REAL_28.0_labor_and_equipment.5
PROJ_REAL_29.0,labor_and_equipment.5,60,68.0,0,Labor and Equipment.5,0.3279616606836043,0,8.0,0.0,PROJ_REAL_29.0_labor_and_equipment.5
PROJ_REAL_30.0,labor_and_equipment.5,60,64.0,0,Labor and Equipment.5,0.2981509047497541,0,4.0,0.0,PROJ_REAL_30.0_labor_and_equipment.5
PROJ_REAL_31.0,labor_and_equipment.5,60,72.0,1,Labor and Equipment.5,0.7235026214038638,0,12.0,180000.0,PROJ_REAL_31.0_labor_and_equipment.5
PROJ_REAL_32.0,labor_and_equipment.5,60,68.0,0,Labor and Equipment.5,0.491265147984415,0,8.0,0.0,PROJ_REAL_32.0_labor_and_equipment.5
PROJ_REAL_33.0,labor_and_equipment.5,60,68.0,0,Labor and Equipment.5,0.357084262828803,0,8.0,0.0,PROJ_REAL_33.0_labor_and_equipment.5
PROJ_REAL_34.0,labor_and_equipment.5,60,68.0,0,Labor and Equipment.5,0.3672277521535986,0,8.0,0.0,PROJ_REAL_34.0_labor_and_equipment.5
PROJ_REAL_35.0,labor_and_equipment.5,60,68.0,0,Labor and Equipment.5,0.5259293325641522,0,8.0,0.0,PROJ_REAL_35.0_labor_and_equipment.5
PROJ_REAL_36.0,labor_and_equipment.5,60,76.0,1,Labor and Equipment.5,0.7386690887715184,0,16.0,240000.0,PROJ_REAL_36.0_labor_and_equipment.5
PROJ_REAL_37.0,labor_and_equipment.5,60,76.0,1,Labor and Equipment.5,0.8612659818292053,0,16.0,240000.0,PROJ_REAL_37.0_labor_and_equipment.5
PROJ_REAL_38.0,labor_and_equipment.5,60,76.0,1,Labor and Equipment.5,0.9223637027371216,0,16.0,240000.0,PROJ_REAL_38.0_labor_and_equipment.5
PROJ_REAL_39.0,labor_and_equipment.5,60,72.0,1,Labor and Equipment.5,0.6799057875500693,0,12.0,180000.0,PROJ_REAL_39.0_labor_and_equipment.5
PROJ_REAL_40.0,labor_and_equipment.5,60,76.0,1,Labor and Equipment.5,0.5061458970606576,0,16.0,240000.0,PROJ_REAL_40.0_labor_and_equipment.5
PROJ_REAL_41.0,labor_and_equipment.5,60,76.0,1,Labor and Equipment.5,0.8229891233094145,0,16.0,240000.0,PROJ_REAL_41.0_labor_and_equipment.5
PROJ_REAL_42.0,labor_and_equipment.5,60,76.0,1,Labor and Equipment.5,0.8733053559066933,0,16.0,240000.0,PROJ_REAL_42.0_labor_and_equipment.5
PROJ_REAL_43.0,labor_and_equipment.5,60,76.0,1,Labor and Equipment.5,0.8046365175302808,0,16.0,240000.0,PROJ_REAL_43.0_labor_and_equipment.5
PROJ_REAL_44.0,labor_and_equipment.5,60,76.0,1,Labor and Equipment.5,0.6380977112882991,0,16.0,240000.0,PROJ_REAL_44.0_labor_and_equipment.5
PROJ_REAL_45.0,labor_and_equipment.5,60,76.0,1,Labor and Equipment.5,0.7402805947799237,0,16.0,240000.0,PROJ_REAL_45.0_labor_and_equipment.5
PROJ_REAL_46.0,labor_and_equipment.5,60,76.0,1,Labor and Equipment.5,0.7508263415157653,0,16.0,240000.0,PROJ_REAL_46.0_labor_and_equipment.5
PROJ_REAL_47.0,labor_and_equipment.5,60,76.0,1,Labor and Equipment.5,0.9640736663201208,0,16.0,240000.0,PROJ_REAL_47.0_labor_and_equipment.5
PROJ_REAL_48.0,labor_and_equipment.5,60,80.0,1,Labor and Equipment.5,0.9679694662973788,0,20.0,300000.0,PROJ_REAL_48.0_labor_and_equipment.5
PROJ_REAL_49.0,labor_and_equipment.5,60,80.0,1,Labor and Equipment.5,0.9490776480478242,0,20.0,300000.0,PROJ_REAL_49.0_labor_and_equipment.5
PROJ_REAL_50.0,labor_and_equipment.5,60,76.0,1,Labor and Equipment.5,0.8631316124790727,0,16.0,240000.0,PROJ_REAL_50.0_labor_and_equipment.5
PROJ_REAL_51.0,labor_and_equipment.5,60,72.0,1,Labor and Equipment.5,0.4576654316913231,0,12.0,180000.0,PROJ_REAL_51.0_labor_and_equipment.5
PROJ_REAL_52.0,labor_and_equipment.5,60,76.0,1,Labor and Equipment.5,0.8812319833258452,0,16.0,240000.0,PROJ_REAL_52.0_labor_and_equipment.5
PROJ_REAL_53.0,labor_and_equipment.5,60,76.0,1,Labor and Equipment.5,0.7410409365466096,0,16.0,240000.0,PROJ_REAL_53.0_labor_and_equipment.5
PROJ_REAL_54.0,labor_and_equipment.5,60,76.0,1,Labor and Equipment.5,0.8594067952569435,0,16.0,240000.0,PROJ_REAL_54.0_labor_and_equipment.5
PROJ_REAL_55.0,labor_and_equipment.5,60,76.0,1,Labor and Equipment.5,0.7326847151326885,0,16.0,240000.0,PROJ_REAL_55.0_labor_and_equipment.5
PROJ_REAL_56.0,labor_and_equipment.5,60,80.0,1,Labor and Equipment.5,0.950305351226715,0,20.0,300000.0,PROJ_REAL_56.0_labor_and_equipment.5
PROJ_REAL_57.0,labor_and_equipment.5,60,72.0,1,Labor and Equipment.5,0.6184432253480872,0,12.0,180000.0,PROJ_REAL_57.0_labor_and_equipment.5
PROJ_REAL_58.0,labor_and_equipment.5,60,72.0,1,Labor and Equipment.5,0.5933915176171374,0,12.0,180000.0,PROJ_REAL_58.0_labor_and_equipment.5
PROJ_REAL_59.0,labor_and_equipment.5,60,72.0,1,Labor and Equipment.5,0.6254335798683057,0,12.0,180000.0,PROJ_REAL_59.0_labor_and_equipment.5
PROJ_REAL_60.0,labor_and_equipment.5,60,76.0,1,Labor and Equipment.5,0.7502982522890225,0,16.0,240000.0,PROJ_REAL_60.0_labor_and_equipment.5
PROJ_REAL_61.0,labor_and_equipment.5,60,76.0,1,Labor and Equipment.5,0.7565986589522765,0,16.0,240000.0,PROJ_REAL_61.0_labor_and_equipment.5
PROJ_REAL_62.0,labor_and_equipment.5,60,76.0,1,Labor and Equipment.5,0.7923783126494723,0,16.0,240000.0,PROJ_REAL_62.0_labor_and_equipment.5
PROJ_REAL_63.0,labor_and_equipment.5,60,72.0,1,Labor and Equipment.5,0.6195965389371301,0,12.0,180000.0,PROJ_REAL_63.0_labor_and_equipment.5
PROJ_REAL_64.0,labor_and_equipment.5,60,72.0,1,Labor and Equipment.5,0.6709056637813879,0,12.0,180000.0,PROJ_REAL_64.0_labor_and_equipment.5
PROJ_REAL_65.0,labor_and_equipment.5,60,76.0,1,Labor and Equipment.5,0.7467937746014596,0,16.0,240000.0,PROJ_REAL_65.0_labor_and_equipment.5
PROJ_REAL_66.0,labor_and_equipment.5,60,80.0,1,Labor and Equipment.5,0.9597876467967852,0,20.0,300000.0,PROJ_REAL_66.0_labor_and_equipment.5
PROJ_REAL_67.0,labor_and_equipment.5,60,80.0,1,Labor and Equipment.5,1.0,0,20.0,300000.0,PROJ_REAL_67.0_labor_and_equipment.5
PROJ_REAL_68.0,labor_and_equipment.5,60,76.0,1,Labor and Equipment.5,0.7440911450709085,0,16.0,240000.0,PROJ_REAL_68.0_labor_and_equipment.5
PROJ_REAL_69.0,labor_and_equipment.5,60,72.0,1,Labor and Equipment.5,0.6767888589533839,0,12.0,180000.0,PROJ_REAL_69.0_labor_and_equipment.5
PROJ_REAL_70.0,labor_and_equipment.5,60,80.0,1,Labor and Equipment.5,0.9281215680516112,0,20.0,300000.0,PROJ_REAL_70.0_labor_and_equipment.5
PROJ_REAL_71.0,labor_and_equipment.5,60,76.0,1,Labor and Equipment.5,0.7358305593248802,0,16.0,240000.0,PROJ_REAL_71.0_labor_and_equipment.5
PROJ_REAL_72.0,labor_and_equipment.5,60,72.0,1,Labor and Equipment.5,0.6322329302351937,0,12.0,180000.0,PROJ_REAL_72.0_labor_and_equipment.5
PROJ_REAL_73.0,labor_and_equipment.5,60,80.0,1,Labor and Equipment.5,1.0,0,20.0,300000.0,PROJ_REAL_73.0_labor_and_equipment.5
PROJ_REAL_74.0,labor_and_equipment.5,60,72.0,1,Labor and Equipment.5,0.5662425377839823,0,12.0,180000.0,PROJ_REAL_74.0_labor_and_equipment.5
PROJ_REAL_75.0,labor_and_equipment.5,60,72.0,1,Labor and Equipment.5,0.7600779643100324,0,12.0,180000.0,PROJ_REAL_75.0_labor_and_equipment.5
PROJ_REAL_76.0,labor_and_equipment.5,60,64.0,0,Labor and Equipment.5,0.1512190067805828,0,4.0,0.0,PROJ_REAL_76.0_labor_and_equipment.5
PROJ_REAL_77.0,labor_and_equipment.5,60,76.0,1,Labor and Equipment.5,0.7960267960324328,0,16.0,240000.0,PROJ_REAL_77.0_labor_and_equipment.5
PROJ_REAL_78.0,labor_and_equipment.5,60,80.0,1,Labor and Equipment.5,1.0,0,20.0,300000.0,PROJ_REAL_78.0_labor_and_equipment.5
PROJ_REAL_79.0,labor_and_equipment.5,60,64.0,0,Labor and Equipment.5,0.2136454125973194,0,4.0,0.0,PROJ_REAL_79.0_labor_and_equipment.5
PROJ_REAL_80.0,labor_and_equipment.5,60,80.0,1,Labor and Equipment.5,0.9350811104035184,0,20.0,300000.0,PROJ_REAL_80.0_labor_and_equipment.5
PROJ_REAL_81.0,labor_and_equipment.5,60,76.0,1,Labor and Equipment.5,0.8416489698716354,0,16.0,240000.0,PROJ_REAL_81.0_labor_and_equipment.5
PROJ_REAL_82.0,labor_and_equipment.5,60,76.0,1,Labor and Equipment.5,0.864476224428734,0,16.0,240000.0,PROJ_REAL_82.0_labor_and_equipment.5
PROJ_REAL_83.0,labor_and_equipment.5,60,76.0,1,Labor and Equipment.5,0.6818507495622268,0,16.0,240000.0,PROJ_REAL_83.0_labor_and_equipment.5
PROJ_REAL_84.0,labor_and_equipment.5,60,72.0,1,Labor and Equipment.5,0.7212920119921558,0,12.0,180000.0,PROJ_REAL_84.0_labor_and_equipment.5
PROJ_REAL_85.0,labor_and_equipment.5,60,64.0,0,Labor and Equipment.5,0.292444763878227,0,4.0,0.0,PROJ_REAL_85.0_labor_and_equipment.5
PROJ_REAL_86.0,labor_and_equipment.5,60,76.0,1,Labor and Equipment.5,0.9592562088159036,0,16.0,240000.0,PROJ_REAL_86.0_labor_and_equipment.5
PROJ_REAL_87.0,labor_and_equipment.5,60,76.0,1,Labor and Equipment.5,0.7892808139693573,0,16.0,240000.0,PROJ_REAL_87.0_labor_and_equipment.5
PROJ_REAL_88.0,labor_and_equipment.5,60,76.0,1,Labor and Equipment.5,0.9179625015111808,0,16.0,240000.0,PROJ_REAL_88.0_labor_and_equipment.5
PROJ_REAL_89.0,labor_and_equipment.5,60,68.0,0,Labor and Equipment.5,0.3684982716838589,0,8.0,0.0,PROJ_REAL_89.0_labor_and_equipment.5
PROJ_REAL_90.0,labor_and_equipment.5,60,72.0,1,Labor and Equipment.5,0.650252887074997,0,12.0,180000.0,PROJ_REAL_90.0_labor_and_equipment.5
PROJ_REAL_91.0,labor_and_equipment.5,60,76.0,1,Labor and Equipment.5,0.8571492569921834,0,16.0,240000.0,PROJ_REAL_91.0_labor_and_equipment.5
PROJ_REAL_92.0,labor_and_equipment.5,60,76.0,1,Labor and Equipment.5,0.8669598455573793,0,16.0,240000.0,PROJ_REAL_92.0_labor_and_equipment.5
PROJ_REAL_93.0,labor_and_equipment.5,60,80.0,1,Labor and Equipment.5,1.0,0,20.0,300000.0,PROJ_REAL_93.0_labor_and_equipment.5
PROJ_REAL_94.0,labor_and_equipment.5,60,72.0,1,Labor and Equipment.5,0.6663757170513782,0,12.0,180000.0,PROJ_REAL_94.0_labor_and_equipment.5
PROJ_REAL_95.0,labor_and_equipment.5,60,76.0,1,Labor and Equipment.5,0.791559489535718,0,16.0,240000.0,PROJ_REAL_95.0_labor_and_equipment.5
PROJ_REAL_96.0,labor_and_equipment.5,60,80.0,1,Labor and Equipment.5,1.0,0,20.0,300000.0,PROJ_REAL_96.0_labor_and_equipment.5
PROJ_REAL_97.0,labor_and_equipment.5,60,80.0,1,Labor and Equipment.5,0.8591061794866491,0,20.0,300000.0,PROJ_REAL_97.0_labor_and_equipment.5
PROJ_REAL_98.0,labor_and_equipment.5,60,80.0,1,Labor and Equipment.5,0.9577397963379548,0,20.0,300000.0,PROJ_REAL_98.0_labor_and_equipment.5
PROJ_REAL_99.0,labor_and_equipment.5,60,76.0,1,Labor and Equipment.5,0.8370928707629152,0,16.0,240000.0,PROJ_REAL_99.0_labor_and_equipment.5
PROJ_REAL_100.0,labor_and_equipment.5,60,80.0,1,Labor and Equipment.5,0.9848005131162126,0,20.0,300000.0,PROJ_REAL_100.0_labor_and_equipment.5
PROJ_REAL_101.0,labor_and_equipment.5,60,76.0,1,Labor and Equipment.5,0.7268245398535503,0,16.0,240000.0,PROJ_REAL_101.0_labor_and_equipment.5
PROJ_REAL_102.0,labor_and_equipment.5,60,80.0,1,Labor and Equipment.5,1.0,0,20.0,300000.0,PROJ_REAL_102.0_labor_and_equipment.5
PROJ_REAL_103.0,labor_and_equipment.5,60,76.0,1,Labor and Equipment.5,0.7240196731979167,0,16.0,240000.0,PROJ_REAL_103.0_labor_and_equipment.5
PROJ_REAL_104.0,labor_and_equipment.5,60,76.0,1,Labor and Equipment.5,0.6230706850127894,0,16.0,240000.0,PROJ_REAL_104.0_labor_and_equipment.5
PROJ_REAL_105.0,labor_and_equipment.5,60,80.0,1,Labor and Equipment.5,1.0,0,20.0,300000.0,PROJ_REAL_105.0_labor_and_equipment.5
PROJ_REAL_106.0,labor_and_equipment.5,60,76.0,1,Labor and Equipment.5,0.8743991284964375,0,16.0,240000.0,PROJ_REAL_106.0_labor_and_equipment.5
PROJ_REAL_107.0,labor_and_equipment.5,60,76.0,1,Labor and Equipment.5,0.8001860201390684,0,16.0,240000.0,PROJ_REAL_107.0_labor_and_equipment.5
PROJ_REAL_108.0,labor_and_equipment.5,60,64.0,0,Labor and Equipment.5,0.1821719068727051,0,4.0,0.0,PROJ_REAL_108.0_labor_and_equipment.5
PROJ_REAL_109.0,labor_and_equipment.5,60,76.0,1,Labor and Equipment.5,0.9128009684094188,0,16.0,240000.0,PROJ_REAL_109.0_labor_and_equipment.5
PROJ_REAL_110.0,labor_and_equipment.5,60,64.0,0,Labor and Equipment.5,0.2450090788955703,0,4.0,0.0,PROJ_REAL_110.0_labor_and_equipment.5
PROJ_REAL_111.0,labor_and_equipment.5,60,76.0,1,Labor and Equipment.5,0.7034920473573929,0,16.0,240000.0,PROJ_REAL_111.0_labor_and_equipment.5
PROJ_REAL_112.0,labor_and_equipment.5,60,76.0,1,Labor and Equipment.5,0.8250646549465953,0,16.0,240000.0,PROJ_REAL_112.0_labor_and_equipment.5
PROJ_REAL_113.0,labor_and_equipment.5,60,76.0,1,Labor and Equipment.5,0.7824021031755314,0,16.0,240000.0,PROJ_REAL_113.0_labor_and_equipment.5
PROJ_REAL_114.0,labor_and_equipment.5,60,76.0,1,Labor and Equipment.5,0.6258309989996813,0,16.0,240000.0,PROJ_REAL_114.0_labor_and_equipment.5
PROJ_REAL_115.0,labor_and_equipment.5,60,72.0,1,Labor and Equipment.5,0.629933162224112,0,12.0,180000.0,PROJ_REAL_115.0_labor_and_equipment.5
PROJ_REAL_116.0,labor_and_equipment.5,60,76.0,1,Labor and Equipment.5,0.7632809164856148,0,16.0,240000.0,PROJ_REAL_116.0_labor_and_equipment.5
PROJ_REAL_117.0,labor_and_equipment.5,60,80.0,1,Labor and Equipment.5,0.8545863901040598,0,20.0,300000.0,PROJ_REAL_117.0_labor_and_equipment.5
PROJ_REAL_118.0,labor_and_equipment.5,60,76.0,1,Labor and Equipment.5,0.7213648232565683,0,16.0,240000.0,PROJ_REAL_118.0_labor_and_equipment.5
PROJ_REAL_119.0,labor_and_equipment.5,60,76.0,1,Labor and Equipment.5,0.7640980911427748,0,16.0,240000.0,PROJ_REAL_119.0_labor_and_equipment.5
PROJ_REAL_120.0,labor_and_equipment.5,60,76.0,1,Labor and Equipment.5,0.6496095093016737,0,16.0,240000.0,PROJ_REAL_120.0_labor_and_equipment.5
PROJ_REAL_121.0,labor_and_equipment.5,60,76.0,1,Labor and Equipment.5,0.9235894967518242,0,16.0,240000.0,PROJ_REAL_121.0_labor_and_equipment.5
PROJ_REAL_122.0,labor_and_equipment.5,60,76.0,1,Labor and Equipment.5,0.8130782468341455,0,16.0,240000.0,PROJ_REAL_122.0_labor_and_equipment.5
PROJ_REAL_123.0,labor_and_equipment.5,60,76.0,1,Labor and Equipment.5,0.8698220656996446,0,16.0,240000.0,PROJ_REAL_123.0_labor_and_equipment.5
PROJ_REAL_124.0,labor_and_equipment.5,60,80.0,1,Labor and Equipment.5,1.0,0,20.0,300000.0,PROJ_REAL_124.0_labor_and_equipment.5
PROJ_REAL_125.0,labor_and_equipment.5,60,76.0,1,Labor and Equipment.5,0.8131642265671307,0,16.0,240000.0,PROJ_REAL_125.0_labor_and_equipment.5
PROJ_REAL_126.0,labor_and_equipment.5,60,76.0,1,Labor and Equipment.5,0.90237691725121,0,16.0,240000.0,PROJ_REAL_126.0_labor_and_equipment.5
PROJ_REAL_127.0,labor_and_equipment.5,60,76.0,1,Labor and Equipment.5,0.7540061053391297,0,16.0,240000.0,PROJ_REAL_127.0_labor_and_equipment.5
PROJ_REAL_128.0,labor_and_equipment.5,60,72.0,1,Labor and Equipment.5,0.5187818201166301,0,12.0,180000.0,PROJ_REAL_128.0_labor_and_equipment.5
PROJ_REAL_129.0,labor_and_equipment.5,60,76.0,1,Labor and Equipment.5,0.9477614121439732,0,16.0,240000.0,PROJ_REAL_129.0_labor_and_equipment.5
PROJ_REAL_130.0,labor_and_equipment.5,60,72.0,1,Labor and Equipment.5,0.5337195788041383,0,12.0,180000.0,PROJ_REAL_130.0_labor_and_equipment.5
PROJ_REAL_131.0,labor_and_equipment.5,60,80.0,1,Labor and Equipment.5,1.0,0,20.0,300000.0,PROJ_REAL_131.0_labor_and_equipment.5
PROJ_REAL_132.0,labor_and_equipment.5,60,64.0,0,Labor and Equipment.5,0.182718898900803,0,4.0,0.0,PROJ_REAL_132.0_labor_and_equipment.5
PROJ_REAL_133.0,labor_and_equipment.5,60,64.0,0,Labor and Equipment.5,0.2341932383716559,0,4.0,0.0,PROJ_REAL_133.0_labor_and_equipment.5
PROJ_REAL_134.0,labor_and_equipment.5,60,72.0,1,Labor and Equipment.5,0.7653544039623998,0,12.0,180000.0,PROJ_REAL_134.0_labor_and_equipment.5
PROJ_REAL_135.0,labor_and_equipment.5,60,72.0,1,Labor and Equipment.5,0.6397399933671768,0,12.0,180000.0,PROJ_REAL_135.0_labor_and_equipment.5
PROJ_REAL_136.0,labor_and_equipment.5,60,76.0,1,Labor and Equipment.5,0.838539884580035,0,16.0,240000.0,PROJ_REAL_136.0_labor_and_equipment.5
PROJ_REAL_137.0,labor_and_equipment.5,60,80.0,1,Labor and Equipment.5,0.9178875502784056,0,20.0,300000.0,PROJ_REAL_137.0_labor_and_equipment.5
PROJ_REAL_138.0,labor_and_equipment.5,60,72.0,1,Labor and Equipment.5,0.557763602123971,0,12.0,180000.0,PROJ_REAL_138.0_labor_and_equipment.5
PROJ_REAL_139.0,labor_and_equipment.5,60,80.0,1,Labor and Equipment.5,1.0,0,20.0,300000.0,PROJ_REAL_139.0_labor_and_equipment.5
PROJ_REAL_140.0,labor_and_equipment.5,60,76.0,1,Labor and Equipment.5,0.7593743653277087,0,16.0,240000.0,PROJ_REAL_140.0_labor_and_equipment.5
PROJ_REAL_141.0,labor_and_equipment.5,60,72.0,1,Labor and Equipment.5,0.5046169286157518,0,12.0,180000.0,PROJ_REAL_141.0_labor_and_equipment.5
PROJ_REAL_142.0,labor_and_equipment.5,60,72.0,1,Labor and Equipment.5,0.6488967753851759,0,12.0,180000.0,PROJ_REAL_142.0_labor_and_equipment.5
PROJ_REAL_143.0,labor_and_equipment.5,60,68.0,0,Labor and Equipment.5,0.345663368447884,0,8.0,0.0,PROJ_REAL_143.0_labor_and_equipment.5
PROJ_REAL_1.0,labor_and_equipment.6,60,64.0,0,Labor and Equipment.6,0.2528536300242383,0,4.0,0.0,PROJ_REAL_1.0_labor_and_equipment.6
PROJ_REAL_2.0,labor_and_equipment.6,60,68.0,0,Labor and Equipment.6,0.2758211683832315,0,8.0,0.0,PROJ_REAL_2.0_labor_and_equipment.6
PROJ_REAL_3.0,labor_and_equipment.6,60,64.0,0,Labor and Equipment.6,0.2401609072557022,0,4.0,0.0,PROJ_REAL_3.0_labor_and_equipment.6
PROJ_REAL_4.0,labor_and_equipment.6,60,80.0,1,Labor and Equipment.6,1.0,0,20.0,300000.0,PROJ_REAL_4.0_labor_and_equipment.6
PROJ_REAL_5.0,labor_and_equipment.6,60,64.0,0,Labor and Equipment.6,0.3389401809699267,0,4.0,0.0,PROJ_REAL_5.0_labor_and_equipment.6
PROJ_REAL_6.0,labor_and_equipment.6,60,68.0,0,Labor and Equipment.6,0.5883737972445262,0,8.0,0.0,PROJ_REAL_6.0_labor_and_equipment.6
PROJ_REAL_7.0,labor_and_equipment.6,60,64.0,0,Labor and Equipment.6,0.3960689624240811,0,4.0,0.0,PROJ_REAL_7.0_labor_and_equipment.6
PROJ_REAL_8.0,labor_and_equipment.6,60,64.0,0,Labor and Equipment.6,0.1893183802167902,0,4.0,0.0,PROJ_REAL_8.0_labor_and_equipment.6
PROJ_REAL_9.0,labor_and_equipment.6,60,64.0,0,Labor and Equipment.6,0.1143232440328077,0,4.0,0.0,PROJ_REAL_9.0_labor_and_equipment.6
PROJ_REAL_10.0,labor_and_equipment.6,60,64.0,0,Labor and Equipment.6,0.413770227525273,0,4.0,0.0,PROJ_REAL_10.0_labor_and_equipment.6
PROJ_REAL_11.0,labor_and_equipment.6,60,80.0,1,Labor and Equipment.6,1.0,0,20.0,300000.0,PROJ_REAL_11.0_labor_and_equipment.6
PROJ_REAL_12.0,labor_and_equipment.6,60,76.0,1,Labor and Equipment.6,0.7778589118899161,0,16.0,240000.0,PROJ_REAL_12.0_labor_and_equipment.6
PROJ_REAL_13.0,labor_and_equipment.6,60,72.0,1,Labor and Equipment.6,0.6355587036260927,0,12.0,180000.0,PROJ_REAL_13.0_labor_and_equipment.6
PROJ_REAL_14.0,labor_and_equipment.6,60,76.0,1,Labor and Equipment.6,0.7992461275116437,0,16.0,240000.0,PROJ_REAL_14.0_labor_and_equipment.6
PROJ_REAL_15.0,labor_and_equipment.6,60,80.0,1,Labor and Equipment.6,0.9769694515149152,0,20.0,300000.0,PROJ_REAL_15.0_labor_and_equipment.6
PROJ_REAL_16.0,labor_and_equipment.6,60,68.0,0,Labor and Equipment.6,0.4890756893390673,0,8.0,0.0,PROJ_REAL_16.0_labor_and_equipment.6
PROJ_REAL_17.0,labor_and_equipment.6,60,80.0,1,Labor and Equipment.6,0.9914826772867348,0,20.0,300000.0,PROJ_REAL_17.0_labor_and_equipment.6
PROJ_REAL_18.0,labor_and_equipment.6,60,76.0,1,Labor and Equipment.6,0.7885672465989659,0,16.0,240000.0,PROJ_REAL_18.0_labor_and_equipment.6
PROJ_REAL_19.0,labor_and_equipment.6,60,72.0,1,Labor and Equipment.6,0.4207262372311922,0,12.0,180000.0,PROJ_REAL_19.0_labor_and_equipment.6
PROJ_REAL_20.0,labor_and_equipment.6,60,76.0,1,Labor and Equipment.6,1.0,0,16.0,240000.0,PROJ_REAL_20.0_labor_and_equipment.6
PROJ_REAL_21.0,labor_and_equipment.6,60,76.0,1,Labor and Equipment.6,0.7348559374762453,0,16.0,240000.0,PROJ_REAL_21.0_labor_and_equipment.6
PROJ_REAL_22.0,labor_and_equipment.6,60,76.0,1,Labor and Equipment.6,0.8304467679500983,0,16.0,240000.0,PROJ_REAL_22.0_labor_and_equipment.6
PROJ_REAL_23.0,labor_and_equipment.6,60,72.0,1,Labor and Equipment.6,0.5838276318529053,0,12.0,180000.0,PROJ_REAL_23.0_labor_and_equipment.6
PROJ_REAL_24.0,labor_and_equipment.6,60,72.0,1,Labor and Equipment.6,0.5591842589802695,0,12.0,180000.0,PROJ_REAL_24.0_labor_and_equipment.6
PROJ_REAL_25.0,labor_and_equipment.6,60,76.0,1,Labor and Equipment.6,0.7226716475926135,0,16.0,240000.0,PROJ_REAL_25.0_labor_and_equipment.6
PROJ_REAL_26.0,labor_and_equipment.6,60,80.0,1,Labor and Equipment.6,1.0,0,20.0,300000.0,PROJ_REAL_26.0_labor_and_equipment.6
PROJ_REAL_27.0,labor_and_equipment.6,60,72.0,1,Labor and Equipment.6,0.6097164821785647,0,12.0,180000.0,PROJ_REAL_27.0_labor_and_equipment.6
PROJ_REAL_28.0,labor_and_equipment.6,60,72.0,1,Labor and Equipment.6,0.5657682677025897,0,12.0,180000.0,PROJ_REAL_28.0_labor_and_equipment.6
PROJ_REAL_29.0,labor_and_equipment.6,60,72.0,1,Labor and Equipment.6,0.6790612830948171,0,12.0,180000.0,PROJ_REAL_29.0_labor_and_equipment.6
PROJ_REAL_30.0,labor_and_equipment.6,60,64.0,0,Labor and Equipment.6,0.2961811797953143,0,4.0,0.0,PROJ_REAL_30.0_labor_and_equipment.6
PROJ_REAL_31.0,labor_and_equipment.6,60,68.0,0,Labor and Equipment.6,0.4153872885462372,0,8.0,0.0,PROJ_REAL_31.0_labor_and_equipment.6
PROJ_REAL_32.0,labor_and_equipment.6,60,72.0,1,Labor and Equipment.6,0.643746191513836,0,12.0,180000.0,PROJ_REAL_32.0_labor_and_equipment.6
PROJ_REAL_33.0,labor_and_equipment.6,60,72.0,1,Labor and Equipment.6,0.4245434329769817,0,12.0,180000.0,PROJ_REAL_33.0_labor_and_equipment.6
PROJ_REAL_34.0,labor_and_equipment.6,60,64.0,0,Labor and Equipment.6,0.2880602219779322,0,4.0,0.0,PROJ_REAL_34.0_labor_and_equipment.6
PROJ_REAL_35.0,labor_and_equipment.6,60,72.0,1,Labor and Equipment.6,0.6988153676743475,0,12.0,180000.0,PROJ_REAL_35.0_labor_and_equipment.6
PROJ_REAL_36.0,labor_and_equipment.6,60,76.0,1,Labor and Equipment.6,0.90356665929635,0,16.0,240000.0,PROJ_REAL_36.0_labor_and_equipment.6
PROJ_REAL_37.0,labor_and_equipment.6,60,72.0,1,Labor and Equipment.6,0.6209271779758337,0,12.0,180000.0,PROJ_REAL_37.0_labor_and_equipment.6
PROJ_REAL_38.0,labor_and_equipment.6,60,76.0,1,Labor and Equipment.6,0.8224326156853956,0,16.0,240000.0,PROJ_REAL_38.0_labor_and_equipment.6
PROJ_REAL_39.0,labor_and_equipment.6,60,68.0,0,Labor and Equipment.6,0.4017982885074965,0,8.0,0.0,PROJ_REAL_39.0_labor_and_equipment.6
PROJ_REAL_40.0,labor_and_equipment.6,60,72.0,1,Labor and Equipment.6,0.542650738254442,0,12.0,180000.0,PROJ_REAL_40.0_labor_and_equipment.6
PROJ_REAL_41.0,labor_and_equipment.6,60,76.0,1,Labor and Equipment.6,0.8026788924890608,0,16.0,240000.0,PROJ_REAL_41.0_labor_and_equipment.6
PROJ_REAL_42.0,labor_and_equipment.6,60,72.0,1,Labor and Equipment.6,0.5036520893483406,0,12.0,180000.0,PROJ_REAL_42.0_labor_and_equipment.6
PROJ_REAL_43.0,labor_and_equipment.6,60,76.0,1,Labor and Equipment.6,0.7343826907998074,0,16.0,240000.0,PROJ_REAL_43.0_labor_and_equipment.6
PROJ_REAL_44.0,labor_and_equipment.6,60,76.0,1,Labor and Equipment.6,1.0,0,16.0,240000.0,PROJ_REAL_44.0_labor_and_equipment.6
PROJ_REAL_45.0,labor_and_equipment.6,60,76.0,1,Labor and Equipment.6,0.9571830946440218,0,16.0,240000.0,PROJ_REAL_45.0_labor_and_equipment.6
PROJ_REAL_46.0,labor_and_equipment.6,60,76.0,1,Labor and Equipment.6,0.9113376349562584,0,16.0,240000.0,PROJ_REAL_46.0_labor_and_equipment.6
PROJ_REAL_47.0,labor_and_equipment.6,60,76.0,1,Labor and Equipment.6,0.6501007838036721,0,16.0,240000.0,PROJ_REAL_47.0_labor_and_equipment.6
PROJ_REAL_48.0,labor_and_equipment.6,60,80.0,1,Labor and Equipment.6,0.9580162727740316,0,20.0,300000.0,PROJ_REAL_48.0_labor_and_equipment.6
PROJ_REAL_49.0,labor_and_equipment.6,60,80.0,1,Labor and Equipment.6,0.9966830242604484,0,20.0,300000.0,PROJ_REAL_49.0_labor_and_equipment.6
PROJ_REAL_50.0,labor_and_equipment.6,60,76.0,1,Labor and Equipment.6,0.9352152620787368,0,16.0,240000.0,PROJ_REAL_50.0_labor_and_equipment.6
PROJ_REAL_51.0,labor_and_equipment.6,60,80.0,1,Labor and Equipment.6,0.8781578343946532,0,20.0,300000.0,PROJ_REAL_51.0_labor_and_equipment.6
PROJ_REAL_52.0,labor_and_equipment.6,60,76.0,1,Labor and Equipment.6,0.7551749507903595,0,16.0,240000.0,PROJ_REAL_52.0_labor_and_equipment.6
PROJ_REAL_53.0,labor_and_equipment.6,60,72.0,1,Labor and Equipment.6,0.5633140405948551,0,12.0,180000.0,PROJ_REAL_53.0_labor_and_equipment.6
PROJ_REAL_54.0,labor_and_equipment.6,60,76.0,1,Labor and Equipment.6,0.733731948137273,0,16.0,240000.0,PROJ_REAL_54.0_labor_and_equipment.6
PROJ_REAL_55.0,labor_and_equipment.6,60,80.0,1,Labor and Equipment.6,0.8990144181619211,0,20.0,300000.0,PROJ_REAL_55.0_labor_and_equipment.6
PROJ_REAL_56.0,labor_and_equipment.6,60,80.0,1,Labor and Equipment.6,1.0,0,20.0,300000.0,PROJ_REAL_56.0_labor_and_equipment.6
PROJ_REAL_57.0,labor_and_equipment.6,60,80.0,1,Labor and Equipment.6,0.9709706455517124,0,20.0,300000.0,PROJ_REAL_57.0_labor_and_equipment.6
PROJ_REAL_58.0,labor_and_equipment.6,60,80.0,1,Labor and Equipment.6,1.0,0,20.0,300000.0,PROJ_REAL_58.0_labor_and_equipment.6
PROJ_REAL_59.0,labor_and_equipment.6,60,80.0,1,Labor and Equipment.6,0.8438121078311795,0,20.0,300000.0,PROJ_REAL_59.0_labor_and_equipment.6
PROJ_REAL_60.0,labor_and_equipment.6,60,76.0,1,Labor and Equipment.6,0.9095043640774848,0,16.0,240000.0,PROJ_REAL_60.0_labor_and_equipment.6
PROJ_REAL_61.0,labor_and_equipment.6,60,76.0,1,Labor and Equipment.6,0.7988455520602826,0,16.0,240000.0,PROJ_REAL_61.0_labor_and_equipment.6
PROJ_REAL_62.0,labor_and_equipment.6,60,72.0,1,Labor and Equipment.6,0.5949232255508646,0,12.0,180000.0,PROJ_REAL_62.0_labor_and_equipment.6
PROJ_REAL_63.0,labor_and_equipment.6,60,80.0,1,Labor and Equipment.6,0.9913720361962411,0,20.0,300000.0,PROJ_REAL_63.0_labor_and_equipment.6
PROJ_REAL_64.0,labor_and_equipment.6,60,72.0,1,Labor and Equipment.6,0.6229151795829306,0,12.0,180000.0,PROJ_REAL_64.0_labor_and_equipment.6
PROJ_REAL_65.0,labor_and_equipment.6,60,76.0,1,Labor and Equipment.6,0.8813112086042458,0,16.0,240000.0,PROJ_REAL_65.0_labor_and_equipment.6
PROJ_REAL_66.0,labor_and_equipment.6,60,80.0,1,Labor and Equipment.6,1.0,0,20.0,300000.0,PROJ_REAL_66.0_labor_and_equipment.6
PROJ_REAL_67.0,labor_and_equipment.6,60,80.0,1,Labor and Equipment.6,1.0,0,20.0,300000.0,PROJ_REAL_67.0_labor_and_equipment.6
PROJ_REAL_68.0,labor_and_equipment.6,60,76.0,1,Labor and Equipment.6,0.9777472356122778,0,16.0,240000.0,PROJ_REAL_68.0_labor_and_equipment.6
PROJ_REAL_69.0,labor_and_equipment.6,60,68.0,0,Labor and Equipment.6,0.4770688258028042,0,8.0,0.0,PROJ_REAL_69.0_labor_and_equipment.6
PROJ_REAL_70.0,labor_and_equipment.6,60,80.0,1,Labor and Equipment.6,1.0,0,20.0,300000.0,PROJ_REAL_70.0_labor_and_equipment.6
PROJ_REAL_71.0,labor_and_equipment.6,60,76.0,1,Labor and Equipment.6,0.7734561304271537,0,16.0,240000.0,PROJ_REAL_71.0_labor_and_equipment.6
PROJ_REAL_72.0,labor_and_equipment.6,60,72.0,1,Labor and Equipment.6,0.5160703088744595,0,12.0,180000.0,PROJ_REAL_72.0_labor_and_equipment.6
PROJ_REAL_73.0,labor_and_equipment.6,60,80.0,1,Labor and Equipment.6,1.0,0,20.0,300000.0,PROJ_REAL_73.0_labor_and_equipment.6
PROJ_REAL_74.0,labor_and_equipment.6,60,80.0,1,Labor and Equipment.6,1.0,0,20.0,300000.0,PROJ_REAL_74.0_labor_and_equipment.6
PROJ_REAL_75.0,labor_and_equipment.6,60,80.0,1,Labor and Equipment.6,1.0,0,20.0,300000.0,PROJ_REAL_75.0_labor_and_equipment.6
PROJ_REAL_76.0,labor_and_equipment.6,60,72.0,1,Labor and Equipment.6,0.6469615217451853,0,12.0,180000.0,PROJ_REAL_76.0_labor_and_equipment.6
PROJ_REAL_77.0,labor_and_equipment.6,60,80.0,1,Labor and Equipment.6,1.0,0,20.0,300000.0,PROJ_REAL_77.0_labor_and_equipment.6
PROJ_REAL_78.0,labor_and_equipment.6,60,76.0,1,Labor and Equipment.6,1.0,0,16.0,240000.0,PROJ_REAL_78.0_labor_and_equipment.6
PROJ_REAL_79.0,labor_and_equipment.6,60,68.0,0,Labor and Equipment.6,0.369738578272239,0,8.0,0.0,PROJ_REAL_79.0_labor_and_equipment.6
PROJ_REAL_80.0,labor_and_equipment.6,60,76.0,1,Labor and Equipment.6,0.7773494973201275,0,16.0,240000.0,PROJ_REAL_80.0_labor_and_equipment.6
PROJ_REAL_81.0,labor_and_equipment.6,60,76.0,1,Labor and Equipment.6,0.7004335471298689,0,16.0,240000.0,PROJ_REAL_81.0_labor_and_equipment.6
PROJ_REAL_82.0,labor_and_equipment.6,60,80.0,1,Labor and Equipment.6,1.0,0,20.0,300000.0,PROJ_REAL_82.0_labor_and_equipment.6
PROJ_REAL_83.0,labor_and_equipment.6,60,76.0,1,Labor and Equipment.6,0.778720624030443,0,16.0,240000.0,PROJ_REAL_83.0_labor_and_equipment.6
PROJ_REAL_84.0,labor_and_equipment.6,60,72.0,1,Labor and Equipment.6,0.6068620622522076,0,12.0,180000.0,PROJ_REAL_84.0_labor_and_equipment.6
PROJ_REAL_85.0,labor_and_equipment.6,60,64.0,0,Labor and Equipment.6,0.0795951421678174,0,4.0,0.0,PROJ_REAL_85.0_labor_and_equipment.6
PROJ_REAL_86.0,labor_and_equipment.6,60,80.0,1,Labor and Equipment.6,0.9672025756970012,0,20.0,300000.0,PROJ_REAL_86.0_labor_and_equipment.6
PROJ_REAL_87.0,labor_and_equipment.6,60,76.0,1,Labor and Equipment.6,0.8309506581453123,0,16.0,240000.0,PROJ_REAL_87.0_labor_and_equipment.6
PROJ_REAL_88.0,labor_and_equipment.6,60,80.0,1,Labor and Equipment.6,0.8411146544404415,0,20.0,300000.0,PROJ_REAL_88.0_labor_and_equipment.6
PROJ_REAL_89.0,labor_and_equipment.6,60,72.0,1,Labor and Equipment.6,0.6126393736313444,0,12.0,180000.0,PROJ_REAL_89.0_labor_and_equipment.6
PROJ_REAL_90.0,labor_and_equipment.6,60,80.0,1,Labor and Equipment.6,0.8076609982929003,0,20.0,300000.0,PROJ_REAL_90.0_labor_and_equipment.6
PROJ_REAL_91.0,labor_and_equipment.6,60,76.0,1,Labor and Equipment.6,0.656020619797315,0,16.0,240000.0,PROJ_REAL_91.0_labor_and_equipment.6
PROJ_REAL_92.0,labor_and_equipment.6,60,72.0,1,Labor and Equipment.6,0.5668664197212859,0,12.0,180000.0,PROJ_REAL_92.0_labor_and_equipment.6
PROJ_REAL_93.0,labor_and_equipment.6,60,76.0,1,Labor and Equipment.6,1.0,0,16.0,240000.0,PROJ_REAL_93.0_labor_and_equipment.6
PROJ_REAL_94.0,labor_and_equipment.6,60,72.0,1,Labor and Equipment.6,0.6824337336681876,0,12.0,180000.0,PROJ_REAL_94.0_labor_and_equipment.6
PROJ_REAL_95.0,labor_and_equipment.6,60,80.0,1,Labor and Equipment.6,0.8744636702166042,0,20.0,300000.0,PROJ_REAL_95.0_labor_and_equipment.6
PROJ_REAL_96.0,labor_and_equipment.6,60,80.0,1,Labor and Equipment.6,1.0,0,20.0,300000.0,PROJ_REAL_96.0_labor_and_equipment.6
PROJ_REAL_97.0,labor_and_equipment.6,60,76.0,1,Labor and Equipment.6,0.8312264517329414,0,16.0,240000.0,PROJ_REAL_97.0_labor_and_equipment.6
PROJ_REAL_98.0,labor_and_equipment.6,60,80.0,1,Labor and Equipment.6,0.9100398921116782,0,20.0,300000.0,PROJ_REAL_98.0_labor_and_equipment.6
PROJ_REAL_99.0,labor_and_equipment.6,60,76.0,1,Labor and Equipment.6,0.848278259585919,0,16.0,240000.0,PROJ_REAL_99.0_labor_and_equipment.6
PROJ_REAL_100.0,labor_and_equipment.6,60,80.0,1,Labor and Equipment.6,0.9766909797037364,0,20.0,300000.0,PROJ_REAL_100.0_labor_and_equipment.6
PROJ_REAL_101.0,labor_and_equipment.6,60,76.0,1,Labor and Equipment.6,0.8936601394345746,0,16.0,240000.0,PROJ_REAL_101.0_labor_and_equipment.6
PROJ_REAL_102.0,labor_and_equipment.6,60,80.0,1,Labor and Equipment.6,1.0,0,20.0,300000.0,PROJ_REAL_102.0_labor_and_equipment.6
PROJ_REAL_103.0,labor_and_equipment.6,60,80.0,1,Labor and Equipment.6,0.998251694919468,0,20.0,300000.0,PROJ_REAL_103.0_labor_and_equipment.6
PROJ_REAL_104.0,labor_and_equipment.6,60,76.0,1,Labor and Equipment.6,0.8845935215766931,0,16.0,240000.0,PROJ_REAL_104.0_labor_and_equipment.6
PROJ_REAL_105.0,labor_and_equipment.6,60,80.0,1,Labor and Equipment.6,1.0,0,20.0,300000.0,PROJ_REAL_105.0_labor_and_equipment.6
PROJ_REAL_106.0,labor_and_equipment.6,60,76.0,1,Labor and Equipment.6,0.8040776764407388,0,16.0,240000.0,PROJ_REAL_106.0_labor_and_equipment.6
PROJ_REAL_107.0,labor_and_equipment.6,60,80.0,1,Labor and Equipment.6,1.0,0,20.0,300000.0,PROJ_REAL_107.0_labor_and_equipment.6
PROJ_REAL_108.0,labor_and_equipment.6,60,72.0,1,Labor and Equipment.6,0.6894486703720413,0,12.0,180000.0,PROJ_REAL_108.0_labor_and_equipment.6
PROJ_REAL_109.0,labor_and_equipment.6,60,76.0,1,Labor and Equipment.6,0.9532217736766508,0,16.0,240000.0,PROJ_REAL_109.0_labor_and_equipment.6
PROJ_REAL_110.0,labor_and_equipment.6,60,68.0,0,Labor and Equipment.6,0.4057503351756372,0,8.0,0.0,PROJ_REAL_110.0_labor_and_equipment.6
PROJ_REAL_111.0,labor_and_equipment.6,60,80.0,1,Labor and Equipment.6,0.788375350338199,0,20.0,300000.0,PROJ_REAL_111.0_labor_and_equipment.6
PROJ_REAL_112.0,labor_and_equipment.6,60,76.0,1,Labor and Equipment.6,1.0,0,16.0,240000.0,PROJ_REAL_112.0_labor_and_equipment.6
PROJ_REAL_113.0,labor_and_equipment.6,60,80.0,1,Labor and Equipment.6,0.9982048157175374,0,20.0,300000.0,PROJ_REAL_113.0_labor_and_equipment.6
PROJ_REAL_114.0,labor_and_equipment.6,60,80.0,1,Labor and Equipment.6,1.0,0,20.0,300000.0,PROJ_REAL_114.0_labor_and_equipment.6
PROJ_REAL_115.0,labor_and_equipment.6,60,72.0,1,Labor and Equipment.6,0.5556775332190738,0,12.0,180000.0,PROJ_REAL_115.0_labor_and_equipment.6
PROJ_REAL_116.0,labor_and_equipment.6,60,76.0,1,Labor and Equipment.6,0.6097415022126617,0,16.0,240000.0,PROJ_REAL_116.0_labor_and_equipment.6
PROJ_REAL_117.0,labor_and_equipment.6,60,80.0,1,Labor and Equipment.6,0.9216023646582084,0,20.0,300000.0,PROJ_REAL_117.0_labor_and_equipment.6
PROJ_REAL_118.0,labor_and_equipment.6,60,80.0,1,Labor and Equipment.6,0.9799047348642168,0,20.0,300000.0,PROJ_REAL_118.0_labor_and_equipment.6
PROJ_REAL_119.0,labor_and_equipment.6,60,76.0,1,Labor and Equipment.6,0.8636874953304359,0,16.0,240000.0,PROJ_REAL_119.0_labor_and_equipment.6
PROJ_REAL_120.0,labor_and_equipment.6,60,80.0,1,Labor and Equipment.6,1.0,0,20.0,300000.0,PROJ_REAL_120.0_labor_and_equipment.6
PROJ_REAL_121.0,labor_and_equipment.6,60,76.0,1,Labor and Equipment.6,1.0,0,16.0,240000.0,PROJ_REAL_121.0_labor_and_equipment.6
PROJ_REAL_122.0,labor_and_equipment.6,60,80.0,1,Labor and Equipment.6,0.8850471680737382,0,20.0,300000.0,PROJ_REAL_122.0_labor_and_equipment.6
PROJ_REAL_123.0,labor_and_equipment.6,60,80.0,1,Labor and Equipment.6,0.8748127417110966,0,20.0,300000.0,PROJ_REAL_123.0_labor_and_equipment.6
PROJ_REAL_124.0,labor_and_equipment.6,60,80.0,1,Labor and Equipment.6,0.95146745679165,0,20.0,300000.0,PROJ_REAL_124.0_labor_and_equipment.6
PROJ_REAL_125.0,labor_and_equipment.6,60,80.0,1,Labor and Equipment.6,0.8339908845517368,0,20.0,300000.0,PROJ_REAL_125.0_labor_and_equipment.6
PROJ_REAL_126.0,labor_and_equipment.6,60,80.0,1,Labor and Equipment.6,1.0,0,20.0,300000.0,PROJ_REAL_126.0_labor_and_equipment.6
PROJ_REAL_127.0,labor_and_equipment.6,60,80.0,1,Labor and Equipment.6,1.0,0,20.0,300000.0,PROJ_REAL_127.0_labor_and_equipment.6
PROJ_REAL_128.0,labor_and_equipment.6,60,72.0,1,Labor and Equipment.6,0.6397803937747503,0,12.0,180000.0,PROJ_REAL_128.0_labor_and_equipment.6
PROJ_REAL_129.0,labor_and_equipment.6,60,76.0,1,Labor and Equipment.6,0.7635089449458456,0,16.0,240000.0,PROJ_REAL_129.0_labor_and_equipment.6
PROJ_REAL_130.0,labor_and_equipment.6,60,68.0,0,Labor and Equipment.6,0.4676659710570884,0,8.0,0.0,PROJ_REAL_130.0_labor_and_equipment.6
PROJ_REAL_131.0,labor_and_equipment.6,60,76.0,1,Labor and Equipment.6,0.7865375201634809,0,16.0,240000.0,PROJ_REAL_131.0_labor_and_equipment.6
PROJ_REAL_132.0,labor_and_equipment.6,60,68.0,0,Labor and Equipment.6,0.3217726139074364,0,8.0,0.0,PROJ_REAL_132.0_labor_and_equipment.6
PROJ_REAL_133.0,labor_and_equipment.6,60,72.0,1,Labor and Equipment.6,0.6906331665612899,0,12.0,180000.0,PROJ_REAL_133.0_labor_and_equipment.6
PROJ_REAL_134.0,labor_and_equipment.6,60,80.0,1,Labor and Equipment.6,0.9657774691690216,0,20.0,300000.0,PROJ_REAL_134.0_labor_and_equipment.6
PROJ_REAL_135.0,labor_and_equipment.6,60,72.0,1,Labor and Equipment.6,0.5643877392126421,0,12.0,180000.0,PROJ_REAL_135.0_labor_and_equipment.6
PROJ_REAL_136.0,labor_and_equipment.6,60,76.0,1,Labor and Equipment.6,0.7499272459139595,0,16.0,240000.0,PROJ_REAL_136.0_labor_and_equipment.6
PROJ_REAL_137.0,labor_and_equipment.6,60,80.0,1,Labor and Equipment.6,1.0,0,20.0,300000.0,PROJ_REAL_137.0_labor_and_equipment.6
PROJ_REAL_138.0,labor_and_equipment.6,60,68.0,0,Labor and Equipment.6,0.422530329979739,0,8.0,0.0,PROJ_REAL_138.0_labor_and_equipment.6
PROJ_REAL_139.0,labor_and_equipment.6,60,80.0,1,Labor and Equipment.6,0.976580863551682,0,20.0,300000.0,PROJ_REAL_139.0_labor_and_equipment.6
PROJ_REAL_140.0,labor_and_equipment.6,60,76.0,1,Labor and Equipment.6,0.7984112485527932,0,16.0,240000.0,PROJ_REAL_140.0_labor_and_equipment.6
PROJ_REAL_141.0,labor_and_equipment.6,60,80.0,1,Labor and Equipment.6,0.9569283315901064,0,20.0,300000.0,PROJ_REAL_141.0_labor_and_equipment.6
PROJ_REAL_142.0,labor_and_equipment.6,60,80.0,1,Labor and Equipment.6,1.0,0,20.0,300000.0,PROJ_REAL_142.0_labor_and_equipment.6
PROJ_REAL_143.0,labor_and_equipment.6,60,72.0,1,Labor and Equipment.6,0.7122017361888993,0,12.0,180000.0,PROJ_REAL_143.0_labor_and_equipment.6
PROJ_REAL_1.0,labor_and_equipment.7,60,64.0,0,Labor and Equipment.7,0.2030826943372623,0,4.0,0.0,PROJ_REAL_1.0_labor_and_equipment.7
PROJ_REAL_2.0,labor_and_equipment.7,60,68.0,0,Labor and Equipment.7,0.384528579393271,0,8.0,0.0,PROJ_REAL_2.0_labor_and_equipment.7
PROJ_REAL_3.0,labor_and_equipment.7,60,72.0,1,Labor and Equipment.7,0.484350121447026,0,12.0,180000.0,PROJ_REAL_3.0_labor_and_equipment.7
PROJ_REAL_4.0,labor_and_equipment.7,60,68.0,0,Labor and Equipment.7,0.2804371358344814,0,8.0,0.0,PROJ_REAL_4.0_labor_and_equipment.7
PROJ_REAL_5.0,labor_and_equipment.7,60,68.0,0,Labor and Equipment.7,0.4549585837314107,0,8.0,0.0,PROJ_REAL_5.0_labor_and_equipment.7
PROJ_REAL_6.0,labor_and_equipment.7,60,64.0,0,Labor and Equipment.7,0.0409824318823208,0,4.0,0.0,PROJ_REAL_6.0_labor_and_equipment.7
PROJ_REAL_7.0,labor_and_equipment.7,60,64.0,0,Labor and Equipment.7,0.2219734359953569,0,4.0,0.0,PROJ_REAL_7.0_labor_and_equipment.7
PROJ_REAL_8.0,labor_and_equipment.7,60,64.0,0,Labor and Equipment.7,0.2183234550138779,0,4.0,0.0,PROJ_REAL_8.0_labor_and_equipment.7
PROJ_REAL_9.0,labor_and_equipment.7,60,64.0,0,Labor and Equipment.7,0.3419776455275793,0,4.0,0.0,PROJ_REAL_9.0_labor_and_equipment.7
PROJ_REAL_10.0,labor_and_equipment.7,60,64.0,0,Labor and Equipment.7,0.113782300565073,0,4.0,0.0,PROJ_REAL_10.0_labor_and_equipment.7
PROJ_REAL_11.0,labor_and_equipment.7,60,68.0,0,Labor and Equipment.7,0.3911147284324875,0,8.0,0.0,PROJ_REAL_11.0_labor_and_equipment.7
PROJ_REAL_12.0,labor_and_equipment.7,60,72.0,1,Labor and Equipment.7,0.6533888275451886,0,12.0,180000.0,PROJ_REAL_12.0_labor_and_equipment.7
PROJ_REAL_13.0,labor_and_equipment.7,60,80.0,1,Labor and Equipment.7,0.907531340948827,0,20.0,300000.0,PROJ_REAL_13.0_labor_and_equipment.7
PROJ_REAL_14.0,labor_and_equipment.7,60,76.0,1,Labor and Equipment.7,0.7931169791262518,0,16.0,240000.0,PROJ_REAL_14.0_labor_and_equipment.7
PROJ_REAL_15.0,labor_and_equipment.7,60,76.0,1,Labor and Equipment.7,0.787929783234516,0,16.0,240000.0,PROJ_REAL_15.0_labor_and_equipment.7
PROJ_REAL_16.0,labor_and_equipment.7,60,76.0,1,Labor and Equipment.7,0.8419626393697545,0,16.0,240000.0,PROJ_REAL_16.0_labor_and_equipment.7
PROJ_REAL_17.0,labor_and_equipment.7,60,76.0,1,Labor and Equipment.7,0.89253696894651,0,16.0,240000.0,PROJ_REAL_17.0_labor_and_equipment.7
PROJ_REAL_18.0,labor_and_equipment.7,60,72.0,1,Labor and Equipment.7,0.7577589812242449,0,12.0,180000.0,PROJ_REAL_18.0_labor_and_equipment.7
PROJ_REAL_19.0,labor_and_equipment.7,60,80.0,1,Labor and Equipment.7,0.8392549038632822,0,20.0,300000.0,PROJ_REAL_19.0_labor_and_equipment.7
PROJ_REAL_20.0,labor_and_equipment.7,60,80.0,1,Labor and Equipment.7,1.0,0,20.0,300000.0,PROJ_REAL_20.0_labor_and_equipment.7
PROJ_REAL_21.0,labor_and_equipment.7,60,76.0,1,Labor and Equipment.7,0.85186538585669,0,16.0,240000.0,PROJ_REAL_21.0_labor_and_equipment.7
PROJ_REAL_22.0,labor_and_equipment.7,60,76.0,1,Labor and Equipment.7,0.7927791637183788,0,16.0,240000.0,PROJ_REAL_22.0_labor_and_equipment.7
PROJ_REAL_23.0,labor_and_equipment.7,60,80.0,1,Labor and Equipment.7,1.0,0,20.0,300000.0,PROJ_REAL_23.0_labor_and_equipment.7
PROJ_REAL_24.0,labor_and_equipment.7,60,76.0,1,Labor and Equipment.7,0.6584772514624805,0,16.0,240000.0,PROJ_REAL_24.0_labor_and_equipment.7
PROJ_REAL_25.0,labor_and_equipment.7,60,72.0,1,Labor and Equipment.7,0.7535585575134658,0,12.0,180000.0,PROJ_REAL_25.0_labor_and_equipment.7
PROJ_REAL_26.0,labor_and_equipment.7,60,64.0,0,Labor and Equipment.7,0.2232019660023221,0,4.0,0.0,PROJ_REAL_26.0_labor_and_equipment.7
PROJ_REAL_27.0,labor_and_equipment.7,60,68.0,0,Labor and Equipment.7,0.5226051795591066,0,8.0,0.0,PROJ_REAL_27.0_labor_and_equipment.7
PROJ_REAL_28.0,labor_and_equipment.7,60,76.0,1,Labor and Equipment.7,0.8358742227936232,0,16.0,240000.0,PROJ_REAL_28.0_labor_and_equipment.7
PROJ_REAL_29.0,labor_and_equipment.7,60,68.0,0,Labor and Equipment.7,0.3122169731544391,0,8.0,0.0,PROJ_REAL_29.0_labor_and_equipment.7
PROJ_REAL_30.0,labor_and_equipment.7,60,64.0,0,Labor and Equipment.7,0.1671378499744499,0,4.0,0.0,PROJ_REAL_30.0_labor_and_equipment.7
PROJ_REAL_31.0,labor_and_equipment.7,60,72.0,1,Labor and Equipment.7,0.6620243825444989,0,12.0,180000.0,PROJ_REAL_31.0_labor_and_equipment.7
PROJ_REAL_32.0,labor_and_equipment.7,60,68.0,0,Labor and Equipment.7,0.4485403847893278,0,8.0,0.0,PROJ_REAL_32.0_labor_and_equipment.7
PROJ_REAL_33.0,labor_and_equipment.7,60,76.0,1,Labor and Equipment.7,0.8387468554147102,0,16.0,240000.0,PROJ_REAL_33.0_labor_and_equipment.7
PROJ_REAL_34.0,labor_and_equipment.7,60,72.0,1,Labor and Equipment.7,0.7030777597701204,0,12.0,180000.0,PROJ_REAL_34.0_labor_and_equipment.7
PROJ_REAL_35.0,labor_and_equipment.7,60,68.0,0,Labor and Equipment.7,0.4583983267648411,0,8.0,0.0,PROJ_REAL_35.0_labor_and_equipment.7
PROJ_REAL_36.0,labor_and_equipment.7,60,80.0,1,Labor and Equipment.7,0.9427531547433168,0,20.0,300000.0,PROJ_REAL_36.0_labor_and_equipment.7
PROJ_REAL_37.0,labor_and_equipment.7,60,72.0,1,Labor and Equipment.7,0.5247426456035094,0,12.0,180000.0,PROJ_REAL_37.0_labor_and_equipment.7
PROJ_REAL_38.0,labor_and_equipment.7,60,76.0,1,Labor and Equipment.7,0.8233654665485843,0,16.0,240000.0,PROJ_REAL_38.0_labor_and_equipment.7
PROJ_REAL_39.0,labor_and_equipment.7,60,68.0,0,Labor and Equipment.7,0.3547541360856734,0,8.0,0.0,PROJ_REAL_39.0_labor_and_equipment.7
PROJ_REAL_40.0,labor_and_equipment.7,60,72.0,1,Labor and Equipment.7,0.6770884515047372,0,12.0,180000.0,PROJ_REAL_40.0_labor_and_equipment.7
PROJ_REAL_41.0,labor_and_equipment.7,60,76.0,1,Labor and Equipment.7,0.7872746162917098,0,16.0,240000.0,PROJ_REAL_41.0_labor_and_equipment.7
PROJ_REAL_42.0,labor_and_equipment.7,60,72.0,1,Labor and Equipment.7,0.5794944659105211,0,12.0,180000.0,PROJ_REAL_42.0_labor_and_equipment.7
PROJ_REAL_43.0,labor_and_equipment.7,60,76.0,1,Labor and Equipment.7,0.8016585337670392,0,16.0,240000.0,PROJ_REAL_43.0_labor_and_equipment.7
PROJ_REAL_44.0,labor_and_equipment.7,60,76.0,1,Labor and Equipment.7,0.7215266425328729,0,16.0,240000.0,PROJ_REAL_44.0_labor_and_equipment.7
PROJ_REAL_45.0,labor_and_equipment.7,60,76.0,1,Labor and Equipment.7,0.8466476040298926,0,16.0,240000.0,PROJ_REAL_45.0_labor_and_equipment.7
PROJ_REAL_46.0,labor_and_equipment.7,60,76.0,1,Labor and Equipment.7,0.886631295193132,0,16.0,240000.0,PROJ_REAL_46.0_labor_and_equipment.7
PROJ_REAL_47.0,labor_and_equipment.7,60,76.0,1,Labor and Equipment.7,0.6627934778462291,0,16.0,240000.0,PROJ_REAL_47.0_labor_and_equipment.7
PROJ_REAL_48.0,labor_and_equipment.7,60,80.0,1,Labor and Equipment.7,0.9913827296048028,0,20.0,300000.0,PROJ_REAL_48.0_labor_and_equipment.7
PROJ_REAL_49.0,labor_and_equipment.7,60,80.0,1,Labor and Equipment.7,0.8554943845694947,0,20.0,300000.0,PROJ_REAL_49.0_labor_and_equipment.7
PROJ_REAL_50.0,labor_and_equipment.7,60,80.0,1,Labor and Equipment.7,0.8655923153487068,0,20.0,300000.0,PROJ_REAL_50.0_labor_and_equipment.7
PROJ_REAL_51.0,labor_and_equipment.7,60,76.0,1,Labor and Equipment.7,0.7075389944929205,0,16.0,240000.0,PROJ_REAL_51.0_labor_and_equipment.7
PROJ_REAL_52.0,labor_and_equipment.7,60,80.0,1,Labor and Equipment.7,1.0,0,20.0,300000.0,PROJ_REAL_52.0_labor_and_equipment.7
PROJ_REAL_53.0,labor_and_equipment.7,60,72.0,1,Labor and Equipment.7,0.6983796505472627,0,12.0,180000.0,PROJ_REAL_53.0_labor_and_equipment.7
PROJ_REAL_54.0,labor_and_equipment.7,60,76.0,1,Labor and Equipment.7,0.6200079488050395,0,16.0,240000.0,PROJ_REAL_54.0_labor_and_equipment.7
PROJ_REAL_55.0,labor_and_equipment.7,60,80.0,1,Labor and Equipment.7,1.0,0,20.0,300000.0,PROJ_REAL_55.0_labor_and_equipment.7
PROJ_REAL_56.0,labor_and_equipment.7,60,76.0,1,Labor and Equipment.7,0.8250882593194856,0,16.0,240000.0,PROJ_REAL_56.0_labor_and_equipment.7
PROJ_REAL_57.0,labor_and_equipment.7,60,80.0,1,Labor and Equipment.7,0.914132685627862,0,20.0,300000.0,PROJ_REAL_57.0_labor_and_equipment.7
PROJ_REAL_58.0,labor_and_equipment.7,60,80.0,1,Labor and Equipment.7,1.0,0,20.0,300000.0,PROJ_REAL_58.0_labor_and_equipment.7
PROJ_REAL_59.0,labor_and_equipment.7,60,80.0,1,Labor and Equipment.7,0.9872563759292476,0,20.0,300000.0,PROJ_REAL_59.0_labor_and_equipment.7
PROJ_REAL_60.0,labor_and_equipment.7,60,76.0,1,Labor and Equipment.7,0.8912069562905662,0,16.0,240000.0,PROJ_REAL_60.0_labor_and_equipment.7
PROJ_REAL_61.0,labor_and_equipment.7,60,76.0,1,Labor and Equipment.7,0.903602570966572,0,16.0,240000.0,PROJ_REAL_61.0_labor_and_equipment.7
PROJ_REAL_62.0,labor_and_equipment.7,60,72.0,1,Labor and Equipment.7,0.5732900636728373,0,12.0,180000.0,PROJ_REAL_62.0_labor_and_equipment.7
PROJ_REAL_63.0,labor_and_equipment.7,60,80.0,1,Labor and Equipment.7,1.0,0,20.0,300000.0,PROJ_REAL_63.0_labor_and_equipment.7
PROJ_REAL_64.0,labor_and_equipment.7,60,76.0,1,Labor and Equipment.7,0.7164571853463775,0,16.0,240000.0,PROJ_REAL_64.0_labor_and_equipment.7
PROJ_REAL_65.0,labor_and_equipment.7,60,76.0,1,Labor and Equipment.7,0.7760416762681012,0,16.0,240000.0,PROJ_REAL_65.0_labor_and_equipment.7
PROJ_REAL_66.0,labor_and_equipment.7,60,80.0,1,Labor and Equipment.7,0.987908529208346,0,20.0,300000.0,PROJ_REAL_66.0_labor_and_equipment.7
PROJ_REAL_67.0,labor_and_equipment.7,60,80.0,1,Labor and Equipment.7,0.6553459728828439,0,20.0,300000.0,PROJ_REAL_67.0_labor_and_equipment.7
PROJ_REAL_68.0,labor_and_equipment.7,60,76.0,1,Labor and Equipment.7,0.8041955536407659,0,16.0,240000.0,PROJ_REAL_68.0_labor_and_equipment.7
PROJ_REAL_69.0,labor_and_equipment.7,60,72.0,1,Labor and Equipment.7,0.6597201875273073,0,12.0,180000.0,PROJ_REAL_69.0_labor_and_equipment.7
PROJ_REAL_70.0,labor_and_equipment.7,60,80.0,1,Labor and Equipment.7,1.0,0,20.0,300000.0,PROJ_REAL_70.0_labor_and_equipment.7
PROJ_REAL_71.0,labor_and_equipment.7,60,76.0,1,Labor and Equipment.7,0.6895451039096425,0,16.0,240000.0,PROJ_REAL_71.0_labor_and_equipment.7
PROJ_REAL_72.0,labor_and_equipment.7,60,76.0,1,Labor and Equipment.7,0.7676138008985615,0,16.0,240000.0,PROJ_REAL_72.0_labor_and_equipment.7
PROJ_REAL_73.0,labor_and_equipment.7,60,80.0,1,Labor and Equipment.7,0.9594732686378448,0,20.0,300000.0,PROJ_REAL_73.0_labor_and_equipment.7
PROJ_REAL_74.0,labor_and_equipment.7,60,80.0,1,Labor and Equipment.7,1.0,0,20.0,300000.0,PROJ_REAL_74.0_labor_and_equipment.7
PROJ_REAL_75.0,labor_and_equipment.7,60,80.0,1,Labor and Equipment.7,0.8372273131841423,0,20.0,300000.0,PROJ_REAL_75.0_labor_and_equipment.7
PROJ_REAL_76.0,labor_and_equipment.7,60,64.0,0,Labor and Equipment.7,0.3209466536520193,0,4.0,0.0,PROJ_REAL_76.0_labor_and_equipment.7
PROJ_REAL_77.0,labor_and_equipment.7,60,76.0,1,Labor and Equipment.7,0.787891201049381,0,16.0,240000.0,PROJ_REAL_77.0_labor_and_equipment.7
PROJ_REAL_78.0,labor_and_equipment.7,60,80.0,1,Labor and Equipment.7,1.0,0,20.0,300000.0,PROJ_REAL_78.0_labor_and_equipment.7
PROJ_REAL_79.0,labor_and_equipment.7,60,72.0,1,Labor and Equipment.7,0.5511821338807539,0,12.0,180000.0,PROJ_REAL_79.0_labor_and_equipment.7
PROJ_REAL_80.0,labor_and_equipment.7,60,80.0,1,Labor and Equipment.7,1.0,0,20.0,300000.0,PROJ_REAL_80.0_labor_and_equipment.7
PROJ_REAL_81.0,labor_and_equipment.7,60,80.0,1,Labor and Equipment.7,0.8789250157586714,0,20.0,300000.0,PROJ_REAL_81.0_labor_and_equipment.7
PROJ_REAL_82.0,labor_and_equipment.7,60,80.0,1,Labor and Equipment.7,0.8503505426864091,0,20.0,300000.0,PROJ_REAL_82.0_labor_and_equipment.7
PROJ_REAL_83.0,labor_and_equipment.7,60,76.0,1,Labor and Equipment.7,0.916892887340402,0,16.0,240000.0,PROJ_REAL_83.0_labor_and_equipment.7
PROJ_REAL_84.0,labor_and_equipment.7,60,72.0,1,Labor and Equipment.7,0.618402820613342,0,12.0,180000.0,PROJ_REAL_84.0_labor_and_equipment.7
PROJ_REAL_85.0,labor_and_equipment.7,60,64.0,0,Labor and Equipment.7,0.2725947379301032,0,4.0,0.0,PROJ_REAL_85.0_labor_and_equipment.7
PROJ_REAL_86.0,labor_and_equipment.7,60,76.0,1,Labor and Equipment.7,0.8159832517960075,0,16.0,240000.0,PROJ_REAL_86.0_labor_and_equipment.7
PROJ_REAL_87.0,labor_and_equipment.7,60,76.0,1,Labor and Equipment.7,0.8849670528740794,0,16.0,240000.0,PROJ_REAL_87.0_labor_and_equipment.7
PROJ_REAL_88.0,labor_and_equipment.7,60,80.0,1,Labor and Equipment.7,0.9338708093096564,0,20.0,300000.0,PROJ_REAL_88.0_labor_and_equipment.7
PROJ_REAL_89.0,labor_and_equipment.7,60,68.0,0,Labor and Equipment.7,0.3797274091618998,0,8.0,0.0,PROJ_REAL_89.0_labor_and_equipment.7
PROJ_REAL_90.0,labor_and_equipment.7,60,80.0,1,Labor and Equipment.7,1.0,0,20.0,300000.0,PROJ_REAL_90.0_labor_and_equipment.7
PROJ_REAL_91.0,labor_and_equipment.7,60,76.0,1,Labor and Equipment.7,0.9239421060230364,0,16.0,240000.0,PROJ_REAL_91.0_labor_and_equipment.7
PROJ_REAL_92.0,labor_and_equipment.7,60,76.0,1,Labor and Equipment.7,0.8142709216317666,0,16.0,240000.0,PROJ_REAL_92.0_labor_and_equipment.7
PROJ_REAL_93.0,labor_and_equipment.7,60,76.0,1,Labor and Equipment.7,0.7570000352896769,0,16.0,240000.0,PROJ_REAL_93.0_labor_and_equipment.7
PROJ_REAL_94.0,labor_and_equipment.7,60,68.0,0,Labor and Equipment.7,0.4466980500977988,0,8.0,0.0,PROJ_REAL_94.0_labor_and_equipment.7
PROJ_REAL_95.0,labor_and_equipment.7,60,80.0,1,Labor and Equipment.7,0.9426835173545992,0,20.0,300000.0,PROJ_REAL_95.0_labor_and_equipment.7
PROJ_REAL_96.0,labor_and_equipment.7,60,80.0,1,Labor and Equipment.7,1.0,0,20.0,300000.0,PROJ_REAL_96.0_labor_and_equipment.7
PROJ_REAL_97.0,labor_and_equipment.7,60,76.0,1,Labor and Equipment.7,0.7059604337910345,0,16.0,240000.0,PROJ_REAL_97.0_labor_and_equipment.7
PROJ_REAL_98.0,labor_and_equipment.7,60,76.0,1,Labor and Equipment.7,0.8328664226616465,0,16.0,240000.0,PROJ_REAL_98.0_labor_and_equipment.7
PROJ_REAL_99.0,labor_and_equipment.7,60,76.0,1,Labor and Equipment.7,0.8256729383193249,0,16.0,240000.0,PROJ_REAL_99.0_labor_and_equipment.7
PROJ_REAL_100.0,labor_and_equipment.7,60,76.0,1,Labor and Equipment.7,0.8757985388121705,0,16.0,240000.0,PROJ_REAL_100.0_labor_and_equipment.7
PROJ_REAL_101.0,labor_and_equipment.7,60,76.0,1,Labor and Equipment.7,0.9103600896990712,0,16.0,240000.0,PROJ_REAL_101.0_labor_and_equipment.7
PROJ_REAL_102.0,labor_and_equipment.7,60,80.0,1,Labor and Equipment.7,0.9047954934980644,0,20.0,300000.0,PROJ_REAL_102.0_labor_and_equipment.7
PROJ_REAL_103.0,labor_and_equipment.7,60,76.0,1,Labor and Equipment.7,0.730878377705783,0,16.0,240000.0,PROJ_REAL_103.0_labor_and_equipment.7
PROJ_REAL_104.0,labor_and_equipment.7,60,76.0,1,Labor and Equipment.7,0.7569647769184653,0,16.0,240000.0,PROJ_REAL_104.0_labor_and_equipment.7
PROJ_REAL_105.0,labor_and_equipment.7,60,80.0,1,Labor and Equipment.7,1.0,0,20.0,300000.0,PROJ_REAL_105.0_labor_and_equipment.7
PROJ_REAL_106.0,labor_and_equipment.7,60,80.0,1,Labor and Equipment.7,0.9204221094335974,0,20.0,300000.0,PROJ_REAL_106.0_labor_and_equipment.7
PROJ_REAL_107.0,labor_and_equipment.7,60,80.0,1,Labor and Equipment.7,1.0,0,20.0,300000.0,PROJ_REAL_107.0_labor_and_equipment.7
PROJ_REAL_108.0,labor_and_equipment.7,60,64.0,0,Labor and Equipment.7,0.3147563190882784,0,4.0,0.0,PROJ_REAL_108.0_labor_and_equipment.7
PROJ_REAL_109.0,labor_and_equipment.7,60,80.0,1,Labor and Equipment.7,1.0,0,20.0,300000.0,PROJ_REAL_109.0_labor_and_equipment.7
PROJ_REAL_110.0,labor_and_equipment.7,60,72.0,1,Labor and Equipment.7,0.7432079595109015,0,12.0,180000.0,PROJ_REAL_110.0_labor_and_equipment.7
PROJ_REAL_111.0,labor_and_equipment.7,60,80.0,1,Labor and Equipment.7,0.9323570095632028,0,20.0,300000.0,PROJ_REAL_111.0_labor_and_equipment.7
PROJ_REAL_112.0,labor_and_equipment.7,60,76.0,1,Labor and Equipment.7,0.7527327588685333,0,16.0,240000.0,PROJ_REAL_112.0_labor_and_equipment.7
PROJ_REAL_113.0,labor_and_equipment.7,60,76.0,1,Labor and Equipment.7,0.819392891183706,0,16.0,240000.0,PROJ_REAL_113.0_labor_and_equipment.7
PROJ_REAL_114.0,labor_and_equipment.7,60,80.0,1,Labor and Equipment.7,1.0,0,20.0,300000.0,PROJ_REAL_114.0_labor_and_equipment.7
PROJ_REAL_115.0,labor_and_equipment.7,60,76.0,1,Labor and Equipment.7,0.8198390136251448,0,16.0,240000.0,PROJ_REAL_115.0_labor_and_equipment.7
PROJ_REAL_116.0,labor_and_equipment.7,60,76.0,1,Labor and Equipment.7,0.6873889126074999,0,16.0,240000.0,PROJ_REAL_116.0_labor_and_equipment.7
PROJ_REAL_117.0,labor_and_equipment.7,60,76.0,1,Labor and Equipment.7,0.7048618313367768,0,16.0,240000.0,PROJ_REAL_117.0_labor_and_equipment.7
PROJ_REAL_118.0,labor_and_equipment.7,60,80.0,1,Labor and Equipment.7,1.0,0,20.0,300000.0,PROJ_REAL_118.0_labor_and_equipment.7
PROJ_REAL_119.0,labor_and_equipment.7,60,80.0,1,Labor and Equipment.7,1.0,0,20.0,300000.0,PROJ_REAL_119.0_labor_and_equipment.7
PROJ_REAL_120.0,labor_and_equipment.7,60,80.0,1,Labor and Equipment.7,1.0,0,20.0,300000.0,PROJ_REAL_120.0_labor_and_equipment.7
PROJ_REAL_121.0,labor_and_equipment.7,60,76.0,1,Labor and Equipment.7,0.8316985233606683,0,16.0,240000.0,PROJ_REAL_121.0_labor_and_equipment.7
PROJ_REAL_122.0,labor_and_equipment.7,60,76.0,1,Labor and Equipment.7,0.7451525175877514,0,16.0,240000.0,PROJ_REAL_122.0_labor_and_equipment.7
PROJ_REAL_123.0,labor_and_equipment.7,60,80.0,1,Labor and Equipment.7,0.8674956633588375,0,20.0,300000.0,PROJ_REAL_123.0_labor_and_equipment.7
PROJ_REAL_124.0,labor_and_equipment.7,60,76.0,1,Labor and Equipment.7,0.7128619449687493,0,16.0,240000.0,PROJ_REAL_124.0_labor_and_equipment.7
PROJ_REAL_125.0,labor_and_equipment.7,60,80.0,1,Labor and Equipment.7,0.9001519329914669,0,20.0,300000.0,PROJ_REAL_125.0_labor_and_equipment.7
PROJ_REAL_126.0,labor_and_equipment.7,60,80.0,1,Labor and Equipment.7,0.8419683997088769,0,20.0,300000.0,PROJ_REAL_126.0_labor_and_equipment.7
PROJ_REAL_127.0,labor_and_equipment.7,60,76.0,1,Labor and Equipment.7,0.652416030084045,0,16.0,240000.0,PROJ_REAL_127.0_labor_and_equipment.7
PROJ_REAL_128.0,labor_and_equipment.7,60,76.0,1,Labor and Equipment.7,0.7186049390808651,0,16.0,240000.0,PROJ_REAL_128.0_labor_and_equipment.7
PROJ_REAL_129.0,labor_and_equipment.7,60,76.0,1,Labor and Equipment.7,0.5916238002959774,0,16.0,240000.0,PROJ_REAL_129.0_labor_and_equipment.7
PROJ_REAL_130.0,labor_and_equipment.7,60,72.0,1,Labor and Equipment.7,0.6648190856483087,0,12.0,180000.0,PROJ_REAL_130.0_labor_and_equipment.7
PROJ_REAL_131.0,labor_and_equipment.7,60,80.0,1,Labor and Equipment.7,0.9984434312022876,0,20.0,300000.0,PROJ_REAL_131.0_labor_and_equipment.7
PROJ_REAL_132.0,labor_and_equipment.7,60,72.0,1,Labor and Equipment.7,0.8170522858661335,0,12.0,180000.0,PROJ_REAL_132.0_labor_and_equipment.7
PROJ_REAL_133.0,labor_and_equipment.7,60,64.0,0,Labor and Equipment.7,0.2033146874411777,0,4.0,0.0,PROJ_REAL_133.0_labor_and_equipment.7
PROJ_REAL_134.0,labor_and_equipment.7,60,80.0,1,Labor and Equipment.7,1.0,0,20.0,300000.0,PROJ_REAL_134.0_labor_and_equipment.7
PROJ_REAL_135.0,labor_and_equipment.7,60,76.0,1,Labor and Equipment.7,0.84194089973298,0,16.0,240000.0,PROJ_REAL_135.0_labor_and_equipment.7
PROJ_REAL_136.0,labor_and_equipment.7,60,76.0,1,Labor and Equipment.7,1.0,0,16.0,240000.0,PROJ_REAL_136.0_labor_and_equipment.7
PROJ_REAL_137.0,labor_and_equipment.7,60,80.0,1,Labor and Equipment.7,1.0,0,20.0,300000.0,PROJ_REAL_137.0_labor_and_equipment.7
PROJ_REAL_138.0,labor_and_equipment.7,60,72.0,1,Labor and Equipment.7,0.5357950718333173,0,12.0,180000.0,PROJ_REAL_138.0_labor_and_equipment.7
PROJ_REAL_139.0,labor_and_equipment.7,60,80.0,1,Labor and Equipment.7,1.0,0,20.0,300000.0,PROJ_REAL_139.0_labor_and_equipment.7
PROJ_REAL_140.0,labor_and_equipment.7,60,76.0,1,Labor and Equipment.7,0.6901788805585398,0,16.0,240000.0,PROJ_REAL_140.0_labor_and_equipment.7
PROJ_REAL_141.0,labor_and_equipment.7,60,76.0,1,Labor and Equipment.7,0.7148989529760286,0,16.0,240000.0,PROJ_REAL_141.0_labor_and_equipment.7
PROJ_REAL_142.0,labor_and_equipment.7,60,76.0,1,Labor and Equipment.7,0.8095857108302525,0,16.0,240000.0,PROJ_REAL_142.0_labor_and_equipment.7
PROJ_REAL_143.0,labor_and_equipment.7,60,68.0,0,Labor and Equipment.7,0.4035500830004373,0,8.0,0.0,PROJ_REAL_143.0_labor_and_equipment.7
PROJ_REAL_1.0,financing,60,64.0,0,Financing,0.3174620426380654,0,4.0,0.0,PROJ_REAL_1.0_financing
PROJ_REAL_2.0,financing,60,68.0,0,Financing,0.3347733573929924,0,8.0,0.0,PROJ_REAL_2.0_financing
PROJ_REAL_3.0,financing,60,72.0,1,Financing,0.6890914372171012,0,12.0,180000.0,PROJ_REAL_3.0_financing
PROJ_REAL_4.0,financing,60,68.0,0,Financing,0.408799471830045,0,8.0,0.0,PROJ_REAL_4.0_financing
PROJ_REAL_5.0,financing,60,76.0,1,Financing,0.8804890060965995,0,16.0,240000.0,PROJ_REAL_5.0_financing
PROJ_REAL_6.0,financing,60,76.0,1,Financing,0.7761397611965972,0,16.0,240000.0,PROJ_REAL_6.0_financing
PROJ_REAL_7.0,financing,60,76.0,1,Financing,0.7627146455211831,0,16.0,240000.0,PROJ_REAL_7.0_financing
PROJ_REAL_8.0,financing,60,72.0,1,Financing,0.5782809446228485,0,12.0,180000.0,PROJ_REAL_8.0_financing
PROJ_REAL_9.0,financing,60,76.0,1,Financing,0.7902018134311116,0,16.0,240000.0,PROJ_REAL_9.0_financing
PROJ_REAL_10.0,financing,60,76.0,1,Financing,0.8806082667120289,0,16.0,240000.0,PROJ_REAL_10.0_financing
PROJ_REAL_11.0,financing,60,64.0,0,Financing,0.0,0,4.0,0.0,PROJ_REAL_11.0_financing
PROJ_REAL_12.0,financing,60,72.0,1,Financing,0.6500979810206965,0,12.0,180000.0,PROJ_REAL_12.0_financing
PROJ_REAL_13.0,financing,60,80.0,1,Financing,1.0,0,20.0,300000.0,PROJ_REAL_13.0_financing
PROJ_REAL_14.0,financing,60,80.0,1,Financing,0.7677792542026622,0,20.0,300000.0,PROJ_REAL_14.0_financing
PROJ_REAL_15.0,financing,60,72.0,1,Financing,0.5740588176324791,0,12.0,180000.0,PROJ_REAL_15.0_financing
PROJ_REAL_16.0,financing,60,72.0,1,Financing,0.6462923948724411,0,12.0,180000.0,PROJ_REAL_16.0_financing
PROJ_REAL_17.0,financing,60,76.0,1,Financing,0.8280248068162067,0,16.0,240000.0,PROJ_REAL_17.0_financing
PROJ_REAL_18.0,financing,60,76.0,1,Financing,0.7247800601502076,0,16.0,240000.0,PROJ_REAL_18.0_financing
PROJ_REAL_19.0,financing,60,68.0,0,Financing,0.4001084186449218,0,8.0,0.0,PROJ_REAL_19.0_financing
PROJ_REAL_20.0,financing,60,76.0,1,Financing,0.8347471736442038,0,16.0,240000.0,PROJ_REAL_20.0_financing
PROJ_REAL_21.0,financing,60,76.0,1,Financing,0.5732325597107639,0,16.0,240000.0,PROJ_REAL_21.0_financing
PROJ_REAL_22.0,financing,60,72.0,1,Financing,0.6372981767206785,0,12.0,180000.0,PROJ_REAL_22.0_financing
PROJ_REAL_23.0,financing,60,80.0,1,Financing,0.9403124804906078,0,20.0,300000.0,PROJ_REAL_23.0_financing
PROJ_REAL_24.0,financing,60,72.0,1,Financing,0.6160059176405454,0,12.0,180000.0,PROJ_REAL_24.0_financing
PROJ_REAL_25.0,financing,60,72.0,1,Financing,0.7210773365118746,0,12.0,180000.0,PROJ_REAL_25.0_financing
PROJ_REAL_26.0,financing,60,64.0,0,Financing,0.2823603927919488,0,4.0,0.0,PROJ_REAL_26.0_financing
PROJ_REAL_27.0,financing,60,72.0,1,Financing,0.7112661825865807,0,12.0,180000.0,PROJ_REAL_27.0_financing
PROJ_REAL_28.0,financing,60,72.0,1,Financing,0.5112925977659033,0,12.0,180000.0,PROJ_REAL_28.0_financing
PROJ_REAL_29.0,financing,60,76.0,1,Financing,0.8463680312643691,0,16.0,240000.0,PROJ_REAL_29.0_financing
PROJ_REAL_30.0,financing,60,76.0,1,Financing,0.7486387872595642,0,16.0,240000.0,PROJ_REAL_30.0_financing
PROJ_REAL_31.0,financing,60,72.0,1,Financing,0.5431599802794994,0,12.0,180000.0,PROJ_REAL_31.0_financing
PROJ_REAL_32.0,financing,60,76.0,1,Financing,0.7984003951341601,0,16.0,240000.0,PROJ_REAL_32.0_financing
PROJ_REAL_33.0,financing,60,68.0,0,Financing,0.5268142720945088,0,8.0,0.0,PROJ_REAL_33.0_financing
PROJ_REAL_34.0,financing,60,72.0,1,Financing,0.5148811829036855,0,12.0,180000.0,PROJ_REAL_34.0_financing
PROJ_REAL_35.0,financing,60,72.0,1,Financing,0.5360861366002491,0,12.0,180000.0,PROJ_REAL_35.0_financing
PROJ_REAL_36.0,financing,60,80.0,1,Financing,0.9108191926475412,0,20.0,300000.0,PROJ_REAL_36.0_financing
PROJ_REAL_37.0,financing,60,72.0,1,Financing,0.6190586916179551,0,12.0,180000.0,PROJ_REAL_37.0_financing
PROJ_REAL_38.0,financing,60,68.0,0,Financing,0.4074429249890478,0,8.0,0.0,PROJ_REAL_38.0_financing
PROJ_REAL_39.0,financing,60,80.0,1,Financing,1.0,0,20.0,300000.0,PROJ_REAL_39.0_financing
PROJ_REAL_40.0,financing,60,72.0,1,Financing,0.7369909998668855,0,12.0,180000.0,PROJ_REAL_40.0_financing
PROJ_REAL_41.0,financing,60,80.0,1,Financing,1.0,0,20.0,300000.0,PROJ_REAL_41.0_financing
PROJ_REAL_42.0,financing,60,72.0,1,Financing,0.7061187928434856,0,12.0,180000.0,PROJ_REAL_42.0_financing
PROJ_REAL_43.0,financing,60,80.0,1,Financing,1.0,0,20.0,300000.0,PROJ_REAL_43.0_financing
PROJ_REAL_44.0,financing,60,80.0,1,Financing,0.901041021454366,0,20.0,300000.0,PROJ_REAL_44.0_financing
PROJ_REAL_45.0,financing,60,80.0,1,Financing,1.0,0,20.0,300000.0,PROJ_REAL_45.0_financing
PROJ_REAL_46.0,financing,60,80.0,1,Financing,0.8685626739004209,0,20.0,300000.0,PROJ_REAL_46.0_financing
PROJ_REAL_47.0,financing,60,76.0,1,Financing,0.8582013390730049,0,16.0,240000.0,PROJ_REAL_47.0_financing
PROJ_REAL_48.0,financing,60,80.0,1,Financing,1.0,0,20.0,300000.0,PROJ_REAL_48.0_financing
PROJ_REAL_49.0,financing,60,76.0,1,Financing,0.8118558997795237,0,16.0,240000.0,PROJ_REAL_49.0_financing
PROJ_REAL_50.0,financing,60,72.0,1,Financing,0.6483006331139525,0,12.0,180000.0,PROJ_REAL_50.0_financing
PROJ_REAL_51.0,financing,60,68.0,0,Financing,0.3209560185528604,0,8.0,0.0,PROJ_REAL_51.0_financing
PROJ_REAL_52.0,financing,60,76.0,1,Financing,0.8019516095842234,0,16.0,240000.0,PROJ_REAL_52.0_financing
PROJ_REAL_53.0,financing,60,72.0,1,Financing,0.5820434012929786,0,12.0,180000.0,PROJ_REAL_53.0_financing
PROJ_REAL_54.0,financing,60,80.0,1,Financing,0.8928735655198616,0,20.0,300000.0,PROJ_REAL_54.0_financing
PROJ_REAL_55.0,financing,60,72.0,1,Financing,0.6676923345220285,0,12.0,180000.0,PROJ_REAL_55.0_financing
PROJ_REAL_56.0,financing,60,80.0,1,Financing,1.0,0,20.0,300000.0,PROJ_REAL_56.0_financing
PROJ_REAL_57.0,financing,60,76.0,1,Financing,0.5773995220277988,0,16.0,240000.0,PROJ_REAL_57.0_financing
PROJ_REAL_58.0,financing,60,72.0,1,Financing,0.6547097826192838,0,12.0,180000.0,PROJ_REAL_58.0_financing
PROJ_REAL_59.0,financing,60,72.0,1,Financing,0.5987938048346675,0,12.0,180000.0,PROJ_REAL_59.0_financing
PROJ_REAL_60.0,financing,60,80.0,1,Financing,1.0,0,20.0,300000.0,PROJ_REAL_60.0_financing
PROJ_REAL_61.0,financing,60,80.0,1,Financing,1.0,0,20.0,300000.0,PROJ_REAL_61.0_financing
PROJ_REAL_62.0,financing,60,72.0,1,Financing,0.6678572624592675,0,12.0,180000.0,PROJ_REAL_62.0_financing
PROJ_REAL_63.0,financing,60,72.0,1,Financing,0.7629696856895279,0,12.0,180000.0,PROJ_REAL_63.0_financing
PROJ_REAL_64.0,financing,60,68.0,0,Financing,0.4277034851508229,0,8.0,0.0,PROJ_REAL_64.0_financing
PROJ_REAL_65.0,financing,60,72.0,1,Financing,0.44094088837484,0,12.0,180000.0,PROJ_REAL_65.0_financing
PROJ_REAL_66.0,financing,60,80.0,1,Financing,0.9059056117398004,0,20.0,300000.0,PROJ_REAL_66.0_financing
PROJ_REAL_67.0,financing,60,80.0,1,Financing,1.0,0,20.0,300000.0,PROJ_REAL_67.0_financing
PROJ_REAL_68.0,financing,60,72.0,1,Financing,0.6180601134953478,0,12.0,180000.0,PROJ_REAL_68.0_financing
PROJ_REAL_69.0,financing,60,76.0,1,Financing,0.887018377192477,0,16.0,240000.0,PROJ_REAL_69.0_financing
PROJ_REAL_70.0,financing,60,72.0,1,Financing,0.5361094634048472,0,12.0,180000.0,PROJ_REAL_70.0_financing
PROJ_REAL_71.0,financing,60,76.0,1,Financing,0.8723615518454787,0,16.0,240000.0,PROJ_REAL_71.0_financing
PROJ_REAL_72.0,financing,60,76.0,1,Financing,0.6600227443580983,0,16.0,240000.0,PROJ_REAL_72.0_financing
PROJ_REAL_73.0,financing,60,76.0,1,Financing,0.7632012615564066,0,16.0,240000.0,PROJ_REAL_73.0_financing
PROJ_REAL_74.0,financing,60,72.0,1,Financing,0.5079142708726486,0,12.0,180000.0,PROJ_REAL_74.0_financing
PROJ_REAL_75.0,financing,60,72.0,1,Financing,0.6306707867937026,0,12.0,180000.0,PROJ_REAL_75.0_financing
PROJ_REAL_76.0,financing,60,80.0,1,Financing,1.0,0,20.0,300000.0,PROJ_REAL_76.0_financing
PROJ_REAL_77.0,financing,60,72.0,1,Financing,0.5323002164142155,0,12.0,180000.0,PROJ_REAL_77.0_financing
PROJ_REAL_78.0,financing,60,76.0,1,Financing,0.6060430671865232,0,16.0,240000.0,PROJ_REAL_78.0_financing
PROJ_REAL_79.0,financing,60,72.0,1,Financing,0.4836177037468249,0,12.0,180000.0,PROJ_REAL_79.0_financing
PROJ_REAL_80.0,financing,60,80.0,1,Financing,0.9775272659950084,0,20.0,300000.0,PROJ_REAL_80.0_financing
PROJ_REAL_81.0,financing,60,76.0,1,Financing,0.9419981327016758,0,16.0,240000.0,PROJ_REAL_81.0_financing
PROJ_REAL_82.0,financing,60,76.0,1,Financing,0.8033538008406444,0,16.0,240000.0,PROJ_REAL_82.0_financing
PROJ_REAL_83.0,financing,60,80.0,1,Financing,1.0,0,20.0,300000.0,PROJ_REAL_83.0_financing
PROJ_REAL_84.0,financing,60,72.0,1,Financing,0.7401510929698747,0,12.0,180000.0,PROJ_REAL_84.0_financing
PROJ_REAL_85.0,financing,60,72.0,1,Financing,0.4890592402755699,0,12.0,180000.0,PROJ_REAL_85.0_financing
PROJ_REAL_86.0,financing,60,72.0,1,Financing,0.5204699154153141,0,12.0,180000.0,PROJ_REAL_86.0_financing
PROJ_REAL_87.0,financing,60,76.0,1,Financing,0.8571237007213792,0,16.0,240000.0,PROJ_REAL_87.0_financing
PROJ_REAL_88.0,financing,60,76.0,1,Financing,0.8217438113104905,0,16.0,240000.0,PROJ_REAL_88.0_financing
PROJ_REAL_89.0,financing,60,76.0,1,Financing,0.7829622454625484,0,16.0,240000.0,PROJ_REAL_89.0_financing
PROJ_REAL_90.0,financing,60,72.0,1,Financing,0.7222155785590091,0,12.0,180000.0,PROJ_REAL_90.0_financing
PROJ_REAL_91.0,financing,60,76.0,1,Financing,1.0,0,16.0,240000.0,PROJ_REAL_91.0_financing
PROJ_REAL_92.0,financing,60,80.0,1,Financing,0.9672204435400976,0,20.0,300000.0,PROJ_REAL_92.0_financing
PROJ_REAL_93.0,financing,60,72.0,1,Financing,0.4969840832357921,0,12.0,180000.0,PROJ_REAL_93.0_financing
PROJ_REAL_94.0,financing,60,64.0,0,Financing,0.1538242840647146,0,4.0,0.0,PROJ_REAL_94.0_financing
PROJ_REAL_95.0,financing,60,76.0,1,Financing,0.7667159573093839,0,16.0,240000.0,PROJ_REAL_95.0_financing
PROJ_REAL_96.0,financing,60,72.0,1,Financing,0.6852016400160901,0,12.0,180000.0,PROJ_REAL_96.0_financing
PROJ_REAL_97.0,financing,60,80.0,1,Financing,0.9622749944161368,0,20.0,300000.0,PROJ_REAL_97.0_financing
PROJ_REAL_98.0,financing,60,68.0,0,Financing,0.3012386727911892,0,8.0,0.0,PROJ_REAL_98.0_financing
PROJ_REAL_99.0,financing,60,72.0,1,Financing,0.4967272765216289,0,12.0,180000.0,PROJ_REAL_99.0_financing
PROJ_REAL_100.0,financing,60,68.0,0,Financing,0.3715769774991547,0,8.0,0.0,PROJ_REAL_100.0_financing
PROJ_REAL_101.0,financing,60,76.0,1,Financing,0.725985357021568,0,16.0,240000.0,PROJ_REAL_101.0_financing
PROJ_REAL_102.0,financing,60,72.0,1,Financing,0.4840734497405912,0,12.0,180000.0,PROJ_REAL_102.0_financing
PROJ_REAL_103.0,financing,60,72.0,1,Financing,0.6643389252738945,0,12.0,180000.0,PROJ_REAL_103.0_financing
PROJ_REAL_104.0,financing,60,76.0,1,Financing,0.8422534023003806,0,16.0,240000.0,PROJ_REAL_104.0_financing
PROJ_REAL_105.0,financing,60,72.0,1,Financing,0.6907533848720968,0,12.0,180000.0,PROJ_REAL_105.0_financing
PROJ_REAL_106.0,financing,60,80.0,1,Financing,1.0,0,20.0,300000.0,PROJ_REAL_106.0_financing
PROJ_REAL_107.0,financing,60,76.0,1,Financing,0.8071930595710393,0,16.0,240000.0,PROJ_REAL_107.0_financing
PROJ_REAL_108.0,financing,60,80.0,1,Financing,0.7832546631372769,0,20.0,300000.0,PROJ_REAL_108.0_financing
PROJ_REAL_109.0,financing,60,76.0,1,Financing,0.6981624755023614,0,16.0,240000.0,PROJ_REAL_109.0_financing
PROJ_REAL_110.0,financing,60,72.0,1,Financing,0.601569919487079,0,12.0,180000.0,PROJ_REAL_110.0_financing
PROJ_REAL_111.0,financing,60,76.0,1,Financing,0.7033561869367854,0,16.0,240000.0,PROJ_REAL_111.0_financing
PROJ_REAL_112.0,financing,60,76.0,1,Financing,0.6627748009132599,0,16.0,240000.0,PROJ_REAL_112.0_financing
PROJ_REAL_113.0,financing,60,76.0,1,Financing,0.9084224147587828,0,16.0,240000.0,PROJ_REAL_113.0_financing
PROJ_REAL_114.0,financing,60,76.0,1,Financing,0.9445190733498828,0,16.0,240000.0,PROJ_REAL_114.0_financing
PROJ_REAL_115.0,financing,60,76.0,1,Financing,0.9174324957740396,0,16.0,240000.0,PROJ_REAL_115.0_financing
PROJ_REAL_116.0,financing,60,76.0,1,Financing,0.8613014189350408,0,16.0,240000.0,PROJ_REAL_116.0_financing
PROJ_REAL_117.0,financing,60,68.0,0,Financing,0.3432772652311348,0,8.0,0.0,PROJ_REAL_117.0_financing
PROJ_REAL_118.0,financing,60,76.0,1,Financing,0.7473009844531657,0,16.0,240000.0,PROJ_REAL_118.0_financing
PROJ_REAL_119.0,financing,60,80.0,1,Financing,1.0,0,20.0,300000.0,PROJ_REAL_119.0_financing
PROJ_REAL_120.0,financing,60,76.0,1,Financing,0.7445266292343252,0,16.0,240000.0,PROJ_REAL_120.0_financing
PROJ_REAL_121.0,financing,60,72.0,1,Financing,0.4506986598914484,0,12.0,180000.0,PROJ_REAL_121.0_financing
PROJ_REAL_122.0,financing,60,76.0,1,Financing,0.8312619623813591,0,16.0,240000.0,PROJ_REAL_122.0_financing
PROJ_REAL_123.0,financing,60,76.0,1,Financing,0.9701904386747008,0,16.0,240000.0,PROJ_REAL_123.0_financing
PROJ_REAL_124.0,financing,60,68.0,0,Financing,0.2790153258803726,0,8.0,0.0,PROJ_REAL_124.0_financing
PROJ_REAL_125.0,financing,60,76.0,1,Financing,0.8522815302437105,0,16.0,240000.0,PROJ_REAL_125.0_financing
PROJ_REAL_126.0,financing,60,76.0,1,Financing,0.9323976102475672,0,16.0,240000.0,PROJ_REAL_126.0_financing
PROJ_REAL_127.0,financing,60,76.0,1,Financing,0.7021134364939194,0,16.0,240000.0,PROJ_REAL_127.0_financing
PROJ_REAL_128.0,financing,60,76.0,1,Financing,0.7290439291591293,0,16.0,240000.0,PROJ_REAL_128.0_financing
PROJ_REAL_129.0,financing,60,76.0,1,Financing,0.8523035013854496,0,16.0,240000.0,PROJ_REAL_129.0_financing
PROJ_REAL_130.0,financing,60,76.0,1,Financing,0.632813460934585,0,16.0,240000.0,PROJ_REAL_130.0_financing
PROJ_REAL_131.0,financing,60,80.0,1,Financing,1.0,0,20.0,300000.0,PROJ_REAL_131.0_financing
PROJ_REAL_132.0,financing,60,72.0,1,Financing,0.6048261076977948,0,12.0,180000.0,PROJ_REAL_132.0_financing
PROJ_REAL_133.0,financing,60,80.0,1,Financing,1.0,0,20.0,300000.0,PROJ_REAL_133.0_financing
PROJ_REAL_134.0,financing,60,72.0,1,Financing,0.6485429845749681,0,12.0,180000.0,PROJ_REAL_134.0_financing
PROJ_REAL_135.0,financing,60,76.0,1,Financing,0.9042534270144118,0,16.0,240000.0,PROJ_REAL_135.0_financing
PROJ_REAL_136.0,financing,60,76.0,1,Financing,0.8341405024678245,0,16.0,240000.0,PROJ_REAL_136.0_financing
PROJ_REAL_137.0,financing,60,72.0,1,Financing,0.5960535178097685,0,12.0,180000.0,PROJ_REAL_137.0_financing
PROJ_REAL_138.0,financing,60,76.0,1,Financing,0.6709597417515578,0,16.0,240000.0,PROJ_REAL_138.0_financing
PROJ_REAL_139.0,financing,60,80.0,1,Financing,1.0,0,20.0,300000.0,PROJ_REAL_139.0_financing
PROJ_REAL_140.0,financing,60,72.0,1,Financing,0.7049948514563965,0,12.0,180000.0,PROJ_REAL_140.0_financing
PROJ_REAL_141.0,financing,60,68.0,0,Financing,0.3048093062169096,0,8.0,0.0,PROJ_REAL_141.0_financing
PROJ_REAL_142.0,financing,60,68.0,0,Financing,0.4683396859966674,0,8.0,0.0,PROJ_REAL_142.0_financing
PROJ_REAL_143.0,financing,60,76.0,1,Financing,0.7822855018524514,0,16.0,240000.0,PROJ_REAL_143.0_financing
PROJ_REAL_1.0,financing.1,60,64.0,0,Financing.1,0.3149103072114522,0,4.0,0.0,PROJ_REAL_1.0_financing.1
PROJ_REAL_2.0,financing.1,60,68.0,0,Financing.1,0.4927911270280648,0,8.0,0.0,PROJ_REAL_2.0_financing.1
PROJ_REAL_3.0,financing.1,60,72.0,1,Financing.1,0.5484632370213844,0,12.0,180000.0,PROJ_REAL_3.0_financing.1
PROJ_REAL_4.0,financing.1,60,64.0,0,Financing.1,0.318396567862329,0,4.0,0.0,PROJ_REAL_4.0_financing.1
PROJ_REAL_5.0,financing.1,60,76.0,1,Financing.1,0.7055113355449512,0,16.0,240000.0,PROJ_REAL_5.0_financing.1
PROJ_REAL_6.0,financing.1,60,76.0,1,Financing.1,0.710404200496827,0,16.0,240000.0,PROJ_REAL_6.0_financing.1
PROJ_REAL_7.0,financing.1,60,76.0,1,Financing.1,0.8910414919129509,0,16.0,240000.0,PROJ_REAL_7.0_financing.1
PROJ_REAL_8.0,financing.1,60,72.0,1,Financing.1,0.7478747552516853,0,12.0,180000.0,PROJ_REAL_8.0_financing.1
PROJ_REAL_9.0,financing.1,60,76.0,1,Financing.1,0.899410345467873,0,16.0,240000.0,PROJ_REAL_9.0_financing.1
PROJ_REAL_10.0,financing.1,60,76.0,1,Financing.1,0.9243761875529212,0,16.0,240000.0,PROJ_REAL_10.0_financing.1
PROJ_REAL_11.0,financing.1,60,64.0,0,Financing.1,0.1888425829727703,0,4.0,0.0,PROJ_REAL_11.0_financing.1
PROJ_REAL_12.0,financing.1,60,76.0,1,Financing.1,0.8364466407250646,0,16.0,240000.0,PROJ_REAL_12.0_financing.1
PROJ_REAL_13.0,financing.1,60,80.0,1,Financing.1,1.0,0,20.0,300000.0,PROJ_REAL_13.0_financing.1
PROJ_REAL_14.0,financing.1,60,80.0,1,Financing.1,0.8850612787450998,0,20.0,300000.0,PROJ_REAL_14.0_financing.1
PROJ_REAL_15.0,financing.1,60,80.0,1,Financing.1,0.8790055196015429,0,20.0,300000.0,PROJ_REAL_15.0_financing.1
PROJ_REAL_16.0,financing.1,60,72.0,1,Financing.1,0.5796476479473048,0,12.0,180000.0,PROJ_REAL_16.0_financing.1
PROJ_REAL_17.0,financing.1,60,76.0,1,Financing.1,0.607771401804351,0,16.0,240000.0,PROJ_REAL_17.0_financing.1
PROJ_REAL_18.0,financing.1,60,76.0,1,Financing.1,0.8481145170465131,0,16.0,240000.0,PROJ_REAL_18.0_financing.1
PROJ_REAL_19.0,financing.1,60,72.0,1,Financing.1,0.5341812227376735,0,12.0,180000.0,PROJ_REAL_19.0_financing.1
PROJ_REAL_20.0,financing.1,60,72.0,1,Financing.1,0.7229982527776253,0,12.0,180000.0,PROJ_REAL_20.0_financing.1
PROJ_REAL_21.0,financing.1,60,80.0,1,Financing.1,1.0,0,20.0,300000.0,PROJ_REAL_21.0_financing.1
PROJ_REAL_22.0,financing.1,60,76.0,1,Financing.1,0.5979112826251376,0,16.0,240000.0,PROJ_REAL_22.0_financing.1
PROJ_REAL_23.0,financing.1,60,80.0,1,Financing.1,0.9742390399607664,0,20.0,300000.0,PROJ_REAL_23.0_financing.1
PROJ_REAL_24.0,financing.1,60,72.0,1,Financing.1,0.68129786237937,0,12.0,180000.0,PROJ_REAL_24.0_financing.1
PROJ_REAL_25.0,financing.1,60,72.0,1,Financing.1,0.5245459311723228,0,12.0,180000.0,PROJ_REAL_25.0_financing.1
PROJ_REAL_26.0,financing.1,60,76.0,1,Financing.1,0.6103764159234217,0,16.0,240000.0,PROJ_REAL_26.0_financing.1
PROJ_REAL_27.0,financing.1,60,76.0,1,Financing.1,0.7377961565172979,0,16.0,240000.0,PROJ_REAL_27.0_financing.1
PROJ_REAL_28.0,financing.1,60,72.0,1,Financing.1,0.5188981334625756,0,12.0,180000.0,PROJ_REAL_28.0_financing.1
PROJ_REAL_29.0,financing.1,60,76.0,1,Financing.1,0.6432438378188579,0,16.0,240000.0,PROJ_REAL_29.0_financing.1
PROJ_REAL_30.0,financing.1,60,76.0,1,Financing.1,0.6511358385891012,0,16.0,240000.0,PROJ_REAL_30.0_financing.1
PROJ_REAL_31.0,financing.1,60,68.0,0,Financing.1,0.346550347307095,0,8.0,0.0,PROJ_REAL_31.0_financing.1
PROJ_REAL_32.0,financing.1,60,76.0,1,Financing.1,0.8834062663704054,0,16.0,240000.0,PROJ_REAL_32.0_financing.1
PROJ_REAL_33.0,financing.1,60,68.0,0,Financing.1,0.3524382831082222,0,8.0,0.0,PROJ_REAL_33.0_financing.1
PROJ_REAL_34.0,financing.1,60,72.0,1,Financing.1,0.4242352097206371,0,12.0,180000.0,PROJ_REAL_34.0_financing.1
PROJ_REAL_35.0,financing.1,60,68.0,0,Financing.1,0.2288587636489062,0,8.0,0.0,PROJ_REAL_35.0_financing.1
PROJ_REAL_36.0,financing.1,60,80.0,1,Financing.1,0.9793196641856164,0,20.0,300000.0,PROJ_REAL_36.0_financing.1
PROJ_REAL_37.0,financing.1,60,72.0,1,Financing.1,0.6009449931259573,0,12.0,180000.0,PROJ_REAL_37.0_financing.1
PROJ_REAL_38.0,financing.1,60,68.0,0,Financing.1,0.5526804888981992,0,8.0,0.0,PROJ_REAL_38.0_financing.1
PROJ_REAL_39.0,financing.1,60,76.0,1,Financing.1,0.7445195502028159,0,16.0,240000.0,PROJ_REAL_39.0_financing.1
PROJ_REAL_40.0,financing.1,60,72.0,1,Financing.1,0.7107596843601711,0,12.0,180000.0,PROJ_REAL_40.0_financing.1
PROJ_REAL_41.0,financing.1,60,80.0,1,Financing.1,0.8852353553600684,0,20.0,300000.0,PROJ_REAL_41.0_financing.1
PROJ_REAL_42.0,financing.1,60,72.0,1,Financing.1,0.7000249514630681,0,12.0,180000.0,PROJ_REAL_42.0_financing.1
PROJ_REAL_43.0,financing.1,60,80.0,1,Financing.1,0.9142577493940364,0,20.0,300000.0,PROJ_REAL_43.0_financing.1
PROJ_REAL_44.0,financing.1,60,80.0,1,Financing.1,1.0,0,20.0,300000.0,PROJ_REAL_44.0_financing.1
PROJ_REAL_45.0,financing.1,60,80.0,1,Financing.1,1.0,0,20.0,300000.0,PROJ_REAL_45.0_financing.1
PROJ_REAL_46.0,financing.1,60,80.0,1,Financing.1,1.0,0,20.0,300000.0,PROJ_REAL_46.0_financing.1
PROJ_REAL_47.0,financing.1,60,76.0,1,Financing.1,0.6265846117989043,0,16.0,240000.0,PROJ_REAL_47.0_financing.1
PROJ_REAL_48.0,financing.1,60,80.0,1,Financing.1,0.91860148620488,0,20.0,300000.0,PROJ_REAL_48.0_financing.1
PROJ_REAL_49.0,financing.1,60,76.0,1,Financing.1,0.7656581927323797,0,16.0,240000.0,PROJ_REAL_49.0_financing.1
PROJ_REAL_50.0,financing.1,60,80.0,1,Financing.1,0.9458249194101782,0,20.0,300000.0,PROJ_REAL_50.0_financing.1
PROJ_REAL_51.0,financing.1,60,68.0,0,Financing.1,0.435998863078063,0,8.0,0.0,PROJ_REAL_51.0_financing.1
PROJ_REAL_52.0,financing.1,60,80.0,1,Financing.1,1.0,0,20.0,300000.0,PROJ_REAL_52.0_financing.1
PROJ_REAL_53.0,financing.1,60,72.0,1,Financing.1,0.5661763730037211,0,12.0,180000.0,PROJ_REAL_53.0_financing.1
PROJ_REAL_54.0,financing.1,60,80.0,1,Financing.1,1.0,0,20.0,300000.0,PROJ_REAL_54.0_financing.1
PROJ_REAL_55.0,financing.1,60,80.0,1,Financing.1,1.0,0,20.0,300000.0,PROJ_REAL_55.0_financing.1
PROJ_REAL_56.0,financing.1,60,80.0,1,Financing.1,1.0,0,20.0,300000.0,PROJ_REAL_56.0_financing.1
PROJ_REAL_57.0,financing.1,60,68.0,0,Financing.1,0.3812581612855569,0,8.0,0.0,PROJ_REAL_57.0_financing.1
PROJ_REAL_58.0,financing.1,60,68.0,0,Financing.1,0.3667178630086767,0,8.0,0.0,PROJ_REAL_58.0_financing.1
PROJ_REAL_59.0,financing.1,60,68.0,0,Financing.1,0.3948460996799282,0,8.0,0.0,PROJ_REAL_59.0_financing.1
PROJ_REAL_60.0,financing.1,60,80.0,1,Financing.1,0.9078120287467984,0,20.0,300000.0,PROJ_REAL_60.0_financing.1
PROJ_REAL_61.0,financing.1,60,80.0,1,Financing.1,0.958323281336896,0,20.0,300000.0,PROJ_REAL_61.0_financing.1
PROJ_REAL_62.0,financing.1,60,72.0,1,Financing.1,0.5631677587086099,0,12.0,180000.0,PROJ_REAL_62.0_financing.1
PROJ_REAL_63.0,financing.1,60,68.0,0,Financing.1,0.4008850362398889,0,8.0,0.0,PROJ_REAL_63.0_financing.1
PROJ_REAL_64.0,financing.1,60,72.0,1,Financing.1,0.6530060530104377,0,12.0,180000.0,PROJ_REAL_64.0_financing.1
PROJ_REAL_65.0,financing.1,60,68.0,0,Financing.1,0.4218489635474118,0,8.0,0.0,PROJ_REAL_65.0_financing.1
PROJ_REAL_66.0,financing.1,60,80.0,1,Financing.1,1.0,0,20.0,300000.0,PROJ_REAL_66.0_financing.1
PROJ_REAL_67.0,financing.1,60,80.0,1,Financing.1,1.0,0,20.0,300000.0,PROJ_REAL_67.0_financing.1
PROJ_REAL_68.0,financing.1,60,76.0,1,Financing.1,0.7913116391159485,0,16.0,240000.0,PROJ_REAL_68.0_financing.1
PROJ_REAL_69.0,financing.1,60,76.0,1,Financing.1,0.6060457783672525,0,16.0,240000.0,PROJ_REAL_69.0_financing.1
PROJ_REAL_70.0,financing.1,60,76.0,1,Financing.1,0.9790681770494,0,16.0,240000.0,PROJ_REAL_70.0_financing.1
PROJ_REAL_71.0,financing.1,60,76.0,1,Financing.1,0.8767581757038498,0,16.0,240000.0,PROJ_REAL_71.0_financing.1
PROJ_REAL_72.0,financing.1,60,76.0,1,Financing.1,0.8279666526074846,0,16.0,240000.0,PROJ_REAL_72.0_financing.1
PROJ_REAL_73.0,financing.1,60,76.0,1,Financing.1,0.9327216528277388,0,16.0,240000.0,PROJ_REAL_73.0_financing.1
PROJ_REAL_74.0,financing.1,60,80.0,1,Financing.1,1.0,0,20.0,300000.0,PROJ_REAL_74.0_financing.1
PROJ_REAL_75.0,financing.1,60,76.0,1,Financing.1,0.7144089609890797,0,16.0,240000.0,PROJ_REAL_75.0_financing.1
PROJ_REAL_76.0,financing.1,60,76.0,1,Financing.1,0.8923484738975177,0,16.0,240000.0,PROJ_REAL_76.0_financing.1
PROJ_REAL_77.0,financing.1,60,72.0,1,Financing.1,0.4293370177195496,0,12.0,180000.0,PROJ_REAL_77.0_financing.1
PROJ_REAL_78.0,financing.1,60,72.0,1,Financing.1,0.570866714437408,0,12.0,180000.0,PROJ_REAL_78.0_financing.1
PROJ_REAL_79.0,financing.1,60,72.0,1,Financing.1,0.4953988264229583,0,12.0,180000.0,PROJ_REAL_79.0_financing.1
PROJ_REAL_80.0,financing.1,60,80.0,1,Financing.1,1.0,0,20.0,300000.0,PROJ_REAL_80.0_financing.1
PROJ_REAL_81.0,financing.1,60,76.0,1,Financing.1,0.7568401491256235,0,16.0,240000.0,PROJ_REAL_81.0_financing.1
PROJ_REAL_82.0,financing.1,60,64.0,0,Financing.1,0.0140048421029687,0,4.0,0.0,PROJ_REAL_82.0_financing.1
PROJ_REAL_83.0,financing.1,60,80.0,1,Financing.1,1.0,0,20.0,300000.0,PROJ_REAL_83.0_financing.1
PROJ_REAL_84.0,financing.1,60,68.0,0,Financing.1,0.3867138022048424,0,8.0,0.0,PROJ_REAL_84.0_financing.1
PROJ_REAL_85.0,financing.1,60,76.0,1,Financing.1,1.0,0,16.0,240000.0,PROJ_REAL_85.0_financing.1
PROJ_REAL_86.0,financing.1,60,76.0,1,Financing.1,0.8190269826711024,0,16.0,240000.0,PROJ_REAL_86.0_financing.1
PROJ_REAL_87.0,financing.1,60,76.0,1,Financing.1,0.6611538513094547,0,16.0,240000.0,PROJ_REAL_87.0_financing.1
PROJ_REAL_88.0,financing.1,60,76.0,1,Financing.1,0.7829282403267607,0,16.0,240000.0,PROJ_REAL_88.0_financing.1
PROJ_REAL_89.0,financing.1,60,72.0,1,Financing.1,0.7822795358521034,0,12.0,180000.0,PROJ_REAL_89.0_financing.1
PROJ_REAL_90.0,financing.1,60,80.0,1,Financing.1,0.923067743586226,0,20.0,300000.0,PROJ_REAL_90.0_financing.1
PROJ_REAL_91.0,financing.1,60,80.0,1,Financing.1,1.0,0,20.0,300000.0,PROJ_REAL_91.0_financing.1
PROJ_REAL_92.0,financing.1,60,80.0,1,Financing.1,0.8549342166588179,0,20.0,300000.0,PROJ_REAL_92.0_financing.1
PROJ_REAL_93.0,financing.1,60,72.0,1,Financing.1,0.4470858508871165,0,12.0,180000.0,PROJ_REAL_93.0_financing.1
PROJ_REAL_94.0,financing.1,60,64.0,0,Financing.1,0.1993859714069665,0,4.0,0.0,PROJ_REAL_94.0_financing.1
PROJ_REAL_95.0,financing.1,60,76.0,1,Financing.1,0.8861312415286333,0,16.0,240000.0,PROJ_REAL_95.0_financing.1
PROJ_REAL_96.0,financing.1,60,76.0,1,Financing.1,0.6954840260701831,0,16.0,240000.0,PROJ_REAL_96.0_financing.1
PROJ_REAL_97.0,financing.1,60,76.0,1,Financing.1,0.6875567151525322,0,16.0,240000.0,PROJ_REAL_97.0_financing.1
PROJ_REAL_98.0,financing.1,60,72.0,1,Financing.1,0.5441492946283314,0,12.0,180000.0,PROJ_REAL_98.0_financing.1
PROJ_REAL_99.0,financing.1,60,72.0,1,Financing.1,0.5224248092438767,0,12.0,180000.0,PROJ_REAL_99.0_financing.1
PROJ_REAL_100.0,financing.1,60,68.0,0,Financing.1,0.5020057989029814,0,8.0,0.0,PROJ_REAL_100.0_financing.1
PROJ_REAL_101.0,financing.1,60,76.0,1,Financing.1,0.8927887982717895,0,16.0,240000.0,PROJ_REAL_101.0_financing.1
PROJ_REAL_102.0,financing.1,60,76.0,1,Financing.1,0.7625949305326193,0,16.0,240000.0,PROJ_REAL_102.0_financing.1
PROJ_REAL_103.0,financing.1,60,72.0,1,Financing.1,0.7690428946223018,0,12.0,180000.0,PROJ_REAL_103.0_financing.1
PROJ_REAL_104.0,financing.1,60,76.0,1,Financing.1,0.7477309266431893,0,16.0,240000.0,PROJ_REAL_104.0_financing.1
PROJ_REAL_105.0,financing.1,60,76.0,1,Financing.1,0.8605202498055263,0,16.0,240000.0,PROJ_REAL_105.0_financing.1
PROJ_REAL_106.0,financing.1,60,80.0,1,Financing.1,0.983301489366114,0,20.0,300000.0,PROJ_REAL_106.0_financing.1
PROJ_REAL_107.0,financing.1,60,76.0,1,Financing.1,0.7911109770686823,0,16.0,240000.0,PROJ_REAL_107.0_financing.1
PROJ_REAL_108.0,financing.1,60,76.0,1,Financing.1,0.9484636451240214,0,16.0,240000.0,PROJ_REAL_108.0_financing.1
PROJ_REAL_109.0,financing.1,60,76.0,1,Financing.1,0.8370728939641274,0,16.0,240000.0,PROJ_REAL_109.0_financing.1
PROJ_REAL_110.0,financing.1,60,72.0,1,Financing.1,0.4991348188316428,0,12.0,180000.0,PROJ_REAL_110.0_financing.1
PROJ_REAL_111.0,financing.1,60,76.0,1,Financing.1,0.9041298988282184,0,16.0,240000.0,PROJ_REAL_111.0_financing.1
PROJ_REAL_112.0,financing.1,60,76.0,1,Financing.1,0.8086816872450152,0,16.0,240000.0,PROJ_REAL_112.0_financing.1
PROJ_REAL_113.0,financing.1,60,76.0,1,Financing.1,0.9053371708544932,0,16.0,240000.0,PROJ_REAL_113.0_financing.1
PROJ_REAL_114.0,financing.1,60,64.0,0,Financing.1,0.0,0,4.0,0.0,PROJ_REAL_114.0_financing.1
PROJ_REAL_115.0,financing.1,60,76.0,1,Financing.1,0.7808896757466424,0,16.0,240000.0,PROJ_REAL_115.0_financing.1
PROJ_REAL_116.0,financing.1,60,76.0,1,Financing.1,0.96885786304106,0,16.0,240000.0,PROJ_REAL_116.0_financing.1
PROJ_REAL_117.0,financing.1,60,68.0,0,Financing.1,0.3356498643135548,0,8.0,0.0,PROJ_REAL_117.0_financing.1
PROJ_REAL_118.0,financing.1,60,76.0,1,Financing.1,0.8009158081388609,0,16.0,240000.0,PROJ_REAL_118.0_financing.1
PROJ_REAL_119.0,financing.1,60,80.0,1,Financing.1,0.9514303564477008,0,20.0,300000.0,PROJ_REAL_119.0_financing.1
PROJ_REAL_120.0,financing.1,60,76.0,1,Financing.1,0.8095635844681291,0,16.0,240000.0,PROJ_REAL_120.0_financing.1
PROJ_REAL_121.0,financing.1,60,72.0,1,Financing.1,0.5992060580387077,0,12.0,180000.0,PROJ_REAL_121.0_financing.1
PROJ_REAL_122.0,financing.1,60,76.0,1,Financing.1,0.576757288583725,0,16.0,240000.0,PROJ_REAL_122.0_financing.1
PROJ_REAL_123.0,financing.1,60,64.0,0,Financing.1,0.2864986890043545,0,4.0,0.0,PROJ_REAL_123.0_financing.1
PROJ_REAL_124.0,financing.1,60,72.0,1,Financing.1,0.528685844066641,0,12.0,180000.0,PROJ_REAL_124.0_financing.1
PROJ_REAL_125.0,financing.1,60,76.0,1,Financing.1,0.8779848981350544,0,16.0,240000.0,PROJ_REAL_125.0_financing.1
PROJ_REAL_126.0,financing.1,60,64.0,0,Financing.1,0.3214148435327789,0,4.0,0.0,PROJ_REAL_126.0_financing.1
PROJ_REAL_127.0,financing.1,60,76.0,1,Financing.1,0.7617442347936498,0,16.0,240000.0,PROJ_REAL_127.0_financing.1
PROJ_REAL_128.0,financing.1,60,76.0,1,Financing.1,0.7408764080285825,0,16.0,240000.0,PROJ_REAL_128.0_financing.1
PROJ_REAL_129.0,financing.1,60,76.0,1,Financing.1,0.7806190135488497,0,16.0,240000.0,PROJ_REAL_129.0_financing.1
PROJ_REAL_130.0,financing.1,60,76.0,1,Financing.1,0.8962329806132912,0,16.0,240000.0,PROJ_REAL_130.0_financing.1
PROJ_REAL_131.0,financing.1,60,80.0,1,Financing.1,0.9619123031363718,0,20.0,300000.0,PROJ_REAL_131.0_financing.1
PROJ_REAL_132.0,financing.1,60,72.0,1,Financing.1,0.5375142187018304,0,12.0,180000.0,PROJ_REAL_132.0_financing.1
PROJ_REAL_133.0,financing.1,60,76.0,1,Financing.1,0.774048557642848,0,16.0,240000.0,PROJ_REAL_133.0_financing.1
PROJ_REAL_134.0,financing.1,60,80.0,1,Financing.1,0.9761722670375084,0,20.0,300000.0,PROJ_REAL_134.0_financing.1
PROJ_REAL_135.0,financing.1,60,76.0,1,Financing.1,0.8708220712068765,0,16.0,240000.0,PROJ_REAL_135.0_financing.1
PROJ_REAL_136.0,financing.1,60,76.0,1,Financing.1,0.7655629223985715,0,16.0,240000.0,PROJ_REAL_136.0_financing.1
PROJ_REAL_137.0,financing.1,60,76.0,1,Financing.1,0.8787205254110019,0,16.0,240000.0,PROJ_REAL_137.0_financing.1
PROJ_REAL_138.0,financing.1,60,76.0,1,Financing.1,0.7530596311213857,0,16.0,240000.0,PROJ_REAL_138.0_financing.1
PROJ_REAL_139.0,financing.1,60,80.0,1,Financing.1,1.0,0,20.0,300000.0,PROJ_REAL_139.0_financing.1
PROJ_REAL_140.0,financing.1,60,68.0,0,Financing.1,0.3699696085398274,0,8.0,0.0,PROJ_REAL_140.0_financing.1
PROJ_REAL_141.0,financing.1,60,68.0,0,Financing.1,0.408426903121277,0,8.0,0.0,PROJ_REAL_141.0_financing.1
PROJ_REAL_142.0,financing.1,60,68.0,0,Financing.1,0.40878214858877,0,8.0,0.0,PROJ_REAL_142.0_financing.1
PROJ_REAL_143.0,financing.1,60,76.0,1,Financing.1,0.7763943422435661,0,16.0,240000.0,PROJ_REAL_143.0_financing.1
PROJ_REAL_1.0,financing.2,60,64.0,0,Financing.2,0.1748720459221145,0,4.0,0.0,PROJ_REAL_1.0_financing.2
PROJ_REAL_2.0,financing.2,60,64.0,0,Financing.2,0.2654389448317349,0,4.0,0.0,PROJ_REAL_2.0_financing.2
PROJ_REAL_3.0,financing.2,60,68.0,0,Financing.2,0.5411507015127669,0,8.0,0.0,PROJ_REAL_3.0_financing.2
PROJ_REAL_4.0,financing.2,60,64.0,0,Financing.2,0.2878265222925049,0,4.0,0.0,PROJ_REAL_4.0_financing.2
PROJ_REAL_5.0,financing.2,60,68.0,0,Financing.2,0.4899450803005523,0,8.0,0.0,PROJ_REAL_5.0_financing.2
PROJ_REAL_6.0,financing.2,60,76.0,1,Financing.2,0.7418343484940758,0,16.0,240000.0,PROJ_REAL_6.0_financing.2
PROJ_REAL_7.0,financing.2,60,76.0,1,Financing.2,0.76642343692964,0,16.0,240000.0,PROJ_REAL_7.0_financing.2
PROJ_REAL_8.0,financing.2,60,72.0,1,Financing.2,0.6556839014649533,0,12.0,180000.0,PROJ_REAL_8.0_financing.2
PROJ_REAL_9.0,financing.2,60,76.0,1,Financing.2,0.730243296808765,0,16.0,240000.0,PROJ_REAL_9.0_financing.2
PROJ_REAL_10.0,financing.2,60,76.0,1,Financing.2,0.8282096095246162,0,16.0,240000.0,PROJ_REAL_10.0_financing.2
PROJ_REAL_11.0,financing.2,60,64.0,0,Financing.2,0.2357778991432143,0,4.0,0.0,PROJ_REAL_11.0_financing.2
PROJ_REAL_12.0,financing.2,60,68.0,0,Financing.2,0.3777496409916221,0,8.0,0.0,PROJ_REAL_12.0_financing.2
PROJ_REAL_13.0,financing.2,60,68.0,0,Financing.2,0.4508596036516002,0,8.0,0.0,PROJ_REAL_13.0_financing.2
PROJ_REAL_14.0,financing.2,60,80.0,1,Financing.2,1.0,0,20.0,300000.0,PROJ_REAL_14.0_financing.2
PROJ_REAL_15.0,financing.2,60,80.0,1,Financing.2,0.99327484709825,0,20.0,300000.0,PROJ_REAL_15.0_financing.2
PROJ_REAL_16.0,financing.2,60,64.0,0,Financing.2,0.1096519522350321,0,4.0,0.0,PROJ_REAL_16.0_financing.2
PROJ_REAL_17.0,financing.2,60,80.0,1,Financing.2,1.0,0,20.0,300000.0,PROJ_REAL_17.0_financing.2
PROJ_REAL_18.0,financing.2,60,72.0,1,Financing.2,0.3950823802878687,0,12.0,180000.0,PROJ_REAL_18.0_financing.2
PROJ_REAL_19.0,financing.2,60,72.0,1,Financing.2,0.7130213905622754,0,12.0,180000.0,PROJ_REAL_19.0_financing.2
PROJ_REAL_20.0,financing.2,60,68.0,0,Financing.2,0.3966092876243604,0,8.0,0.0,PROJ_REAL_20.0_financing.2
PROJ_REAL_21.0,financing.2,60,72.0,1,Financing.2,0.7147219270697989,0,12.0,180000.0,PROJ_REAL_21.0_financing.2
PROJ_REAL_22.0,financing.2,60,72.0,1,Financing.2,0.7281377177331624,0,12.0,180000.0,PROJ_REAL_22.0_financing.2
PROJ_REAL_23.0,financing.2,60,64.0,0,Financing.2,0.2638547907440104,0,4.0,0.0,PROJ_REAL_23.0_financing.2
PROJ_REAL_24.0,financing.2,60,72.0,1,Financing.2,0.6490585317063345,0,12.0,180000.0,PROJ_REAL_24.0_financing.2
PROJ_REAL_25.0,financing.2,60,72.0,1,Financing.2,0.5666714047513532,0,12.0,180000.0,PROJ_REAL_25.0_financing.2
PROJ_REAL_26.0,financing.2,60,80.0,1,Financing.2,1.0,0,20.0,300000.0,PROJ_REAL_26.0_financing.2
PROJ_REAL_27.0,financing.2,60,76.0,1,Financing.2,0.8062451338897946,0,16.0,240000.0,PROJ_REAL_27.0_financing.2
PROJ_REAL_28.0,financing.2,60,72.0,1,Financing.2,0.673917907282787,0,12.0,180000.0,PROJ_REAL_28.0_financing.2
PROJ_REAL_29.0,financing.2,60,68.0,0,Financing.2,0.4494706712627985,0,8.0,0.0,PROJ_REAL_29.0_financing.2
PROJ_REAL_30.0,financing.2,60,76.0,1,Financing.2,0.9420716874835018,0,16.0,240000.0,PROJ_REAL_30.0_financing.2
PROJ_REAL_31.0,financing.2,60,72.0,1,Financing.2,0.7846750510649652,0,12.0,180000.0,PROJ_REAL_31.0_financing.2
PROJ_REAL_32.0,financing.2,60,68.0,0,Financing.2,0.2949256171822101,0,8.0,0.0,PROJ_REAL_32.0_financing.2
PROJ_REAL_33.0,financing.2,60,72.0,1,Financing.2,0.5447197938444595,0,12.0,180000.0,PROJ_REAL_33.0_financing.2
PROJ_REAL_34.0,financing.2,60,68.0,0,Financing.2,0.3303679253653738,0,8.0,0.0,PROJ_REAL_34.0_financing.2
PROJ_REAL_35.0,financing.2,60,72.0,1,Financing.2,0.4453247665201421,0,12.0,180000.0,PROJ_REAL_35.0_financing.2
PROJ_REAL_36.0,financing.2,60,76.0,1,Financing.2,0.6838105705446107,0,16.0,240000.0,PROJ_REAL_36.0_financing.2
PROJ_REAL_37.0,financing.2,60,68.0,0,Financing.2,0.4806021594773907,0,8.0,0.0,PROJ_REAL_37.0_financing.2
PROJ_REAL_38.0,financing.2,60,72.0,1,Financing.2,0.5754694326897671,0,12.0,180000.0,PROJ_REAL_38.0_financing.2
PROJ_REAL_39.0,financing.2,60,76.0,1,Financing.2,0.7947902722839022,0,16.0,240000.0,PROJ_REAL_39.0_financing.2
PROJ_REAL_40.0,financing.2,60,68.0,0,Financing.2,0.272893262780973,0,8.0,0.0,PROJ_REAL_40.0_financing.2
PROJ_REAL_41.0,financing.2,60,80.0,1,Financing.2,1.0,0,20.0,300000.0,PROJ_REAL_41.0_financing.2
PROJ_REAL_42.0,financing.2,60,64.0,0,Financing.2,0.0870618664753508,0,4.0,0.0,PROJ_REAL_42.0_financing.2
PROJ_REAL_43.0,financing.2,60,80.0,1,Financing.2,0.9205765120848776,0,20.0,300000.0,PROJ_REAL_43.0_financing.2
PROJ_REAL_44.0,financing.2,60,80.0,1,Financing.2,0.9929711326646344,0,20.0,300000.0,PROJ_REAL_44.0_financing.2
PROJ_REAL_45.0,financing.2,60,80.0,1,Financing.2,0.9521454158056673,0,20.0,300000.0,PROJ_REAL_45.0_financing.2
PROJ_REAL_46.0,financing.2,60,80.0,1,Financing.2,1.0,0,20.0,300000.0,PROJ_REAL_46.0_financing.2
PROJ_REAL_47.0,financing.2,60,72.0,1,Financing.2,0.6017979858008329,0,12.0,180000.0,PROJ_REAL_47.0_financing.2
PROJ_REAL_48.0,financing.2,60,80.0,1,Financing.2,0.9568938375705384,0,20.0,300000.0,PROJ_REAL_48.0_financing.2
PROJ_REAL_49.0,financing.2,60,72.0,1,Financing.2,0.45729156184103,0,12.0,180000.0,PROJ_REAL_49.0_financing.2
PROJ_REAL_50.0,financing.2,60,76.0,1,Financing.2,0.7266612311938102,0,16.0,240000.0,PROJ_REAL_50.0_financing.2
PROJ_REAL_51.0,financing.2,60,72.0,1,Financing.2,0.6090827881228762,0,12.0,180000.0,PROJ_REAL_51.0_financing.2
PROJ_REAL_52.0,financing.2,60,76.0,1,Financing.2,0.8530982522308921,0,16.0,240000.0,PROJ_REAL_52.0_financing.2
PROJ_REAL_53.0,financing.2,60,68.0,0,Financing.2,0.3135992864460659,0,8.0,0.0,PROJ_REAL_53.0_financing.2
PROJ_REAL_54.0,financing.2,60,80.0,1,Financing.2,1.0,0,20.0,300000.0,PROJ_REAL_54.0_financing.2
PROJ_REAL_55.0,financing.2,60,76.0,1,Financing.2,0.7529778174750409,0,16.0,240000.0,PROJ_REAL_55.0_financing.2
PROJ_REAL_56.0,financing.2,60,80.0,1,Financing.2,1.0,0,20.0,300000.0,PROJ_REAL_56.0_financing.2
PROJ_REAL_57.0,financing.2,60,72.0,1,Financing.2,0.5597227824171479,0,12.0,180000.0,PROJ_REAL_57.0_financing.2
PROJ_REAL_58.0,financing.2,60,76.0,1,Financing.2,0.6145832611729904,0,16.0,240000.0,PROJ_REAL_58.0_financing.2
PROJ_REAL_59.0,financing.2,60,76.0,1,Financing.2,0.952421270465767,0,16.0,240000.0,PROJ_REAL_59.0_financing.2
PROJ_REAL_60.0,financing.2,60,80.0,1,Financing.2,1.0,0,20.0,300000.0,PROJ_REAL_60.0_financing.2
PROJ_REAL_61.0,financing.2,60,80.0,1,Financing.2,0.9091512472993882,0,20.0,300000.0,PROJ_REAL_61.0_financing.2
PROJ_REAL_62.0,financing.2,60,68.0,0,Financing.2,0.2982870273482751,0,8.0,0.0,PROJ_REAL_62.0_financing.2
PROJ_REAL_63.0,financing.2,60,76.0,1,Financing.2,0.8320741736286308,0,16.0,240000.0,PROJ_REAL_63.0_financing.2
PROJ_REAL_64.0,financing.2,60,72.0,1,Financing.2,0.8552548810765495,0,12.0,180000.0,PROJ_REAL_64.0_financing.2
PROJ_REAL_65.0,financing.2,60,76.0,1,Financing.2,0.694181574994563,0,16.0,240000.0,PROJ_REAL_65.0_financing.2
PROJ_REAL_66.0,financing.2,60,76.0,1,Financing.2,0.9337619370141066,0,16.0,240000.0,PROJ_REAL_66.0_financing.2
PROJ_REAL_67.0,financing.2,60,76.0,1,Financing.2,0.8359193044778753,0,16.0,240000.0,PROJ_REAL_67.0_financing.2
PROJ_REAL_68.0,financing.2,60,76.0,1,Financing.2,0.8933841869950823,0,16.0,240000.0,PROJ_REAL_68.0_financing.2
PROJ_REAL_69.0,financing.2,60,64.0,0,Financing.2,0.0780519540947589,0,4.0,0.0,PROJ_REAL_69.0_financing.2
PROJ_REAL_70.0,financing.2,60,76.0,1,Financing.2,0.8258549625976115,0,16.0,240000.0,PROJ_REAL_70.0_financing.2
PROJ_REAL_71.0,financing.2,60,76.0,1,Financing.2,0.8423205268825547,0,16.0,240000.0,PROJ_REAL_71.0_financing.2
PROJ_REAL_72.0,financing.2,60,76.0,1,Financing.2,0.6951883135958277,0,16.0,240000.0,PROJ_REAL_72.0_financing.2
PROJ_REAL_73.0,financing.2,60,76.0,1,Financing.2,0.7717237322107999,0,16.0,240000.0,PROJ_REAL_73.0_financing.2
PROJ_REAL_74.0,financing.2,60,72.0,1,Financing.2,0.5650307023477659,0,12.0,180000.0,PROJ_REAL_74.0_financing.2
PROJ_REAL_75.0,financing.2,60,68.0,0,Financing.2,0.3703763472669494,0,8.0,0.0,PROJ_REAL_75.0_financing.2
PROJ_REAL_76.0,financing.2,60,68.0,0,Financing.2,0.2557083824313603,0,8.0,0.0,PROJ_REAL_76.0_financing.2
PROJ_REAL_77.0,financing.2,60,68.0,0,Financing.2,0.5505025788292875,0,8.0,0.0,PROJ_REAL_77.0_financing.2
PROJ_REAL_78.0,financing.2,60,72.0,1,Financing.2,0.8213856172113242,0,12.0,180000.0,PROJ_REAL_78.0_financing.2
PROJ_REAL_79.0,financing.2,60,64.0,0,Financing.2,0.0961211736987268,0,4.0,0.0,PROJ_REAL_79.0_financing.2
PROJ_REAL_80.0,financing.2,60,72.0,1,Financing.2,0.6279943949422762,0,12.0,180000.0,PROJ_REAL_80.0_financing.2
PROJ_REAL_81.0,financing.2,60,76.0,1,Financing.2,0.7105031502579089,0,16.0,240000.0,PROJ_REAL_81.0_financing.2
PROJ_REAL_82.0,financing.2,60,64.0,0,Financing.2,0.3203150171905908,0,4.0,0.0,PROJ_REAL_82.0_financing.2
PROJ_REAL_83.0,financing.2,60,80.0,1,Financing.2,1.0,0,20.0,300000.0,PROJ_REAL_83.0_financing.2
PROJ_REAL_84.0,financing.2,60,64.0,0,Financing.2,0.1088506780411704,0,4.0,0.0,PROJ_REAL_84.0_financing.2
PROJ_REAL_85.0,financing.2,60,64.0,0,Financing.2,0.2100153740061395,0,4.0,0.0,PROJ_REAL_85.0_financing.2
PROJ_REAL_86.0,financing.2,60,72.0,1,Financing.2,0.7221103191548497,0,12.0,180000.0,PROJ_REAL_86.0_financing.2
PROJ_REAL_87.0,financing.2,60,76.0,1,Financing.2,0.786672454265862,0,16.0,240000.0,PROJ_REAL_87.0_financing.2
PROJ_REAL_88.0,financing.2,60,76.0,1,Financing.2,0.8846737467702733,0,16.0,240000.0,PROJ_REAL_88.0_financing.2
PROJ_REAL_89.0,financing.2,60,68.0,0,Financing.2,0.2944321370411201,0,8.0,0.0,PROJ_REAL_89.0_financing.2
PROJ_REAL_90.0,financing.2,60,72.0,1,Financing.2,0.5698358195044875,0,12.0,180000.0,PROJ_REAL_90.0_financing.2
PROJ_REAL_91.0,financing.2,60,72.0,1,Financing.2,0.4201545844137763,0,12.0,180000.0,PROJ_REAL_91.0_financing.2
PROJ_REAL_92.0,financing.2,60,80.0,1,Financing.2,1.0,0,20.0,300000.0,PROJ_REAL_92.0_financing.2
PROJ_REAL_93.0,financing.2,60,76.0,1,Financing.2,0.9518364711141544,0,16.0,240000.0,PROJ_REAL_93.0_financing.2
PROJ_REAL_94.0,financing.2,60,64.0,0,Financing.2,0.1555216027336824,0,4.0,0.0,PROJ_REAL_94.0_financing.2
PROJ_REAL_95.0,financing.2,60,80.0,1,Financing.2,0.9345397792427242,0,20.0,300000.0,PROJ_REAL_95.0_financing.2
PROJ_REAL_96.0,financing.2,60,72.0,1,Financing.2,0.5554962268165815,0,12.0,180000.0,PROJ_REAL_96.0_financing.2
PROJ_REAL_97.0,financing.2,60,72.0,1,Financing.2,0.6253825963878652,0,12.0,180000.0,PROJ_REAL_97.0_financing.2
PROJ_REAL_98.0,financing.2,60,76.0,1,Financing.2,0.6075632858872725,0,16.0,240000.0,PROJ_REAL_98.0_financing.2
PROJ_REAL_99.0,financing.2,60,72.0,1,Financing.2,0.5701681590965301,0,12.0,180000.0,PROJ_REAL_99.0_financing.2
PROJ_REAL_100.0,financing.2,60,68.0,0,Financing.2,0.5870630943593493,0,8.0,0.0,PROJ_REAL_100.0_financing.2
PROJ_REAL_101.0,financing.2,60,72.0,1,Financing.2,0.6870084273619242,0,12.0,180000.0,PROJ_REAL_101.0_financing.2
PROJ_REAL_102.0,financing.2,60,72.0,1,Financing.2,0.7253074285328853,0,12.0,180000.0,PROJ_REAL_102.0_financing.2
PROJ_REAL_103.0,financing.2,60,68.0,0,Financing.2,0.2969984678645021,0,8.0,0.0,PROJ_REAL_103.0_financing.2
PROJ_REAL_104.0,financing.2,60,76.0,1,Financing.2,0.7231571091153666,0,16.0,240000.0,PROJ_REAL_104.0_financing.2
PROJ_REAL_105.0,financing.2,60,72.0,1,Financing.2,0.5926431160099856,0,12.0,180000.0,PROJ_REAL_105.0_financing.2
PROJ_REAL_106.0,financing.2,60,76.0,1,Financing.2,0.8457934251913393,0,16.0,240000.0,PROJ_REAL_106.0_financing.2
PROJ_REAL_107.0,financing.2,60,72.0,1,Financing.2,0.4339463456386798,0,12.0,180000.0,PROJ_REAL_107.0_financing.2
PROJ_REAL_108.0,financing.2,60,68.0,0,Financing.2,0.4940217934899591,0,8.0,0.0,PROJ_REAL_108.0_financing.2
PROJ_REAL_109.0,financing.2,60,76.0,1,Financing.2,0.8159925723799049,0,16.0,240000.0,PROJ_REAL_109.0_financing.2
PROJ_REAL_110.0,financing.2,60,64.0,0,Financing.2,0.2730612572790359,0,4.0,0.0,PROJ_REAL_110.0_financing.2
PROJ_REAL_111.0,financing.2,60,80.0,1,Financing.2,0.8992872701469694,0,20.0,300000.0,PROJ_REAL_111.0_financing.2
PROJ_REAL_112.0,financing.2,60,76.0,1,Financing.2,1.0,0,16.0,240000.0,PROJ_REAL_112.0_financing.2
PROJ_REAL_113.0,financing.2,60,72.0,1,Financing.2,0.6771319619808196,0,12.0,180000.0,PROJ_REAL_113.0_financing.2
PROJ_REAL_114.0,financing.2,60,68.0,0,Financing.2,0.3140485853698718,0,8.0,0.0,PROJ_REAL_114.0_financing.2
PROJ_REAL_115.0,financing.2,60,76.0,1,Financing.2,0.8788478650811621,0,16.0,240000.0,PROJ_REAL_115.0_financing.2
PROJ_REAL_116.0,financing.2,60,72.0,1,Financing.2,0.6880154788834102,0,12.0,180000.0,PROJ_REAL_116.0_financing.2
PROJ_REAL_117.0,financing.2,60,68.0,0,Financing.2,0.5059848027688731,0,8.0,0.0,PROJ_REAL_117.0_financing.2
PROJ_REAL_118.0,financing.2,60,80.0,1,Financing.2,1.0,0,20.0,300000.0,PROJ_REAL_118.0_financing.2
PROJ_REAL_119.0,financing.2,60,76.0,1,Financing.2,0.880752382035656,0,16.0,240000.0,PROJ_REAL_119.0_financing.2
PROJ_REAL_120.0,financing.2,60,80.0,1,Financing.2,0.959235155541085,0,20.0,300000.0,PROJ_REAL_120.0_financing.2
PROJ_REAL_121.0,financing.2,60,72.0,1,Financing.2,0.7124289006819013,0,12.0,180000.0,PROJ_REAL_121.0_financing.2
PROJ_REAL_122.0,financing.2,60,72.0,1,Financing.2,0.5942351888569307,0,12.0,180000.0,PROJ_REAL_122.0_financing.2
PROJ_REAL_123.0,financing.2,60,68.0,0,Financing.2,0.3888481279925768,0,8.0,0.0,PROJ_REAL_123.0_financing.2
PROJ_REAL_124.0,financing.2,60,76.0,1,Financing.2,0.7573517989283882,0,16.0,240000.0,PROJ_REAL_124.0_financing.2
PROJ_REAL_125.0,financing.2,60,80.0,1,Financing.2,0.990842877040792,0,20.0,300000.0,PROJ_REAL_125.0_financing.2
PROJ_REAL_126.0,financing.2,60,68.0,0,Financing.2,0.4518302752235929,0,8.0,0.0,PROJ_REAL_126.0_financing.2
PROJ_REAL_127.0,financing.2,60,72.0,1,Financing.2,0.7155741960406349,0,12.0,180000.0,PROJ_REAL_127.0_financing.2
PROJ_REAL_128.0,financing.2,60,76.0,1,Financing.2,0.996121651411076,0,16.0,240000.0,PROJ_REAL_128.0_financing.2
PROJ_REAL_129.0,financing.2,60,76.0,1,Financing.2,0.7256107463453467,0,16.0,240000.0,PROJ_REAL_129.0_financing.2
PROJ_REAL_130.0,financing.2,60,64.0,0,Financing.2,0.1582347964994081,0,4.0,0.0,PROJ_REAL_130.0_financing.2
PROJ_REAL_131.0,financing.2,60,72.0,1,Financing.2,0.690247292552681,0,12.0,180000.0,PROJ_REAL_131.0_financing.2
PROJ_REAL_132.0,financing.2,60,64.0,0,Financing.2,0.0311828107549911,0,4.0,0.0,PROJ_REAL_132.0_financing.2
PROJ_REAL_133.0,financing.2,60,68.0,0,Financing.2,0.2699516220812051,0,8.0,0.0,PROJ_REAL_133.0_financing.2
PROJ_REAL_134.0,financing.2,60,72.0,1,Financing.2,0.7559180152374023,0,12.0,180000.0,PROJ_REAL_134.0_financing.2
PROJ_REAL_135.0,financing.2,60,76.0,1,Financing.2,0.655519161390898,0,16.0,240000.0,PROJ_REAL_135.0_financing.2
PROJ_REAL_136.0,financing.2,60,76.0,1,Financing.2,0.7747445866680169,0,16.0,240000.0,PROJ_REAL_136.0_financing.2
PROJ_REAL_137.0,financing.2,60,76.0,1,Financing.2,0.6901573149560855,0,16.0,240000.0,PROJ_REAL_137.0_financing.2
PROJ_REAL_138.0,financing.2,60,64.0,0,Financing.2,0.1688635992323554,0,4.0,0.0,PROJ_REAL_138.0_financing.2
PROJ_REAL_139.0,financing.2,60,76.0,1,Financing.2,0.7711924806423424,0,16.0,240000.0,PROJ_REAL_139.0_financing.2
PROJ_REAL_140.0,financing.2,60,76.0,1,Financing.2,0.879875891119009,0,16.0,240000.0,PROJ_REAL_140.0_financing.2
PROJ_REAL_141.0,financing.2,60,72.0,1,Financing.2,0.5950575506279998,0,12.0,180000.0,PROJ_REAL_141.0_financing.2
PROJ_REAL_142.0,financing.2,60,72.0,1,Financing.2,0.644815508387704,0,12.0,180000.0,PROJ_REAL_142.0_financing.2
PROJ_REAL_143.0,financing.2,60,68.0,0,Financing.2,0.6527252741535476,0,8.0,0.0,PROJ_REAL_143.0_financing.2
PROJ_REAL_1.0,financing.3,60,64.0,0,Financing.3,0.1616648758135848,0,4.0,0.0,PROJ_REAL_1.0_financing.3
PROJ_REAL_2.0,financing.3,60,76.0,1,Financing.3,0.8160392211097875,0,16.0,240000.0,PROJ_REAL_2.0_financing.3
PROJ_REAL_3.0,financing.3,60,68.0,0,Financing.3,0.49835974103157,0,8.0,0.0,PROJ_REAL_3.0_financing.3
PROJ_REAL_4.0,financing.3,60,64.0,0,Financing.3,0.4254097126226761,0,4.0,0.0,PROJ_REAL_4.0_financing.3
PROJ_REAL_5.0,financing.3,60,68.0,0,Financing.3,0.2825595538789388,0,8.0,0.0,PROJ_REAL_5.0_financing.3
PROJ_REAL_6.0,financing.3,60,76.0,1,Financing.3,0.9317804622681068,0,16.0,240000.0,PROJ_REAL_6.0_financing.3
PROJ_REAL_7.0,financing.3,60,76.0,1,Financing.3,0.8385458199767627,0,16.0,240000.0,PROJ_REAL_7.0_financing.3
PROJ_REAL_8.0,financing.3,60,76.0,1,Financing.3,0.8688057431981518,0,16.0,240000.0,PROJ_REAL_8.0_financing.3
PROJ_REAL_9.0,financing.3,60,76.0,1,Financing.3,0.8557641613389658,0,16.0,240000.0,PROJ_REAL_9.0_financing.3
PROJ_REAL_10.0,financing.3,60,76.0,1,Financing.3,0.7314508732341647,0,16.0,240000.0,PROJ_REAL_10.0_financing.3
PROJ_REAL_11.0,financing.3,60,64.0,0,Financing.3,0.1443487792967717,0,4.0,0.0,PROJ_REAL_11.0_financing.3
PROJ_REAL_12.0,financing.3,60,76.0,1,Financing.3,0.7626682568922223,0,16.0,240000.0,PROJ_REAL_12.0_financing.3
PROJ_REAL_13.0,financing.3,60,80.0,1,Financing.3,0.8317107195087151,0,20.0,300000.0,PROJ_REAL_13.0_financing.3
PROJ_REAL_14.0,financing.3,60,76.0,1,Financing.3,0.6645747588588319,0,16.0,240000.0,PROJ_REAL_14.0_financing.3
PROJ_REAL_15.0,financing.3,60,80.0,1,Financing.3,1.0,0,20.0,300000.0,PROJ_REAL_15.0_financing.3
PROJ_REAL_16.0,financing.3,60,76.0,1,Financing.3,0.8870921203850359,0,16.0,240000.0,PROJ_REAL_16.0_financing.3
PROJ_REAL_17.0,financing.3,60,72.0,1,Financing.3,0.6139783403355974,0,12.0,180000.0,PROJ_REAL_17.0_financing.3
PROJ_REAL_18.0,financing.3,60,72.0,1,Financing.3,0.646660334663323,0,12.0,180000.0,PROJ_REAL_18.0_financing.3
PROJ_REAL_19.0,financing.3,60,68.0,0,Financing.3,0.5305348272397028,0,8.0,0.0,PROJ_REAL_19.0_financing.3
PROJ_REAL_20.0,financing.3,60,76.0,1,Financing.3,0.6815159406760585,0,16.0,240000.0,PROJ_REAL_20.0_financing.3
PROJ_REAL_21.0,financing.3,60,76.0,1,Financing.3,0.7970425374048832,0,16.0,240000.0,PROJ_REAL_21.0_financing.3
PROJ_REAL_22.0,financing.3,60,80.0,1,Financing.3,0.9359239584321636,0,20.0,300000.0,PROJ_REAL_22.0_financing.3
PROJ_REAL_23.0,financing.3,60,80.0,1,Financing.3,0.9284181427742608,0,20.0,300000.0,PROJ_REAL_23.0_financing.3
PROJ_REAL_24.0,financing.3,60,72.0,1,Financing.3,0.5941285045173197,0,12.0,180000.0,PROJ_REAL_24.0_financing.3
PROJ_REAL_25.0,financing.3,60,72.0,1,Financing.3,0.6984784794191133,0,12.0,180000.0,PROJ_REAL_25.0_financing.3
PROJ_REAL_26.0,financing.3,60,64.0,0,Financing.3,0.1174491202566053,0,4.0,0.0,PROJ_REAL_26.0_financing.3
PROJ_REAL_27.0,financing.3,60,76.0,1,Financing.3,0.8435964347904901,0,16.0,240000.0,PROJ_REAL_27.0_financing.3
PROJ_REAL_28.0,financing.3,60,76.0,1,Financing.3,0.6486985252702124,0,16.0,240000.0,PROJ_REAL_28.0_financing.3
PROJ_REAL_29.0,financing.3,60,72.0,1,Financing.3,0.6587208134687245,0,12.0,180000.0,PROJ_REAL_29.0_financing.3
PROJ_REAL_30.0,financing.3,60,76.0,1,Financing.3,0.8777070606020971,0,16.0,240000.0,PROJ_REAL_30.0_financing.3
PROJ_REAL_31.0,financing.3,60,68.0,0,Financing.3,0.315605176350052,0,8.0,0.0,PROJ_REAL_31.0_financing.3
PROJ_REAL_32.0,financing.3,60,72.0,1,Financing.3,0.5901985429084926,0,12.0,180000.0,PROJ_REAL_32.0_financing.3
PROJ_REAL_33.0,financing.3,60,68.0,0,Financing.3,0.5460494919568882,0,8.0,0.0,PROJ_REAL_33.0_financing.3
PROJ_REAL_34.0,financing.3,60,68.0,0,Financing.3,0.2954371754143077,0,8.0,0.0,PROJ_REAL_34.0_financing.3
PROJ_REAL_35.0,financing.3,60,68.0,0,Financing.3,0.4000499561512665,0,8.0,0.0,PROJ_REAL_35.0_financing.3
PROJ_REAL_36.0,financing.3,60,76.0,1,Financing.3,0.788711942697806,0,16.0,240000.0,PROJ_REAL_36.0_financing.3
PROJ_REAL_37.0,financing.3,60,76.0,1,Financing.3,0.8012545560132973,0,16.0,240000.0,PROJ_REAL_37.0_financing.3
PROJ_REAL_38.0,financing.3,60,72.0,1,Financing.3,0.7139690594638146,0,12.0,180000.0,PROJ_REAL_38.0_financing.3
PROJ_REAL_39.0,financing.3,60,80.0,1,Financing.3,1.0,0,20.0,300000.0,PROJ_REAL_39.0_financing.3
PROJ_REAL_40.0,financing.3,60,76.0,1,Financing.3,0.7381328676043983,0,16.0,240000.0,PROJ_REAL_40.0_financing.3
PROJ_REAL_41.0,financing.3,60,76.0,1,Financing.3,0.8226736147525862,0,16.0,240000.0,PROJ_REAL_41.0_financing.3
PROJ_REAL_42.0,financing.3,60,68.0,0,Financing.3,0.2789201868962477,0,8.0,0.0,PROJ_REAL_42.0_financing.3
PROJ_REAL_43.0,financing.3,60,76.0,1,Financing.3,0.7061756451400606,0,16.0,240000.0,PROJ_REAL_43.0_financing.3
PROJ_REAL_44.0,financing.3,60,76.0,1,Financing.3,0.701595654906226,0,16.0,240000.0,PROJ_REAL_44.0_financing.3
PROJ_REAL_45.0,financing.3,60,76.0,1,Financing.3,0.8754832976740208,0,16.0,240000.0,PROJ_REAL_45.0_financing.3
PROJ_REAL_46.0,financing.3,60,76.0,1,Financing.3,0.8903816991723884,0,16.0,240000.0,PROJ_REAL_46.0_financing.3
PROJ_REAL_47.0,financing.3,60,72.0,1,Financing.3,0.5268509523508673,0,12.0,180000.0,PROJ_REAL_47.0_financing.3
PROJ_REAL_48.0,financing.3,60,76.0,1,Financing.3,0.8826490239346382,0,16.0,240000.0,PROJ_REAL_48.0_financing.3
PROJ_REAL_49.0,financing.3,60,68.0,0,Financing.3,0.3722515622343464,0,8.0,0.0,PROJ_REAL_49.0_financing.3
PROJ_REAL_50.0,financing.3,60,80.0,1,Financing.3,0.8788654210512181,0,20.0,300000.0,PROJ_REAL_50.0_financing.3
PROJ_REAL_51.0,financing.3,60,72.0,1,Financing.3,0.4759713087238217,0,12.0,180000.0,PROJ_REAL_51.0_financing.3
PROJ_REAL_52.0,financing.3,60,80.0,1,Financing.3,1.0,0,20.0,300000.0,PROJ_REAL_52.0_financing.3
PROJ_REAL_53.0,financing.3,60,76.0,1,Financing.3,0.8804396021517079,0,16.0,240000.0,PROJ_REAL_53.0_financing.3
PROJ_REAL_54.0,financing.3,60,76.0,1,Financing.3,0.8656522435352754,0,16.0,240000.0,PROJ_REAL_54.0_financing.3
PROJ_REAL_55.0,financing.3,60,80.0,1,Financing.3,0.9521090140647488,0,20.0,300000.0,PROJ_REAL_55.0_financing.3
PROJ_REAL_56.0,financing.3,60,80.0,1,Financing.3,0.8753925914887115,0,20.0,300000.0,PROJ_REAL_56.0_financing.3
PROJ_REAL_57.0,financing.3,60,68.0,0,Financing.3,0.41004991477116,0,8.0,0.0,PROJ_REAL_57.0_financing.3
PROJ_REAL_58.0,financing.3,60,68.0,0,Financing.3,0.2003647305999508,0,8.0,0.0,PROJ_REAL_58.0_financing.3
PROJ_REAL_59.0,financing.3,60,68.0,0,Financing.3,0.3804864459952614,0,8.0,0.0,PROJ_REAL_59.0_financing.3
PROJ_REAL_60.0,financing.3,60,76.0,1,Financing.3,0.7588670371122248,0,16.0,240000.0,PROJ_REAL_60.0_financing.3
PROJ_REAL_61.0,financing.3,60,76.0,1,Financing.3,0.5678147276575649,0,16.0,240000.0,PROJ_REAL_61.0_financing.3
PROJ_REAL_62.0,financing.3,60,76.0,1,Financing.3,0.8952658697715751,0,16.0,240000.0,PROJ_REAL_62.0_financing.3
PROJ_REAL_63.0,financing.3,60,68.0,0,Financing.3,0.2523487352831273,0,8.0,0.0,PROJ_REAL_63.0_financing.3
PROJ_REAL_64.0,financing.3,60,72.0,1,Financing.3,0.7217021397751964,0,12.0,180000.0,PROJ_REAL_64.0_financing.3
PROJ_REAL_65.0,financing.3,60,68.0,0,Financing.3,0.5573933355001526,0,8.0,0.0,PROJ_REAL_65.0_financing.3
PROJ_REAL_66.0,financing.3,60,76.0,1,Financing.3,0.8037979464280753,0,16.0,240000.0,PROJ_REAL_66.0_financing.3
PROJ_REAL_67.0,financing.3,60,76.0,1,Financing.3,0.7460508657350231,0,16.0,240000.0,PROJ_REAL_67.0_financing.3
PROJ_REAL_68.0,financing.3,60,76.0,1,Financing.3,0.7437799634358342,0,16.0,240000.0,PROJ_REAL_68.0_financing.3
PROJ_REAL_69.0,financing.3,60,76.0,1,Financing.3,0.6963060057083283,0,16.0,240000.0,PROJ_REAL_69.0_financing.3
PROJ_REAL_70.0,financing.3,60,80.0,1,Financing.3,1.0,0,20.0,300000.0,PROJ_REAL_70.0_financing.3
PROJ_REAL_71.0,financing.3,60,76.0,1,Financing.3,0.7574560647663116,0,16.0,240000.0,PROJ_REAL_71.0_financing.3
PROJ_REAL_72.0,financing.3,60,80.0,1,Financing.3,0.9677405695427546,0,20.0,300000.0,PROJ_REAL_72.0_financing.3
PROJ_REAL_73.0,financing.3,60,76.0,1,Financing.3,0.8823475314262524,0,16.0,240000.0,PROJ_REAL_73.0_financing.3
PROJ_REAL_74.0,financing.3,60,76.0,1,Financing.3,0.546822111991655,0,16.0,240000.0,PROJ_REAL_74.0_financing.3
PROJ_REAL_75.0,financing.3,60,76.0,1,Financing.3,0.7444314227918158,0,16.0,240000.0,PROJ_REAL_75.0_financing.3
PROJ_REAL_76.0,financing.3,60,80.0,1,Financing.3,0.9773064131135196,0,20.0,300000.0,PROJ_REAL_76.0_financing.3
PROJ_REAL_77.0,financing.3,60,72.0,1,Financing.3,0.7390361737740893,0,12.0,180000.0,PROJ_REAL_77.0_financing.3
PROJ_REAL_78.0,financing.3,60,72.0,1,Financing.3,0.564523839918785,0,12.0,180000.0,PROJ_REAL_78.0_financing.3
PROJ_REAL_79.0,financing.3,60,72.0,1,Financing.3,0.6947859778352904,0,12.0,180000.0,PROJ_REAL_79.0_financing.3
PROJ_REAL_80.0,financing.3,60,68.0,0,Financing.3,0.264269987780642,0,8.0,0.0,PROJ_REAL_80.0_financing.3
PROJ_REAL_81.0,financing.3,60,76.0,1,Financing.3,0.856743459612489,0,16.0,240000.0,PROJ_REAL_81.0_financing.3
PROJ_REAL_82.0,financing.3,60,64.0,0,Financing.3,0.1859244229293034,0,4.0,0.0,PROJ_REAL_82.0_financing.3
PROJ_REAL_83.0,financing.3,60,80.0,1,Financing.3,0.9753347259047992,0,20.0,300000.0,PROJ_REAL_83.0_financing.3
PROJ_REAL_84.0,financing.3,60,76.0,1,Financing.3,0.9089188366894662,0,16.0,240000.0,PROJ_REAL_84.0_financing.3
PROJ_REAL_85.0,financing.3,60,80.0,1,Financing.3,1.0,0,20.0,300000.0,PROJ_REAL_85.0_financing.3
PROJ_REAL_86.0,financing.3,60,76.0,1,Financing.3,0.7686092134878927,0,16.0,240000.0,PROJ_REAL_86.0_financing.3
PROJ_REAL_87.0,financing.3,60,76.0,1,Financing.3,0.957679094134469,0,16.0,240000.0,PROJ_REAL_87.0_financing.3
PROJ_REAL_88.0,financing.3,60,80.0,1,Financing.3,0.9379007985002475,0,20.0,300000.0,PROJ_REAL_88.0_financing.3
PROJ_REAL_89.0,financing.3,60,64.0,0,Financing.3,0.1486442623058374,0,4.0,0.0,PROJ_REAL_89.0_financing.3
PROJ_REAL_90.0,financing.3,60,76.0,1,Financing.3,0.7895711356652786,0,16.0,240000.0,PROJ_REAL_90.0_financing.3
PROJ_REAL_91.0,financing.3,60,80.0,1,Financing.3,0.9708342270716828,0,20.0,300000.0,PROJ_REAL_91.0_financing.3
PROJ_REAL_92.0,financing.3,60,80.0,1,Financing.3,0.8486309082328167,0,20.0,300000.0,PROJ_REAL_92.0_financing.3
PROJ_REAL_93.0,financing.3,60,76.0,1,Financing.3,0.7028825896209889,0,16.0,240000.0,PROJ_REAL_93.0_financing.3
PROJ_REAL_94.0,financing.3,60,64.0,0,Financing.3,0.0,0,4.0,0.0,PROJ_REAL_94.0_financing.3
PROJ_REAL_95.0,financing.3,60,80.0,1,Financing.3,1.0,0,20.0,300000.0,PROJ_REAL_95.0_financing.3
PROJ_REAL_96.0,financing.3,60,72.0,1,Financing.3,0.5080632733353306,0,12.0,180000.0,PROJ_REAL_96.0_financing.3
PROJ_REAL_97.0,financing.3,60,76.0,1,Financing.3,0.8546968079021153,0,16.0,240000.0,PROJ_REAL_97.0_financing.3
PROJ_REAL_98.0,financing.3,60,76.0,1,Financing.3,0.920210091633321,0,16.0,240000.0,PROJ_REAL_98.0_financing.3
PROJ_REAL_99.0,financing.3,60,76.0,1,Financing.3,0.7743058425328536,0,16.0,240000.0,PROJ_REAL_99.0_financing.3
PROJ_REAL_100.0,financing.3,60,76.0,1,Financing.3,0.7726362250469555,0,16.0,240000.0,PROJ_REAL_100.0_financing.3
PROJ_REAL_101.0,financing.3,60,72.0,1,Financing.3,0.6920610986731681,0,12.0,180000.0,PROJ_REAL_101.0_financing.3
PROJ_REAL_102.0,financing.3,60,72.0,1,Financing.3,0.4350253296182773,0,12.0,180000.0,PROJ_REAL_102.0_financing.3
PROJ_REAL_103.0,financing.3,60,76.0,1,Financing.3,0.8079677188597177,0,16.0,240000.0,PROJ_REAL_103.0_financing.3
PROJ_REAL_104.0,financing.3,60,76.0,1,Financing.3,0.7701994278062593,0,16.0,240000.0,PROJ_REAL_104.0_financing.3
PROJ_REAL_105.0,financing.3,60,72.0,1,Financing.3,0.550971619786238,0,12.0,180000.0,PROJ_REAL_105.0_financing.3
PROJ_REAL_106.0,financing.3,60,80.0,1,Financing.3,0.7155303646461606,0,20.0,300000.0,PROJ_REAL_106.0_financing.3
PROJ_REAL_107.0,financing.3,60,72.0,1,Financing.3,0.7314797497280113,0,12.0,180000.0,PROJ_REAL_107.0_financing.3
PROJ_REAL_108.0,financing.3,60,80.0,1,Financing.3,1.0,0,20.0,300000.0,PROJ_REAL_108.0_financing.3
PROJ_REAL_109.0,financing.3,60,76.0,1,Financing.3,0.7406021531338312,0,16.0,240000.0,PROJ_REAL_109.0_financing.3
PROJ_REAL_110.0,financing.3,60,72.0,1,Financing.3,0.7145542898737652,0,12.0,180000.0,PROJ_REAL_110.0_financing.3
PROJ_REAL_111.0,financing.3,60,80.0,1,Financing.3,0.9928212014321172,0,20.0,300000.0,PROJ_REAL_111.0_financing.3
PROJ_REAL_112.0,financing.3,60,76.0,1,Financing.3,0.8133381489093038,0,16.0,240000.0,PROJ_REAL_112.0_financing.3
PROJ_REAL_113.0,financing.3,60,76.0,1,Financing.3,0.9005879235653693,0,16.0,240000.0,PROJ_REAL_113.0_financing.3
PROJ_REAL_114.0,financing.3,60,64.0,0,Financing.3,0.0397036376020577,0,4.0,0.0,PROJ_REAL_114.0_financing.3
PROJ_REAL_115.0,financing.3,60,80.0,1,Financing.3,0.8676556325763207,0,20.0,300000.0,PROJ_REAL_115.0_financing.3
PROJ_REAL_116.0,financing.3,60,72.0,1,Financing.3,0.5502965012504332,0,12.0,180000.0,PROJ_REAL_116.0_financing.3
PROJ_REAL_117.0,financing.3,60,76.0,1,Financing.3,0.9037968242758048,0,16.0,240000.0,PROJ_REAL_117.0_financing.3
PROJ_REAL_118.0,financing.3,60,80.0,1,Financing.3,0.9450564719795108,0,20.0,300000.0,PROJ_REAL_118.0_financing.3
PROJ_REAL_119.0,financing.3,60,80.0,1,Financing.3,0.9089239703220428,0,20.0,300000.0,PROJ_REAL_119.0_financing.3
PROJ_REAL_120.0,financing.3,60,80.0,1,Financing.3,0.7960821153843713,0,20.0,300000.0,PROJ_REAL_120.0_financing.3
PROJ_REAL_121.0,financing.3,60,76.0,1,Financing.3,0.9498709252668608,0,16.0,240000.0,PROJ_REAL_121.0_financing.3
PROJ_REAL_122.0,financing.3,60,76.0,1,Financing.3,0.6830672920042263,0,16.0,240000.0,PROJ_REAL_122.0_financing.3
PROJ_REAL_123.0,financing.3,60,64.0,0,Financing.3,0.2373408501189366,0,4.0,0.0,PROJ_REAL_123.0_financing.3
PROJ_REAL_124.0,financing.3,60,76.0,1,Financing.3,0.7468878697537971,0,16.0,240000.0,PROJ_REAL_124.0_financing.3
PROJ_REAL_125.0,financing.3,60,80.0,1,Financing.3,1.0,0,20.0,300000.0,PROJ_REAL_125.0_financing.3
PROJ_REAL_126.0,financing.3,60,64.0,0,Financing.3,0.1739351155955784,0,4.0,0.0,PROJ_REAL_126.0_financing.3
PROJ_REAL_127.0,financing.3,60,76.0,1,Financing.3,0.6360648378030315,0,16.0,240000.0,PROJ_REAL_127.0_financing.3
PROJ_REAL_128.0,financing.3,60,80.0,1,Financing.3,1.0,0,20.0,300000.0,PROJ_REAL_128.0_financing.3
PROJ_REAL_129.0,financing.3,60,76.0,1,Financing.3,0.7871337785284637,0,16.0,240000.0,PROJ_REAL_129.0_financing.3
PROJ_REAL_130.0,financing.3,60,76.0,1,Financing.3,0.7999215769159206,0,16.0,240000.0,PROJ_REAL_130.0_financing.3
PROJ_REAL_131.0,financing.3,60,68.0,0,Financing.3,0.3565815111519412,0,8.0,0.0,PROJ_REAL_131.0_financing.3
PROJ_REAL_132.0,financing.3,60,72.0,1,Financing.3,0.5142322762445348,0,12.0,180000.0,PROJ_REAL_132.0_financing.3
PROJ_REAL_133.0,financing.3,60,80.0,1,Financing.3,0.9772856925912472,0,20.0,300000.0,PROJ_REAL_133.0_financing.3
PROJ_REAL_134.0,financing.3,60,76.0,1,Financing.3,0.8549803644798951,0,16.0,240000.0,PROJ_REAL_134.0_financing.3
PROJ_REAL_135.0,financing.3,60,80.0,1,Financing.3,0.843525183365224,0,20.0,300000.0,PROJ_REAL_135.0_financing.3
PROJ_REAL_136.0,financing.3,60,76.0,1,Financing.3,0.722567533613837,0,16.0,240000.0,PROJ_REAL_136.0_financing.3
PROJ_REAL_137.0,financing.3,60,80.0,1,Financing.3,1.0,0,20.0,300000.0,PROJ_REAL_137.0_financing.3
PROJ_REAL_138.0,financing.3,60,76.0,1,Financing.3,0.640198395386031,0,16.0,240000.0,PROJ_REAL_138.0_financing.3
PROJ_REAL_139.0,financing.3,60,76.0,1,Financing.3,0.8700986710233173,0,16.0,240000.0,PROJ_REAL_139.0_financing.3
PROJ_REAL_140.0,financing.3,60,68.0,0,Financing.3,0.2847916336129665,0,8.0,0.0,PROJ_REAL_140.0_financing.3
PROJ_REAL_141.0,financing.3,60,68.0,0,Financing.3,0.4758228942736269,0,8.0,0.0,PROJ_REAL_141.0_financing.3
PROJ_REAL_142.0,financing.3,60,68.0,0,Financing.3,0.426206374520883,0,8.0,0.0,PROJ_REAL_142.0_financing.3
PROJ_REAL_143.0,financing.3,60,72.0,1,Financing.3,0.6762861793550448,0,12.0,180000.0,PROJ_REAL_143.0_financing.3
PROJ_REAL_1.0,financing.4,60,64.0,0,Financing.4,0.2018805380757515,0,4.0,0.0,PROJ_REAL_1.0_financing.4
PROJ_REAL_2.0,financing.4,60,64.0,0,Financing.4,0.0482021069247527,0,4.0,0.0,PROJ_REAL_2.0_financing.4
PROJ_REAL_3.0,financing.4,60,64.0,0,Financing.4,0.1546544358820206,0,4.0,0.0,PROJ_REAL_3.0_financing.4
PROJ_REAL_4.0,financing.4,60,64.0,0,Financing.4,0.2091298334635127,0,4.0,0.0,PROJ_REAL_4.0_financing.4
PROJ_REAL_5.0,financing.4,60,64.0,0,Financing.4,0.1400189248116789,0,4.0,0.0,PROJ_REAL_5.0_financing.4
PROJ_REAL_6.0,financing.4,60,64.0,0,Financing.4,0.0974773196635288,0,4.0,0.0,PROJ_REAL_6.0_financing.4
PROJ_REAL_7.0,financing.4,60,64.0,0,Financing.4,0.0868197887250917,0,4.0,0.0,PROJ_REAL_7.0_financing.4
PROJ_REAL_8.0,financing.4,60,76.0,1,Financing.4,1.0,0,16.0,240000.0,PROJ_REAL_8.0_financing.4
PROJ_REAL_9.0,financing.4,60,72.0,1,Financing.4,0.6554886494594775,0,12.0,180000.0,PROJ_REAL_9.0_financing.4
PROJ_REAL_10.0,financing.4,60,68.0,0,Financing.4,0.29992328048293,0,8.0,0.0,PROJ_REAL_10.0_financing.4
PROJ_REAL_11.0,financing.4,60,72.0,1,Financing.4,0.6603651129883066,0,12.0,180000.0,PROJ_REAL_11.0_financing.4
PROJ_REAL_12.0,financing.4,60,68.0,0,Financing.4,0.4542860607832311,0,8.0,0.0,PROJ_REAL_12.0_financing.4
PROJ_REAL_13.0,financing.4,60,80.0,1,Financing.4,0.920458662216296,0,20.0,300000.0,PROJ_REAL_13.0_financing.4
PROJ_REAL_14.0,financing.4,60,76.0,1,Financing.4,0.9365120695017948,0,16.0,240000.0,PROJ_REAL_14.0_financing.4
PROJ_REAL_15.0,financing.4,60,68.0,0,Financing.4,0.225216328609232,0,8.0,0.0,PROJ_REAL_15.0_financing.4
PROJ_REAL_16.0,financing.4,60,64.0,0,Financing.4,0.1528544548487713,0,4.0,0.0,PROJ_REAL_16.0_financing.4
PROJ_REAL_17.0,financing.4,60,76.0,1,Financing.4,0.8816816972512861,0,16.0,240000.0,PROJ_REAL_17.0_financing.4
PROJ_REAL_18.0,financing.4,60,72.0,1,Financing.4,0.4302831120573558,0,12.0,180000.0,PROJ_REAL_18.0_financing.4
PROJ_REAL_19.0,financing.4,60,68.0,0,Financing.4,0.351088334853055,0,8.0,0.0,PROJ_REAL_19.0_financing.4
PROJ_REAL_20.0,financing.4,60,64.0,0,Financing.4,0.31241804394199,0,4.0,0.0,PROJ_REAL_20.0_financing.4
PROJ_REAL_21.0,financing.4,60,72.0,1,Financing.4,0.7004595594368007,0,12.0,180000.0,PROJ_REAL_21.0_financing.4
PROJ_REAL_22.0,financing.4,60,68.0,0,Financing.4,0.3221271537551715,0,8.0,0.0,PROJ_REAL_22.0_financing.4
PROJ_REAL_23.0,financing.4,60,64.0,0,Financing.4,0.286509847738621,0,4.0,0.0,PROJ_REAL_23.0_financing.4
PROJ_REAL_24.0,financing.4,60,72.0,1,Financing.4,0.6129777070800032,0,12.0,180000.0,PROJ_REAL_24.0_financing.4
PROJ_REAL_25.0,financing.4,60,72.0,1,Financing.4,0.5768122494278447,0,12.0,180000.0,PROJ_REAL_25.0_financing.4
PROJ_REAL_26.0,financing.4,60,64.0,0,Financing.4,0.2538653452465845,0,4.0,0.0,PROJ_REAL_26.0_financing.4
PROJ_REAL_27.0,financing.4,60,76.0,1,Financing.4,0.763774990581712,0,16.0,240000.0,PROJ_REAL_27.0_financing.4
PROJ_REAL_28.0,financing.4,60,72.0,1,Financing.4,0.5588336842855869,0,12.0,180000.0,PROJ_REAL_28.0_financing.4
PROJ_REAL_29.0,financing.4,60,68.0,0,Financing.4,0.2507364298584085,0,8.0,0.0,PROJ_REAL_29.0_financing.4
PROJ_REAL_30.0,financing.4,60,64.0,0,Financing.4,0.1924145723638135,0,4.0,0.0,PROJ_REAL_30.0_financing.4
PROJ_REAL_31.0,financing.4,60,72.0,1,Financing.4,0.5331607342830624,0,12.0,180000.0,PROJ_REAL_31.0_financing.4
PROJ_REAL_32.0,financing.4,60,68.0,0,Financing.4,0.3820681992450602,0,8.0,0.0,PROJ_REAL_32.0_financing.4
PROJ_REAL_33.0,financing.4,60,80.0,1,Financing.4,1.0,0,20.0,300000.0,PROJ_REAL_33.0_financing.4
PROJ_REAL_34.0,financing.4,60,64.0,0,Financing.4,0.1109468952301022,0,4.0,0.0,PROJ_REAL_34.0_financing.4
PROJ_REAL_35.0,financing.4,60,68.0,0,Financing.4,0.3053776762028739,0,8.0,0.0,PROJ_REAL_35.0_financing.4
PROJ_REAL_36.0,financing.4,60,72.0,1,Financing.4,0.7305528525385897,0,12.0,180000.0,PROJ_REAL_36.0_financing.4
PROJ_REAL_37.0,financing.4,60,68.0,0,Financing.4,0.3914598491075593,0,8.0,0.0,PROJ_REAL_37.0_financing.4
PROJ_REAL_38.0,financing.4,60,72.0,1,Financing.4,0.4342178957329498,0,12.0,180000.0,PROJ_REAL_38.0_financing.4
PROJ_REAL_39.0,financing.4,60,68.0,0,Financing.4,0.3593071892130167,0,8.0,0.0,PROJ_REAL_39.0_financing.4
PROJ_REAL_40.0,financing.4,60,68.0,0,Financing.4,0.1881710957160874,0,8.0,0.0,PROJ_REAL_40.0_financing.4
PROJ_REAL_41.0,financing.4,60,72.0,1,Financing.4,0.7745374070633492,0,12.0,180000.0,PROJ_REAL_41.0_financing.4
PROJ_REAL_42.0,financing.4,60,72.0,1,Financing.4,0.7050455609690389,0,12.0,180000.0,PROJ_REAL_42.0_financing.4
PROJ_REAL_43.0,financing.4,60,72.0,1,Financing.4,0.5350562812050436,0,12.0,180000.0,PROJ_REAL_43.0_financing.4
PROJ_REAL_44.0,financing.4,60,72.0,1,Financing.4,0.3743343977234297,0,12.0,180000.0,PROJ_REAL_44.0_financing.4
PROJ_REAL_45.0,financing.4,60,72.0,1,Financing.4,0.561569789286289,0,12.0,180000.0,PROJ_REAL_45.0_financing.4
PROJ_REAL_46.0,financing.4,60,72.0,1,Financing.4,0.4572151643480095,0,12.0,180000.0,PROJ_REAL_46.0_financing.4
PROJ_REAL_47.0,financing.4,60,72.0,1,Financing.4,0.3899181091849935,0,12.0,180000.0,PROJ_REAL_47.0_financing.4
PROJ_REAL_48.0,financing.4,60,72.0,1,Financing.4,0.6647838072684644,0,12.0,180000.0,PROJ_REAL_48.0_financing.4
PROJ_REAL_49.0,financing.4,60,68.0,0,Financing.4,0.3438349180087761,0,8.0,0.0,PROJ_REAL_49.0_financing.4
PROJ_REAL_50.0,financing.4,60,72.0,1,Financing.4,0.6124463428787384,0,12.0,180000.0,PROJ_REAL_50.0_financing.4
PROJ_REAL_51.0,financing.4,60,72.0,1,Financing.4,0.707529065306275,0,12.0,180000.0,PROJ_REAL_51.0_financing.4
PROJ_REAL_52.0,financing.4,60,72.0,1,Financing.4,0.577665999692358,0,12.0,180000.0,PROJ_REAL_52.0_financing.4
PROJ_REAL_53.0,financing.4,60,68.0,0,Financing.4,0.4313085363796649,0,8.0,0.0,PROJ_REAL_53.0_financing.4
PROJ_REAL_54.0,financing.4,60,72.0,1,Financing.4,0.6447970914389519,0,12.0,180000.0,PROJ_REAL_54.0_financing.4
PROJ_REAL_55.0,financing.4,60,76.0,1,Financing.4,0.7405542324064353,0,16.0,240000.0,PROJ_REAL_55.0_financing.4
PROJ_REAL_56.0,financing.4,60,72.0,1,Financing.4,0.613376624807586,0,12.0,180000.0,PROJ_REAL_56.0_financing.4
PROJ_REAL_57.0,financing.4,60,80.0,1,Financing.4,0.9152255068742696,0,20.0,300000.0,PROJ_REAL_57.0_financing.4
PROJ_REAL_58.0,financing.4,60,80.0,1,Financing.4,0.9679016668849684,0,20.0,300000.0,PROJ_REAL_58.0_financing.4
PROJ_REAL_59.0,financing.4,60,80.0,1,Financing.4,0.9977213212118848,0,20.0,300000.0,PROJ_REAL_59.0_financing.4
PROJ_REAL_60.0,financing.4,60,72.0,1,Financing.4,0.5055803275272369,0,12.0,180000.0,PROJ_REAL_60.0_financing.4
PROJ_REAL_61.0,financing.4,60,72.0,1,Financing.4,0.7451470378934222,0,12.0,180000.0,PROJ_REAL_61.0_financing.4
PROJ_REAL_62.0,financing.4,60,68.0,0,Financing.4,0.4327235179804509,0,8.0,0.0,PROJ_REAL_62.0_financing.4
PROJ_REAL_63.0,financing.4,60,80.0,1,Financing.4,0.9071494987852604,0,20.0,300000.0,PROJ_REAL_63.0_financing.4
PROJ_REAL_64.0,financing.4,60,72.0,1,Financing.4,0.4918915786399895,0,12.0,180000.0,PROJ_REAL_64.0_financing.4
PROJ_REAL_65.0,financing.4,60,68.0,0,Financing.4,0.355427834775796,0,8.0,0.0,PROJ_REAL_65.0_financing.4
PROJ_REAL_66.0,financing.4,60,76.0,1,Financing.4,0.8158231442259735,0,16.0,240000.0,PROJ_REAL_66.0_financing.4
PROJ_REAL_67.0,financing.4,60,76.0,1,Financing.4,0.815893229495007,0,16.0,240000.0,PROJ_REAL_67.0_financing.4
PROJ_REAL_68.0,financing.4,60,72.0,1,Financing.4,0.5578057649242583,0,12.0,180000.0,PROJ_REAL_68.0_financing.4
PROJ_REAL_69.0,financing.4,60,68.0,0,Financing.4,0.3144363628765073,0,8.0,0.0,PROJ_REAL_69.0_financing.4
PROJ_REAL_70.0,financing.4,60,76.0,1,Financing.4,0.7846683789833824,0,16.0,240000.0,PROJ_REAL_70.0_financing.4
PROJ_REAL_71.0,financing.4,60,76.0,1,Financing.4,0.702110825580196,0,16.0,240000.0,PROJ_REAL_71.0_financing.4
PROJ_REAL_72.0,financing.4,60,76.0,1,Financing.4,0.8381848440372365,0,16.0,240000.0,PROJ_REAL_72.0_financing.4
PROJ_REAL_73.0,financing.4,60,76.0,1,Financing.4,0.7078656498522071,0,16.0,240000.0,PROJ_REAL_73.0_financing.4
PROJ_REAL_74.0,financing.4,60,68.0,0,Financing.4,0.3196369088322444,0,8.0,0.0,PROJ_REAL_74.0_financing.4
PROJ_REAL_75.0,financing.4,60,68.0,0,Financing.4,0.490268506339349,0,8.0,0.0,PROJ_REAL_75.0_financing.4
PROJ_REAL_76.0,financing.4,60,80.0,1,Financing.4,1.0,0,20.0,300000.0,PROJ_REAL_76.0_financing.4
PROJ_REAL_77.0,financing.4,60,64.0,0,Financing.4,0.2629638723702753,0,4.0,0.0,PROJ_REAL_77.0_financing.4
PROJ_REAL_78.0,financing.4,60,76.0,1,Financing.4,0.9206889495230208,0,16.0,240000.0,PROJ_REAL_78.0_financing.4
PROJ_REAL_79.0,financing.4,60,64.0,0,Financing.4,0.1655545664415066,0,4.0,0.0,PROJ_REAL_79.0_financing.4
PROJ_REAL_80.0,financing.4,60,68.0,0,Financing.4,0.5039282768092465,0,8.0,0.0,PROJ_REAL_80.0_financing.4
PROJ_REAL_81.0,financing.4,60,72.0,1,Financing.4,0.5484535172777324,0,12.0,180000.0,PROJ_REAL_81.0_financing.4
PROJ_REAL_82.0,financing.4,60,72.0,1,Financing.4,0.7618744731112871,0,12.0,180000.0,PROJ_REAL_82.0_financing.4
PROJ_REAL_83.0,financing.4,60,72.0,1,Financing.4,0.6771597341609717,0,12.0,180000.0,PROJ_REAL_83.0_financing.4
PROJ_REAL_84.0,financing.4,60,64.0,0,Financing.4,0.2260157084994463,0,4.0,0.0,PROJ_REAL_84.0_financing.4
PROJ_REAL_85.0,financing.4,60,76.0,1,Financing.4,1.0,0,16.0,240000.0,PROJ_REAL_85.0_financing.4
PROJ_REAL_86.0,financing.4,60,68.0,0,Financing.4,0.2478590278538822,0,8.0,0.0,PROJ_REAL_86.0_financing.4
PROJ_REAL_87.0,financing.4,60,76.0,1,Financing.4,0.8909334364651293,0,16.0,240000.0,PROJ_REAL_87.0_financing.4
PROJ_REAL_88.0,financing.4,60,72.0,1,Financing.4,0.6698071614810014,0,12.0,180000.0,PROJ_REAL_88.0_financing.4
PROJ_REAL_89.0,financing.4,60,68.0,0,Financing.4,0.5325964448738901,0,8.0,0.0,PROJ_REAL_89.0_financing.4
PROJ_REAL_90.0,financing.4,60,68.0,0,Financing.4,0.4673135604396082,0,8.0,0.0,PROJ_REAL_90.0_financing.4
PROJ_REAL_91.0,financing.4,60,68.0,0,Financing.4,0.1724606698323782,0,8.0,0.0,PROJ_REAL_91.0_financing.4
PROJ_REAL_92.0,financing.4,60,72.0,1,Financing.4,0.6337462922126098,0,12.0,180000.0,PROJ_REAL_92.0_financing.4
PROJ_REAL_93.0,financing.4,60,72.0,1,Financing.4,0.59719713364764,0,12.0,180000.0,PROJ_REAL_93.0_financing.4
PROJ_REAL_94.0,financing.4,60,64.0,0,Financing.4,0.3695073572683958,0,4.0,0.0,PROJ_REAL_94.0_financing.4
PROJ_REAL_95.0,financing.4,60,68.0,0,Financing.4,0.5371811222982377,0,8.0,0.0,PROJ_REAL_95.0_financing.4
PROJ_REAL_96.0,financing.4,60,68.0,0,Financing.4,0.3244167826007599,0,8.0,0.0,PROJ_REAL_96.0_financing.4
PROJ_REAL_97.0,financing.4,60,76.0,1,Financing.4,0.7475627483538891,0,16.0,240000.0,PROJ_REAL_97.0_financing.4
PROJ_REAL_98.0,financing.4,60,72.0,1,Financing.4,0.6668398565660628,0,12.0,180000.0,PROJ_REAL_98.0_financing.4
PROJ_REAL_99.0,financing.4,60,76.0,1,Financing.4,0.6599938177537978,0,16.0,240000.0,PROJ_REAL_99.0_financing.4
PROJ_REAL_100.0,financing.4,60,72.0,1,Financing.4,0.473259485097083,0,12.0,180000.0,PROJ_REAL_100.0_financing.4
PROJ_REAL_101.0,financing.4,60,72.0,1,Financing.4,0.6984006106886697,0,12.0,180000.0,PROJ_REAL_101.0_financing.4
PROJ_REAL_102.0,financing.4,60,68.0,0,Financing.4,0.3368341755482096,0,8.0,0.0,PROJ_REAL_102.0_financing.4
PROJ_REAL_103.0,financing.4,60,68.0,0,Financing.4,0.2831375877916401,0,8.0,0.0,PROJ_REAL_103.0_financing.4
PROJ_REAL_104.0,financing.4,60,76.0,1,Financing.4,0.6173919934358472,0,16.0,240000.0,PROJ_REAL_104.0_financing.4
PROJ_REAL_105.0,financing.4,60,68.0,0,Financing.4,0.3439619797479802,0,8.0,0.0,PROJ_REAL_105.0_financing.4
PROJ_REAL_106.0,financing.4,60,68.0,0,Financing.4,0.3095069015111467,0,8.0,0.0,PROJ_REAL_106.0_financing.4
PROJ_REAL_107.0,financing.4,60,68.0,0,Financing.4,0.4242022516729185,0,8.0,0.0,PROJ_REAL_107.0_financing.4
PROJ_REAL_108.0,financing.4,60,80.0,1,Financing.4,0.8821543951868264,0,20.0,300000.0,PROJ_REAL_108.0_financing.4
PROJ_REAL_109.0,financing.4,60,72.0,1,Financing.4,0.6386055036922298,0,12.0,180000.0,PROJ_REAL_109.0_financing.4
PROJ_REAL_110.0,financing.4,60,64.0,0,Financing.4,0.1318713023010583,0,4.0,0.0,PROJ_REAL_110.0_financing.4
PROJ_REAL_111.0,financing.4,60,68.0,0,Financing.4,0.4397861560653874,0,8.0,0.0,PROJ_REAL_111.0_financing.4
PROJ_REAL_112.0,financing.4,60,76.0,1,Financing.4,0.938804723614342,0,16.0,240000.0,PROJ_REAL_112.0_financing.4
PROJ_REAL_113.0,financing.4,60,72.0,1,Financing.4,0.6110253918135977,0,12.0,180000.0,PROJ_REAL_113.0_financing.4
PROJ_REAL_114.0,financing.4,60,72.0,1,Financing.4,0.586129090397586,0,12.0,180000.0,PROJ_REAL_114.0_financing.4
PROJ_REAL_115.0,financing.4,60,76.0,1,Financing.4,0.8106318701825473,0,16.0,240000.0,PROJ_REAL_115.0_financing.4
PROJ_REAL_116.0,financing.4,60,72.0,1,Financing.4,0.5920909052361378,0,12.0,180000.0,PROJ_REAL_116.0_financing.4
PROJ_REAL_117.0,financing.4,60,72.0,1,Financing.4,0.7461875415213695,0,12.0,180000.0,PROJ_REAL_117.0_financing.4
PROJ_REAL_118.0,financing.4,60,68.0,0,Financing.4,0.1251672604880563,0,8.0,0.0,PROJ_REAL_118.0_financing.4
PROJ_REAL_119.0,financing.4,60,68.0,0,Financing.4,0.4417240172424062,0,8.0,0.0,PROJ_REAL_119.0_financing.4
PROJ_REAL_120.0,financing.4,60,68.0,0,Financing.4,0.4908450678601336,0,8.0,0.0,PROJ_REAL_120.0_financing.4
PROJ_REAL_121.0,financing.4,60,76.0,1,Financing.4,0.7747300545520264,0,16.0,240000.0,PROJ_REAL_121.0_financing.4
PROJ_REAL_122.0,financing.4,60,72.0,1,Financing.4,0.5333791949486411,0,12.0,180000.0,PROJ_REAL_122.0_financing.4
PROJ_REAL_123.0,financing.4,60,72.0,1,Financing.4,0.7345000161550398,0,12.0,180000.0,PROJ_REAL_123.0_financing.4
PROJ_REAL_124.0,financing.4,60,72.0,1,Financing.4,0.388916352919499,0,12.0,180000.0,PROJ_REAL_124.0_financing.4
PROJ_REAL_125.0,financing.4,60,68.0,0,Financing.4,0.4428921248868619,0,8.0,0.0,PROJ_REAL_125.0_financing.4
PROJ_REAL_126.0,financing.4,60,72.0,1,Financing.4,0.5169885776252343,0,12.0,180000.0,PROJ_REAL_126.0_financing.4
PROJ_REAL_127.0,financing.4,60,72.0,1,Financing.4,0.6784722165110721,0,12.0,180000.0,PROJ_REAL_127.0_financing.4
PROJ_REAL_128.0,financing.4,60,76.0,1,Financing.4,0.8250214494448831,0,16.0,240000.0,PROJ_REAL_128.0_financing.4
PROJ_REAL_129.0,financing.4,60,76.0,1,Financing.4,0.783453851575745,0,16.0,240000.0,PROJ_REAL_129.0_financing.4
PROJ_REAL_130.0,financing.4,60,68.0,0,Financing.4,0.5162153861126078,0,8.0,0.0,PROJ_REAL_130.0_financing.4
PROJ_REAL_131.0,financing.4,60,68.0,0,Financing.4,0.4664530114767832,0,8.0,0.0,PROJ_REAL_131.0_financing.4
PROJ_REAL_132.0,financing.4,60,64.0,0,Financing.4,0.0461047210267568,0,4.0,0.0,PROJ_REAL_132.0_financing.4
PROJ_REAL_133.0,financing.4,60,80.0,1,Financing.4,1.0,0,20.0,300000.0,PROJ_REAL_133.0_financing.4
PROJ_REAL_134.0,financing.4,60,68.0,0,Financing.4,0.5632645061020054,0,8.0,0.0,PROJ_REAL_134.0_financing.4
PROJ_REAL_135.0,financing.4,60,76.0,1,Financing.4,0.831208463133506,0,16.0,240000.0,PROJ_REAL_135.0_financing.4
PROJ_REAL_136.0,financing.4,60,76.0,1,Financing.4,0.8343157552473834,0,16.0,240000.0,PROJ_REAL_136.0_financing.4
PROJ_REAL_137.0,financing.4,60,76.0,1,Financing.4,1.0,0,16.0,240000.0,PROJ_REAL_137.0_financing.4
PROJ_REAL_138.0,financing.4,60,68.0,0,Financing.4,0.3079954460562979,0,8.0,0.0,PROJ_REAL_138.0_financing.4
PROJ_REAL_139.0,financing.4,60,76.0,1,Financing.4,0.7750117418985016,0,16.0,240000.0,PROJ_REAL_139.0_financing.4
PROJ_REAL_140.0,financing.4,60,68.0,0,Financing.4,0.3361677560772739,0,8.0,0.0,PROJ_REAL_140.0_financing.4
PROJ_REAL_141.0,financing.4,60,72.0,1,Financing.4,0.7999361638381692,0,12.0,180000.0,PROJ_REAL_141.0_financing.4
PROJ_REAL_142.0,financing.4,60,72.0,1,Financing.4,0.5260856687729014,0,12.0,180000.0,PROJ_REAL_142.0_financing.4
PROJ_REAL_143.0,financing.4,60,68.0,0,Financing.4,0.4067991698987996,0,8.0,0.0,PROJ_REAL_143.0_financing.4
PROJ_REAL_1.0,design_and_documentation,60,72.0,1,Design and Documentation,0.6698380214920464,0,12.0,180000.0,PROJ_REAL_1.0_design_and_documentation
PROJ_REAL_2.0,design_and_documentation,60,80.0,1,Design and Documentation,0.9866247368957518,0,20.0,300000.0,PROJ_REAL_2.0_design_and_documentation
PROJ_REAL_3.0,design_and_documentation,60,68.0,0,Design and Documentation,0.5175705796362775,0,8.0,0.0,PROJ_REAL_3.0_design_and_documentation
PROJ_REAL_4.0,design_and_documentation,60,76.0,1,Design and Documentation,0.7124630066163097,0,16.0,240000.0,PROJ_REAL_4.0_design_and_documentation
PROJ_REAL_5.0,design_and_documentation,60,68.0,0,Design and Documentation,0.326309751735616,0,8.0,0.0,PROJ_REAL_5.0_design_and_documentation
PROJ_REAL_6.0,design_and_documentation,60,76.0,1,Design and Documentation,0.6488496786304212,0,16.0,240000.0,PROJ_REAL_6.0_design_and_documentation
PROJ_REAL_7.0,design_and_documentation,60,76.0,1,Design and Documentation,0.5015634875663573,0,16.0,240000.0,PROJ_REAL_7.0_design_and_documentation
PROJ_REAL_8.0,design_and_documentation,60,76.0,1,Design and Documentation,0.6998250432629316,0,16.0,240000.0,PROJ_REAL_8.0_design_and_documentation
PROJ_REAL_9.0,design_and_documentation,60,76.0,1,Design and Documentation,0.7243955828620159,0,16.0,240000.0,PROJ_REAL_9.0_design_and_documentation
PROJ_REAL_10.0,design_and_documentation,60,76.0,1,Design and Documentation,0.6939443631871299,0,16.0,240000.0,PROJ_REAL_10.0_design_and_documentation
PROJ_REAL_11.0,design_and_documentation,60,80.0,1,Design and Documentation,0.9921461742728592,0,20.0,300000.0,PROJ_REAL_11.0_design_and_documentation
PROJ_REAL_12.0,design_and_documentation,60,76.0,1,Design and Documentation,0.8663253399772892,0,16.0,240000.0,PROJ_REAL_12.0_design_and_documentation
PROJ_REAL_13.0,design_and_documentation,60,80.0,1,Design and Documentation,1.0,0,20.0,300000.0,PROJ_REAL_13.0_design_and_documentation
PROJ_REAL_14.0,design_and_documentation,60,76.0,1,Design and Documentation,0.8111302233261821,0,16.0,240000.0,PROJ_REAL_14.0_design_and_documentation
PROJ_REAL_15.0,design_and_documentation,60,80.0,1,Design and Documentation,1.0,0,20.0,300000.0,PROJ_REAL_15.0_design_and_documentation
PROJ_REAL_16.0,design_and_documentation,60,68.0,0,Design and Documentation,0.32122629567724,0,8.0,0.0,PROJ_REAL_16.0_design_and_documentation
PROJ_REAL_17.0,design_and_documentation,60,76.0,1,Design and Documentation,0.7487136277664151,0,16.0,240000.0,PROJ_REAL_17.0_design_and_documentation
PROJ_REAL_18.0,design_and_documentation,60,80.0,1,Design and Documentation,1.0,0,20.0,300000.0,PROJ_REAL_18.0_design_and_documentation
PROJ_REAL_19.0,design_and_documentation,60,76.0,1,Design and Documentation,1.0,0,16.0,240000.0,PROJ_REAL_19.0_design_and_documentation
PROJ_REAL_20.0,design_and_documentation,60,76.0,1,Design and Documentation,0.8995246194945135,0,16.0,240000.0,PROJ_REAL_20.0_design_and_documentation
PROJ_REAL_21.0,design_and_documentation,60,76.0,1,Design and Documentation,0.6806932887166656,0,16.0,240000.0,PROJ_REAL_21.0_design_and_documentation
PROJ_REAL_22.0,design_and_documentation,60,72.0,1,Design and Documentation,0.6534526867735773,0,12.0,180000.0,PROJ_REAL_22.0_design_and_documentation
PROJ_REAL_23.0,design_and_documentation,60,80.0,1,Design and Documentation,0.7440278132034488,0,20.0,300000.0,PROJ_REAL_23.0_design_and_documentation
PROJ_REAL_24.0,design_and_documentation,60,72.0,1,Design and Documentation,0.5107133331133156,0,12.0,180000.0,PROJ_REAL_24.0_design_and_documentation
PROJ_REAL_25.0,design_and_documentation,60,76.0,1,Design and Documentation,0.6837656562038237,0,16.0,240000.0,PROJ_REAL_25.0_design_and_documentation
PROJ_REAL_26.0,design_and_documentation,60,76.0,1,Design and Documentation,0.9127769337691016,0,16.0,240000.0,PROJ_REAL_26.0_design_and_documentation
PROJ_REAL_27.0,design_and_documentation,60,72.0,1,Design and Documentation,0.5160562984917227,0,12.0,180000.0,PROJ_REAL_27.0_design_and_documentation
PROJ_REAL_28.0,design_and_documentation,60,68.0,0,Design and Documentation,0.5703793292073766,0,8.0,0.0,PROJ_REAL_28.0_design_and_documentation
PROJ_REAL_29.0,design_and_documentation,60,68.0,0,Design and Documentation,0.4519261773882857,0,8.0,0.0,PROJ_REAL_29.0_design_and_documentation
PROJ_REAL_30.0,design_and_documentation,60,76.0,1,Design and Documentation,0.6760674418109528,0,16.0,240000.0,PROJ_REAL_30.0_design_and_documentation
PROJ_REAL_31.0,design_and_documentation,60,72.0,1,Design and Documentation,0.5150815314746724,0,12.0,180000.0,PROJ_REAL_31.0_design_and_documentation
PROJ_REAL_32.0,design_and_documentation,60,68.0,0,Design and Documentation,0.2751236566020201,0,8.0,0.0,PROJ_REAL_32.0_design_and_documentation
PROJ_REAL_33.0,design_and_documentation,60,68.0,0,Design and Documentation,0.2882511089667354,0,8.0,0.0,PROJ_REAL_33.0_design_and_documentation
PROJ_REAL_34.0,design_and_documentation,60,68.0,0,Design and Documentation,0.4039172004247691,0,8.0,0.0,PROJ_REAL_34.0_design_and_documentation
PROJ_REAL_35.0,design_and_documentation,60,76.0,1,Design and Documentation,0.8356446699440376,0,16.0,240000.0,PROJ_REAL_35.0_design_and_documentation
PROJ_REAL_36.0,design_and_documentation,60,80.0,1,Design and Documentation,1.0,0,20.0,300000.0,PROJ_REAL_36.0_design_and_documentation
PROJ_REAL_37.0,design_and_documentation,60,72.0,1,Design and Documentation,0.6206534470599239,0,12.0,180000.0,PROJ_REAL_37.0_design_and_documentation
PROJ_REAL_38.0,design_and_documentation,60,72.0,1,Design and Documentation,0.632151795445771,0,12.0,180000.0,PROJ_REAL_38.0_design_and_documentation
PROJ_REAL_39.0,design_and_documentation,60,80.0,1,Design and Documentation,1.0,0,20.0,300000.0,PROJ_REAL_39.0_design_and_documentation
PROJ_REAL_40.0,design_and_documentation,60,72.0,1,Design and Documentation,0.4149430102566373,0,12.0,180000.0,PROJ_REAL_40.0_design_and_documentation
PROJ_REAL_41.0,design_and_documentation,60,80.0,1,Design and Documentation,0.9247491779680604,0,20.0,300000.0,PROJ_REAL_41.0_design_and_documentation
PROJ_REAL_42.0,design_and_documentation,60,72.0,1,Design and Documentation,0.4928951548386975,0,12.0,180000.0,PROJ_REAL_42.0_design_and_documentation
PROJ_REAL_43.0,design_and_documentation,60,80.0,1,Design and Documentation,0.9193795818957128,0,20.0,300000.0,PROJ_REAL_43.0_design_and_documentation
PROJ_REAL_44.0,design_and_documentation,60,80.0,1,Design and Documentation,0.8679950828215106,0,20.0,300000.0,PROJ_REAL_44.0_design_and_documentation
PROJ_REAL_45.0,design_and_documentation,60,80.0,1,Design and Documentation,0.9279875602196604,0,20.0,300000.0,PROJ_REAL_45.0_design_and_documentation
PROJ_REAL_46.0,design_and_documentation,60,80.0,1,Design and Documentation,0.9772039467960928,0,20.0,300000.0,PROJ_REAL_46.0_design_and_documentation
PROJ_REAL_47.0,design_and_documentation,60,72.0,1,Design and Documentation,0.5904570162762646,0,12.0,180000.0,PROJ_REAL_47.0_design_and_documentation
PROJ_REAL_48.0,design_and_documentation,60,72.0,1,Design and Documentation,0.5760427136462993,0,12.0,180000.0,PROJ_REAL_48.0_design_and_documentation
PROJ_REAL_49.0,design_and_documentation,60,76.0,1,Design and Documentation,0.8611861810951649,0,16.0,240000.0,PROJ_REAL_49.0_design_and_documentation
PROJ_REAL_50.0,design_and_documentation,60,76.0,1,Design and Documentation,1.0,0,16.0,240000.0,PROJ_REAL_50.0_design_and_documentation
PROJ_REAL_51.0,design_and_documentation,60,76.0,1,Design and Documentation,0.8792941100661462,0,16.0,240000.0,PROJ_REAL_51.0_design_and_documentation
PROJ_REAL_52.0,design_and_documentation,60,76.0,1,Design and Documentation,0.8357593939500942,0,16.0,240000.0,PROJ_REAL_52.0_design_and_documentation
PROJ_REAL_53.0,design_and_documentation,60,72.0,1,Design and Documentation,0.6109037782076244,0,12.0,180000.0,PROJ_REAL_53.0_design_and_documentation
PROJ_REAL_54.0,design_and_documentation,60,80.0,1,Design and Documentation,0.96154148620845,0,20.0,300000.0,PROJ_REAL_54.0_design_and_documentation
PROJ_REAL_55.0,design_and_documentation,60,80.0,1,Design and Documentation,0.8805431855998906,0,20.0,300000.0,PROJ_REAL_55.0_design_and_documentation
PROJ_REAL_56.0,design_and_documentation,60,80.0,1,Design and Documentation,0.9426323004617592,0,20.0,300000.0,PROJ_REAL_56.0_design_and_documentation
PROJ_REAL_57.0,design_and_documentation,60,80.0,1,Design and Documentation,0.9090759187797112,0,20.0,300000.0,PROJ_REAL_57.0_design_and_documentation
PROJ_REAL_58.0,design_and_documentation,60,80.0,1,Design and Documentation,0.814780696932648,0,20.0,300000.0,PROJ_REAL_58.0_design_and_documentation
PROJ_REAL_59.0,design_and_documentation,60,80.0,1,Design and Documentation,0.9077366103288144,0,20.0,300000.0,PROJ_REAL_59.0_design_and_documentation
PROJ_REAL_60.0,design_and_documentation,60,80.0,1,Design and Documentation,0.9628975023987496,0,20.0,300000.0,PROJ_REAL_60.0_design_and_documentation
PROJ_REAL_61.0,design_and_documentation,60,80.0,1,Design and Documentation,1.0,0,20.0,300000.0,PROJ_REAL_61.0_design_and_documentation
PROJ_REAL_62.0,design_and_documentation,60,72.0,1,Design and Documentation,0.5200156988016278,0,12.0,180000.0,PROJ_REAL_62.0_design_and_documentation
PROJ_REAL_63.0,design_and_documentation,60,80.0,1,Design and Documentation,0.9940113379570384,0,20.0,300000.0,PROJ_REAL_63.0_design_and_documentation
PROJ_REAL_64.0,design_and_documentation,60,72.0,1,Design and Documentation,0.5197347176857724,0,12.0,180000.0,PROJ_REAL_64.0_design_and_documentation
PROJ_REAL_65.0,design_and_documentation,60,76.0,1,Design and Documentation,0.7531669610919853,0,16.0,240000.0,PROJ_REAL_65.0_design_and_documentation
PROJ_REAL_66.0,design_and_documentation,60,80.0,1,Design and Documentation,0.8930432723254007,0,20.0,300000.0,PROJ_REAL_66.0_design_and_documentation
PROJ_REAL_67.0,design_and_documentation,60,80.0,1,Design and Documentation,0.9843306436148094,0,20.0,300000.0,PROJ_REAL_67.0_design_and_documentation
PROJ_REAL_68.0,design_and_documentation,60,76.0,1,Design and Documentation,0.8045419783015465,0,16.0,240000.0,PROJ_REAL_68.0_design_and_documentation
PROJ_REAL_69.0,design_and_documentation,60,72.0,1,Design and Documentation,0.6301595031054089,0,12.0,180000.0,PROJ_REAL_69.0_design_and_documentation
PROJ_REAL_70.0,design_and_documentation,60,76.0,1,Design and Documentation,0.955870665917233,0,16.0,240000.0,PROJ_REAL_70.0_design_and_documentation
PROJ_REAL_71.0,design_and_documentation,60,76.0,1,Design and Documentation,0.7524790747781649,0,16.0,240000.0,PROJ_REAL_71.0_design_and_documentation
PROJ_REAL_73.0,design_and_documentation,60,80.0,1,Design and Documentation,1.0,0,20.0,300000.0,PROJ_REAL_73.0_design_and_documentation
PROJ_REAL_74.0,design_and_documentation,60,80.0,1,Design and Documentation,1.0,0,20.0,300000.0,PROJ_REAL_74.0_design_and_documentation
PROJ_REAL_75.0,design_and_documentation,60,72.0,1,Design and Documentation,0.7413407854943771,0,12.0,180000.0,PROJ_REAL_75.0_design_and_documentation
PROJ_REAL_76.0,design_and_documentation,60,64.0,0,Design and Documentation,0.3533619370029555,0,4.0,0.0,PROJ_REAL_76.0_design_and_documentation
PROJ_REAL_77.0,design_and_documentation,60,80.0,1,Design and Documentation,1.0,0,20.0,300000.0,PROJ_REAL_77.0_design_and_documentation
PROJ_REAL_78.0,design_and_documentation,60,80.0,1,Design and Documentation,1.0,0,20.0,300000.0,PROJ_REAL_78.0_design_and_documentation
PROJ_REAL_79.0,design_and_documentation,60,68.0,0,Design and Documentation,0.3775895061086975,0,8.0,0.0,PROJ_REAL_79.0_design_and_documentation
PROJ_REAL_80.0,design_and_documentation,60,76.0,1,Design and Documentation,0.8892989093220086,0,16.0,240000.0,PROJ_REAL_80.0_design_and_documentation
PROJ_REAL_81.0,design_and_documentation,60,72.0,1,Design and Documentation,0.6162564199844289,0,12.0,180000.0,PROJ_REAL_81.0_design_and_documentation
PROJ_REAL_82.0,design_and_documentation,60,80.0,1,Design and Documentation,1.0,0,20.0,300000.0,PROJ_REAL_82.0_design_and_documentation
PROJ_REAL_83.0,design_and_documentation,60,80.0,1,Design and Documentation,0.9551701956037734,0,20.0,300000.0,PROJ_REAL_83.0_design_and_documentation
PROJ_REAL_84.0,design_and_documentation,60,76.0,1,Design and Documentation,0.7068550662516567,0,16.0,240000.0,PROJ_REAL_84.0_design_and_documentation
PROJ_REAL_85.0,design_and_documentation,60,76.0,1,Design and Documentation,0.8488921676707151,0,16.0,240000.0,PROJ_REAL_85.0_design_and_documentation
PROJ_REAL_86.0,design_and_documentation,60,76.0,1,Design and Documentation,0.8420380128855945,0,16.0,240000.0,PROJ_REAL_86.0_design_and_documentation
PROJ_REAL_87.0,design_and_documentation,60,76.0,1,Design and Documentation,0.7882116803922066,0,16.0,240000.0,PROJ_REAL_87.0_design_and_documentation
PROJ_REAL_88.0,design_and_documentation,60,80.0,1,Design and Documentation,1.0,0,20.0,300000.0,PROJ_REAL_88.0_design_and_documentation
PROJ_REAL_89.0,design_and_documentation,60,76.0,1,Design and Documentation,0.8046576634852766,0,16.0,240000.0,PROJ_REAL_89.0_design_and_documentation
PROJ_REAL_90.0,design_and_documentation,60,80.0,1,Design and Documentation,1.0,0,20.0,300000.0,PROJ_REAL_90.0_design_and_documentation
PROJ_REAL_91.0,design_and_documentation,60,76.0,1,Design and Documentation,0.8215864508799439,0,16.0,240000.0,PROJ_REAL_91.0_design_and_documentation
PROJ_REAL_92.0,design_and_documentation,60,72.0,1,Design and Documentation,0.5036074861608508,0,12.0,180000.0,PROJ_REAL_92.0_design_and_documentation
PROJ_REAL_93.0,design_and_documentation,60,72.0,1,Design and Documentation,0.4780673870166104,0,12.0,180000.0,PROJ_REAL_93.0_design_and_documentation
PROJ_REAL_94.0,design_and_documentation,60,72.0,1,Design and Documentation,0.6151546421089663,0,12.0,180000.0,PROJ_REAL_94.0_design_and_documentation
PROJ_REAL_95.0,design_and_documentation,60,76.0,1,Design and Documentation,0.7602036381271285,0,16.0,240000.0,PROJ_REAL_95.0_design_and_documentation
PROJ_REAL_96.0,design_and_documentation,60,76.0,1,Design and Documentation,0.6649229928421333,0,16.0,240000.0,PROJ_REAL_96.0_design_and_documentation
PROJ_REAL_97.0,design_and_documentation,60,76.0,1,Design and Documentation,0.6696972622854848,0,16.0,240000.0,PROJ_REAL_97.0_design_and_documentation
PROJ_REAL_98.0,design_and_documentation,60,76.0,1,Design and Documentation,0.7808419184693414,0,16.0,240000.0,PROJ_REAL_98.0_design_and_documentation
PROJ_REAL_99.0,design_and_documentation,60,76.0,1,Design and Documentation,0.8138691119796175,0,16.0,240000.0,PROJ_REAL_99.0_design_and_documentation
PROJ_REAL_100.0,design_and_documentation,60,68.0,0,Design and Documentation,0.476312742611282,0,8.0,0.0,PROJ_REAL_100.0_design_and_documentation
PROJ_REAL_101.0,design_and_documentation,60,80.0,1,Design and Documentation,0.9096924338957688,0,20.0,300000.0,PROJ_REAL_101.0_design_and_documentation
PROJ_REAL_102.0,design_and_documentation,60,76.0,1,Design and Documentation,0.6429867672363473,0,16.0,240000.0,PROJ_REAL_102.0_design_and_documentation
PROJ_REAL_103.0,design_and_documentation,60,76.0,1,Design and Documentation,0.9383303948379778,0,16.0,240000.0,PROJ_REAL_103.0_design_and_documentation
PROJ_REAL_104.0,design_and_documentation,60,72.0,1,Design and Documentation,0.7494245774397598,0,12.0,180000.0,PROJ_REAL_104.0_design_and_documentation
PROJ_REAL_105.0,design_and_documentation,60,76.0,1,Design and Documentation,0.9517373540935278,0,16.0,240000.0,PROJ_REAL_105.0_design_and_documentation
PROJ_REAL_106.0,design_and_documentation,60,76.0,1,Design and Documentation,0.939922892308194,0,16.0,240000.0,PROJ_REAL_106.0_design_and_documentation
PROJ_REAL_107.0,design_and_documentation,60,72.0,1,Design and Documentation,0.6532421924171251,0,12.0,180000.0,PROJ_REAL_107.0_design_and_documentation
PROJ_REAL_108.0,design_and_documentation,60,64.0,0,Design and Documentation,0.2385194726136986,0,4.0,0.0,PROJ_REAL_108.0_design_and_documentation
PROJ_REAL_109.0,design_and_documentation,60,72.0,1,Design and Documentation,0.4960542105725492,0,12.0,180000.0,PROJ_REAL_109.0_design_and_documentation
PROJ_REAL_110.0,design_and_documentation,60,68.0,0,Design and Documentation,0.5398671370774215,0,8.0,0.0,PROJ_REAL_110.0_design_and_documentation
PROJ_REAL_111.0,design_and_documentation,60,76.0,1,Design and Documentation,0.97703254489186,0,16.0,240000.0,PROJ_REAL_111.0_design_and_documentation
PROJ_REAL_112.0,design_and_documentation,60,72.0,1,Design and Documentation,0.6910559492289559,0,12.0,180000.0,PROJ_REAL_112.0_design_and_documentation
PROJ_REAL_113.0,design_and_documentation,60,76.0,1,Design and Documentation,0.8690605528289591,0,16.0,240000.0,PROJ_REAL_113.0_design_and_documentation
PROJ_REAL_114.0,design_and_documentation,60,76.0,1,Design and Documentation,0.788878128468722,0,16.0,240000.0,PROJ_REAL_114.0_design_and_documentation
PROJ_REAL_116.0,design_and_documentation,60,80.0,1,Design and Documentation,1.0,0,20.0,300000.0,PROJ_REAL_116.0_design_and_documentation
PROJ_REAL_117.0,design_and_documentation,60,68.0,0,Design and Documentation,0.1638004054515606,0,8.0,0.0,PROJ_REAL_117.0_design_and_documentation
PROJ_REAL_118.0,design_and_documentation,60,76.0,1,Design and Documentation,0.7562793020272853,0,16.0,240000.0,PROJ_REAL_118.0_design_and_documentation
PROJ_REAL_119.0,design_and_documentation,60,76.0,1,Design and Documentation,0.7265618741897352,0,16.0,240000.0,PROJ_REAL_119.0_design_and_documentation
PROJ_REAL_120.0,design_and_documentation,60,76.0,1,Design and Documentation,0.7622771982828511,0,16.0,240000.0,PROJ_REAL_120.0_design_and_documentation
PROJ_REAL_121.0,design_and_documentation,60,76.0,1,Design and Documentation,0.749756477845365,0,16.0,240000.0,PROJ_REAL_121.0_design_and_documentation
PROJ_REAL_122.0,design_and_documentation,60,76.0,1,Design and Documentation,0.8835786772338066,0,16.0,240000.0,PROJ_REAL_122.0_design_and_documentation
PROJ_REAL_123.0,design_and_documentation,60,76.0,1,Design and Documentation,0.6013744920144788,0,16.0,240000.0,PROJ_REAL_123.0_design_and_documentation
PROJ_REAL_124.0,design_and_documentation,60,76.0,1,Design and Documentation,0.8083715701716291,0,16.0,240000.0,PROJ_REAL_124.0_design_and_documentation
PROJ_REAL_125.0,design_and_documentation,60,76.0,1,Design and Documentation,0.7295653724646388,0,16.0,240000.0,PROJ_REAL_125.0_design_and_documentation
PROJ_REAL_126.0,design_and_documentation,60,76.0,1,Design and Documentation,0.638805501298009,0,16.0,240000.0,PROJ_REAL_126.0_design_and_documentation
PROJ_REAL_127.0,design_and_documentation,60,76.0,1,Design and Documentation,0.8065680174070985,0,16.0,240000.0,PROJ_REAL_127.0_design_and_documentation
PROJ_REAL_129.0,design_and_documentation,60,76.0,1,Design and Documentation,0.9088221701155572,0,16.0,240000.0,PROJ_REAL_129.0_design_and_documentation
PROJ_REAL_130.0,design_and_documentation,60,72.0,1,Design and Documentation,0.5312128729978669,0,12.0,180000.0,PROJ_REAL_130.0_design_and_documentation
PROJ_REAL_131.0,design_and_documentation,60,76.0,1,Design and Documentation,0.7713293659657361,0,16.0,240000.0,PROJ_REAL_131.0_design_and_documentation
PROJ_REAL_132.0,design_and_documentation,60,68.0,0,Design and Documentation,0.4886001891166706,0,8.0,0.0,PROJ_REAL_132.0_design_and_documentation
PROJ_REAL_133.0,design_and_documentation,60,64.0,0,Design and Documentation,0.0945358684087607,0,4.0,0.0,PROJ_REAL_133.0_design_and_documentation
PROJ_REAL_134.0,design_and_documentation,60,80.0,1,Design and Documentation,0.8869254989185869,0,20.0,300000.0,PROJ_REAL_134.0_design_and_documentation
PROJ_REAL_136.0,design_and_documentation,60,76.0,1,Design and Documentation,0.9031186685266576,0,16.0,240000.0,PROJ_REAL_136.0_design_and_documentation
PROJ_REAL_137.0,design_and_documentation,60,76.0,1,Design and Documentation,0.8180139026127489,0,16.0,240000.0,PROJ_REAL_137.0_design_and_documentation
PROJ_REAL_138.0,design_and_documentation,60,72.0,1,Design and Documentation,0.5366715848480674,0,12.0,180000.0,PROJ_REAL_138.0_design_and_documentation
PROJ_REAL_139.0,design_and_documentation,60,80.0,1,Design and Documentation,0.9246016206327912,0,20.0,300000.0,PROJ_REAL_139.0_design_and_documentation
PROJ_REAL_140.0,design_and_documentation,60,76.0,1,Design and Documentation,0.8163699376696131,0,16.0,240000.0,PROJ_REAL_140.0_design_and_documentation
PROJ_REAL_141.0,design_and_documentation,60,76.0,1,Design and Documentation,0.9027644331453414,0,16.0,240000.0,PROJ_REAL_141.0_design_and_documentation
PROJ_REAL_142.0,design_and_documentation,60,76.0,1,Design and Documentation,0.7256843193564332,0,16.0,240000.0,PROJ_REAL_142.0_design_and_documentation
PROJ_REAL_143.0,design_and_documentation,60,68.0,0,Design and Documentation,0.3653407166183798,0,8.0,0.0,PROJ_REAL_143.0_design_and_documentation
PROJ_REAL_1.0,design_and_documentation.1,60,72.0,1,Design and Documentation.1,0.6700749696311322,0,12.0,180000.0,PROJ_REAL_1.0_design_and_documentation.1
PROJ_REAL_2.0,design_and_documentation.1,60,80.0,1,Design and Documentation.1,1.0,0,20.0,300000.0,PROJ_REAL_2.0_design_and_documentation.1
PROJ_REAL_3.0,design_and_documentation.1,60,68.0,0,Design and Documentation.1,0.431132560921094,0,8.0,0.0,PROJ_REAL_3.0_design_and_documentation.1
PROJ_REAL_4.0,design_and_documentation.1,60,76.0,1,Design and Documentation.1,0.9064033088527408,0,16.0,240000.0,PROJ_REAL_4.0_design_and_documentation.1
PROJ_REAL_5.0,design_and_documentation.1,60,68.0,0,Design and Documentation.1,0.3412627792610752,0,8.0,0.0,PROJ_REAL_5.0_design_and_documentation.1
PROJ_REAL_6.0,design_and_documentation.1,60,76.0,1,Design and Documentation.1,0.7706492417549138,0,16.0,240000.0,PROJ_REAL_6.0_design_and_documentation.1
PROJ_REAL_7.0,design_and_documentation.1,60,76.0,1,Design and Documentation.1,0.8336035441000281,0,16.0,240000.0,PROJ_REAL_7.0_design_and_documentation.1
PROJ_REAL_8.0,design_and_documentation.1,60,76.0,1,Design and Documentation.1,0.6454980208081913,0,16.0,240000.0,PROJ_REAL_8.0_design_and_documentation.1
PROJ_REAL_9.0,design_and_documentation.1,60,76.0,1,Design and Documentation.1,0.8337050993253481,0,16.0,240000.0,PROJ_REAL_9.0_design_and_documentation.1
PROJ_REAL_10.0,design_and_documentation.1,60,76.0,1,Design and Documentation.1,0.724085256297009,0,16.0,240000.0,PROJ_REAL_10.0_design_and_documentation.1
PROJ_REAL_11.0,design_and_documentation.1,60,68.0,0,Design and Documentation.1,0.3960523424574559,0,8.0,0.0,PROJ_REAL_11.0_design_and_documentation.1
PROJ_REAL_12.0,design_and_documentation.1,60,76.0,1,Design and Documentation.1,0.6949486683079279,0,16.0,240000.0,PROJ_REAL_12.0_design_and_documentation.1
PROJ_REAL_13.0,design_and_documentation.1,60,76.0,1,Design and Documentation.1,0.8775935272493836,0,16.0,240000.0,PROJ_REAL_13.0_design_and_documentation.1
PROJ_REAL_14.0,design_and_documentation.1,60,72.0,1,Design and Documentation.1,0.6465222233829528,0,12.0,180000.0,PROJ_REAL_14.0_design_and_documentation.1
PROJ_REAL_15.0,design_and_documentation.1,60,80.0,1,Design and Documentation.1,1.0,0,20.0,300000.0,PROJ_REAL_15.0_design_and_documentation.1
PROJ_REAL_16.0,design_and_documentation.1,60,72.0,1,Design and Documentation.1,0.6097218597408861,0,12.0,180000.0,PROJ_REAL_16.0_design_and_documentation.1
PROJ_REAL_17.0,design_and_documentation.1,60,76.0,1,Design and Documentation.1,0.8236178723976261,0,16.0,240000.0,PROJ_REAL_17.0_design_and_documentation.1
PROJ_REAL_18.0,design_and_documentation.1,60,76.0,1,Design and Documentation.1,0.8510148368645684,0,16.0,240000.0,PROJ_REAL_18.0_design_and_documentation.1
PROJ_REAL_19.0,design_and_documentation.1,60,80.0,1,Design and Documentation.1,1.0,0,20.0,300000.0,PROJ_REAL_19.0_design_and_documentation.1
PROJ_REAL_20.0,design_and_documentation.1,60,72.0,1,Design and Documentation.1,0.5355701383232154,0,12.0,180000.0,PROJ_REAL_20.0_design_and_documentation.1
PROJ_REAL_21.0,design_and_documentation.1,60,76.0,1,Design and Documentation.1,0.9095758738167028,0,16.0,240000.0,PROJ_REAL_21.0_design_and_documentation.1
PROJ_REAL_22.0,design_and_documentation.1,60,80.0,1,Design and Documentation.1,0.9265206938343572,0,20.0,300000.0,PROJ_REAL_22.0_design_and_documentation.1
PROJ_REAL_23.0,design_and_documentation.1,60,80.0,1,Design and Documentation.1,1.0,0,20.0,300000.0,PROJ_REAL_23.0_design_and_documentation.1
PROJ_REAL_24.0,design_and_documentation.1,60,72.0,1,Design and Documentation.1,0.5521101131053655,0,12.0,180000.0,PROJ_REAL_24.0_design_and_documentation.1
PROJ_REAL_25.0,design_and_documentation.1,60,80.0,1,Design and Documentation.1,0.9830114498781476,0,20.0,300000.0,PROJ_REAL_25.0_design_and_documentation.1
PROJ_REAL_26.0,design_and_documentation.1,60,80.0,1,Design and Documentation.1,1.0,0,20.0,300000.0,PROJ_REAL_26.0_design_and_documentation.1
PROJ_REAL_27.0,design_and_documentation.1,60,76.0,1,Design and Documentation.1,0.7744683683427745,0,16.0,240000.0,PROJ_REAL_27.0_design_and_documentation.1
PROJ_REAL_28.0,design_and_documentation.1,60,68.0,0,Design and Documentation.1,0.0985405276731718,0,8.0,0.0,PROJ_REAL_28.0_design_and_documentation.1
PROJ_REAL_29.0,design_and_documentation.1,60,68.0,0,Design and Documentation.1,0.4323112130861832,0,8.0,0.0,PROJ_REAL_29.0_design_and_documentation.1
PROJ_REAL_30.0,design_and_documentation.1,60,76.0,1,Design and Documentation.1,0.7060582281447934,0,16.0,240000.0,PROJ_REAL_30.0_design_and_documentation.1
PROJ_REAL_31.0,design_and_documentation.1,60,68.0,0,Design and Documentation.1,0.4135515035583183,0,8.0,0.0,PROJ_REAL_31.0_design_and_documentation.1
PROJ_REAL_32.0,design_and_documentation.1,60,68.0,0,Design and Documentation.1,0.6014315853563896,0,8.0,0.0,PROJ_REAL_32.0_design_and_documentation.1
PROJ_REAL_33.0,design_and_documentation.1,60,68.0,0,Design and Documentation.1,0.3848815114089234,0,8.0,0.0,PROJ_REAL_33.0_design_and_documentation.1
PROJ_REAL_34.0,design_and_documentation.1,60,68.0,0,Design and Documentation.1,0.298600945830324,0,8.0,0.0,PROJ_REAL_34.0_design_and_documentation.1
PROJ_REAL_35.0,design_and_documentation.1,60,76.0,1,Design and Documentation.1,0.8136897307987725,0,16.0,240000.0,PROJ_REAL_35.0_design_and_documentation.1
PROJ_REAL_36.0,design_and_documentation.1,60,80.0,1,Design and Documentation.1,0.8729450570056239,0,20.0,300000.0,PROJ_REAL_36.0_design_and_documentation.1
PROJ_REAL_37.0,design_and_documentation.1,60,72.0,1,Design and Documentation.1,0.5665867870297215,0,12.0,180000.0,PROJ_REAL_37.0_design_and_documentation.1
PROJ_REAL_38.0,design_and_documentation.1,60,68.0,0,Design and Documentation.1,0.4494583093987347,0,8.0,0.0,PROJ_REAL_38.0_design_and_documentation.1
PROJ_REAL_39.0,design_and_documentation.1,60,76.0,1,Design and Documentation.1,0.6854982318152097,0,16.0,240000.0,PROJ_REAL_39.0_design_and_documentation.1
PROJ_REAL_40.0,design_and_documentation.1,60,72.0,1,Design and Documentation.1,0.5151496478931651,0,12.0,180000.0,PROJ_REAL_40.0_design_and_documentation.1
PROJ_REAL_41.0,design_and_documentation.1,60,76.0,1,Design and Documentation.1,0.6474718535152978,0,16.0,240000.0,PROJ_REAL_41.0_design_and_documentation.1
PROJ_REAL_42.0,design_and_documentation.1,60,72.0,1,Design and Documentation.1,0.6053260224898417,0,12.0,180000.0,PROJ_REAL_42.0_design_and_documentation.1
PROJ_REAL_43.0,design_and_documentation.1,60,76.0,1,Design and Documentation.1,0.8416808384803333,0,16.0,240000.0,PROJ_REAL_43.0_design_and_documentation.1
PROJ_REAL_44.0,design_and_documentation.1,60,76.0,1,Design and Documentation.1,0.7419313368965625,0,16.0,240000.0,PROJ_REAL_44.0_design_and_documentation.1
PROJ_REAL_45.0,design_and_documentation.1,60,76.0,1,Design and Documentation.1,0.6149255320176024,0,16.0,240000.0,PROJ_REAL_45.0_design_and_documentation.1
PROJ_REAL_46.0,design_and_documentation.1,60,76.0,1,Design and Documentation.1,0.8226104043171496,0,16.0,240000.0,PROJ_REAL_46.0_design_and_documentation.1
PROJ_REAL_47.0,design_and_documentation.1,60,68.0,0,Design and Documentation.1,0.3392987464178339,0,8.0,0.0,PROJ_REAL_47.0_design_and_documentation.1
PROJ_REAL_48.0,design_and_documentation.1,60,76.0,1,Design and Documentation.1,0.777421132323563,0,16.0,240000.0,PROJ_REAL_48.0_design_and_documentation.1
PROJ_REAL_49.0,design_and_documentation.1,60,80.0,1,Design and Documentation.1,1.0,0,20.0,300000.0,PROJ_REAL_49.0_design_and_documentation.1
PROJ_REAL_50.0,design_and_documentation.1,60,76.0,1,Design and Documentation.1,0.7586238455517121,0,16.0,240000.0,PROJ_REAL_50.0_design_and_documentation.1
PROJ_REAL_51.0,design_and_documentation.1,60,72.0,1,Design and Documentation.1,0.7011032268906771,0,12.0,180000.0,PROJ_REAL_51.0_design_and_documentation.1
PROJ_REAL_52.0,design_and_documentation.1,60,76.0,1,Design and Documentation.1,0.775236549483994,0,16.0,240000.0,PROJ_REAL_52.0_design_and_documentation.1
PROJ_REAL_53.0,design_and_documentation.1,60,72.0,1,Design and Documentation.1,0.6179269632483582,0,12.0,180000.0,PROJ_REAL_53.0_design_and_documentation.1
PROJ_REAL_54.0,design_and_documentation.1,60,76.0,1,Design and Documentation.1,0.8112379123149674,0,16.0,240000.0,PROJ_REAL_54.0_design_and_documentation.1
PROJ_REAL_55.0,design_and_documentation.1,60,76.0,1,Design and Documentation.1,0.6665267985704323,0,16.0,240000.0,PROJ_REAL_55.0_design_and_documentation.1
PROJ_REAL_56.0,design_and_documentation.1,60,76.0,1,Design and Documentation.1,0.8340642655218926,0,16.0,240000.0,PROJ_REAL_56.0_design_and_documentation.1
PROJ_REAL_57.0,design_and_documentation.1,60,76.0,1,Design and Documentation.1,0.829266286567051,0,16.0,240000.0,PROJ_REAL_57.0_design_and_documentation.1
PROJ_REAL_58.0,design_and_documentation.1,60,76.0,1,Design and Documentation.1,0.701725336393356,0,16.0,240000.0,PROJ_REAL_58.0_design_and_documentation.1
PROJ_REAL_59.0,design_and_documentation.1,60,76.0,1,Design and Documentation.1,0.717771023371779,0,16.0,240000.0,PROJ_REAL_59.0_design_and_documentation.1
PROJ_REAL_60.0,design_and_documentation.1,60,76.0,1,Design and Documentation.1,0.9008358079274608,0,16.0,240000.0,PROJ_REAL_60.0_design_and_documentation.1
PROJ_REAL_61.0,design_and_documentation.1,60,76.0,1,Design and Documentation.1,0.930998723295556,0,16.0,240000.0,PROJ_REAL_61.0_design_and_documentation.1
PROJ_REAL_62.0,design_and_documentation.1,60,72.0,1,Design and Documentation.1,0.4916105270549901,0,12.0,180000.0,PROJ_REAL_62.0_design_and_documentation.1
PROJ_REAL_63.0,design_and_documentation.1,60,76.0,1,Design and Documentation.1,0.6015775764747732,0,16.0,240000.0,PROJ_REAL_63.0_design_and_documentation.1
PROJ_REAL_64.0,design_and_documentation.1,60,68.0,0,Design and Documentation.1,0.2418741220809768,0,8.0,0.0,PROJ_REAL_64.0_design_and_documentation.1
PROJ_REAL_65.0,design_and_documentation.1,60,76.0,1,Design and Documentation.1,0.7748781204843718,0,16.0,240000.0,PROJ_REAL_65.0_design_and_documentation.1
PROJ_REAL_66.0,design_and_documentation.1,60,80.0,1,Design and Documentation.1,0.9365773273169832,0,20.0,300000.0,PROJ_REAL_66.0_design_and_documentation.1
PROJ_REAL_67.0,design_and_documentation.1,60,80.0,1,Design and Documentation.1,0.8649667276509159,0,20.0,300000.0,PROJ_REAL_67.0_design_and_documentation.1
PROJ_REAL_68.0,design_and_documentation.1,60,76.0,1,Design and Documentation.1,0.5648824232694798,0,16.0,240000.0,PROJ_REAL_68.0_design_and_documentation.1
PROJ_REAL_69.0,design_and_documentation.1,60,72.0,1,Design and Documentation.1,0.5983595167547762,0,12.0,180000.0,PROJ_REAL_69.0_design_and_documentation.1
PROJ_REAL_70.0,design_and_documentation.1,60,76.0,1,Design and Documentation.1,0.7317445335125504,0,16.0,240000.0,PROJ_REAL_70.0_design_and_documentation.1
PROJ_REAL_71.0,design_and_documentation.1,60,76.0,1,Design and Documentation.1,0.8739046903820276,0,16.0,240000.0,PROJ_REAL_71.0_design_and_documentation.1
PROJ_REAL_72.0,design_and_documentation.1,60,68.0,0,Design and Documentation.1,0.5140552365597092,0,8.0,0.0,PROJ_REAL_72.0_design_and_documentation.1
PROJ_REAL_73.0,design_and_documentation.1,60,80.0,1,Design and Documentation.1,1.0,0,20.0,300000.0,PROJ_REAL_73.0_design_and_documentation.1
PROJ_REAL_74.0,design_and_documentation.1,60,80.0,1,Design and Documentation.1,0.9685616187221504,0,20.0,300000.0,PROJ_REAL_74.0_design_and_documentation.1
PROJ_REAL_75.0,design_and_documentation.1,60,72.0,1,Design and Documentation.1,0.5477916167355463,0,12.0,180000.0,PROJ_REAL_75.0_design_and_documentation.1
PROJ_REAL_76.0,design_and_documentation.1,60,64.0,0,Design and Documentation.1,0.0289793397134391,0,4.0,0.0,PROJ_REAL_76.0_design_and_documentation.1
PROJ_REAL_77.0,design_and_documentation.1,60,80.0,1,Design and Documentation.1,0.7801666713532429,0,20.0,300000.0,PROJ_REAL_77.0_design_and_documentation.1
PROJ_REAL_78.0,design_and_documentation.1,60,80.0,1,Design and Documentation.1,1.0,0,20.0,300000.0,PROJ_REAL_78.0_design_and_documentation.1
PROJ_REAL_79.0,design_and_documentation.1,60,64.0,0,Design and Documentation.1,0.0887876235856136,0,4.0,0.0,PROJ_REAL_79.0_design_and_documentation.1
PROJ_REAL_80.0,design_and_documentation.1,60,76.0,1,Design and Documentation.1,0.7436895762398095,0,16.0,240000.0,PROJ_REAL_80.0_design_and_documentation.1
PROJ_REAL_81.0,design_and_documentation.1,60,76.0,1,Design and Documentation.1,0.7455169410177781,0,16.0,240000.0,PROJ_REAL_81.0_design_and_documentation.1
PROJ_REAL_82.0,design_and_documentation.1,60,76.0,1,Design and Documentation.1,0.9697890327174588,0,16.0,240000.0,PROJ_REAL_82.0_design_and_documentation.1
PROJ_REAL_83.0,design_and_documentation.1,60,80.0,1,Design and Documentation.1,0.861580071448407,0,20.0,300000.0,PROJ_REAL_83.0_design_and_documentation.1
PROJ_REAL_84.0,design_and_documentation.1,60,68.0,0,Design and Documentation.1,0.5311398566542047,0,8.0,0.0,PROJ_REAL_84.0_design_and_documentation.1
PROJ_REAL_85.0,design_and_documentation.1,60,76.0,1,Design and Documentation.1,0.7271881317451058,0,16.0,240000.0,PROJ_REAL_85.0_design_and_documentation.1
PROJ_REAL_86.0,design_and_documentation.1,60,76.0,1,Design and Documentation.1,0.7314784564253355,0,16.0,240000.0,PROJ_REAL_86.0_design_and_documentation.1
PROJ_REAL_87.0,design_and_documentation.1,60,76.0,1,Design and Documentation.1,0.5991708444091612,0,16.0,240000.0,PROJ_REAL_87.0_design_and_documentation.1
PROJ_REAL_88.0,design_and_documentation.1,60,76.0,1,Design and Documentation.1,0.8657472769939991,0,16.0,240000.0,PROJ_REAL_88.0_design_and_documentation.1
PROJ_REAL_89.0,design_and_documentation.1,60,80.0,1,Design and Documentation.1,0.958201613562245,0,20.0,300000.0,PROJ_REAL_89.0_design_and_documentation.1
PROJ_REAL_90.0,design_and_documentation.1,60,80.0,1,Design and Documentation.1,0.8753599569952812,0,20.0,300000.0,PROJ_REAL_90.0_design_and_documentation.1
PROJ_REAL_91.0,design_and_documentation.1,60,72.0,1,Design and Documentation.1,0.4634516835857261,0,12.0,180000.0,PROJ_REAL_91.0_design_and_documentation.1
PROJ_REAL_92.0,design_and_documentation.1,60,72.0,1,Design and Documentation.1,0.5657708984903722,0,12.0,180000.0,PROJ_REAL_92.0_design_and_documentation.1
PROJ_REAL_93.0,design_and_documentation.1,60,68.0,0,Design and Documentation.1,0.4102940045799072,0,8.0,0.0,PROJ_REAL_93.0_design_and_documentation.1
PROJ_REAL_94.0,design_and_documentation.1,60,76.0,1,Design and Documentation.1,0.8775943869749402,0,16.0,240000.0,PROJ_REAL_94.0_design_and_documentation.1
PROJ_REAL_95.0,design_and_documentation.1,60,76.0,1,Design and Documentation.1,0.6881725071138647,0,16.0,240000.0,PROJ_REAL_95.0_design_and_documentation.1
PROJ_REAL_96.0,design_and_documentation.1,60,64.0,0,Design and Documentation.1,0.1551923660836114,0,4.0,0.0,PROJ_REAL_96.0_design_and_documentation.1
PROJ_REAL_97.0,design_and_documentation.1,60,76.0,1,Design and Documentation.1,0.8061591663755778,0,16.0,240000.0,PROJ_REAL_97.0_design_and_documentation.1
PROJ_REAL_98.0,design_and_documentation.1,60,80.0,1,Design and Documentation.1,1.0,0,20.0,300000.0,PROJ_REAL_98.0_design_and_documentation.1
PROJ_REAL_99.0,design_and_documentation.1,60,72.0,1,Design and Documentation.1,0.7327753902731534,0,12.0,180000.0,PROJ_REAL_99.0_design_and_documentation.1
PROJ_REAL_100.0,design_and_documentation.1,60,68.0,0,Design and Documentation.1,0.4674400510805355,0,8.0,0.0,PROJ_REAL_100.0_design_and_documentation.1
PROJ_REAL_101.0,design_and_documentation.1,60,80.0,1,Design and Documentation.1,0.8624930883936464,0,20.0,300000.0,PROJ_REAL_101.0_design_and_documentation.1
PROJ_REAL_102.0,design_and_documentation.1,60,64.0,0,Design and Documentation.1,0.2183571812498721,0,4.0,0.0,PROJ_REAL_102.0_design_and_documentation.1
PROJ_REAL_103.0,design_and_documentation.1,60,72.0,1,Design and Documentation.1,0.36872368339322,0,12.0,180000.0,PROJ_REAL_103.0_design_and_documentation.1
PROJ_REAL_104.0,design_and_documentation.1,60,76.0,1,Design and Documentation.1,0.7654892509208844,0,16.0,240000.0,PROJ_REAL_104.0_design_and_documentation.1
PROJ_REAL_105.0,design_and_documentation.1,60,64.0,0,Design and Documentation.1,0.127782379775546,0,4.0,0.0,PROJ_REAL_105.0_design_and_documentation.1
PROJ_REAL_106.0,design_and_documentation.1,60,76.0,1,Design and Documentation.1,0.7186651345928756,0,16.0,240000.0,PROJ_REAL_106.0_design_and_documentation.1
PROJ_REAL_107.0,design_and_documentation.1,60,76.0,1,Design and Documentation.1,0.8438166515202348,0,16.0,240000.0,PROJ_REAL_107.0_design_and_documentation.1
PROJ_REAL_108.0,design_and_documentation.1,60,64.0,0,Design and Documentation.1,0.2850044820971813,0,4.0,0.0,PROJ_REAL_108.0_design_and_documentation.1
PROJ_REAL_109.0,design_and_documentation.1,60,76.0,1,Design and Documentation.1,0.566203296138934,0,16.0,240000.0,PROJ_REAL_109.0_design_and_documentation.1
PROJ_REAL_110.0,design_and_documentation.1,60,64.0,0,Design and Documentation.1,0.2442760696958048,0,4.0,0.0,PROJ_REAL_110.0_design_and_documentation.1
PROJ_REAL_111.0,design_and_documentation.1,60,76.0,1,Design and Documentation.1,0.8793303086267652,0,16.0,240000.0,PROJ_REAL_111.0_design_and_documentation.1
PROJ_REAL_112.0,design_and_documentation.1,60,76.0,1,Design and Documentation.1,0.8826033890602458,0,16.0,240000.0,PROJ_REAL_112.0_design_and_documentation.1
PROJ_REAL_113.0,design_and_documentation.1,60,72.0,1,Design and Documentation.1,0.7096687750810327,0,12.0,180000.0,PROJ_REAL_113.0_design_and_documentation.1
PROJ_REAL_114.0,design_and_documentation.1,60,68.0,0,Design and Documentation.1,0.3533284395251519,0,8.0,0.0,PROJ_REAL_114.0_design_and_documentation.1
PROJ_REAL_115.0,design_and_documentation.1,60,68.0,0,Design and Documentation.1,0.4197803942723572,0,8.0,0.0,PROJ_REAL_115.0_design_and_documentation.1
PROJ_REAL_116.0,design_and_documentation.1,60,80.0,1,Design and Documentation.1,0.8254332958976008,0,20.0,300000.0,PROJ_REAL_116.0_design_and_documentation.1
PROJ_REAL_117.0,design_and_documentation.1,60,68.0,0,Design and Documentation.1,0.5587336341607201,0,8.0,0.0,PROJ_REAL_117.0_design_and_documentation.1
PROJ_REAL_118.0,design_and_documentation.1,60,76.0,1,Design and Documentation.1,0.6752231920948734,0,16.0,240000.0,PROJ_REAL_118.0_design_and_documentation.1
PROJ_REAL_119.0,design_and_documentation.1,60,76.0,1,Design and Documentation.1,0.9856343990817824,0,16.0,240000.0,PROJ_REAL_119.0_design_and_documentation.1
PROJ_REAL_120.0,design_and_documentation.1,60,76.0,1,Design and Documentation.1,0.7932031808179137,0,16.0,240000.0,PROJ_REAL_120.0_design_and_documentation.1
PROJ_REAL_121.0,design_and_documentation.1,60,72.0,1,Design and Documentation.1,0.6296933724683308,0,12.0,180000.0,PROJ_REAL_121.0_design_and_documentation.1
PROJ_REAL_122.0,design_and_documentation.1,60,72.0,1,Design and Documentation.1,0.6810678613446814,0,12.0,180000.0,PROJ_REAL_122.0_design_and_documentation.1
PROJ_REAL_123.0,design_and_documentation.1,60,68.0,0,Design and Documentation.1,0.5747092408910894,0,8.0,0.0,PROJ_REAL_123.0_design_and_documentation.1
PROJ_REAL_124.0,design_and_documentation.1,60,80.0,1,Design and Documentation.1,0.8745534117636921,0,20.0,300000.0,PROJ_REAL_124.0_design_and_documentation.1
PROJ_REAL_125.0,design_and_documentation.1,60,76.0,1,Design and Documentation.1,0.7439357786814428,0,16.0,240000.0,PROJ_REAL_125.0_design_and_documentation.1
PROJ_REAL_126.0,design_and_documentation.1,60,68.0,0,Design and Documentation.1,0.4814286303038524,0,8.0,0.0,PROJ_REAL_126.0_design_and_documentation.1
PROJ_REAL_127.0,design_and_documentation.1,60,72.0,1,Design and Documentation.1,0.5163689929213915,0,12.0,180000.0,PROJ_REAL_127.0_design_and_documentation.1
PROJ_REAL_128.0,design_and_documentation.1,60,68.0,0,Design and Documentation.1,0.4418904230966436,0,8.0,0.0,PROJ_REAL_128.0_design_and_documentation.1
PROJ_REAL_129.0,design_and_documentation.1,60,76.0,1,Design and Documentation.1,0.8897197793399855,0,16.0,240000.0,PROJ_REAL_129.0_design_and_documentation.1
PROJ_REAL_130.0,design_and_documentation.1,60,72.0,1,Design and Documentation.1,0.7480101435197947,0,12.0,180000.0,PROJ_REAL_130.0_design_and_documentation.1
PROJ_REAL_131.0,design_and_documentation.1,60,76.0,1,Design and Documentation.1,0.8686774891898253,0,16.0,240000.0,PROJ_REAL_131.0_design_and_documentation.1
PROJ_REAL_132.0,design_and_documentation.1,60,64.0,0,Design and Documentation.1,0.2085087554462621,0,4.0,0.0,PROJ_REAL_132.0_design_and_documentation.1
PROJ_REAL_133.0,design_and_documentation.1,60,64.0,0,Design and Documentation.1,0.3713623712908867,0,4.0,0.0,PROJ_REAL_133.0_design_and_documentation.1
PROJ_REAL_134.0,design_and_documentation.1,60,80.0,1,Design and Documentation.1,1.0,0,20.0,300000.0,PROJ_REAL_134.0_design_and_documentation.1
PROJ_REAL_135.0,design_and_documentation.1,60,68.0,0,Design and Documentation.1,0.4286244441220936,0,8.0,0.0,PROJ_REAL_135.0_design_and_documentation.1
PROJ_REAL_136.0,design_and_documentation.1,60,76.0,1,Design and Documentation.1,0.8793941822338583,0,16.0,240000.0,PROJ_REAL_136.0_design_and_documentation.1
PROJ_REAL_137.0,design_and_documentation.1,60,76.0,1,Design and Documentation.1,0.9570920453335072,0,16.0,240000.0,PROJ_REAL_137.0_design_and_documentation.1
PROJ_REAL_138.0,design_and_documentation.1,60,72.0,1,Design and Documentation.1,0.7462300527813281,0,12.0,180000.0,PROJ_REAL_138.0_design_and_documentation.1
PROJ_REAL_139.0,design_and_documentation.1,60,80.0,1,Design and Documentation.1,0.8830136526210598,0,20.0,300000.0,PROJ_REAL_139.0_design_and_documentation.1
PROJ_REAL_140.0,design_and_documentation.1,60,76.0,1,Design and Documentation.1,0.8096712627688653,0,16.0,240000.0,PROJ_REAL_140.0_design_and_documentation.1
PROJ_REAL_141.0,design_and_documentation.1,60,72.0,1,Design and Documentation.1,0.5231711664013905,0,12.0,180000.0,PROJ_REAL_141.0_design_and_documentation.1
PROJ_REAL_142.0,design_and_documentation.1,60,72.0,1,Design and Documentation.1,0.5811843395636223,0,12.0,180000.0,PROJ_REAL_142.0_design_and_documentation.1
PROJ_REAL_143.0,design_and_documentation.1,60,68.0,0,Design and Documentation.1,0.2436847363282405,0,8.0,0.0,PROJ_REAL_143.0_design_and_documentation.1
PROJ_REAL_1.0,design_and_documentation.2,60,72.0,1,Design and Documentation.2,0.5322739949817687,0,12.0,180000.0,PROJ_REAL_1.0_design_and_documentation.2
PROJ_REAL_2.0,design_and_documentation.2,60,76.0,1,Design and Documentation.2,0.6875110785010624,0,16.0,240000.0,PROJ_REAL_2.0_design_and_documentation.2
PROJ_REAL_3.0,design_and_documentation.2,60,68.0,0,Design and Documentation.2,0.5815247614750392,0,8.0,0.0,PROJ_REAL_3.0_design_and_documentation.2
PROJ_REAL_4.0,design_and_documentation.2,60,76.0,1,Design and Documentation.2,0.9225695718850212,0,16.0,240000.0,PROJ_REAL_4.0_design_and_documentation.2
PROJ_REAL_5.0,design_and_documentation.2,60,68.0,0,Design and Documentation.2,0.5121744770593968,0,8.0,0.0,PROJ_REAL_5.0_design_and_documentation.2
PROJ_REAL_6.0,design_and_documentation.2,60,76.0,1,Design and Documentation.2,0.9728392775037444,0,16.0,240000.0,PROJ_REAL_6.0_design_and_documentation.2
PROJ_REAL_7.0,design_and_documentation.2,60,76.0,1,Design and Documentation.2,0.6267536097620611,0,16.0,240000.0,PROJ_REAL_7.0_design_and_documentation.2
PROJ_REAL_8.0,design_and_documentation.2,60,76.0,1,Design and Documentation.2,0.653910741139034,0,16.0,240000.0,PROJ_REAL_8.0_design_and_documentation.2
PROJ_REAL_9.0,design_and_documentation.2,60,76.0,1,Design and Documentation.2,0.8982243107795921,0,16.0,240000.0,PROJ_REAL_9.0_design_and_documentation.2
PROJ_REAL_10.0,design_and_documentation.2,60,76.0,1,Design and Documentation.2,0.9325075711437,0,16.0,240000.0,PROJ_REAL_10.0_design_and_documentation.2
PROJ_REAL_11.0,design_and_documentation.2,60,72.0,1,Design and Documentation.2,0.4613249759438407,0,12.0,180000.0,PROJ_REAL_11.0_design_and_documentation.2
PROJ_REAL_12.0,design_and_documentation.2,60,80.0,1,Design and Documentation.2,0.9670995752200726,0,20.0,300000.0,PROJ_REAL_12.0_design_and_documentation.2
PROJ_REAL_13.0,design_and_documentation.2,60,80.0,1,Design and Documentation.2,1.0,0,20.0,300000.0,PROJ_REAL_13.0_design_and_documentation.2
PROJ_REAL_14.0,design_and_documentation.2,60,72.0,1,Design and Documentation.2,0.6251093637664092,0,12.0,180000.0,PROJ_REAL_14.0_design_and_documentation.2
PROJ_REAL_15.0,design_and_documentation.2,60,80.0,1,Design and Documentation.2,0.8251004597850162,0,20.0,300000.0,PROJ_REAL_15.0_design_and_documentation.2
PROJ_REAL_16.0,design_and_documentation.2,60,68.0,0,Design and Documentation.2,0.5344571204179741,0,8.0,0.0,PROJ_REAL_16.0_design_and_documentation.2
PROJ_REAL_17.0,design_and_documentation.2,60,76.0,1,Design and Documentation.2,0.8051260100903532,0,16.0,240000.0,PROJ_REAL_17.0_design_and_documentation.2
PROJ_REAL_18.0,design_and_documentation.2,60,72.0,1,Design and Documentation.2,0.5164859657501426,0,12.0,180000.0,PROJ_REAL_18.0_design_and_documentation.2
PROJ_REAL_19.0,design_and_documentation.2,60,76.0,1,Design and Documentation.2,0.7211128294746922,0,16.0,240000.0,PROJ_REAL_19.0_design_and_documentation.2
PROJ_REAL_20.0,design_and_documentation.2,60,76.0,1,Design and Documentation.2,0.5418800830425043,0,16.0,240000.0,PROJ_REAL_20.0_design_and_documentation.2
PROJ_REAL_21.0,design_and_documentation.2,60,76.0,1,Design and Documentation.2,0.6663795754201876,0,16.0,240000.0,PROJ_REAL_21.0_design_and_documentation.2
PROJ_REAL_22.0,design_and_documentation.2,60,72.0,1,Design and Documentation.2,0.4943577273731756,0,12.0,180000.0,PROJ_REAL_22.0_design_and_documentation.2
PROJ_REAL_23.0,design_and_documentation.2,60,80.0,1,Design and Documentation.2,0.8213139336743374,0,20.0,300000.0,PROJ_REAL_23.0_design_and_documentation.2
PROJ_REAL_24.0,design_and_documentation.2,60,72.0,1,Design and Documentation.2,0.5531245421905341,0,12.0,180000.0,PROJ_REAL_24.0_design_and_documentation.2
PROJ_REAL_25.0,design_and_documentation.2,60,72.0,1,Design and Documentation.2,0.644914157596912,0,12.0,180000.0,PROJ_REAL_25.0_design_and_documentation.2
PROJ_REAL_26.0,design_and_documentation.2,60,80.0,1,Design and Documentation.2,0.9301534643393268,0,20.0,300000.0,PROJ_REAL_26.0_design_and_documentation.2
PROJ_REAL_27.0,design_and_documentation.2,60,76.0,1,Design and Documentation.2,0.655624875688228,0,16.0,240000.0,PROJ_REAL_27.0_design_and_documentation.2
PROJ_REAL_28.0,design_and_documentation.2,60,72.0,1,Design and Documentation.2,0.5104660254761987,0,12.0,180000.0,PROJ_REAL_28.0_design_and_documentation.2
PROJ_REAL_29.0,design_and_documentation.2,60,68.0,0,Design and Documentation.2,0.3895889790003684,0,8.0,0.0,PROJ_REAL_29.0_design_and_documentation.2
PROJ_REAL_30.0,design_and_documentation.2,60,76.0,1,Design and Documentation.2,0.666401236835544,0,16.0,240000.0,PROJ_REAL_30.0_design_and_documentation.2
PROJ_REAL_31.0,design_and_documentation.2,60,72.0,1,Design and Documentation.2,0.4607855404390889,0,12.0,180000.0,PROJ_REAL_31.0_design_and_documentation.2
PROJ_REAL_32.0,design_and_documentation.2,60,68.0,0,Design and Documentation.2,0.3183266780531973,0,8.0,0.0,PROJ_REAL_32.0_design_and_documentation.2
PROJ_REAL_33.0,design_and_documentation.2,60,72.0,1,Design and Documentation.2,0.5910094222884977,0,12.0,180000.0,PROJ_REAL_33.0_design_and_documentation.2
PROJ_REAL_34.0,design_and_documentation.2,60,68.0,0,Design and Documentation.2,0.3144855651449239,0,8.0,0.0,PROJ_REAL_34.0_design_and_documentation.2
PROJ_REAL_35.0,design_and_documentation.2,60,72.0,1,Design and Documentation.2,0.5258314441128169,0,12.0,180000.0,PROJ_REAL_35.0_design_and_documentation.2
PROJ_REAL_36.0,design_and_documentation.2,60,80.0,1,Design and Documentation.2,1.0,0,20.0,300000.0,PROJ_REAL_36.0_design_and_documentation.2
PROJ_REAL_37.0,design_and_documentation.2,60,64.0,0,Design and Documentation.2,0.2902889575730586,0,4.0,0.0,PROJ_REAL_37.0_design_and_documentation.2
PROJ_REAL_38.0,design_and_documentation.2,60,68.0,0,Design and Documentation.2,0.3288522417628558,0,8.0,0.0,PROJ_REAL_38.0_design_and_documentation.2
PROJ_REAL_39.0,design_and_documentation.2,60,76.0,1,Design and Documentation.2,0.9230260501809348,0,16.0,240000.0,PROJ_REAL_39.0_design_and_documentation.2
PROJ_REAL_40.0,design_and_documentation.2,60,64.0,0,Design and Documentation.2,0.3748037075564637,0,4.0,0.0,PROJ_REAL_40.0_design_and_documentation.2
PROJ_REAL_41.0,design_and_documentation.2,60,76.0,1,Design and Documentation.2,0.6235162871921667,0,16.0,240000.0,PROJ_REAL_41.0_design_and_documentation.2
PROJ_REAL_42.0,design_and_documentation.2,60,64.0,0,Design and Documentation.2,0.290388598665457,0,4.0,0.0,PROJ_REAL_42.0_design_and_documentation.2
PROJ_REAL_43.0,design_and_documentation.2,60,76.0,1,Design and Documentation.2,0.9027337672581892,0,16.0,240000.0,PROJ_REAL_43.0_design_and_documentation.2
PROJ_REAL_44.0,design_and_documentation.2,60,76.0,1,Design and Documentation.2,0.5917927299778791,0,16.0,240000.0,PROJ_REAL_44.0_design_and_documentation.2
PROJ_REAL_45.0,design_and_documentation.2,60,76.0,1,Design and Documentation.2,0.7231867510052157,0,16.0,240000.0,PROJ_REAL_45.0_design_and_documentation.2
PROJ_REAL_46.0,design_and_documentation.2,60,76.0,1,Design and Documentation.2,0.6262700364177813,0,16.0,240000.0,PROJ_REAL_46.0_design_and_documentation.2
PROJ_REAL_47.0,design_and_documentation.2,60,68.0,0,Design and Documentation.2,0.4479466709060442,0,8.0,0.0,PROJ_REAL_47.0_design_and_documentation.2
PROJ_REAL_48.0,design_and_documentation.2,60,72.0,1,Design and Documentation.2,0.5057354523366508,0,12.0,180000.0,PROJ_REAL_48.0_design_and_documentation.2
PROJ_REAL_49.0,design_and_documentation.2,60,76.0,1,Design and Documentation.2,0.8690283794388818,0,16.0,240000.0,PROJ_REAL_49.0_design_and_documentation.2
PROJ_REAL_50.0,design_and_documentation.2,60,76.0,1,Design and Documentation.2,0.8906604722182994,0,16.0,240000.0,PROJ_REAL_50.0_design_and_documentation.2
PROJ_REAL_51.0,design_and_documentation.2,60,68.0,0,Design and Documentation.2,0.4424470669736575,0,8.0,0.0,PROJ_REAL_51.0_design_and_documentation.2
PROJ_REAL_52.0,design_and_documentation.2,60,76.0,1,Design and Documentation.2,0.6090576380729021,0,16.0,240000.0,PROJ_REAL_52.0_design_and_documentation.2
PROJ_REAL_53.0,design_and_documentation.2,60,64.0,0,Design and Documentation.2,0.3878520608972301,0,4.0,0.0,PROJ_REAL_53.0_design_and_documentation.2
PROJ_REAL_54.0,design_and_documentation.2,60,76.0,1,Design and Documentation.2,0.8050970605310339,0,16.0,240000.0,PROJ_REAL_54.0_design_and_documentation.2
PROJ_REAL_55.0,design_and_documentation.2,60,80.0,1,Design and Documentation.2,1.0,0,20.0,300000.0,PROJ_REAL_55.0_design_and_documentation.2
PROJ_REAL_56.0,design_and_documentation.2,60,76.0,1,Design and Documentation.2,0.7613761018253503,0,16.0,240000.0,PROJ_REAL_56.0_design_and_documentation.2
PROJ_REAL_57.0,design_and_documentation.2,60,72.0,1,Design and Documentation.2,0.6470501113762612,0,12.0,180000.0,PROJ_REAL_57.0_design_and_documentation.2
PROJ_REAL_58.0,design_and_documentation.2,60,72.0,1,Design and Documentation.2,0.5744960615750291,0,12.0,180000.0,PROJ_REAL_58.0_design_and_documentation.2
PROJ_REAL_59.0,design_and_documentation.2,60,72.0,1,Design and Documentation.2,0.5601699536645524,0,12.0,180000.0,PROJ_REAL_59.0_design_and_documentation.2
PROJ_REAL_60.0,design_and_documentation.2,60,76.0,1,Design and Documentation.2,0.9229241870909574,0,16.0,240000.0,PROJ_REAL_60.0_design_and_documentation.2
PROJ_REAL_61.0,design_and_documentation.2,60,76.0,1,Design and Documentation.2,0.8954416199301659,0,16.0,240000.0,PROJ_REAL_61.0_design_and_documentation.2
PROJ_REAL_62.0,design_and_documentation.2,60,64.0,0,Design and Documentation.2,0.2958087523212255,0,4.0,0.0,PROJ_REAL_62.0_design_and_documentation.2
PROJ_REAL_63.0,design_and_documentation.2,60,72.0,1,Design and Documentation.2,0.6916010716904737,0,12.0,180000.0,PROJ_REAL_63.0_design_and_documentation.2
PROJ_REAL_64.0,design_and_documentation.2,60,72.0,1,Design and Documentation.2,0.5789028495542798,0,12.0,180000.0,PROJ_REAL_64.0_design_and_documentation.2
PROJ_REAL_65.0,design_and_documentation.2,60,76.0,1,Design and Documentation.2,0.5644941697880138,0,16.0,240000.0,PROJ_REAL_65.0_design_and_documentation.2
PROJ_REAL_66.0,design_and_documentation.2,60,80.0,1,Design and Documentation.2,1.0,0,20.0,300000.0,PROJ_REAL_66.0_design_and_documentation.2
PROJ_REAL_67.0,design_and_documentation.2,60,80.0,1,Design and Documentation.2,0.9284648283641312,0,20.0,300000.0,PROJ_REAL_67.0_design_and_documentation.2
PROJ_REAL_68.0,design_and_documentation.2,60,76.0,1,Design and Documentation.2,0.7680926046104998,0,16.0,240000.0,PROJ_REAL_68.0_design_and_documentation.2
PROJ_REAL_69.0,design_and_documentation.2,60,72.0,1,Design and Documentation.2,0.6534045029885612,0,12.0,180000.0,PROJ_REAL_69.0_design_and_documentation.2
PROJ_REAL_70.0,design_and_documentation.2,60,76.0,1,Design and Documentation.2,0.8955237625636747,0,16.0,240000.0,PROJ_REAL_70.0_design_and_documentation.2
PROJ_REAL_71.0,design_and_documentation.2,60,76.0,1,Design and Documentation.2,1.0,0,16.0,240000.0,PROJ_REAL_71.0_design_and_documentation.2
PROJ_REAL_72.0,design_and_documentation.2,60,68.0,0,Design and Documentation.2,0.2911415348184876,0,8.0,0.0,PROJ_REAL_72.0_design_and_documentation.2
PROJ_REAL_73.0,design_and_documentation.2,60,80.0,1,Design and Documentation.2,1.0,0,20.0,300000.0,PROJ_REAL_73.0_design_and_documentation.2
PROJ_REAL_74.0,design_and_documentation.2,60,76.0,1,Design and Documentation.2,0.9570441135657434,0,16.0,240000.0,PROJ_REAL_74.0_design_and_documentation.2
PROJ_REAL_75.0,design_and_documentation.2,60,76.0,1,Design and Documentation.2,0.7360877386972118,0,16.0,240000.0,PROJ_REAL_75.0_design_and_documentation.2
PROJ_REAL_76.0,design_and_documentation.2,60,72.0,1,Design and Documentation.2,0.5619846841815329,0,12.0,180000.0,PROJ_REAL_76.0_design_and_documentation.2
PROJ_REAL_77.0,design_and_documentation.2,60,80.0,1,Design and Documentation.2,1.0,0,20.0,300000.0,PROJ_REAL_77.0_design_and_documentation.2
PROJ_REAL_78.0,design_and_documentation.2,60,80.0,1,Design and Documentation.2,0.9129497954637962,0,20.0,300000.0,PROJ_REAL_78.0_design_and_documentation.2
PROJ_REAL_79.0,design_and_documentation.2,60,68.0,0,Design and Documentation.2,0.3049475914244589,0,8.0,0.0,PROJ_REAL_79.0_design_and_documentation.2
PROJ_REAL_80.0,design_and_documentation.2,60,76.0,1,Design and Documentation.2,0.6604355102064666,0,16.0,240000.0,PROJ_REAL_80.0_design_and_documentation.2
PROJ_REAL_81.0,design_and_documentation.2,60,76.0,1,Design and Documentation.2,0.9239770338622124,0,16.0,240000.0,PROJ_REAL_81.0_design_and_documentation.2
PROJ_REAL_82.0,design_and_documentation.2,60,80.0,1,Design and Documentation.2,0.992516620073758,0,20.0,300000.0,PROJ_REAL_82.0_design_and_documentation.2
PROJ_REAL_83.0,design_and_documentation.2,60,76.0,1,Design and Documentation.2,0.7577664093974498,0,16.0,240000.0,PROJ_REAL_83.0_design_and_documentation.2
PROJ_REAL_84.0,design_and_documentation.2,60,72.0,1,Design and Documentation.2,0.5938270082130556,0,12.0,180000.0,PROJ_REAL_84.0_design_and_documentation.2
PROJ_REAL_85.0,design_and_documentation.2,60,76.0,1,Design and Documentation.2,0.7656199299133968,0,16.0,240000.0,PROJ_REAL_85.0_design_and_documentation.2
PROJ_REAL_86.0,design_and_documentation.2,60,80.0,1,Design and Documentation.2,1.0,0,20.0,300000.0,PROJ_REAL_86.0_design_and_documentation.2
PROJ_REAL_87.0,design_and_documentation.2,60,76.0,1,Design and Documentation.2,0.8239840419846304,0,16.0,240000.0,PROJ_REAL_87.0_design_and_documentation.2
PROJ_REAL_88.0,design_and_documentation.2,60,72.0,1,Design and Documentation.2,0.5293105782875478,0,12.0,180000.0,PROJ_REAL_88.0_design_and_documentation.2
PROJ_REAL_89.0,design_and_documentation.2,60,80.0,1,Design and Documentation.2,0.8776354981830814,0,20.0,300000.0,PROJ_REAL_89.0_design_and_documentation.2
PROJ_REAL_90.0,design_and_documentation.2,60,76.0,1,Design and Documentation.2,1.0,0,16.0,240000.0,PROJ_REAL_90.0_design_and_documentation.2
PROJ_REAL_91.0,design_and_documentation.2,60,72.0,1,Design and Documentation.2,0.5712549700982424,0,12.0,180000.0,PROJ_REAL_91.0_design_and_documentation.2
PROJ_REAL_92.0,design_and_documentation.2,60,72.0,1,Design and Documentation.2,0.5216148639294969,0,12.0,180000.0,PROJ_REAL_92.0_design_and_documentation.2
PROJ_REAL_93.0,design_and_documentation.2,60,72.0,1,Design and Documentation.2,0.4908209025161003,0,12.0,180000.0,PROJ_REAL_93.0_design_and_documentation.2
PROJ_REAL_94.0,design_and_documentation.2,60,76.0,1,Design and Documentation.2,0.9205373024294348,0,16.0,240000.0,PROJ_REAL_94.0_design_and_documentation.2
PROJ_REAL_95.0,design_and_documentation.2,60,80.0,1,Design and Documentation.2,1.0,0,20.0,300000.0,PROJ_REAL_95.0_design_and_documentation.2
PROJ_REAL_96.0,design_and_documentation.2,60,76.0,1,Design and Documentation.2,0.7147815640267264,0,16.0,240000.0,PROJ_REAL_96.0_design_and_documentation.2
PROJ_REAL_97.0,design_and_documentation.2,60,72.0,1,Design and Documentation.2,0.6190505214621246,0,12.0,180000.0,PROJ_REAL_97.0_design_and_documentation.2
PROJ_REAL_98.0,design_and_documentation.2,60,76.0,1,Design and Documentation.2,0.7638763337961414,0,16.0,240000.0,PROJ_REAL_98.0_design_and_documentation.2
PROJ_REAL_99.0,design_and_documentation.2,60,76.0,1,Design and Documentation.2,0.7815677704252973,0,16.0,240000.0,PROJ_REAL_99.0_design_and_documentation.2
PROJ_REAL_100.0,design_and_documentation.2,60,68.0,0,Design and Documentation.2,0.429725784359071,0,8.0,0.0,PROJ_REAL_100.0_design_and_documentation.2
PROJ_REAL_101.0,design_and_documentation.2,60,80.0,1,Design and Documentation.2,1.0,0,20.0,300000.0,PROJ_REAL_101.0_design_and_documentation.2
PROJ_REAL_102.0,design_and_documentation.2,60,76.0,1,Design and Documentation.2,0.9852519701299371,0,16.0,240000.0,PROJ_REAL_102.0_design_and_documentation.2
PROJ_REAL_103.0,design_and_documentation.2,60,76.0,1,Design and Documentation.2,0.9413897888167372,0,16.0,240000.0,PROJ_REAL_103.0_design_and_documentation.2
PROJ_REAL_104.0,design_and_documentation.2,60,72.0,1,Design and Documentation.2,0.5949979270830147,0,12.0,180000.0,PROJ_REAL_104.0_design_and_documentation.2
PROJ_REAL_105.0,design_and_documentation.2,60,76.0,1,Design and Documentation.2,0.6713034723804954,0,16.0,240000.0,PROJ_REAL_105.0_design_and_documentation.2
PROJ_REAL_106.0,design_and_documentation.2,60,80.0,1,Design and Documentation.2,1.0,0,20.0,300000.0,PROJ_REAL_106.0_design_and_documentation.2
PROJ_REAL_107.0,design_and_documentation.2,60,76.0,1,Design and Documentation.2,0.7122271707536705,0,16.0,240000.0,PROJ_REAL_107.0_design_and_documentation.2
PROJ_REAL_108.0,design_and_documentation.2,60,72.0,1,Design and Documentation.2,0.5592206866080389,0,12.0,180000.0,PROJ_REAL_108.0_design_and_documentation.2
PROJ_REAL_109.0,design_and_documentation.2,60,76.0,1,Design and Documentation.2,0.7400773452571066,0,16.0,240000.0,PROJ_REAL_109.0_design_and_documentation.2
PROJ_REAL_110.0,design_and_documentation.2,60,68.0,0,Design and Documentation.2,0.3600392992873988,0,8.0,0.0,PROJ_REAL_110.0_design_and_documentation.2
PROJ_REAL_111.0,design_and_documentation.2,60,80.0,1,Design and Documentation.2,0.937694327921066,0,20.0,300000.0,PROJ_REAL_111.0_design_and_documentation.2
PROJ_REAL_112.0,design_and_documentation.2,60,72.0,1,Design and Documentation.2,0.4822188686256292,0,12.0,180000.0,PROJ_REAL_112.0_design_and_documentation.2
PROJ_REAL_113.0,design_and_documentation.2,60,76.0,1,Design and Documentation.2,0.841306143195174,0,16.0,240000.0,PROJ_REAL_113.0_design_and_documentation.2
PROJ_REAL_114.0,design_and_documentation.2,60,68.0,0,Design and Documentation.2,0.3394964113163422,0,8.0,0.0,PROJ_REAL_114.0_design_and_documentation.2
PROJ_REAL_115.0,design_and_documentation.2,60,68.0,0,Design and Documentation.2,0.3857758225252737,0,8.0,0.0,PROJ_REAL_115.0_design_and_documentation.2
PROJ_REAL_116.0,design_and_documentation.2,60,80.0,1,Design and Documentation.2,1.0,0,20.0,300000.0,PROJ_REAL_116.0_design_and_documentation.2
PROJ_REAL_117.0,design_and_documentation.2,60,68.0,0,Design and Documentation.2,0.5401356522966883,0,8.0,0.0,PROJ_REAL_117.0_design_and_documentation.2
PROJ_REAL_118.0,design_and_documentation.2,60,80.0,1,Design and Documentation.2,0.9969951304633776,0,20.0,300000.0,PROJ_REAL_118.0_design_and_documentation.2
PROJ_REAL_119.0,design_and_documentation.2,60,80.0,1,Design and Documentation.2,1.0,0,20.0,300000.0,PROJ_REAL_119.0_design_and_documentation.2
PROJ_REAL_120.0,design_and_documentation.2,60,80.0,1,Design and Documentation.2,0.9629002507445948,0,20.0,300000.0,PROJ_REAL_120.0_design_and_documentation.2
PROJ_REAL_121.0,design_and_documentation.2,60,76.0,1,Design and Documentation.2,0.7036837870054786,0,16.0,240000.0,PROJ_REAL_121.0_design_and_documentation.2
PROJ_REAL_122.0,design_and_documentation.2,60,76.0,1,Design and Documentation.2,0.8655459146717651,0,16.0,240000.0,PROJ_REAL_122.0_design_and_documentation.2
PROJ_REAL_123.0,design_and_documentation.2,60,68.0,0,Design and Documentation.2,0.5182139339438426,0,8.0,0.0,PROJ_REAL_123.0_design_and_documentation.2
PROJ_REAL_124.0,design_and_documentation.2,60,76.0,1,Design and Documentation.2,0.7396432628476437,0,16.0,240000.0,PROJ_REAL_124.0_design_and_documentation.2
PROJ_REAL_125.0,design_and_documentation.2,60,80.0,1,Design and Documentation.2,0.908700529987826,0,20.0,300000.0,PROJ_REAL_125.0_design_and_documentation.2
PROJ_REAL_126.0,design_and_documentation.2,60,68.0,0,Design and Documentation.2,0.1589600477224182,0,8.0,0.0,PROJ_REAL_126.0_design_and_documentation.2
PROJ_REAL_127.0,design_and_documentation.2,60,76.0,1,Design and Documentation.2,0.6490891756433419,0,16.0,240000.0,PROJ_REAL_127.0_design_and_documentation.2
PROJ_REAL_128.0,design_and_documentation.2,60,68.0,0,Design and Documentation.2,0.3197014677194695,0,8.0,0.0,PROJ_REAL_128.0_design_and_documentation.2
PROJ_REAL_129.0,design_and_documentation.2,60,76.0,1,Design and Documentation.2,0.7974005536163417,0,16.0,240000.0,PROJ_REAL_129.0_design_and_documentation.2
PROJ_REAL_130.0,design_and_documentation.2,60,72.0,1,Design and Documentation.2,0.4798839150630679,0,12.0,180000.0,PROJ_REAL_130.0_design_and_documentation.2
PROJ_REAL_131.0,design_and_documentation.2,60,76.0,1,Design and Documentation.2,0.9774511583370592,0,16.0,240000.0,PROJ_REAL_131.0_design_and_documentation.2
PROJ_REAL_132.0,design_and_documentation.2,60,68.0,0,Design and Documentation.2,0.3887138303853649,0,8.0,0.0,PROJ_REAL_132.0_design_and_documentation.2
PROJ_REAL_133.0,design_and_documentation.2,60,72.0,1,Design and Documentation.2,0.5297492868318519,0,12.0,180000.0,PROJ_REAL_133.0_design_and_documentation.2
PROJ_REAL_134.0,design_and_documentation.2,60,76.0,1,Design and Documentation.2,0.8384176697497624,0,16.0,240000.0,PROJ_REAL_134.0_design_and_documentation.2
PROJ_REAL_135.0,design_and_documentation.2,60,68.0,0,Design and Documentation.2,0.3880784583759156,0,8.0,0.0,PROJ_REAL_135.0_design_and_documentation.2
PROJ_REAL_136.0,design_and_documentation.2,60,76.0,1,Design and Documentation.2,0.8623876308461568,0,16.0,240000.0,PROJ_REAL_136.0_design_and_documentation.2
PROJ_REAL_137.0,design_and_documentation.2,60,76.0,1,Design and Documentation.2,0.7063168917496427,0,16.0,240000.0,PROJ_REAL_137.0_design_and_documentation.2
PROJ_REAL_138.0,design_and_documentation.2,60,72.0,1,Design and Documentation.2,0.4521572150793246,0,12.0,180000.0,PROJ_REAL_138.0_design_and_documentation.2
PROJ_REAL_139.0,design_and_documentation.2,60,80.0,1,Design and Documentation.2,0.8413480136080569,0,20.0,300000.0,PROJ_REAL_139.0_design_and_documentation.2
PROJ_REAL_140.0,design_and_documentation.2,60,76.0,1,Design and Documentation.2,0.8114310832290518,0,16.0,240000.0,PROJ_REAL_140.0_design_and_documentation.2
PROJ_REAL_141.0,design_and_documentation.2,60,68.0,0,Design and Documentation.2,0.3667250088882249,0,8.0,0.0,PROJ_REAL_141.0_design_and_documentation.2
PROJ_REAL_142.0,design_and_documentation.2,60,68.0,0,Design and Documentation.2,0.5205927469688245,0,8.0,0.0,PROJ_REAL_142.0_design_and_documentation.2
PROJ_REAL_143.0,design_and_documentation.2,60,68.0,0,Design and Documentation.2,0.3888801512929806,0,8.0,0.0,PROJ_REAL_143.0_design_and_documentation.2
PROJ_REAL_1.0,design_and_documentation.3,60,76.0,1,Design and Documentation.3,0.8466848345864446,0,16.0,240000.0,PROJ_REAL_1.0_design_and_documentation.3
PROJ_REAL_2.0,design_and_documentation.3,60,76.0,1,Design and Documentation.3,0.9335722414546352,0,16.0,240000.0,PROJ_REAL_2.0_design_and_documentation.3
PROJ_REAL_3.0,design_and_documentation.3,60,68.0,0,Design and Documentation.3,0.3353085485503109,0,8.0,0.0,PROJ_REAL_3.0_design_and_documentation.3
PROJ_REAL_4.0,design_and_documentation.3,60,76.0,1,Design and Documentation.3,0.8523203987919352,0,16.0,240000.0,PROJ_REAL_4.0_design_and_documentation.3
PROJ_REAL_5.0,design_and_documentation.3,60,68.0,0,Design and Documentation.3,0.2452067922233897,0,8.0,0.0,PROJ_REAL_5.0_design_and_documentation.3
PROJ_REAL_6.0,design_and_documentation.3,60,76.0,1,Design and Documentation.3,0.8514356889921386,0,16.0,240000.0,PROJ_REAL_6.0_design_and_documentation.3
PROJ_REAL_7.0,design_and_documentation.3,60,76.0,1,Design and Documentation.3,0.7941730380505008,0,16.0,240000.0,PROJ_REAL_7.0_design_and_documentation.3
PROJ_REAL_8.0,design_and_documentation.3,60,76.0,1,Design and Documentation.3,0.8443770665237833,0,16.0,240000.0,PROJ_REAL_8.0_design_and_documentation.3
PROJ_REAL_9.0,design_and_documentation.3,60,76.0,1,Design and Documentation.3,0.8079316800981784,0,16.0,240000.0,PROJ_REAL_9.0_design_and_documentation.3
PROJ_REAL_10.0,design_and_documentation.3,60,76.0,1,Design and Documentation.3,0.6703513541805777,0,16.0,240000.0,PROJ_REAL_10.0_design_and_documentation.3
PROJ_REAL_11.0,design_and_documentation.3,60,76.0,1,Design and Documentation.3,0.7402951756992118,0,16.0,240000.0,PROJ_REAL_11.0_design_and_documentation.3
PROJ_REAL_12.0,design_and_documentation.3,60,72.0,1,Design and Documentation.3,0.6014360545003568,0,12.0,180000.0,PROJ_REAL_12.0_design_and_documentation.3
PROJ_REAL_13.0,design_and_documentation.3,60,72.0,1,Design and Documentation.3,0.7347409633104032,0,12.0,180000.0,PROJ_REAL_13.0_design_and_documentation.3
PROJ_REAL_14.0,design_and_documentation.3,60,76.0,1,Design and Documentation.3,0.7804558766980431,0,16.0,240000.0,PROJ_REAL_14.0_design_and_documentation.3
PROJ_REAL_15.0,design_and_documentation.3,60,72.0,1,Design and Documentation.3,0.5729983273859349,0,12.0,180000.0,PROJ_REAL_15.0_design_and_documentation.3
PROJ_REAL_16.0,design_and_documentation.3,60,68.0,0,Design and Documentation.3,0.5559773713501879,0,8.0,0.0,PROJ_REAL_16.0_design_and_documentation.3
PROJ_REAL_17.0,design_and_documentation.3,60,80.0,1,Design and Documentation.3,0.84507247486133,0,20.0,300000.0,PROJ_REAL_17.0_design_and_documentation.3
PROJ_REAL_18.0,design_and_documentation.3,60,72.0,1,Design and Documentation.3,0.6185169492429474,0,12.0,180000.0,PROJ_REAL_18.0_design_and_documentation.3
PROJ_REAL_19.0,design_and_documentation.3,60,64.0,0,Design and Documentation.3,0.076734276989874,0,4.0,0.0,PROJ_REAL_19.0_design_and_documentation.3
PROJ_REAL_20.0,design_and_documentation.3,60,72.0,1,Design and Documentation.3,0.7078752769458007,0,12.0,180000.0,PROJ_REAL_20.0_design_and_documentation.3
PROJ_REAL_21.0,design_and_documentation.3,60,72.0,1,Design and Documentation.3,0.5171845493801609,0,12.0,180000.0,PROJ_REAL_21.0_design_and_documentation.3
PROJ_REAL_22.0,design_and_documentation.3,60,76.0,1,Design and Documentation.3,0.6594422815089933,0,16.0,240000.0,PROJ_REAL_22.0_design_and_documentation.3
PROJ_REAL_23.0,design_and_documentation.3,60,80.0,1,Design and Documentation.3,1.0,0,20.0,300000.0,PROJ_REAL_23.0_design_and_documentation.3
PROJ_REAL_24.0,design_and_documentation.3,60,72.0,1,Design and Documentation.3,0.5961686718055146,0,12.0,180000.0,PROJ_REAL_24.0_design_and_documentation.3
PROJ_REAL_25.0,design_and_documentation.3,60,76.0,1,Design and Documentation.3,1.0,0,16.0,240000.0,PROJ_REAL_25.0_design_and_documentation.3
PROJ_REAL_26.0,design_and_documentation.3,60,64.0,0,Design and Documentation.3,0.2250044475685498,0,4.0,0.0,PROJ_REAL_26.0_design_and_documentation.3
PROJ_REAL_27.0,design_and_documentation.3,60,76.0,1,Design and Documentation.3,0.6839009631816471,0,16.0,240000.0,PROJ_REAL_27.0_design_and_documentation.3
PROJ_REAL_28.0,design_and_documentation.3,60,72.0,1,Design and Documentation.3,0.6958008886575475,0,12.0,180000.0,PROJ_REAL_28.0_design_and_documentation.3
PROJ_REAL_29.0,design_and_documentation.3,60,68.0,0,Design and Documentation.3,0.5013570226520664,0,8.0,0.0,PROJ_REAL_29.0_design_and_documentation.3
PROJ_REAL_30.0,design_and_documentation.3,60,76.0,1,Design and Documentation.3,0.9333525365759706,0,16.0,240000.0,PROJ_REAL_30.0_design_and_documentation.3
PROJ_REAL_31.0,design_and_documentation.3,60,68.0,0,Design and Documentation.3,0.4870351735135539,0,8.0,0.0,PROJ_REAL_31.0_design_and_documentation.3
PROJ_REAL_32.0,design_and_documentation.3,60,68.0,0,Design and Documentation.3,0.3097530801799758,0,8.0,0.0,PROJ_REAL_32.0_design_and_documentation.3
PROJ_REAL_33.0,design_and_documentation.3,60,76.0,1,Design and Documentation.3,0.8072023651675202,0,16.0,240000.0,PROJ_REAL_33.0_design_and_documentation.3
PROJ_REAL_34.0,design_and_documentation.3,60,68.0,0,Design and Documentation.3,0.3912494995014987,0,8.0,0.0,PROJ_REAL_34.0_design_and_documentation.3
PROJ_REAL_35.0,design_and_documentation.3,60,72.0,1,Design and Documentation.3,0.6818749908784935,0,12.0,180000.0,PROJ_REAL_35.0_design_and_documentation.3
PROJ_REAL_36.0,design_and_documentation.3,60,80.0,1,Design and Documentation.3,0.9506703083261814,0,20.0,300000.0,PROJ_REAL_36.0_design_and_documentation.3
PROJ_REAL_37.0,design_and_documentation.3,60,68.0,0,Design and Documentation.3,0.4199203890911404,0,8.0,0.0,PROJ_REAL_37.0_design_and_documentation.3
PROJ_REAL_38.0,design_and_documentation.3,60,76.0,1,Design and Documentation.3,0.7520523194442488,0,16.0,240000.0,PROJ_REAL_38.0_design_and_documentation.3
PROJ_REAL_39.0,design_and_documentation.3,60,76.0,1,Design and Documentation.3,0.6903390069179871,0,16.0,240000.0,PROJ_REAL_39.0_design_and_documentation.3
PROJ_REAL_40.0,design_and_documentation.3,60,68.0,0,Design and Documentation.3,0.25391646585831,0,8.0,0.0,PROJ_REAL_40.0_design_and_documentation.3
PROJ_REAL_41.0,design_and_documentation.3,60,76.0,1,Design and Documentation.3,0.8753998302357333,0,16.0,240000.0,PROJ_REAL_41.0_design_and_documentation.3
PROJ_REAL_42.0,design_and_documentation.3,60,68.0,0,Design and Documentation.3,0.3770882093810693,0,8.0,0.0,PROJ_REAL_42.0_design_and_documentation.3
PROJ_REAL_43.0,design_and_documentation.3,60,76.0,1,Design and Documentation.3,0.8903282114288923,0,16.0,240000.0,PROJ_REAL_43.0_design_and_documentation.3
PROJ_REAL_44.0,design_and_documentation.3,60,76.0,1,Design and Documentation.3,0.9050787630645164,0,16.0,240000.0,PROJ_REAL_44.0_design_and_documentation.3
PROJ_REAL_45.0,design_and_documentation.3,60,76.0,1,Design and Documentation.3,0.7835525834689084,0,16.0,240000.0,PROJ_REAL_45.0_design_and_documentation.3
PROJ_REAL_46.0,design_and_documentation.3,60,76.0,1,Design and Documentation.3,0.7340088105642376,0,16.0,240000.0,PROJ_REAL_46.0_design_and_documentation.3
PROJ_REAL_47.0,design_and_documentation.3,60,76.0,1,Design and Documentation.3,0.6118988691843056,0,16.0,240000.0,PROJ_REAL_47.0_design_and_documentation.3
PROJ_REAL_48.0,design_and_documentation.3,60,76.0,1,Design and Documentation.3,0.6269101331545273,0,16.0,240000.0,PROJ_REAL_48.0_design_and_documentation.3
PROJ_REAL_49.0,design_and_documentation.3,60,76.0,1,Design and Documentation.3,0.9499446143456188,0,16.0,240000.0,PROJ_REAL_49.0_design_and_documentation.3
PROJ_REAL_50.0,design_and_documentation.3,60,76.0,1,Design and Documentation.3,0.643440738706468,0,16.0,240000.0,PROJ_REAL_50.0_design_and_documentation.3
PROJ_REAL_51.0,design_and_documentation.3,60,72.0,1,Design and Documentation.3,0.606226767021094,0,12.0,180000.0,PROJ_REAL_51.0_design_and_documentation.3
PROJ_REAL_52.0,design_and_documentation.3,60,76.0,1,Design and Documentation.3,0.738872583459317,0,16.0,240000.0,PROJ_REAL_52.0_design_and_documentation.3
PROJ_REAL_53.0,design_and_documentation.3,60,68.0,0,Design and Documentation.3,0.5399516378554364,0,8.0,0.0,PROJ_REAL_53.0_design_and_documentation.3
PROJ_REAL_54.0,design_and_documentation.3,60,76.0,1,Design and Documentation.3,0.7987456469857573,0,16.0,240000.0,PROJ_REAL_54.0_design_and_documentation.3
PROJ_REAL_55.0,design_and_documentation.3,60,72.0,1,Design and Documentation.3,0.6450402379161331,0,12.0,180000.0,PROJ_REAL_55.0_design_and_documentation.3
PROJ_REAL_56.0,design_and_documentation.3,60,72.0,1,Design and Documentation.3,0.6186022329449359,0,12.0,180000.0,PROJ_REAL_56.0_design_and_documentation.3
PROJ_REAL_57.0,design_and_documentation.3,60,80.0,1,Design and Documentation.3,1.0,0,20.0,300000.0,PROJ_REAL_57.0_design_and_documentation.3
PROJ_REAL_58.0,design_and_documentation.3,60,80.0,1,Design and Documentation.3,0.897612920783465,0,20.0,300000.0,PROJ_REAL_58.0_design_and_documentation.3
PROJ_REAL_59.0,design_and_documentation.3,60,80.0,1,Design and Documentation.3,0.998032773769708,0,20.0,300000.0,PROJ_REAL_59.0_design_and_documentation.3
PROJ_REAL_60.0,design_and_documentation.3,60,76.0,1,Design and Documentation.3,0.8438607548860415,0,16.0,240000.0,PROJ_REAL_60.0_design_and_documentation.3
PROJ_REAL_61.0,design_and_documentation.3,60,76.0,1,Design and Documentation.3,0.8234347062684986,0,16.0,240000.0,PROJ_REAL_61.0_design_and_documentation.3
PROJ_REAL_62.0,design_and_documentation.3,60,68.0,0,Design and Documentation.3,0.3231659261399729,0,8.0,0.0,PROJ_REAL_62.0_design_and_documentation.3
PROJ_REAL_63.0,design_and_documentation.3,60,80.0,1,Design and Documentation.3,0.925445067587488,0,20.0,300000.0,PROJ_REAL_63.0_design_and_documentation.3
PROJ_REAL_64.0,design_and_documentation.3,60,76.0,1,Design and Documentation.3,0.805717876504891,0,16.0,240000.0,PROJ_REAL_64.0_design_and_documentation.3
PROJ_REAL_65.0,design_and_documentation.3,60,76.0,1,Design and Documentation.3,0.8149317948956937,0,16.0,240000.0,PROJ_REAL_65.0_design_and_documentation.3
PROJ_REAL_66.0,design_and_documentation.3,60,80.0,1,Design and Documentation.3,1.0,0,20.0,300000.0,PROJ_REAL_66.0_design_and_documentation.3
PROJ_REAL_67.0,design_and_documentation.3,60,80.0,1,Design and Documentation.3,1.0,0,20.0,300000.0,PROJ_REAL_67.0_design_and_documentation.3
PROJ_REAL_68.0,design_and_documentation.3,60,76.0,1,Design and Documentation.3,0.9587206522678964,0,16.0,240000.0,PROJ_REAL_68.0_design_and_documentation.3
PROJ_REAL_69.0,design_and_documentation.3,60,72.0,1,Design and Documentation.3,0.7250737277593622,0,12.0,180000.0,PROJ_REAL_69.0_design_and_documentation.3
PROJ_REAL_70.0,design_and_documentation.3,60,76.0,1,Design and Documentation.3,0.7586702991066847,0,16.0,240000.0,PROJ_REAL_70.0_design_and_documentation.3
PROJ_REAL_71.0,design_and_documentation.3,60,76.0,1,Design and Documentation.3,0.8064425163261666,0,16.0,240000.0,PROJ_REAL_71.0_design_and_documentation.3
PROJ_REAL_72.0,design_and_documentation.3,60,72.0,1,Design and Documentation.3,0.5352930362885024,0,12.0,180000.0,PROJ_REAL_72.0_design_and_documentation.3
PROJ_REAL_73.0,design_and_documentation.3,60,80.0,1,Design and Documentation.3,1.0,0,20.0,300000.0,PROJ_REAL_73.0_design_and_documentation.3
PROJ_REAL_74.0,design_and_documentation.3,60,80.0,1,Design and Documentation.3,0.9922196697099948,0,20.0,300000.0,PROJ_REAL_74.0_design_and_documentation.3
PROJ_REAL_75.0,design_and_documentation.3,60,80.0,1,Design and Documentation.3,0.873796946510914,0,20.0,300000.0,PROJ_REAL_75.0_design_and_documentation.3
PROJ_REAL_76.0,design_and_documentation.3,60,80.0,1,Design and Documentation.3,1.0,0,20.0,300000.0,PROJ_REAL_76.0_design_and_documentation.3
PROJ_REAL_77.0,design_and_documentation.3,60,80.0,1,Design and Documentation.3,1.0,0,20.0,300000.0,PROJ_REAL_77.0_design_and_documentation.3
PROJ_REAL_78.0,design_and_documentation.3,60,76.0,1,Design and Documentation.3,0.8346138586197666,0,16.0,240000.0,PROJ_REAL_78.0_design_and_documentation.3
PROJ_REAL_79.0,design_and_documentation.3,60,72.0,1,Design and Documentation.3,0.7834009539384634,0,12.0,180000.0,PROJ_REAL_79.0_design_and_documentation.3
PROJ_REAL_80.0,design_and_documentation.3,60,76.0,1,Design and Documentation.3,0.630125964012236,0,16.0,240000.0,PROJ_REAL_80.0_design_and_documentation.3
PROJ_REAL_81.0,design_and_documentation.3,60,68.0,0,Design and Documentation.3,0.3215700844094406,0,8.0,0.0,PROJ_REAL_81.0_design_and_documentation.3
PROJ_REAL_82.0,design_and_documentation.3,60,72.0,1,Design and Documentation.3,0.6559612782005527,0,12.0,180000.0,PROJ_REAL_82.0_design_and_documentation.3
PROJ_REAL_83.0,design_and_documentation.3,60,76.0,1,Design and Documentation.3,0.7570057522111235,0,16.0,240000.0,PROJ_REAL_83.0_design_and_documentation.3
PROJ_REAL_84.0,design_and_documentation.3,60,72.0,1,Design and Documentation.3,0.6039491035836532,0,12.0,180000.0,PROJ_REAL_84.0_design_and_documentation.3
PROJ_REAL_85.0,design_and_documentation.3,60,76.0,1,Design and Documentation.3,0.7287858314406256,0,16.0,240000.0,PROJ_REAL_85.0_design_and_documentation.3
PROJ_REAL_86.0,design_and_documentation.3,60,72.0,1,Design and Documentation.3,0.6077382124016816,0,12.0,180000.0,PROJ_REAL_86.0_design_and_documentation.3
PROJ_REAL_87.0,design_and_documentation.3,60,76.0,1,Design and Documentation.3,0.7774632227073399,0,16.0,240000.0,PROJ_REAL_87.0_design_and_documentation.3
PROJ_REAL_88.0,design_and_documentation.3,60,72.0,1,Design and Documentation.3,0.6064654865640189,0,12.0,180000.0,PROJ_REAL_88.0_design_and_documentation.3
PROJ_REAL_89.0,design_and_documentation.3,60,76.0,1,Design and Documentation.3,0.9084571805652342,0,16.0,240000.0,PROJ_REAL_89.0_design_and_documentation.3
PROJ_REAL_90.0,design_and_documentation.3,60,80.0,1,Design and Documentation.3,0.8752203571526099,0,20.0,300000.0,PROJ_REAL_90.0_design_and_documentation.3
PROJ_REAL_91.0,design_and_documentation.3,60,76.0,1,Design and Documentation.3,0.5357382259297236,0,16.0,240000.0,PROJ_REAL_91.0_design_and_documentation.3
PROJ_REAL_92.0,design_and_documentation.3,60,76.0,1,Design and Documentation.3,0.8998143453891327,0,16.0,240000.0,PROJ_REAL_92.0_design_and_documentation.3
PROJ_REAL_93.0,design_and_documentation.3,60,68.0,0,Design and Documentation.3,0.421112818996863,0,8.0,0.0,PROJ_REAL_93.0_design_and_documentation.3
PROJ_REAL_94.0,design_and_documentation.3,60,80.0,1,Design and Documentation.3,1.0,0,20.0,300000.0,PROJ_REAL_94.0_design_and_documentation.3
PROJ_REAL_95.0,design_and_documentation.3,60,76.0,1,Design and Documentation.3,0.7698573819812087,0,16.0,240000.0,PROJ_REAL_95.0_design_and_documentation.3
PROJ_REAL_96.0,design_and_documentation.3,60,76.0,1,Design and Documentation.3,0.846885136460179,0,16.0,240000.0,PROJ_REAL_96.0_design_and_documentation.3
PROJ_REAL_97.0,design_and_documentation.3,60,76.0,1,Design and Documentation.3,0.789669519249064,0,16.0,240000.0,PROJ_REAL_97.0_design_and_documentation.3
PROJ_REAL_98.0,design_and_documentation.3,60,76.0,1,Design and Documentation.3,0.5972032303009024,0,16.0,240000.0,PROJ_REAL_98.0_design_and_documentation.3
PROJ_REAL_99.0,design_and_documentation.3,60,80.0,1,Design and Documentation.3,1.0,0,20.0,300000.0,PROJ_REAL_99.0_design_and_documentation.3
PROJ_REAL_100.0,design_and_documentation.3,60,68.0,0,Design and Documentation.3,0.4198313267869594,0,8.0,0.0,PROJ_REAL_100.0_design_and_documentation.3
PROJ_REAL_101.0,design_and_documentation.3,60,72.0,1,Design and Documentation.3,0.6239086056801951,0,12.0,180000.0,PROJ_REAL_101.0_design_and_documentation.3
PROJ_REAL_102.0,design_and_documentation.3,60,76.0,1,Design and Documentation.3,0.9094222551876294,0,16.0,240000.0,PROJ_REAL_102.0_design_and_documentation.3
PROJ_REAL_103.0,design_and_documentation.3,60,72.0,1,Design and Documentation.3,0.7354383820651373,0,12.0,180000.0,PROJ_REAL_103.0_design_and_documentation.3
PROJ_REAL_104.0,design_and_documentation.3,60,80.0,1,Design and Documentation.3,1.0,0,20.0,300000.0,PROJ_REAL_104.0_design_and_documentation.3
PROJ_REAL_105.0,design_and_documentation.3,60,76.0,1,Design and Documentation.3,0.6766504899327151,0,16.0,240000.0,PROJ_REAL_105.0_design_and_documentation.3
PROJ_REAL_106.0,design_and_documentation.3,60,80.0,1,Design and Documentation.3,0.9877026711577492,0,20.0,300000.0,PROJ_REAL_106.0_design_and_documentation.3
PROJ_REAL_107.0,design_and_documentation.3,60,72.0,1,Design and Documentation.3,0.6868544646025756,0,12.0,180000.0,PROJ_REAL_107.0_design_and_documentation.3
PROJ_REAL_108.0,design_and_documentation.3,60,80.0,1,Design and Documentation.3,1.0,0,20.0,300000.0,PROJ_REAL_108.0_design_and_documentation.3
PROJ_REAL_109.0,design_and_documentation.3,60,68.0,0,Design and Documentation.3,0.3679007410696169,0,8.0,0.0,PROJ_REAL_109.0_design_and_documentation.3
PROJ_REAL_110.0,design_and_documentation.3,60,72.0,1,Design and Documentation.3,0.4941304179181898,0,12.0,180000.0,PROJ_REAL_110.0_design_and_documentation.3
PROJ_REAL_111.0,design_and_documentation.3,60,76.0,1,Design and Documentation.3,0.7306580359888575,0,16.0,240000.0,PROJ_REAL_111.0_design_and_documentation.3
PROJ_REAL_112.0,design_and_documentation.3,60,80.0,1,Design and Documentation.3,0.9660752438661488,0,20.0,300000.0,PROJ_REAL_112.0_design_and_documentation.3
PROJ_REAL_113.0,design_and_documentation.3,60,76.0,1,Design and Documentation.3,0.7241375677683848,0,16.0,240000.0,PROJ_REAL_113.0_design_and_documentation.3
PROJ_REAL_114.0,design_and_documentation.3,60,68.0,0,Design and Documentation.3,0.4967187590924889,0,8.0,0.0,PROJ_REAL_114.0_design_and_documentation.3
PROJ_REAL_115.0,design_and_documentation.3,60,72.0,1,Design and Documentation.3,0.5722042512897874,0,12.0,180000.0,PROJ_REAL_115.0_design_and_documentation.3
PROJ_REAL_116.0,design_and_documentation.3,60,72.0,1,Design and Documentation.3,0.6443874111852014,0,12.0,180000.0,PROJ_REAL_116.0_design_and_documentation.3
PROJ_REAL_117.0,design_and_documentation.3,60,68.0,0,Design and Documentation.3,0.3987338697997143,0,8.0,0.0,PROJ_REAL_117.0_design_and_documentation.3
PROJ_REAL_118.0,design_and_documentation.3,60,76.0,1,Design and Documentation.3,0.94748315696793,0,16.0,240000.0,PROJ_REAL_118.0_design_and_documentation.3
PROJ_REAL_119.0,design_and_documentation.3,60,80.0,1,Design and Documentation.3,0.9001534755015625,0,20.0,300000.0,PROJ_REAL_119.0_design_and_documentation.3
PROJ_REAL_120.0,design_and_documentation.3,60,76.0,1,Design and Documentation.3,0.6952153936792288,0,16.0,240000.0,PROJ_REAL_120.0_design_and_documentation.3
PROJ_REAL_121.0,design_and_documentation.3,60,80.0,1,Design and Documentation.3,0.8892769956070667,0,20.0,300000.0,PROJ_REAL_121.0_design_and_documentation.3
PROJ_REAL_122.0,design_and_documentation.3,60,76.0,1,Design and Documentation.3,0.7463803461046794,0,16.0,240000.0,PROJ_REAL_122.0_design_and_documentation.3
PROJ_REAL_123.0,design_and_documentation.3,60,68.0,0,Design and Documentation.3,0.493971665661831,0,8.0,0.0,PROJ_REAL_123.0_design_and_documentation.3
PROJ_REAL_124.0,design_and_documentation.3,60,76.0,1,Design and Documentation.3,0.7763887904104889,0,16.0,240000.0,PROJ_REAL_124.0_design_and_documentation.3
PROJ_REAL_125.0,design_and_documentation.3,60,76.0,1,Design and Documentation.3,0.7532925104749444,0,16.0,240000.0,PROJ_REAL_125.0_design_and_documentation.3
PROJ_REAL_126.0,design_and_documentation.3,60,68.0,0,Design and Documentation.3,0.3479538230227205,0,8.0,0.0,PROJ_REAL_126.0_design_and_documentation.3
PROJ_REAL_127.0,design_and_documentation.3,60,76.0,1,Design and Documentation.3,0.9144291635245468,0,16.0,240000.0,PROJ_REAL_127.0_design_and_documentation.3
PROJ_REAL_128.0,design_and_documentation.3,60,72.0,1,Design and Documentation.3,0.5723422654205922,0,12.0,180000.0,PROJ_REAL_128.0_design_and_documentation.3
PROJ_REAL_129.0,design_and_documentation.3,60,76.0,1,Design and Documentation.3,0.5686024546458259,0,16.0,240000.0,PROJ_REAL_129.0_design_and_documentation.3
PROJ_REAL_130.0,design_and_documentation.3,60,72.0,1,Design and Documentation.3,0.5789006110319227,0,12.0,180000.0,PROJ_REAL_130.0_design_and_documentation.3
PROJ_REAL_131.0,design_and_documentation.3,60,76.0,1,Design and Documentation.3,0.797494440524846,0,16.0,240000.0,PROJ_REAL_131.0_design_and_documentation.3
PROJ_REAL_132.0,design_and_documentation.3,60,72.0,1,Design and Documentation.3,0.5130406299478197,0,12.0,180000.0,PROJ_REAL_132.0_design_and_documentation.3
PROJ_REAL_133.0,design_and_documentation.3,60,80.0,1,Design and Documentation.3,0.8452301412995771,0,20.0,300000.0,PROJ_REAL_133.0_design_and_documentation.3
PROJ_REAL_134.0,design_and_documentation.3,60,80.0,1,Design and Documentation.3,1.0,0,20.0,300000.0,PROJ_REAL_134.0_design_and_documentation.3
PROJ_REAL_135.0,design_and_documentation.3,60,72.0,1,Design and Documentation.3,0.6266402536954733,0,12.0,180000.0,PROJ_REAL_135.0_design_and_documentation.3
PROJ_REAL_136.0,design_and_documentation.3,60,76.0,1,Design and Documentation.3,0.8179559371981878,0,16.0,240000.0,PROJ_REAL_136.0_design_and_documentation.3
PROJ_REAL_137.0,design_and_documentation.3,60,76.0,1,Design and Documentation.3,0.936326941214494,0,16.0,240000.0,PROJ_REAL_137.0_design_and_documentation.3
PROJ_REAL_138.0,design_and_documentation.3,60,72.0,1,Design and Documentation.3,0.5839046956184167,0,12.0,180000.0,PROJ_REAL_138.0_design_and_documentation.3
PROJ_REAL_139.0,design_and_documentation.3,60,80.0,1,Design and Documentation.3,1.0,0,20.0,300000.0,PROJ_REAL_139.0_design_and_documentation.3
PROJ_REAL_140.0,design_and_documentation.3,60,76.0,1,Design and Documentation.3,0.5510706140635371,0,16.0,240000.0,PROJ_REAL_140.0_design_and_documentation.3
PROJ_REAL_141.0,design_and_documentation.3,60,72.0,1,Design and Documentation.3,0.6302329468299355,0,12.0,180000.0,PROJ_REAL_141.0_design_and_documentation.3
PROJ_REAL_142.0,design_and_documentation.3,60,72.0,1,Design and Documentation.3,0.5969405559264254,0,12.0,180000.0,PROJ_REAL_142.0_design_and_documentation.3
PROJ_REAL_143.0,design_and_documentation.3,60,68.0,0,Design and Documentation.3,0.3822372039652224,0,8.0,0.0,PROJ_REAL_143.0_design_and_documentation.3
PROJ_REAL_1.0,design_and_documentation.4,60,76.0,1,Design and Documentation.4,0.75217792434272,0,16.0,240000.0,PROJ_REAL_1.0_design_and_documentation.4
PROJ_REAL_2.0,design_and_documentation.4,60,76.0,1,Design and Documentation.4,0.7764978077913207,0,16.0,240000.0,PROJ_REAL_2.0_design_and_documentation.4
PROJ_REAL_3.0,design_and_documentation.4,60,72.0,1,Design and Documentation.4,0.5293262877886834,0,12.0,180000.0,PROJ_REAL_3.0_design_and_documentation.4
PROJ_REAL_4.0,design_and_documentation.4,60,76.0,1,Design and Documentation.4,0.8826388653857433,0,16.0,240000.0,PROJ_REAL_4.0_design_and_documentation.4
PROJ_REAL_5.0,design_and_documentation.4,60,72.0,1,Design and Documentation.4,0.7925714271594492,0,12.0,180000.0,PROJ_REAL_5.0_design_and_documentation.4
PROJ_REAL_6.0,design_and_documentation.4,60,76.0,1,Design and Documentation.4,0.6341980355000474,0,16.0,240000.0,PROJ_REAL_6.0_design_and_documentation.4
PROJ_REAL_7.0,design_and_documentation.4,60,76.0,1,Design and Documentation.4,0.6343724070614095,0,16.0,240000.0,PROJ_REAL_7.0_design_and_documentation.4
PROJ_REAL_8.0,design_and_documentation.4,60,76.0,1,Design and Documentation.4,0.8570965728659548,0,16.0,240000.0,PROJ_REAL_8.0_design_and_documentation.4
PROJ_REAL_9.0,design_and_documentation.4,60,76.0,1,Design and Documentation.4,0.9801308414915748,0,16.0,240000.0,PROJ_REAL_9.0_design_and_documentation.4
PROJ_REAL_10.0,design_and_documentation.4,60,76.0,1,Design and Documentation.4,0.5949420702816046,0,16.0,240000.0,PROJ_REAL_10.0_design_and_documentation.4
PROJ_REAL_11.0,design_and_documentation.4,60,72.0,1,Design and Documentation.4,0.7593912235419055,0,12.0,180000.0,PROJ_REAL_11.0_design_and_documentation.4
PROJ_REAL_12.0,design_and_documentation.4,60,76.0,1,Design and Documentation.4,0.5969898727846854,0,16.0,240000.0,PROJ_REAL_12.0_design_and_documentation.4
PROJ_REAL_13.0,design_and_documentation.4,60,72.0,1,Design and Documentation.4,0.5037921497905293,0,12.0,180000.0,PROJ_REAL_13.0_design_and_documentation.4
PROJ_REAL_14.0,design_and_documentation.4,60,72.0,1,Design and Documentation.4,0.5449276500555744,0,12.0,180000.0,PROJ_REAL_14.0_design_and_documentation.4
PROJ_REAL_15.0,design_and_documentation.4,60,80.0,1,Design and Documentation.4,0.8390836531393231,0,20.0,300000.0,PROJ_REAL_15.0_design_and_documentation.4
PROJ_REAL_16.0,design_and_documentation.4,60,68.0,0,Design and Documentation.4,0.2556675783434807,0,8.0,0.0,PROJ_REAL_16.0_design_and_documentation.4
PROJ_REAL_17.0,design_and_documentation.4,60,80.0,1,Design and Documentation.4,1.0,0,20.0,300000.0,PROJ_REAL_17.0_design_and_documentation.4
PROJ_REAL_18.0,design_and_documentation.4,60,72.0,1,Design and Documentation.4,0.6690787241570029,0,12.0,180000.0,PROJ_REAL_18.0_design_and_documentation.4
PROJ_REAL_19.0,design_and_documentation.4,60,76.0,1,Design and Documentation.4,0.8690285449063049,0,16.0,240000.0,PROJ_REAL_19.0_design_and_documentation.4
PROJ_REAL_20.0,design_and_documentation.4,60,80.0,1,Design and Documentation.4,0.9922976798294824,0,20.0,300000.0,PROJ_REAL_20.0_design_and_documentation.4
PROJ_REAL_21.0,design_and_documentation.4,60,76.0,1,Design and Documentation.4,0.6294371515294026,0,16.0,240000.0,PROJ_REAL_21.0_design_and_documentation.4
PROJ_REAL_22.0,design_and_documentation.4,60,80.0,1,Design and Documentation.4,1.0,0,20.0,300000.0,PROJ_REAL_22.0_design_and_documentation.4
PROJ_REAL_23.0,design_and_documentation.4,60,80.0,1,Design and Documentation.4,1.0,0,20.0,300000.0,PROJ_REAL_23.0_design_and_documentation.4
PROJ_REAL_24.0,design_and_documentation.4,60,68.0,0,Design and Documentation.4,0.5204345596515892,0,8.0,0.0,PROJ_REAL_24.0_design_and_documentation.4
PROJ_REAL_25.0,design_and_documentation.4,60,72.0,1,Design and Documentation.4,0.6098445496831464,0,12.0,180000.0,PROJ_REAL_25.0_design_and_documentation.4
PROJ_REAL_26.0,design_and_documentation.4,60,76.0,1,Design and Documentation.4,0.778797508232725,0,16.0,240000.0,PROJ_REAL_26.0_design_and_documentation.4
PROJ_REAL_27.0,design_and_documentation.4,60,76.0,1,Design and Documentation.4,0.9115327531761112,0,16.0,240000.0,PROJ_REAL_27.0_design_and_documentation.4
PROJ_REAL_28.0,design_and_documentation.4,60,72.0,1,Design and Documentation.4,0.6702643273864518,0,12.0,180000.0,PROJ_REAL_28.0_design_and_documentation.4
PROJ_REAL_29.0,design_and_documentation.4,60,68.0,0,Design and Documentation.4,0.5921117719014724,0,8.0,0.0,PROJ_REAL_29.0_design_and_documentation.4
PROJ_REAL_30.0,design_and_documentation.4,60,76.0,1,Design and Documentation.4,0.7827544045598679,0,16.0,240000.0,PROJ_REAL_30.0_design_and_documentation.4
PROJ_REAL_31.0,design_and_documentation.4,60,72.0,1,Design and Documentation.4,0.6237606908156176,0,12.0,180000.0,PROJ_REAL_31.0_design_and_documentation.4
PROJ_REAL_32.0,design_and_documentation.4,60,68.0,0,Design and Documentation.4,0.3073921230680453,0,8.0,0.0,PROJ_REAL_32.0_design_and_documentation.4
PROJ_REAL_33.0,design_and_documentation.4,60,80.0,1,Design and Documentation.4,1.0,0,20.0,300000.0,PROJ_REAL_33.0_design_and_documentation.4
PROJ_REAL_34.0,design_and_documentation.4,60,72.0,1,Design and Documentation.4,0.6890486610488882,0,12.0,180000.0,PROJ_REAL_34.0_design_and_documentation.4
PROJ_REAL_35.0,design_and_documentation.4,60,72.0,1,Design and Documentation.4,0.4186931235891696,0,12.0,180000.0,PROJ_REAL_35.0_design_and_documentation.4
PROJ_REAL_36.0,design_and_documentation.4,60,76.0,1,Design and Documentation.4,0.9573173904731254,0,16.0,240000.0,PROJ_REAL_36.0_design_and_documentation.4
PROJ_REAL_37.0,design_and_documentation.4,60,72.0,1,Design and Documentation.4,0.7133848886115711,0,12.0,180000.0,PROJ_REAL_37.0_design_and_documentation.4
PROJ_REAL_38.0,design_and_documentation.4,60,72.0,1,Design and Documentation.4,0.5964204223214542,0,12.0,180000.0,PROJ_REAL_38.0_design_and_documentation.4
PROJ_REAL_39.0,design_and_documentation.4,60,76.0,1,Design and Documentation.4,0.7126005496937202,0,16.0,240000.0,PROJ_REAL_39.0_design_and_documentation.4
PROJ_REAL_40.0,design_and_documentation.4,60,72.0,1,Design and Documentation.4,0.4256842232884005,0,12.0,180000.0,PROJ_REAL_40.0_design_and_documentation.4
PROJ_REAL_41.0,design_and_documentation.4,60,76.0,1,Design and Documentation.4,0.7921359993815077,0,16.0,240000.0,PROJ_REAL_41.0_design_and_documentation.4
PROJ_REAL_42.0,design_and_documentation.4,60,72.0,1,Design and Documentation.4,0.7089884832098059,0,12.0,180000.0,PROJ_REAL_42.0_design_and_documentation.4
PROJ_REAL_43.0,design_and_documentation.4,60,76.0,1,Design and Documentation.4,0.904337617262083,0,16.0,240000.0,PROJ_REAL_43.0_design_and_documentation.4
PROJ_REAL_44.0,design_and_documentation.4,60,76.0,1,Design and Documentation.4,0.6958026054855656,0,16.0,240000.0,PROJ_REAL_44.0_design_and_documentation.4
PROJ_REAL_45.0,design_and_documentation.4,60,76.0,1,Design and Documentation.4,0.8475200955016614,0,16.0,240000.0,PROJ_REAL_45.0_design_and_documentation.4
PROJ_REAL_46.0,design_and_documentation.4,60,76.0,1,Design and Documentation.4,0.9531874315404306,0,16.0,240000.0,PROJ_REAL_46.0_design_and_documentation.4
PROJ_REAL_47.0,design_and_documentation.4,60,72.0,1,Design and Documentation.4,0.5912395796620825,0,12.0,180000.0,PROJ_REAL_47.0_design_and_documentation.4
PROJ_REAL_48.0,design_and_documentation.4,60,76.0,1,Design and Documentation.4,0.5726642687240242,0,16.0,240000.0,PROJ_REAL_48.0_design_and_documentation.4
PROJ_REAL_49.0,design_and_documentation.4,60,76.0,1,Design and Documentation.4,0.8567260997904249,0,16.0,240000.0,PROJ_REAL_49.0_design_and_documentation.4
PROJ_REAL_50.0,design_and_documentation.4,60,76.0,1,Design and Documentation.4,0.8393733376796746,0,16.0,240000.0,PROJ_REAL_50.0_design_and_documentation.4
PROJ_REAL_51.0,design_and_documentation.4,60,76.0,1,Design and Documentation.4,0.7484892333534564,0,16.0,240000.0,PROJ_REAL_51.0_design_and_documentation.4
PROJ_REAL_52.0,design_and_documentation.4,60,76.0,1,Design and Documentation.4,0.7324468833982773,0,16.0,240000.0,PROJ_REAL_52.0_design_and_documentation.4
PROJ_REAL_53.0,design_and_documentation.4,60,72.0,1,Design and Documentation.4,0.4414727868026394,0,12.0,180000.0,PROJ_REAL_53.0_design_and_documentation.4
PROJ_REAL_54.0,design_and_documentation.4,60,76.0,1,Design and Documentation.4,0.7345142759345336,0,16.0,240000.0,PROJ_REAL_54.0_design_and_documentation.4
PROJ_REAL_55.0,design_and_documentation.4,60,80.0,1,Design and Documentation.4,1.0,0,20.0,300000.0,PROJ_REAL_55.0_design_and_documentation.4
PROJ_REAL_56.0,design_and_documentation.4,60,64.0,0,Design and Documentation.4,0.122736662322656,0,4.0,0.0,PROJ_REAL_56.0_design_and_documentation.4
PROJ_REAL_57.0,design_and_documentation.4,60,80.0,1,Design and Documentation.4,1.0,0,20.0,300000.0,PROJ_REAL_57.0_design_and_documentation.4
PROJ_REAL_58.0,design_and_documentation.4,60,80.0,1,Design and Documentation.4,1.0,0,20.0,300000.0,PROJ_REAL_58.0_design_and_documentation.4
PROJ_REAL_59.0,design_and_documentation.4,60,80.0,1,Design and Documentation.4,0.9613349735455968,0,20.0,300000.0,PROJ_REAL_59.0_design_and_documentation.4
PROJ_REAL_60.0,design_and_documentation.4,60,76.0,1,Design and Documentation.4,0.7636745588786471,0,16.0,240000.0,PROJ_REAL_60.0_design_and_documentation.4
PROJ_REAL_61.0,design_and_documentation.4,60,76.0,1,Design and Documentation.4,0.9968130864130422,0,16.0,240000.0,PROJ_REAL_61.0_design_and_documentation.4
PROJ_REAL_62.0,design_and_documentation.4,60,72.0,1,Design and Documentation.4,0.5441464630230485,0,12.0,180000.0,PROJ_REAL_62.0_design_and_documentation.4
PROJ_REAL_63.0,design_and_documentation.4,60,80.0,1,Design and Documentation.4,0.971185230469962,0,20.0,300000.0,PROJ_REAL_63.0_design_and_documentation.4
PROJ_REAL_64.0,design_and_documentation.4,60,68.0,0,Design and Documentation.4,0.72327638865873,0,8.0,0.0,PROJ_REAL_64.0_design_and_documentation.4
PROJ_REAL_65.0,design_and_documentation.4,60,76.0,1,Design and Documentation.4,0.7808376810224212,0,16.0,240000.0,PROJ_REAL_65.0_design_and_documentation.4
PROJ_REAL_66.0,design_and_documentation.4,60,76.0,1,Design and Documentation.4,0.7241489340121424,0,16.0,240000.0,PROJ_REAL_66.0_design_and_documentation.4
PROJ_REAL_67.0,design_and_documentation.4,60,76.0,1,Design and Documentation.4,0.9106618565413532,0,16.0,240000.0,PROJ_REAL_67.0_design_and_documentation.4
PROJ_REAL_68.0,design_and_documentation.4,60,76.0,1,Design and Documentation.4,0.7778420225832207,0,16.0,240000.0,PROJ_REAL_68.0_design_and_documentation.4
PROJ_REAL_69.0,design_and_documentation.4,60,72.0,1,Design and Documentation.4,0.597280463859162,0,12.0,180000.0,PROJ_REAL_69.0_design_and_documentation.4
PROJ_REAL_70.0,design_and_documentation.4,60,76.0,1,Design and Documentation.4,0.9130290814825062,0,16.0,240000.0,PROJ_REAL_70.0_design_and_documentation.4
PROJ_REAL_71.0,design_and_documentation.4,60,76.0,1,Design and Documentation.4,0.6693391203789558,0,16.0,240000.0,PROJ_REAL_71.0_design_and_documentation.4
PROJ_REAL_72.0,design_and_documentation.4,60,72.0,1,Design and Documentation.4,0.5650201561291222,0,12.0,180000.0,PROJ_REAL_72.0_design_and_documentation.4
PROJ_REAL_73.0,design_and_documentation.4,60,80.0,1,Design and Documentation.4,1.0,0,20.0,300000.0,PROJ_REAL_73.0_design_and_documentation.4
PROJ_REAL_74.0,design_and_documentation.4,60,76.0,1,Design and Documentation.4,0.6609548989053899,0,16.0,240000.0,PROJ_REAL_74.0_design_and_documentation.4
PROJ_REAL_75.0,design_and_documentation.4,60,76.0,1,Design and Documentation.4,0.8183067498270242,0,16.0,240000.0,PROJ_REAL_75.0_design_and_documentation.4
PROJ_REAL_76.0,design_and_documentation.4,60,72.0,1,Design and Documentation.4,0.6140130951394379,0,12.0,180000.0,PROJ_REAL_76.0_design_and_documentation.4
PROJ_REAL_77.0,design_and_documentation.4,60,80.0,1,Design and Documentation.4,0.8760107798880915,0,20.0,300000.0,PROJ_REAL_77.0_design_and_documentation.4
PROJ_REAL_78.0,design_and_documentation.4,60,80.0,1,Design and Documentation.4,1.0,0,20.0,300000.0,PROJ_REAL_78.0_design_and_documentation.4
PROJ_REAL_79.0,design_and_documentation.4,60,72.0,1,Design and Documentation.4,0.6447539110737154,0,12.0,180000.0,PROJ_REAL_79.0_design_and_documentation.4
PROJ_REAL_80.0,design_and_documentation.4,60,76.0,1,Design and Documentation.4,0.963579021668536,0,16.0,240000.0,PROJ_REAL_80.0_design_and_documentation.4
PROJ_REAL_81.0,design_and_documentation.4,60,76.0,1,Design and Documentation.4,0.8617517345299819,0,16.0,240000.0,PROJ_REAL_81.0_design_and_documentation.4
PROJ_REAL_82.0,design_and_documentation.4,60,64.0,0,Design and Documentation.4,0.139214634729873,0,4.0,0.0,PROJ_REAL_82.0_design_and_documentation.4
PROJ_REAL_83.0,design_and_documentation.4,60,80.0,1,Design and Documentation.4,0.9560166520152448,0,20.0,300000.0,PROJ_REAL_83.0_design_and_documentation.4
PROJ_REAL_84.0,design_and_documentation.4,60,64.0,0,Design and Documentation.4,0.2116744737714284,0,4.0,0.0,PROJ_REAL_84.0_design_and_documentation.4
PROJ_REAL_85.0,design_and_documentation.4,60,76.0,1,Design and Documentation.4,0.73027736633798,0,16.0,240000.0,PROJ_REAL_85.0_design_and_documentation.4
PROJ_REAL_86.0,design_and_documentation.4,60,72.0,1,Design and Documentation.4,0.7246973772546836,0,12.0,180000.0,PROJ_REAL_86.0_design_and_documentation.4
PROJ_REAL_87.0,design_and_documentation.4,60,76.0,1,Design and Documentation.4,0.7594453546654935,0,16.0,240000.0,PROJ_REAL_87.0_design_and_documentation.4
PROJ_REAL_88.0,design_and_documentation.4,60,76.0,1,Design and Documentation.4,0.6457676478901401,0,16.0,240000.0,PROJ_REAL_88.0_design_and_documentation.4
PROJ_REAL_89.0,design_and_documentation.4,60,76.0,1,Design and Documentation.4,0.7406636543079091,0,16.0,240000.0,PROJ_REAL_89.0_design_and_documentation.4
PROJ_REAL_90.0,design_and_documentation.4,60,76.0,1,Design and Documentation.4,0.760360946668392,0,16.0,240000.0,PROJ_REAL_90.0_design_and_documentation.4
PROJ_REAL_91.0,design_and_documentation.4,60,76.0,1,Design and Documentation.4,1.0,0,16.0,240000.0,PROJ_REAL_91.0_design_and_documentation.4
PROJ_REAL_92.0,design_and_documentation.4,60,72.0,1,Design and Documentation.4,0.6005973523649156,0,12.0,180000.0,PROJ_REAL_92.0_design_and_documentation.4
PROJ_REAL_93.0,design_and_documentation.4,60,72.0,1,Design and Documentation.4,0.4809326781672867,0,12.0,180000.0,PROJ_REAL_93.0_design_and_documentation.4
PROJ_REAL_94.0,design_and_documentation.4,60,76.0,1,Design and Documentation.4,0.7893678867356003,0,16.0,240000.0,PROJ_REAL_94.0_design_and_documentation.4
PROJ_REAL_95.0,design_and_documentation.4,60,80.0,1,Design and Documentation.4,0.9939280515333108,0,20.0,300000.0,PROJ_REAL_95.0_design_and_documentation.4
PROJ_REAL_96.0,design_and_documentation.4,60,68.0,0,Design and Documentation.4,0.4610911742784978,0,8.0,0.0,PROJ_REAL_96.0_design_and_documentation.4
PROJ_REAL_97.0,design_and_documentation.4,60,72.0,1,Design and Documentation.4,0.5267870513227715,0,12.0,180000.0,PROJ_REAL_97.0_design_and_documentation.4
PROJ_REAL_98.0,design_and_documentation.4,60,80.0,1,Design and Documentation.4,0.9032420792207336,0,20.0,300000.0,PROJ_REAL_98.0_design_and_documentation.4
PROJ_REAL_99.0,design_and_documentation.4,60,76.0,1,Design and Documentation.4,0.9122363473285966,0,16.0,240000.0,PROJ_REAL_99.0_design_and_documentation.4
PROJ_REAL_100.0,design_and_documentation.4,60,80.0,1,Design and Documentation.4,0.9722345652268376,0,20.0,300000.0,PROJ_REAL_100.0_design_and_documentation.4
PROJ_REAL_101.0,design_and_documentation.4,60,72.0,1,Design and Documentation.4,0.7665423686985642,0,12.0,180000.0,PROJ_REAL_101.0_design_and_documentation.4
PROJ_REAL_102.0,design_and_documentation.4,60,68.0,0,Design and Documentation.4,0.174825750552637,0,8.0,0.0,PROJ_REAL_102.0_design_and_documentation.4
PROJ_REAL_103.0,design_and_documentation.4,60,80.0,1,Design and Documentation.4,1.0,0,20.0,300000.0,PROJ_REAL_103.0_design_and_documentation.4
PROJ_REAL_104.0,design_and_documentation.4,60,72.0,1,Design and Documentation.4,0.6607307490545485,0,12.0,180000.0,PROJ_REAL_104.0_design_and_documentation.4
PROJ_REAL_105.0,design_and_documentation.4,60,68.0,0,Design and Documentation.4,0.3141985632589451,0,8.0,0.0,PROJ_REAL_105.0_design_and_documentation.4
PROJ_REAL_106.0,design_and_documentation.4,60,80.0,1,Design and Documentation.4,0.7870274799234016,0,20.0,300000.0,PROJ_REAL_106.0_design_and_documentation.4
PROJ_REAL_107.0,design_and_documentation.4,60,72.0,1,Design and Documentation.4,0.7771908857030282,0,12.0,180000.0,PROJ_REAL_107.0_design_and_documentation.4
PROJ_REAL_108.0,design_and_documentation.4,60,72.0,1,Design and Documentation.4,0.6834757159008158,0,12.0,180000.0,PROJ_REAL_108.0_design_and_documentation.4
PROJ_REAL_109.0,design_and_documentation.4,60,76.0,1,Design and Documentation.4,0.7996787999132072,0,16.0,240000.0,PROJ_REAL_109.0_design_and_documentation.4
PROJ_REAL_110.0,design_and_documentation.4,60,72.0,1,Design and Documentation.4,0.6564450734106788,0,12.0,180000.0,PROJ_REAL_110.0_design_and_documentation.4
PROJ_REAL_111.0,design_and_documentation.4,60,80.0,1,Design and Documentation.4,0.959221991061068,0,20.0,300000.0,PROJ_REAL_111.0_design_and_documentation.4
PROJ_REAL_112.0,design_and_documentation.4,60,72.0,1,Design and Documentation.4,0.6672454022786,0,12.0,180000.0,PROJ_REAL_112.0_design_and_documentation.4
PROJ_REAL_113.0,design_and_documentation.4,60,72.0,1,Design and Documentation.4,0.7916751551519885,0,12.0,180000.0,PROJ_REAL_113.0_design_and_documentation.4
PROJ_REAL_114.0,design_and_documentation.4,60,64.0,0,Design and Documentation.4,0.1803130616511074,0,4.0,0.0,PROJ_REAL_114.0_design_and_documentation.4
PROJ_REAL_115.0,design_and_documentation.4,60,72.0,1,Design and Documentation.4,0.5367045001102331,0,12.0,180000.0,PROJ_REAL_115.0_design_and_documentation.4
PROJ_REAL_116.0,design_and_documentation.4,60,72.0,1,Design and Documentation.4,0.3970509504254862,0,12.0,180000.0,PROJ_REAL_116.0_design_and_documentation.4
PROJ_REAL_117.0,design_and_documentation.4,60,80.0,1,Design and Documentation.4,0.963420972742645,0,20.0,300000.0,PROJ_REAL_117.0_design_and_documentation.4
PROJ_REAL_118.0,design_and_documentation.4,60,80.0,1,Design and Documentation.4,1.0,0,20.0,300000.0,PROJ_REAL_118.0_design_and_documentation.4
PROJ_REAL_119.0,design_and_documentation.4,60,80.0,1,Design and Documentation.4,1.0,0,20.0,300000.0,PROJ_REAL_119.0_design_and_documentation.4
PROJ_REAL_120.0,design_and_documentation.4,60,80.0,1,Design and Documentation.4,0.9860710333772216,0,20.0,300000.0,PROJ_REAL_120.0_design_and_documentation.4
PROJ_REAL_121.0,design_and_documentation.4,60,76.0,1,Design and Documentation.4,0.5205908706004791,0,16.0,240000.0,PROJ_REAL_121.0_design_and_documentation.4
PROJ_REAL_122.0,design_and_documentation.4,60,72.0,1,Design and Documentation.4,0.5310225763837708,0,12.0,180000.0,PROJ_REAL_122.0_design_and_documentation.4
PROJ_REAL_123.0,design_and_documentation.4,60,64.0,0,Design and Documentation.4,0.201630844433192,0,4.0,0.0,PROJ_REAL_123.0_design_and_documentation.4
PROJ_REAL_124.0,design_and_documentation.4,60,80.0,1,Design and Documentation.4,0.9148577935540196,0,20.0,300000.0,PROJ_REAL_124.0_design_and_documentation.4
PROJ_REAL_125.0,design_and_documentation.4,60,80.0,1,Design and Documentation.4,1.0,0,20.0,300000.0,PROJ_REAL_125.0_design_and_documentation.4
PROJ_REAL_126.0,design_and_documentation.4,60,64.0,0,Design and Documentation.4,0.2480238162662335,0,4.0,0.0,PROJ_REAL_126.0_design_and_documentation.4
PROJ_REAL_127.0,design_and_documentation.4,60,72.0,1,Design and Documentation.4,0.6477676705589579,0,12.0,180000.0,PROJ_REAL_127.0_design_and_documentation.4
PROJ_REAL_128.0,design_and_documentation.4,60,72.0,1,Design and Documentation.4,0.563436939418706,0,12.0,180000.0,PROJ_REAL_128.0_design_and_documentation.4
PROJ_REAL_129.0,design_and_documentation.4,60,76.0,1,Design and Documentation.4,0.8911371652555705,0,16.0,240000.0,PROJ_REAL_129.0_design_and_documentation.4
PROJ_REAL_130.0,design_and_documentation.4,60,72.0,1,Design and Documentation.4,0.8189087045224571,0,12.0,180000.0,PROJ_REAL_130.0_design_and_documentation.4
PROJ_REAL_131.0,design_and_documentation.4,60,76.0,1,Design and Documentation.4,0.8391790239775128,0,16.0,240000.0,PROJ_REAL_131.0_design_and_documentation.4
PROJ_REAL_132.0,design_and_documentation.4,60,72.0,1,Design and Documentation.4,0.8036763474499005,0,12.0,180000.0,PROJ_REAL_132.0_design_and_documentation.4
PROJ_REAL_133.0,design_and_documentation.4,60,72.0,1,Design and Documentation.4,0.7156238410680303,0,12.0,180000.0,PROJ_REAL_133.0_design_and_documentation.4
PROJ_REAL_134.0,design_and_documentation.4,60,76.0,1,Design and Documentation.4,0.7110733282332034,0,16.0,240000.0,PROJ_REAL_134.0_design_and_documentation.4
PROJ_REAL_135.0,design_and_documentation.4,60,72.0,1,Design and Documentation.4,0.8304441427129452,0,12.0,180000.0,PROJ_REAL_135.0_design_and_documentation.4
PROJ_REAL_136.0,design_and_documentation.4,60,76.0,1,Design and Documentation.4,0.6560208469482047,0,16.0,240000.0,PROJ_REAL_136.0_design_and_documentation.4
PROJ_REAL_137.0,design_and_documentation.4,60,76.0,1,Design and Documentation.4,0.6949181728963503,0,16.0,240000.0,PROJ_REAL_137.0_design_and_documentation.4
PROJ_REAL_138.0,design_and_documentation.4,60,72.0,1,Design and Documentation.4,0.4187930124931417,0,12.0,180000.0,PROJ_REAL_138.0_design_and_documentation.4
PROJ_REAL_139.0,design_and_documentation.4,60,76.0,1,Design and Documentation.4,0.9441373933293766,0,16.0,240000.0,PROJ_REAL_139.0_design_and_documentation.4
PROJ_REAL_140.0,design_and_documentation.4,60,76.0,1,Design and Documentation.4,0.725809704447324,0,16.0,240000.0,PROJ_REAL_140.0_design_and_documentation.4
PROJ_REAL_141.0,design_and_documentation.4,60,76.0,1,Design and Documentation.4,0.8859437596361279,0,16.0,240000.0,PROJ_REAL_141.0_design_and_documentation.4
PROJ_REAL_142.0,design_and_documentation.4,60,76.0,1,Design and Documentation.4,0.7180975605285689,0,16.0,240000.0,PROJ_REAL_142.0_design_and_documentation.4
PROJ_REAL_143.0,design_and_documentation.4,60,68.0,0,Design and Documentation.4,0.2769052014260126,0,8.0,0.0,PROJ_REAL_143.0_design_and_documentation.4
PROJ_REAL_1.0,design_and_documentation.5,60,72.0,1,Design and Documentation.5,0.5159464282216507,0,12.0,180000.0,PROJ_REAL_1.0_design_and_documentation.5
PROJ_REAL_2.0,design_and_documentation.5,60,80.0,1,Design and Documentation.5,0.9324491380573676,0,20.0,300000.0,PROJ_REAL_2.0_design_and_documentation.5
PROJ_REAL_3.0,design_and_documentation.5,60,68.0,0,Design and Documentation.5,0.526021290578371,0,8.0,0.0,PROJ_REAL_3.0_design_and_documentation.5
PROJ_REAL_4.0,design_and_documentation.5,60,72.0,1,Design and Documentation.5,0.5677514761629661,0,12.0,180000.0,PROJ_REAL_4.0_design_and_documentation.5
PROJ_REAL_5.0,design_and_documentation.5,60,68.0,0,Design and Documentation.5,0.3091267451477289,0,8.0,0.0,PROJ_REAL_5.0_design_and_documentation.5
PROJ_REAL_6.0,design_and_documentation.5,60,76.0,1,Design and Documentation.5,0.8540551354869436,0,16.0,240000.0,PROJ_REAL_6.0_design_and_documentation.5
PROJ_REAL_7.0,design_and_documentation.5,60,76.0,1,Design and Documentation.5,0.8996400232937227,0,16.0,240000.0,PROJ_REAL_7.0_design_and_documentation.5
PROJ_REAL_8.0,design_and_documentation.5,60,76.0,1,Design and Documentation.5,0.7334420637843371,0,16.0,240000.0,PROJ_REAL_8.0_design_and_documentation.5
PROJ_REAL_9.0,design_and_documentation.5,60,76.0,1,Design and Documentation.5,0.7460375567154177,0,16.0,240000.0,PROJ_REAL_9.0_design_and_documentation.5
PROJ_REAL_10.0,design_and_documentation.5,60,76.0,1,Design and Documentation.5,0.7651036813877624,0,16.0,240000.0,PROJ_REAL_10.0_design_and_documentation.5
PROJ_REAL_11.0,design_and_documentation.5,60,68.0,0,Design and Documentation.5,0.5246287781519066,0,8.0,0.0,PROJ_REAL_11.0_design_and_documentation.5
PROJ_REAL_12.0,design_and_documentation.5,60,72.0,1,Design and Documentation.5,0.5387503727110721,0,12.0,180000.0,PROJ_REAL_12.0_design_and_documentation.5
PROJ_REAL_13.0,design_and_documentation.5,60,80.0,1,Design and Documentation.5,0.8524898020062144,0,20.0,300000.0,PROJ_REAL_13.0_design_and_documentation.5
PROJ_REAL_14.0,design_and_documentation.5,60,76.0,1,Design and Documentation.5,0.733394491364341,0,16.0,240000.0,PROJ_REAL_14.0_design_and_documentation.5
PROJ_REAL_15.0,design_and_documentation.5,60,72.0,1,Design and Documentation.5,0.6070577987750817,0,12.0,180000.0,PROJ_REAL_15.0_design_and_documentation.5
PROJ_REAL_16.0,design_and_documentation.5,60,64.0,0,Design and Documentation.5,0.0100351193016438,0,4.0,0.0,PROJ_REAL_16.0_design_and_documentation.5
PROJ_REAL_17.0,design_and_documentation.5,60,72.0,1,Design and Documentation.5,0.3767848880284483,0,12.0,180000.0,PROJ_REAL_17.0_design_and_documentation.5
PROJ_REAL_18.0,design_and_documentation.5,60,76.0,1,Design and Documentation.5,0.7762239911649218,0,16.0,240000.0,PROJ_REAL_18.0_design_and_documentation.5
PROJ_REAL_19.0,design_and_documentation.5,60,76.0,1,Design and Documentation.5,0.7945991227950393,0,16.0,240000.0,PROJ_REAL_19.0_design_and_documentation.5
PROJ_REAL_20.0,design_and_documentation.5,60,80.0,1,Design and Documentation.5,1.0,0,20.0,300000.0,PROJ_REAL_20.0_design_and_documentation.5
PROJ_REAL_21.0,design_and_documentation.5,60,72.0,1,Design and Documentation.5,0.502278927917074,0,12.0,180000.0,PROJ_REAL_21.0_design_and_documentation.5
PROJ_REAL_22.0,design_and_documentation.5,60,72.0,1,Design and Documentation.5,0.555172392219663,0,12.0,180000.0,PROJ_REAL_22.0_design_and_documentation.5
PROJ_REAL_23.0,design_and_documentation.5,60,80.0,1,Design and Documentation.5,1.0,0,20.0,300000.0,PROJ_REAL_23.0_design_and_documentation.5
PROJ_REAL_24.0,design_and_documentation.5,60,72.0,1,Design and Documentation.5,0.6129928814341862,0,12.0,180000.0,PROJ_REAL_24.0_design_and_documentation.5
PROJ_REAL_25.0,design_and_documentation.5,60,76.0,1,Design and Documentation.5,0.8190339875872454,0,16.0,240000.0,PROJ_REAL_25.0_design_and_documentation.5
PROJ_REAL_26.0,design_and_documentation.5,60,68.0,0,Design and Documentation.5,0.5008614438357262,0,8.0,0.0,PROJ_REAL_26.0_design_and_documentation.5
PROJ_REAL_27.0,design_and_documentation.5,60,76.0,1,Design and Documentation.5,0.8656155298479262,0,16.0,240000.0,PROJ_REAL_27.0_design_and_documentation.5
PROJ_REAL_28.0,design_and_documentation.5,60,68.0,0,Design and Documentation.5,0.3877486837334961,0,8.0,0.0,PROJ_REAL_28.0_design_and_documentation.5
PROJ_REAL_29.0,design_and_documentation.5,60,76.0,1,Design and Documentation.5,0.7477701359070968,0,16.0,240000.0,PROJ_REAL_29.0_design_and_documentation.5
PROJ_REAL_30.0,design_and_documentation.5,60,76.0,1,Design and Documentation.5,0.8512764687990325,0,16.0,240000.0,PROJ_REAL_30.0_design_and_documentation.5
PROJ_REAL_31.0,design_and_documentation.5,60,72.0,1,Design and Documentation.5,0.4448006615181694,0,12.0,180000.0,PROJ_REAL_31.0_design_and_documentation.5
PROJ_REAL_32.0,design_and_documentation.5,60,76.0,1,Design and Documentation.5,0.731051220908101,0,16.0,240000.0,PROJ_REAL_32.0_design_and_documentation.5
PROJ_REAL_33.0,design_and_documentation.5,60,72.0,1,Design and Documentation.5,0.6916609736643204,0,12.0,180000.0,PROJ_REAL_33.0_design_and_documentation.5
PROJ_REAL_34.0,design_and_documentation.5,60,68.0,0,Design and Documentation.5,0.3299372768705126,0,8.0,0.0,PROJ_REAL_34.0_design_and_documentation.5
PROJ_REAL_35.0,design_and_documentation.5,60,76.0,1,Design and Documentation.5,0.8968156918072754,0,16.0,240000.0,PROJ_REAL_35.0_design_and_documentation.5
PROJ_REAL_36.0,design_and_documentation.5,60,80.0,1,Design and Documentation.5,0.8879518661465213,0,20.0,300000.0,PROJ_REAL_36.0_design_and_documentation.5
PROJ_REAL_37.0,design_and_documentation.5,60,76.0,1,Design and Documentation.5,0.7837082589647002,0,16.0,240000.0,PROJ_REAL_37.0_design_and_documentation.5
PROJ_REAL_38.0,design_and_documentation.5,60,68.0,0,Design and Documentation.5,0.3484013443040424,0,8.0,0.0,PROJ_REAL_38.0_design_and_documentation.5
PROJ_REAL_39.0,design_and_documentation.5,60,72.0,1,Design and Documentation.5,0.5909369652764347,0,12.0,180000.0,PROJ_REAL_39.0_design_and_documentation.5
PROJ_REAL_40.0,design_and_documentation.5,60,76.0,1,Design and Documentation.5,0.8530145246820645,0,16.0,240000.0,PROJ_REAL_40.0_design_and_documentation.5
PROJ_REAL_41.0,design_and_documentation.5,60,72.0,1,Design and Documentation.5,0.6247066646899858,0,12.0,180000.0,PROJ_REAL_41.0_design_and_documentation.5
PROJ_REAL_42.0,design_and_documentation.5,60,76.0,1,Design and Documentation.5,0.7275892069477685,0,16.0,240000.0,PROJ_REAL_42.0_design_and_documentation.5
PROJ_REAL_43.0,design_and_documentation.5,60,72.0,1,Design and Documentation.5,0.6644995197169313,0,12.0,180000.0,PROJ_REAL_43.0_design_and_documentation.5
PROJ_REAL_44.0,design_and_documentation.5,60,72.0,1,Design and Documentation.5,0.7873611044758223,0,12.0,180000.0,PROJ_REAL_44.0_design_and_documentation.5
PROJ_REAL_45.0,design_and_documentation.5,60,72.0,1,Design and Documentation.5,0.7352150016466088,0,12.0,180000.0,PROJ_REAL_45.0_design_and_documentation.5
PROJ_REAL_46.0,design_and_documentation.5,60,72.0,1,Design and Documentation.5,0.6587822219851656,0,12.0,180000.0,PROJ_REAL_46.0_design_and_documentation.5
PROJ_REAL_47.0,design_and_documentation.5,60,68.0,0,Design and Documentation.5,0.5155345863109052,0,8.0,0.0,PROJ_REAL_47.0_design_and_documentation.5
PROJ_REAL_48.0,design_and_documentation.5,60,76.0,1,Design and Documentation.5,0.7475374119176815,0,16.0,240000.0,PROJ_REAL_48.0_design_and_documentation.5
PROJ_REAL_49.0,design_and_documentation.5,60,76.0,1,Design and Documentation.5,0.9026964933817888,0,16.0,240000.0,PROJ_REAL_49.0_design_and_documentation.5
PROJ_REAL_50.0,design_and_documentation.5,60,76.0,1,Design and Documentation.5,0.8615587111950728,0,16.0,240000.0,PROJ_REAL_50.0_design_and_documentation.5
PROJ_REAL_51.0,design_and_documentation.5,60,76.0,1,Design and Documentation.5,1.0,0,16.0,240000.0,PROJ_REAL_51.0_design_and_documentation.5
PROJ_REAL_52.0,design_and_documentation.5,60,76.0,1,Design and Documentation.5,0.6867595393020411,0,16.0,240000.0,PROJ_REAL_52.0_design_and_documentation.5
PROJ_REAL_53.0,design_and_documentation.5,60,76.0,1,Design and Documentation.5,0.8205220960419781,0,16.0,240000.0,PROJ_REAL_53.0_design_and_documentation.5
PROJ_REAL_54.0,design_and_documentation.5,60,72.0,1,Design and Documentation.5,0.5684007362767859,0,12.0,180000.0,PROJ_REAL_54.0_design_and_documentation.5
PROJ_REAL_55.0,design_and_documentation.5,60,80.0,1,Design and Documentation.5,0.898382292968677,0,20.0,300000.0,PROJ_REAL_55.0_design_and_documentation.5
PROJ_REAL_56.0,design_and_documentation.5,60,64.0,0,Design and Documentation.5,0.4592931691294091,0,4.0,0.0,PROJ_REAL_56.0_design_and_documentation.5
PROJ_REAL_57.0,design_and_documentation.5,60,76.0,1,Design and Documentation.5,0.8923987811020173,0,16.0,240000.0,PROJ_REAL_57.0_design_and_documentation.5
PROJ_REAL_58.0,design_and_documentation.5,60,72.0,1,Design and Documentation.5,0.5522024644900707,0,12.0,180000.0,PROJ_REAL_58.0_design_and_documentation.5
PROJ_REAL_59.0,design_and_documentation.5,60,72.0,1,Design and Documentation.5,0.7654522194019845,0,12.0,180000.0,PROJ_REAL_59.0_design_and_documentation.5
PROJ_REAL_60.0,design_and_documentation.5,60,72.0,1,Design and Documentation.5,0.6126666988467022,0,12.0,180000.0,PROJ_REAL_60.0_design_and_documentation.5
PROJ_REAL_61.0,design_and_documentation.5,60,72.0,1,Design and Documentation.5,0.517212676233562,0,12.0,180000.0,PROJ_REAL_61.0_design_and_documentation.5
PROJ_REAL_62.0,design_and_documentation.5,60,76.0,1,Design and Documentation.5,0.4668833199448796,0,16.0,240000.0,PROJ_REAL_62.0_design_and_documentation.5
PROJ_REAL_63.0,design_and_documentation.5,60,72.0,1,Design and Documentation.5,0.70463715432453,0,12.0,180000.0,PROJ_REAL_63.0_design_and_documentation.5
PROJ_REAL_64.0,design_and_documentation.5,60,68.0,0,Design and Documentation.5,0.364642726144477,0,8.0,0.0,PROJ_REAL_64.0_design_and_documentation.5
PROJ_REAL_65.0,design_and_documentation.5,60,76.0,1,Design and Documentation.5,0.9363010738980536,0,16.0,240000.0,PROJ_REAL_65.0_design_and_documentation.5
PROJ_REAL_66.0,design_and_documentation.5,60,80.0,1,Design and Documentation.5,1.0,0,20.0,300000.0,PROJ_REAL_66.0_design_and_documentation.5
PROJ_REAL_67.0,design_and_documentation.5,60,80.0,1,Design and Documentation.5,1.0,0,20.0,300000.0,PROJ_REAL_67.0_design_and_documentation.5
PROJ_REAL_68.0,design_and_documentation.5,60,72.0,1,Design and Documentation.5,0.7831796993386265,0,12.0,180000.0,PROJ_REAL_68.0_design_and_documentation.5
PROJ_REAL_69.0,design_and_documentation.5,60,76.0,1,Design and Documentation.5,0.8698561285995775,0,16.0,240000.0,PROJ_REAL_69.0_design_and_documentation.5
PROJ_REAL_70.0,design_and_documentation.5,60,80.0,1,Design and Documentation.5,1.0,0,20.0,300000.0,PROJ_REAL_70.0_design_and_documentation.5
PROJ_REAL_71.0,design_and_documentation.5,60,72.0,1,Design and Documentation.5,0.5473597002203485,0,12.0,180000.0,PROJ_REAL_71.0_design_and_documentation.5
PROJ_REAL_72.0,design_and_documentation.5,60,68.0,0,Design and Documentation.5,0.7230086106648412,0,8.0,0.0,PROJ_REAL_72.0_design_and_documentation.5
PROJ_REAL_73.0,design_and_documentation.5,60,80.0,1,Design and Documentation.5,0.939522602185162,0,20.0,300000.0,PROJ_REAL_73.0_design_and_documentation.5
PROJ_REAL_74.0,design_and_documentation.5,60,72.0,1,Design and Documentation.5,0.7108817123616163,0,12.0,180000.0,PROJ_REAL_74.0_design_and_documentation.5
PROJ_REAL_75.0,design_and_documentation.5,60,72.0,1,Design and Documentation.5,0.6766437154291169,0,12.0,180000.0,PROJ_REAL_75.0_design_and_documentation.5
PROJ_REAL_76.0,design_and_documentation.5,60,72.0,1,Design and Documentation.5,0.7689369256804606,0,12.0,180000.0,PROJ_REAL_76.0_design_and_documentation.5
PROJ_REAL_77.0,design_and_documentation.5,60,80.0,1,Design and Documentation.5,0.9004383371913282,0,20.0,300000.0,PROJ_REAL_77.0_design_and_documentation.5
PROJ_REAL_78.0,design_and_documentation.5,60,80.0,1,Design and Documentation.5,1.0,0,20.0,300000.0,PROJ_REAL_78.0_design_and_documentation.5
PROJ_REAL_79.0,design_and_documentation.5,60,76.0,1,Design and Documentation.5,0.7852692465283885,0,16.0,240000.0,PROJ_REAL_79.0_design_and_documentation.5
PROJ_REAL_80.0,design_and_documentation.5,60,72.0,1,Design and Documentation.5,0.613056331774196,0,12.0,180000.0,PROJ_REAL_80.0_design_and_documentation.5
PROJ_REAL_81.0,design_and_documentation.5,60,76.0,1,Design and Documentation.5,0.8542989722813698,0,16.0,240000.0,PROJ_REAL_81.0_design_and_documentation.5
PROJ_REAL_82.0,design_and_documentation.5,60,64.0,0,Design and Documentation.5,0.233847041155896,0,4.0,0.0,PROJ_REAL_82.0_design_and_documentation.5
PROJ_REAL_83.0,design_and_documentation.5,60,76.0,1,Design and Documentation.5,0.7338816304528556,0,16.0,240000.0,PROJ_REAL_83.0_design_and_documentation.5
PROJ_REAL_84.0,design_and_documentation.5,60,76.0,1,Design and Documentation.5,0.7088573797091569,0,16.0,240000.0,PROJ_REAL_84.0_design_and_documentation.5
PROJ_REAL_85.0,design_and_documentation.5,60,68.0,0,Design and Documentation.5,0.2977654683780212,0,8.0,0.0,PROJ_REAL_85.0_design_and_documentation.5
PROJ_REAL_86.0,design_and_documentation.5,60,72.0,1,Design and Documentation.5,0.7635103261982235,0,12.0,180000.0,PROJ_REAL_86.0_design_and_documentation.5
PROJ_REAL_87.0,design_and_documentation.5,60,76.0,1,Design and Documentation.5,0.7398575992812353,0,16.0,240000.0,PROJ_REAL_87.0_design_and_documentation.5
PROJ_REAL_88.0,design_and_documentation.5,60,76.0,1,Design and Documentation.5,0.8771722120955494,0,16.0,240000.0,PROJ_REAL_88.0_design_and_documentation.5
PROJ_REAL_89.0,design_and_documentation.5,60,80.0,1,Design and Documentation.5,1.0,0,20.0,300000.0,PROJ_REAL_89.0_design_and_documentation.5
PROJ_REAL_90.0,design_and_documentation.5,60,72.0,1,Design and Documentation.5,0.4712916230372419,0,12.0,180000.0,PROJ_REAL_90.0_design_and_documentation.5
PROJ_REAL_91.0,design_and_documentation.5,60,80.0,1,Design and Documentation.5,0.7995868436245546,0,20.0,300000.0,PROJ_REAL_91.0_design_and_documentation.5
PROJ_REAL_92.0,design_and_documentation.5,60,72.0,1,Design and Documentation.5,0.7229094143554106,0,12.0,180000.0,PROJ_REAL_92.0_design_and_documentation.5
PROJ_REAL_93.0,design_and_documentation.5,60,72.0,1,Design and Documentation.5,0.5994737205617117,0,12.0,180000.0,PROJ_REAL_93.0_design_and_documentation.5
PROJ_REAL_94.0,design_and_documentation.5,60,68.0,0,Design and Documentation.5,0.2848125242862261,0,8.0,0.0,PROJ_REAL_94.0_design_and_documentation.5
PROJ_REAL_95.0,design_and_documentation.5,60,80.0,1,Design and Documentation.5,1.0,0,20.0,300000.0,PROJ_REAL_95.0_design_and_documentation.5
PROJ_REAL_96.0,design_and_documentation.5,60,76.0,1,Design and Documentation.5,0.7368042217691474,0,16.0,240000.0,PROJ_REAL_96.0_design_and_documentation.5
PROJ_REAL_97.0,design_and_documentation.5,60,72.0,1,Design and Documentation.5,0.6644048031443655,0,12.0,180000.0,PROJ_REAL_97.0_design_and_documentation.5
PROJ_REAL_98.0,design_and_documentation.5,60,80.0,1,Design and Documentation.5,0.978600603747932,0,20.0,300000.0,PROJ_REAL_98.0_design_and_documentation.5
PROJ_REAL_99.0,design_and_documentation.5,60,72.0,1,Design and Documentation.5,0.6018636506288656,0,12.0,180000.0,PROJ_REAL_99.0_design_and_documentation.5
PROJ_REAL_100.0,design_and_documentation.5,60,72.0,1,Design and Documentation.5,0.6245904943681482,0,12.0,180000.0,PROJ_REAL_100.0_design_and_documentation.5
PROJ_REAL_101.0,design_and_documentation.5,60,72.0,1,Design and Documentation.5,0.6581520525657703,0,12.0,180000.0,PROJ_REAL_101.0_design_and_documentation.5
PROJ_REAL_102.0,design_and_documentation.5,60,76.0,1,Design and Documentation.5,0.743355209695113,0,16.0,240000.0,PROJ_REAL_102.0_design_and_documentation.5
PROJ_REAL_103.0,design_and_documentation.5,60,80.0,1,Design and Documentation.5,0.9845382510989832,0,20.0,300000.0,PROJ_REAL_103.0_design_and_documentation.5
PROJ_REAL_104.0,design_and_documentation.5,60,76.0,1,Design and Documentation.5,0.7383107104937665,0,16.0,240000.0,PROJ_REAL_104.0_design_and_documentation.5
PROJ_REAL_105.0,design_and_documentation.5,60,76.0,1,Design and Documentation.5,0.8198097018255426,0,16.0,240000.0,PROJ_REAL_105.0_design_and_documentation.5
PROJ_REAL_106.0,design_and_documentation.5,60,68.0,0,Design and Documentation.5,0.2379074440813189,0,8.0,0.0,PROJ_REAL_106.0_design_and_documentation.5
PROJ_REAL_107.0,design_and_documentation.5,60,72.0,1,Design and Documentation.5,0.4946279444977354,0,12.0,180000.0,PROJ_REAL_107.0_design_and_documentation.5
PROJ_REAL_108.0,design_and_documentation.5,60,72.0,1,Design and Documentation.5,0.5622157032257842,0,12.0,180000.0,PROJ_REAL_108.0_design_and_documentation.5
PROJ_REAL_109.0,design_and_documentation.5,60,76.0,1,Design and Documentation.5,0.8770469592057907,0,16.0,240000.0,PROJ_REAL_109.0_design_and_documentation.5
PROJ_REAL_110.0,design_and_documentation.5,60,76.0,1,Design and Documentation.5,0.8822980336146012,0,16.0,240000.0,PROJ_REAL_110.0_design_and_documentation.5
PROJ_REAL_111.0,design_and_documentation.5,60,80.0,1,Design and Documentation.5,1.0,0,20.0,300000.0,PROJ_REAL_111.0_design_and_documentation.5
PROJ_REAL_112.0,design_and_documentation.5,60,76.0,1,Design and Documentation.5,0.728087469758097,0,16.0,240000.0,PROJ_REAL_112.0_design_and_documentation.5
PROJ_REAL_113.0,design_and_documentation.5,60,68.0,0,Design and Documentation.5,0.5387752755521031,0,8.0,0.0,PROJ_REAL_113.0_design_and_documentation.5
PROJ_REAL_114.0,design_and_documentation.5,60,72.0,1,Design and Documentation.5,0.4434547578583457,0,12.0,180000.0,PROJ_REAL_114.0_design_and_documentation.5
PROJ_REAL_115.0,design_and_documentation.5,60,68.0,0,Design and Documentation.5,0.3927849248494492,0,8.0,0.0,PROJ_REAL_115.0_design_and_documentation.5
PROJ_REAL_116.0,design_and_documentation.5,60,72.0,1,Design and Documentation.5,0.3824162630133121,0,12.0,180000.0,PROJ_REAL_116.0_design_and_documentation.5
PROJ_REAL_117.0,design_and_documentation.5,60,72.0,1,Design and Documentation.5,0.4921870295249488,0,12.0,180000.0,PROJ_REAL_117.0_design_and_documentation.5
PROJ_REAL_118.0,design_and_documentation.5,60,80.0,1,Design and Documentation.5,0.8189025396088592,0,20.0,300000.0,PROJ_REAL_118.0_design_and_documentation.5
PROJ_REAL_119.0,design_and_documentation.5,60,68.0,0,Design and Documentation.5,0.4081357240321068,0,8.0,0.0,PROJ_REAL_119.0_design_and_documentation.5
PROJ_REAL_120.0,design_and_documentation.5,60,80.0,1,Design and Documentation.5,0.9762444136517764,0,20.0,300000.0,PROJ_REAL_120.0_design_and_documentation.5
PROJ_REAL_121.0,design_and_documentation.5,60,72.0,1,Design and Documentation.5,0.5661105973823166,0,12.0,180000.0,PROJ_REAL_121.0_design_and_documentation.5
PROJ_REAL_122.0,design_and_documentation.5,60,68.0,0,Design and Documentation.5,0.293888122260074,0,8.0,0.0,PROJ_REAL_122.0_design_and_documentation.5
PROJ_REAL_123.0,design_and_documentation.5,60,72.0,1,Design and Documentation.5,0.6042992292230143,0,12.0,180000.0,PROJ_REAL_123.0_design_and_documentation.5
PROJ_REAL_124.0,design_and_documentation.5,60,80.0,1,Design and Documentation.5,1.0,0,20.0,300000.0,PROJ_REAL_124.0_design_and_documentation.5
PROJ_REAL_125.0,design_and_documentation.5,60,80.0,1,Design and Documentation.5,1.0,0,20.0,300000.0,PROJ_REAL_125.0_design_and_documentation.5
PROJ_REAL_126.0,design_and_documentation.5,60,72.0,1,Design and Documentation.5,0.542230175531403,0,12.0,180000.0,PROJ_REAL_126.0_design_and_documentation.5
PROJ_REAL_127.0,design_and_documentation.5,60,68.0,0,Design and Documentation.5,0.4388716217726505,0,8.0,0.0,PROJ_REAL_127.0_design_and_documentation.5
PROJ_REAL_128.0,design_and_documentation.5,60,68.0,0,Design and Documentation.5,0.3540914005910482,0,8.0,0.0,PROJ_REAL_128.0_design_and_documentation.5
PROJ_REAL_129.0,design_and_documentation.5,60,72.0,1,Design and Documentation.5,0.7088914626566636,0,12.0,180000.0,PROJ_REAL_129.0_design_and_documentation.5
PROJ_REAL_130.0,design_and_documentation.5,60,76.0,1,Design and Documentation.5,0.9404827581360744,0,16.0,240000.0,PROJ_REAL_130.0_design_and_documentation.5
PROJ_REAL_131.0,design_and_documentation.5,60,72.0,1,Design and Documentation.5,0.5286100588996694,0,12.0,180000.0,PROJ_REAL_131.0_design_and_documentation.5
PROJ_REAL_132.0,design_and_documentation.5,60,76.0,1,Design and Documentation.5,0.84741226487841,0,16.0,240000.0,PROJ_REAL_132.0_design_and_documentation.5
PROJ_REAL_133.0,design_and_documentation.5,60,72.0,1,Design and Documentation.5,0.7307926761993766,0,12.0,180000.0,PROJ_REAL_133.0_design_and_documentation.5
PROJ_REAL_134.0,design_and_documentation.5,60,72.0,1,Design and Documentation.5,0.6169167739882447,0,12.0,180000.0,PROJ_REAL_134.0_design_and_documentation.5
PROJ_REAL_135.0,design_and_documentation.5,60,68.0,0,Design and Documentation.5,0.2181038790602947,0,8.0,0.0,PROJ_REAL_135.0_design_and_documentation.5
PROJ_REAL_136.0,design_and_documentation.5,60,72.0,1,Design and Documentation.5,0.5713134301237685,0,12.0,180000.0,PROJ_REAL_136.0_design_and_documentation.5
PROJ_REAL_137.0,design_and_documentation.5,60,80.0,1,Design and Documentation.5,1.0,0,20.0,300000.0,PROJ_REAL_137.0_design_and_documentation.5
PROJ_REAL_138.0,design_and_documentation.5,60,76.0,1,Design and Documentation.5,0.9574052113703604,0,16.0,240000.0,PROJ_REAL_138.0_design_and_documentation.5
PROJ_REAL_139.0,design_and_documentation.5,60,80.0,1,Design and Documentation.5,1.0,0,20.0,300000.0,PROJ_REAL_139.0_design_and_documentation.5
PROJ_REAL_140.0,design_and_documentation.5,60,76.0,1,Design and Documentation.5,0.7855154754808279,0,16.0,240000.0,PROJ_REAL_140.0_design_and_documentation.5
PROJ_REAL_141.0,design_and_documentation.5,60,76.0,1,Design and Documentation.5,0.7767381322078197,0,16.0,240000.0,PROJ_REAL_141.0_design_and_documentation.5
PROJ_REAL_142.0,design_and_documentation.5,60,76.0,1,Design and Documentation.5,0.8161178895411564,0,16.0,240000.0,PROJ_REAL_142.0_design_and_documentation.5
PROJ_REAL_143.0,design_and_documentation.5,60,76.0,1,Design and Documentation.5,0.9855045037960471,0,16.0,240000.0,PROJ_REAL_143.0_design_and_documentation.5
PROJ_REAL_1.0,management_and_organization,60,72.0,1,Management and Organization,0.6224642322664423,0,12.0,180000.0,PROJ_REAL_1.0_management_and_organization
PROJ_REAL_2.0,management_and_organization,60,72.0,1,Management and Organization,0.5222744248195613,0,12.0,180000.0,PROJ_REAL_2.0_management_and_organization
PROJ_REAL_3.0,management_and_organization,60,72.0,1,Management and Organization,0.6331080684610155,0,12.0,180000.0,PROJ_REAL_3.0_management_and_organization
PROJ_REAL_4.0,management_and_organization,60,68.0,0,Management and Organization,0.2684287088687843,0,8.0,0.0,PROJ_REAL_4.0_management_and_organization
PROJ_REAL_5.0,management_and_organization,60,76.0,1,Management and Organization,0.5573364333322348,0,16.0,240000.0,PROJ_REAL_5.0_management_and_organization
PROJ_REAL_6.0,management_and_organization,60,68.0,0,Management and Organization,0.3008191201038053,0,8.0,0.0,PROJ_REAL_6.0_management_and_organization
PROJ_REAL_7.0,management_and_organization,60,68.0,0,Management and Organization,0.470292245252822,0,8.0,0.0,PROJ_REAL_7.0_management_and_organization
PROJ_REAL_8.0,management_and_organization,60,68.0,0,Management and Organization,0.2393769346438899,0,8.0,0.0,PROJ_REAL_8.0_management_and_organization
PROJ_REAL_9.0,management_and_organization,60,68.0,0,Management and Organization,0.5107516391581273,0,8.0,0.0,PROJ_REAL_9.0_management_and_organization
PROJ_REAL_10.0,management_and_organization,60,68.0,0,Management and Organization,0.6203773143793644,0,8.0,0.0,PROJ_REAL_10.0_management_and_organization
PROJ_REAL_11.0,management_and_organization,60,68.0,0,Management and Organization,0.2957607653763254,0,8.0,0.0,PROJ_REAL_11.0_management_and_organization
PROJ_REAL_12.0,management_and_organization,60,72.0,1,Management and Organization,0.5714774924980913,0,12.0,180000.0,PROJ_REAL_12.0_management_and_organization
PROJ_REAL_13.0,management_and_organization,60,72.0,1,Management and Organization,0.7272766652409679,0,12.0,180000.0,PROJ_REAL_13.0_management_and_organization
PROJ_REAL_14.0,management_and_organization,60,76.0,1,Management and Organization,0.7290357877270531,0,16.0,240000.0,PROJ_REAL_14.0_management_and_organization
PROJ_REAL_15.0,management_and_organization,60,72.0,1,Management and Organization,0.3521244166153523,0,12.0,180000.0,PROJ_REAL_15.0_management_and_organization
PROJ_REAL_16.0,management_and_organization,60,68.0,0,Management and Organization,0.3197077629283302,0,8.0,0.0,PROJ_REAL_16.0_management_and_organization
PROJ_REAL_17.0,management_and_organization,60,76.0,1,Management and Organization,0.7129649533251033,0,16.0,240000.0,PROJ_REAL_17.0_management_and_organization
PROJ_REAL_18.0,management_and_organization,60,72.0,1,Management and Organization,0.6133524902504109,0,12.0,180000.0,PROJ_REAL_18.0_management_and_organization
PROJ_REAL_19.0,management_and_organization,60,64.0,0,Management and Organization,0.227324386608106,0,4.0,0.0,PROJ_REAL_19.0_management_and_organization
PROJ_REAL_20.0,management_and_organization,60,76.0,1,Management and Organization,0.8500673235935615,0,16.0,240000.0,PROJ_REAL_20.0_management_and_organization
PROJ_REAL_21.0,management_and_organization,60,76.0,1,Management and Organization,0.7150454837253867,0,16.0,240000.0,PROJ_REAL_21.0_management_and_organization
PROJ_REAL_22.0,management_and_organization,60,72.0,1,Management and Organization,0.7901996048553585,0,12.0,180000.0,PROJ_REAL_22.0_management_and_organization
PROJ_REAL_23.0,management_and_organization,60,72.0,1,Management and Organization,0.6087536514928538,0,12.0,180000.0,PROJ_REAL_23.0_management_and_organization
PROJ_REAL_24.0,management_and_organization,60,72.0,1,Management and Organization,0.6276664740062566,0,12.0,180000.0,PROJ_REAL_24.0_management_and_organization
PROJ_REAL_25.0,management_and_organization,60,76.0,1,Management and Organization,0.7249247299589798,0,16.0,240000.0,PROJ_REAL_25.0_management_and_organization
PROJ_REAL_26.0,management_and_organization,60,64.0,0,Management and Organization,0.2042980527739156,0,4.0,0.0,PROJ_REAL_26.0_management_and_organization
PROJ_REAL_27.0,management_and_organization,60,72.0,1,Management and Organization,0.5498841829625307,0,12.0,180000.0,PROJ_REAL_27.0_management_and_organization
PROJ_REAL_28.0,management_and_organization,60,68.0,0,Management and Organization,0.3033192376875798,0,8.0,0.0,PROJ_REAL_28.0_management_and_organization
PROJ_REAL_29.0,management_and_organization,60,68.0,0,Management and Organization,0.2819691540238332,0,8.0,0.0,PROJ_REAL_29.0_management_and_organization
PROJ_REAL_30.0,management_and_organization,60,72.0,1,Management and Organization,0.5907500083998288,0,12.0,180000.0,PROJ_REAL_30.0_management_and_organization
PROJ_REAL_31.0,management_and_organization,60,68.0,0,Management and Organization,0.3603275139018369,0,8.0,0.0,PROJ_REAL_31.0_management_and_organization
PROJ_REAL_32.0,management_and_organization,60,68.0,0,Management and Organization,0.4590563895204533,0,8.0,0.0,PROJ_REAL_32.0_management_and_organization
PROJ_REAL_33.0,management_and_organization,60,72.0,1,Management and Organization,0.59561016967677,0,12.0,180000.0,PROJ_REAL_33.0_management_and_organization
PROJ_REAL_34.0,management_and_organization,60,72.0,1,Management and Organization,0.5509037617727968,0,12.0,180000.0,PROJ_REAL_34.0_management_and_organization
PROJ_REAL_35.0,management_and_organization,60,76.0,1,Management and Organization,0.8664980420789199,0,16.0,240000.0,PROJ_REAL_35.0_management_and_organization
PROJ_REAL_36.0,management_and_organization,60,72.0,1,Management and Organization,0.5766570415206932,0,12.0,180000.0,PROJ_REAL_36.0_management_and_organization
PROJ_REAL_37.0,management_and_organization,60,72.0,1,Management and Organization,0.7299235632207399,0,12.0,180000.0,PROJ_REAL_37.0_management_and_organization
PROJ_REAL_38.0,management_and_organization,60,72.0,1,Management and Organization,0.676822697346318,0,12.0,180000.0,PROJ_REAL_38.0_management_and_organization
PROJ_REAL_39.0,management_and_organization,60,76.0,1,Management and Organization,0.7803031562404059,0,16.0,240000.0,PROJ_REAL_39.0_management_and_organization
PROJ_REAL_40.0,management_and_organization,60,72.0,1,Management and Organization,0.4550127189461505,0,12.0,180000.0,PROJ_REAL_40.0_management_and_organization
PROJ_REAL_41.0,management_and_organization,60,76.0,1,Management and Organization,0.875381953694944,0,16.0,240000.0,PROJ_REAL_41.0_management_and_organization
PROJ_REAL_42.0,management_and_organization,60,72.0,1,Management and Organization,0.5575382875622135,0,12.0,180000.0,PROJ_REAL_42.0_management_and_organization
PROJ_REAL_43.0,management_and_organization,60,76.0,1,Management and Organization,0.9842559496898602,0,16.0,240000.0,PROJ_REAL_43.0_management_and_organization
PROJ_REAL_44.0,management_and_organization,60,76.0,1,Management and Organization,0.8314525864965215,0,16.0,240000.0,PROJ_REAL_44.0_management_and_organization
PROJ_REAL_45.0,management_and_organization,60,76.0,1,Management and Organization,0.7308642915794046,0,16.0,240000.0,PROJ_REAL_45.0_management_and_organization
PROJ_REAL_46.0,management_and_organization,60,76.0,1,Management and Organization,0.7881860696341618,0,16.0,240000.0,PROJ_REAL_46.0_management_and_organization
PROJ_REAL_47.0,management_and_organization,60,72.0,1,Management and Organization,0.6009529770642547,0,12.0,180000.0,PROJ_REAL_47.0_management_and_organization
PROJ_REAL_48.0,management_and_organization,60,72.0,1,Management and Organization,0.5238159563133749,0,12.0,180000.0,PROJ_REAL_48.0_management_and_organization
PROJ_REAL_49.0,management_and_organization,60,72.0,1,Management and Organization,0.5345017872771143,0,12.0,180000.0,PROJ_REAL_49.0_management_and_organization
PROJ_REAL_50.0,management_and_organization,60,80.0,1,Management and Organization,1.0,0,20.0,300000.0,PROJ_REAL_50.0_management_and_organization
PROJ_REAL_51.0,management_and_organization,60,72.0,1,Management and Organization,0.4945760265782077,0,12.0,180000.0,PROJ_REAL_51.0_management_and_organization
PROJ_REAL_52.0,management_and_organization,60,80.0,1,Management and Organization,0.751243460056732,0,20.0,300000.0,PROJ_REAL_52.0_management_and_organization
PROJ_REAL_53.0,management_and_organization,60,72.0,1,Management and Organization,0.6494960888396265,0,12.0,180000.0,PROJ_REAL_53.0_management_and_organization
PROJ_REAL_54.0,management_and_organization,60,76.0,1,Management and Organization,0.7695279189343359,0,16.0,240000.0,PROJ_REAL_54.0_management_and_organization
PROJ_REAL_55.0,management_and_organization,60,72.0,1,Management and Organization,0.5813106220892137,0,12.0,180000.0,PROJ_REAL_55.0_management_and_organization
PROJ_REAL_56.0,management_and_organization,60,68.0,0,Management and Organization,0.2516983729901207,0,8.0,0.0,PROJ_REAL_56.0_management_and_organization
PROJ_REAL_57.0,management_and_organization,60,76.0,1,Management and Organization,0.5891299609029984,0,16.0,240000.0,PROJ_REAL_57.0_management_and_organization
PROJ_REAL_58.0,management_and_organization,60,72.0,1,Management and Organization,0.5993698748487046,0,12.0,180000.0,PROJ_REAL_58.0_management_and_organization
PROJ_REAL_59.0,management_and_organization,60,72.0,1,Management and Organization,0.6432047411213336,0,12.0,180000.0,PROJ_REAL_59.0_management_and_organization
PROJ_REAL_60.0,management_and_organization,60,76.0,1,Management and Organization,0.7246040763874501,0,16.0,240000.0,PROJ_REAL_60.0_management_and_organization
PROJ_REAL_61.0,management_and_organization,60,76.0,1,Management and Organization,0.8966372133944023,0,16.0,240000.0,PROJ_REAL_61.0_management_and_organization
PROJ_REAL_62.0,management_and_organization,60,72.0,1,Management and Organization,0.473246506630295,0,12.0,180000.0,PROJ_REAL_62.0_management_and_organization
PROJ_REAL_63.0,management_and_organization,60,72.0,1,Management and Organization,0.5548725877001589,0,12.0,180000.0,PROJ_REAL_63.0_management_and_organization
PROJ_REAL_64.0,management_and_organization,60,68.0,0,Management and Organization,0.2614468270901678,0,8.0,0.0,PROJ_REAL_64.0_management_and_organization
PROJ_REAL_65.0,management_and_organization,60,80.0,1,Management and Organization,0.9669838073064428,0,20.0,300000.0,PROJ_REAL_65.0_management_and_organization
PROJ_REAL_66.0,management_and_organization,60,80.0,1,Management and Organization,0.913218233636292,0,20.0,300000.0,PROJ_REAL_66.0_management_and_organization
PROJ_REAL_67.0,management_and_organization,60,80.0,1,Management and Organization,0.9642375124961848,0,20.0,300000.0,PROJ_REAL_67.0_management_and_organization
PROJ_REAL_68.0,management_and_organization,60,76.0,1,Management and Organization,0.8258296644357764,0,16.0,240000.0,PROJ_REAL_68.0_management_and_organization
PROJ_REAL_69.0,management_and_organization,60,72.0,1,Management and Organization,0.7503847392542322,0,12.0,180000.0,PROJ_REAL_69.0_management_and_organization
PROJ_REAL_70.0,management_and_organization,60,76.0,1,Management and Organization,0.8961852781793619,0,16.0,240000.0,PROJ_REAL_70.0_management_and_organization
PROJ_REAL_71.0,management_and_organization,60,72.0,1,Management and Organization,0.6538366741580274,0,12.0,180000.0,PROJ_REAL_71.0_management_and_organization
PROJ_REAL_72.0,management_and_organization,60,72.0,1,Management and Organization,0.7574690298916532,0,12.0,180000.0,PROJ_REAL_72.0_management_and_organization
PROJ_REAL_73.0,management_and_organization,60,80.0,1,Management and Organization,0.9486654767210296,0,20.0,300000.0,PROJ_REAL_73.0_management_and_organization
PROJ_REAL_74.0,management_and_organization,60,80.0,1,Management and Organization,0.8274429565781252,0,20.0,300000.0,PROJ_REAL_74.0_management_and_organization
PROJ_REAL_75.0,management_and_organization,60,80.0,1,Management and Organization,0.8434730696700498,0,20.0,300000.0,PROJ_REAL_75.0_management_and_organization
PROJ_REAL_76.0,management_and_organization,60,68.0,0,Management and Organization,0.4294532468024102,0,8.0,0.0,PROJ_REAL_76.0_management_and_organization
PROJ_REAL_77.0,management_and_organization,60,80.0,1,Management and Organization,1.0,0,20.0,300000.0,PROJ_REAL_77.0_management_and_organization
PROJ_REAL_78.0,management_and_organization,60,76.0,1,Management and Organization,0.8970422173974046,0,16.0,240000.0,PROJ_REAL_78.0_management_and_organization
PROJ_REAL_79.0,management_and_organization,60,68.0,0,Management and Organization,0.4723724182136498,0,8.0,0.0,PROJ_REAL_79.0_management_and_organization
PROJ_REAL_80.0,management_and_organization,60,76.0,1,Management and Organization,0.9093541711509172,0,16.0,240000.0,PROJ_REAL_80.0_management_and_organization
PROJ_REAL_81.0,management_and_organization,60,76.0,1,Management and Organization,0.7335381790104023,0,16.0,240000.0,PROJ_REAL_81.0_management_and_organization
PROJ_REAL_82.0,management_and_organization,60,72.0,1,Management and Organization,0.4631785210146341,0,12.0,180000.0,PROJ_REAL_82.0_management_and_organization
PROJ_REAL_83.0,management_and_organization,60,80.0,1,Management and Organization,1.0,0,20.0,300000.0,PROJ_REAL_83.0_management_and_organization
PROJ_REAL_84.0,management_and_organization,60,64.0,0,Management and Organization,0.3407413877910173,0,4.0,0.0,PROJ_REAL_84.0_management_and_organization
PROJ_REAL_85.0,management_and_organization,60,72.0,1,Management and Organization,0.4826067591033446,0,12.0,180000.0,PROJ_REAL_85.0_management_and_organization
PROJ_REAL_86.0,management_and_organization,60,76.0,1,Management and Organization,0.794247320031993,0,16.0,240000.0,PROJ_REAL_86.0_management_and_organization
PROJ_REAL_87.0,management_and_organization,60,76.0,1,Management and Organization,0.889511483669624,0,16.0,240000.0,PROJ_REAL_87.0_management_and_organization
PROJ_REAL_88.0,management_and_organization,60,80.0,1,Management and Organization,0.9715920416380444,0,20.0,300000.0,PROJ_REAL_88.0_management_and_organization
PROJ_REAL_89.0,management_and_organization,60,76.0,1,Management and Organization,0.7610015026875161,0,16.0,240000.0,PROJ_REAL_89.0_management_and_organization
PROJ_REAL_90.0,management_and_organization,60,80.0,1,Management and Organization,0.9958984806496282,0,20.0,300000.0,PROJ_REAL_90.0_management_and_organization
PROJ_REAL_91.0,management_and_organization,60,76.0,1,Management and Organization,0.8740343276722473,0,16.0,240000.0,PROJ_REAL_91.0_management_and_organization
PROJ_REAL_92.0,management_and_organization,60,76.0,1,Management and Organization,0.945848918256342,0,16.0,240000.0,PROJ_REAL_92.0_management_and_organization
PROJ_REAL_93.0,management_and_organization,60,72.0,1,Management and Organization,0.672905174998087,0,12.0,180000.0,PROJ_REAL_93.0_management_and_organization
PROJ_REAL_94.0,management_and_organization,60,72.0,1,Management and Organization,0.8120620750170566,0,12.0,180000.0,PROJ_REAL_94.0_management_and_organization
PROJ_REAL_95.0,management_and_organization,60,76.0,1,Management and Organization,0.7492379110579405,0,16.0,240000.0,PROJ_REAL_95.0_management_and_organization
PROJ_REAL_96.0,management_and_organization,60,72.0,1,Management and Organization,0.5173783471621255,0,12.0,180000.0,PROJ_REAL_96.0_management_and_organization
PROJ_REAL_97.0,management_and_organization,60,72.0,1,Management and Organization,0.6576736254204171,0,12.0,180000.0,PROJ_REAL_97.0_management_and_organization
PROJ_REAL_98.0,management_and_organization,60,76.0,1,Management and Organization,0.6950734114785441,0,16.0,240000.0,PROJ_REAL_98.0_management_and_organization
PROJ_REAL_99.0,management_and_organization,60,72.0,1,Management and Organization,0.6921522219318245,0,12.0,180000.0,PROJ_REAL_99.0_management_and_organization
PROJ_REAL_100.0,management_and_organization,60,68.0,0,Management and Organization,0.4878233459350888,0,8.0,0.0,PROJ_REAL_100.0_management_and_organization
PROJ_REAL_101.0,management_and_organization,60,76.0,1,Management and Organization,0.6074455228328033,0,16.0,240000.0,PROJ_REAL_101.0_management_and_organization
PROJ_REAL_102.0,management_and_organization,60,72.0,1,Management and Organization,0.4658537886411881,0,12.0,180000.0,PROJ_REAL_102.0_management_and_organization
PROJ_REAL_103.0,management_and_organization,60,76.0,1,Management and Organization,0.9065457677437356,0,16.0,240000.0,PROJ_REAL_103.0_management_and_organization
PROJ_REAL_104.0,management_and_organization,60,76.0,1,Management and Organization,0.822070295417303,0,16.0,240000.0,PROJ_REAL_104.0_management_and_organization
PROJ_REAL_105.0,management_and_organization,60,72.0,1,Management and Organization,0.6359926388502729,0,12.0,180000.0,PROJ_REAL_105.0_management_and_organization
PROJ_REAL_106.0,management_and_organization,60,76.0,1,Management and Organization,0.8095160720174545,0,16.0,240000.0,PROJ_REAL_106.0_management_and_organization
PROJ_REAL_107.0,management_and_organization,60,72.0,1,Management and Organization,0.5916173338157585,0,12.0,180000.0,PROJ_REAL_107.0_management_and_organization
PROJ_REAL_108.0,management_and_organization,60,68.0,0,Management and Organization,0.5030089269387712,0,8.0,0.0,PROJ_REAL_108.0_management_and_organization
PROJ_REAL_109.0,management_and_organization,60,76.0,1,Management and Organization,0.6690410093142188,0,16.0,240000.0,PROJ_REAL_109.0_management_and_organization
PROJ_REAL_110.0,management_and_organization,60,68.0,0,Management and Organization,0.3944442149672836,0,8.0,0.0,PROJ_REAL_110.0_management_and_organization
PROJ_REAL_111.0,management_and_organization,60,76.0,1,Management and Organization,0.7432790014187055,0,16.0,240000.0,PROJ_REAL_111.0_management_and_organization
PROJ_REAL_112.0,management_and_organization,60,76.0,1,Management and Organization,0.6329513794291823,0,16.0,240000.0,PROJ_REAL_112.0_management_and_organization
PROJ_REAL_113.0,management_and_organization,60,64.0,0,Management and Organization,0.290462503491993,0,4.0,0.0,PROJ_REAL_113.0_management_and_organization
PROJ_REAL_114.0,management_and_organization,60,68.0,0,Management and Organization,0.353640831985312,0,8.0,0.0,PROJ_REAL_114.0_management_and_organization
PROJ_REAL_115.0,management_and_organization,60,72.0,1,Management and Organization,0.6412554386082273,0,12.0,180000.0,PROJ_REAL_115.0_management_and_organization
PROJ_REAL_116.0,management_and_organization,60,76.0,1,Management and Organization,0.888499486367035,0,16.0,240000.0,PROJ_REAL_116.0_management_and_organization
PROJ_REAL_117.0,management_and_organization,60,68.0,0,Management and Organization,0.4335468927768937,0,8.0,0.0,PROJ_REAL_117.0_management_and_organization
PROJ_REAL_118.0,management_and_organization,60,76.0,1,Management and Organization,0.8482250429013524,0,16.0,240000.0,PROJ_REAL_118.0_management_and_organization
PROJ_REAL_119.0,management_and_organization,60,76.0,1,Management and Organization,0.9036165514926228,0,16.0,240000.0,PROJ_REAL_119.0_management_and_organization
PROJ_REAL_120.0,management_and_organization,60,76.0,1,Management and Organization,0.692991020559335,0,16.0,240000.0,PROJ_REAL_120.0_management_and_organization
PROJ_REAL_121.0,management_and_organization,60,72.0,1,Management and Organization,0.7225100910943021,0,12.0,180000.0,PROJ_REAL_121.0_management_and_organization
PROJ_REAL_122.0,management_and_organization,60,64.0,0,Management and Organization,0.1378748641097553,0,4.0,0.0,PROJ_REAL_122.0_management_and_organization
PROJ_REAL_123.0,management_and_organization,60,68.0,0,Management and Organization,0.346066792995098,0,8.0,0.0,PROJ_REAL_123.0_management_and_organization
PROJ_REAL_124.0,management_and_organization,60,76.0,1,Management and Organization,0.7882194480593847,0,16.0,240000.0,PROJ_REAL_124.0_management_and_organization
PROJ_REAL_125.0,management_and_organization,60,76.0,1,Management and Organization,0.738729584147768,0,16.0,240000.0,PROJ_REAL_125.0_management_and_organization
PROJ_REAL_126.0,management_and_organization,60,68.0,0,Management and Organization,0.2345662247316996,0,8.0,0.0,PROJ_REAL_126.0_management_and_organization
PROJ_REAL_127.0,management_and_organization,60,64.0,0,Management and Organization,0.0163601956977442,0,4.0,0.0,PROJ_REAL_127.0_management_and_organization
PROJ_REAL_128.0,management_and_organization,60,72.0,1,Management and Organization,0.7558364277560538,0,12.0,180000.0,PROJ_REAL_128.0_management_and_organization
PROJ_REAL_129.0,management_and_organization,60,72.0,1,Management and Organization,0.5882160545661005,0,12.0,180000.0,PROJ_REAL_129.0_management_and_organization
PROJ_REAL_130.0,management_and_organization,60,72.0,1,Management and Organization,0.4743442829256989,0,12.0,180000.0,PROJ_REAL_130.0_management_and_organization
PROJ_REAL_131.0,management_and_organization,60,76.0,1,Management and Organization,0.734159824268589,0,16.0,240000.0,PROJ_REAL_131.0_management_and_organization
PROJ_REAL_132.0,management_and_organization,60,68.0,0,Management and Organization,0.1770488322957112,0,8.0,0.0,PROJ_REAL_132.0_management_and_organization
PROJ_REAL_133.0,management_and_organization,60,68.0,0,Management and Organization,0.4433329401325211,0,8.0,0.0,PROJ_REAL_133.0_management_and_organization
PROJ_REAL_134.0,management_and_organization,60,80.0,1,Management and Organization,0.9681766689744956,0,20.0,300000.0,PROJ_REAL_134.0_management_and_organization
PROJ_REAL_135.0,management_and_organization,60,72.0,1,Management and Organization,0.529931859013138,0,12.0,180000.0,PROJ_REAL_135.0_management_and_organization
PROJ_REAL_136.0,management_and_organization,60,72.0,1,Management and Organization,0.527745320014346,0,12.0,180000.0,PROJ_REAL_136.0_management_and_organization
PROJ_REAL_137.0,management_and_organization,60,76.0,1,Management and Organization,0.8155263385898793,0,16.0,240000.0,PROJ_REAL_137.0_management_and_organization
PROJ_REAL_138.0,management_and_organization,60,72.0,1,Management and Organization,0.5857637580050291,0,12.0,180000.0,PROJ_REAL_138.0_management_and_organization
PROJ_REAL_139.0,management_and_organization,60,80.0,1,Management and Organization,1.0,0,20.0,300000.0,PROJ_REAL_139.0_management_and_organization
PROJ_REAL_140.0,management_and_organization,60,80.0,1,Management and Organization,1.0,0,20.0,300000.0,PROJ_REAL_140.0_management_and_organization
PROJ_REAL_141.0,management_and_organization,60,72.0,1,Management and Organization,0.62220424408903,0,12.0,180000.0,PROJ_REAL_141.0_management_and_organization
PROJ_REAL_142.0,management_and_organization,60,72.0,1,Management and Organization,0.5446951861677939,0,12.0,180000.0,PROJ_REAL_142.0_management_and_organization
PROJ_REAL_143.0,management_and_organization,60,68.0,0,Management and Organization,0.3188935963306463,0,8.0,0.0,PROJ_REAL_143.0_management_and_organization
PROJ_REAL_1.0,management_and_organization_.1,60,68.0,0,Management and Organization .1,0.4050673744733035,0,8.0,0.0,PROJ_REAL_1.0_management_and_organization_.1
PROJ_REAL_2.0,management_and_organization_.1,60,72.0,1,Management and Organization .1,0.5696416277022558,0,12.0,180000.0,PROJ_REAL_2.0_management_and_organization_.1
PROJ_REAL_3.0,management_and_organization_.1,60,64.0,0,Management and Organization .1,0.2330227782537896,0,4.0,0.0,PROJ_REAL_3.0_management_and_organization_.1
PROJ_REAL_4.0,management_and_organization_.1,60,68.0,0,Management and Organization .1,0.2530064766076006,0,8.0,0.0,PROJ_REAL_4.0_management_and_organization_.1
PROJ_REAL_5.0,management_and_organization_.1,60,72.0,1,Management and Organization .1,0.6114613344116726,0,12.0,180000.0,PROJ_REAL_5.0_management_and_organization_.1
PROJ_REAL_6.0,management_and_organization_.1,60,68.0,0,Management and Organization .1,0.3969224449049715,0,8.0,0.0,PROJ_REAL_6.0_management_and_organization_.1
PROJ_REAL_7.0,management_and_organization_.1,60,68.0,0,Management and Organization .1,0.2327372412881522,0,8.0,0.0,PROJ_REAL_7.0_management_and_organization_.1
PROJ_REAL_8.0,management_and_organization_.1,60,68.0,0,Management and Organization .1,0.2351679684373281,0,8.0,0.0,PROJ_REAL_8.0_management_and_organization_.1
PROJ_REAL_9.0,management_and_organization_.1,60,68.0,0,Management and Organization .1,0.4940910486683444,0,8.0,0.0,PROJ_REAL_9.0_management_and_organization_.1
PROJ_REAL_10.0,management_and_organization_.1,60,68.0,0,Management and Organization .1,0.4208471251963699,0,8.0,0.0,PROJ_REAL_10.0_management_and_organization_.1
PROJ_REAL_11.0,management_and_organization_.1,60,64.0,0,Management and Organization .1,0.4171659943418179,0,4.0,0.0,PROJ_REAL_11.0_management_and_organization_.1
PROJ_REAL_12.0,management_and_organization_.1,60,72.0,1,Management and Organization .1,0.4789322045466258,0,12.0,180000.0,PROJ_REAL_12.0_management_and_organization_.1
PROJ_REAL_13.0,management_and_organization_.1,60,80.0,1,Management and Organization .1,0.8805453930826344,0,20.0,300000.0,PROJ_REAL_13.0_management_and_organization_.1
PROJ_REAL_14.0,management_and_organization_.1,60,76.0,1,Management and Organization .1,0.7281391099429468,0,16.0,240000.0,PROJ_REAL_14.0_management_and_organization_.1
PROJ_REAL_15.0,management_and_organization_.1,60,72.0,1,Management and Organization .1,0.8557529560737455,0,12.0,180000.0,PROJ_REAL_15.0_management_and_organization_.1
PROJ_REAL_16.0,management_and_organization_.1,60,64.0,0,Management and Organization .1,0.1885330852759261,0,4.0,0.0,PROJ_REAL_16.0_management_and_organization_.1
PROJ_REAL_17.0,management_and_organization_.1,60,76.0,1,Management and Organization .1,0.8242181208716678,0,16.0,240000.0,PROJ_REAL_17.0_management_and_organization_.1
PROJ_REAL_18.0,management_and_organization_.1,60,72.0,1,Management and Organization .1,0.5759004898370867,0,12.0,180000.0,PROJ_REAL_18.0_management_and_organization_.1
PROJ_REAL_19.0,management_and_organization_.1,60,64.0,0,Management and Organization .1,0.1538358688301325,0,4.0,0.0,PROJ_REAL_19.0_management_and_organization_.1
PROJ_REAL_20.0,management_and_organization_.1,60,72.0,1,Management and Organization .1,0.3754465526840973,0,12.0,180000.0,PROJ_REAL_20.0_management_and_organization_.1
PROJ_REAL_21.0,management_and_organization_.1,60,72.0,1,Management and Organization .1,0.6435779593891119,0,12.0,180000.0,PROJ_REAL_21.0_management_and_organization_.1
PROJ_REAL_22.0,management_and_organization_.1,60,76.0,1,Management and Organization .1,0.7687317946799594,0,16.0,240000.0,PROJ_REAL_22.0_management_and_organization_.1
PROJ_REAL_23.0,management_and_organization_.1,60,68.0,0,Management and Organization .1,0.4882488010971594,0,8.0,0.0,PROJ_REAL_23.0_management_and_organization_.1
PROJ_REAL_24.0,management_and_organization_.1,60,72.0,1,Management and Organization .1,0.5713107578778549,0,12.0,180000.0,PROJ_REAL_24.0_management_and_organization_.1
PROJ_REAL_25.0,management_and_organization_.1,60,72.0,1,Management and Organization .1,0.5504760273957461,0,12.0,180000.0,PROJ_REAL_25.0_management_and_organization_.1
PROJ_REAL_26.0,management_and_organization_.1,60,72.0,1,Management and Organization .1,0.7107041273773368,0,12.0,180000.0,PROJ_REAL_26.0_management_and_organization_.1
PROJ_REAL_27.0,management_and_organization_.1,60,72.0,1,Management and Organization .1,0.4760036498673756,0,12.0,180000.0,PROJ_REAL_27.0_management_and_organization_.1
PROJ_REAL_28.0,management_and_organization_.1,60,68.0,0,Management and Organization .1,0.6375301475361947,0,8.0,0.0,PROJ_REAL_28.0_management_and_organization_.1
PROJ_REAL_29.0,management_and_organization_.1,60,68.0,0,Management and Organization .1,0.4297558275153449,0,8.0,0.0,PROJ_REAL_29.0_management_and_organization_.1
PROJ_REAL_30.0,management_and_organization_.1,60,72.0,1,Management and Organization .1,0.5726212754733326,0,12.0,180000.0,PROJ_REAL_30.0_management_and_organization_.1
PROJ_REAL_31.0,management_and_organization_.1,60,68.0,0,Management and Organization .1,0.406920338139407,0,8.0,0.0,PROJ_REAL_31.0_management_and_organization_.1
PROJ_REAL_32.0,management_and_organization_.1,60,68.0,0,Management and Organization .1,0.2926212179771093,0,8.0,0.0,PROJ_REAL_32.0_management_and_organization_.1
PROJ_REAL_33.0,management_and_organization_.1,60,72.0,1,Management and Organization .1,0.7786397305756787,0,12.0,180000.0,PROJ_REAL_33.0_management_and_organization_.1
PROJ_REAL_34.0,management_and_organization_.1,60,68.0,0,Management and Organization .1,0.3798429348990486,0,8.0,0.0,PROJ_REAL_34.0_management_and_organization_.1
PROJ_REAL_35.0,management_and_organization_.1,60,76.0,1,Management and Organization .1,0.9383093644320007,0,16.0,240000.0,PROJ_REAL_35.0_management_and_organization_.1
PROJ_REAL_36.0,management_and_organization_.1,60,76.0,1,Management and Organization .1,0.953900032493713,0,16.0,240000.0,PROJ_REAL_36.0_management_and_organization_.1
PROJ_REAL_37.0,management_and_organization_.1,60,68.0,0,Management and Organization .1,0.3609989632142146,0,8.0,0.0,PROJ_REAL_37.0_management_and_organization_.1
PROJ_REAL_38.0,management_and_organization_.1,60,76.0,1,Management and Organization .1,0.5782720997268281,0,16.0,240000.0,PROJ_REAL_38.0_management_and_organization_.1
PROJ_REAL_39.0,management_and_organization_.1,60,72.0,1,Management and Organization .1,0.5134328524552367,0,12.0,180000.0,PROJ_REAL_39.0_management_and_organization_.1
PROJ_REAL_40.0,management_and_organization_.1,60,68.0,0,Management and Organization .1,0.3374534995636357,0,8.0,0.0,PROJ_REAL_40.0_management_and_organization_.1
PROJ_REAL_41.0,management_and_organization_.1,60,72.0,1,Management and Organization .1,0.603335575508302,0,12.0,180000.0,PROJ_REAL_41.0_management_and_organization_.1
PROJ_REAL_42.0,management_and_organization_.1,60,68.0,0,Management and Organization .1,0.4676301088728475,0,8.0,0.0,PROJ_REAL_42.0_management_and_organization_.1
PROJ_REAL_43.0,management_and_organization_.1,60,72.0,1,Management and Organization .1,0.6007349534634332,0,12.0,180000.0,PROJ_REAL_43.0_management_and_organization_.1
PROJ_REAL_44.0,management_and_organization_.1,60,72.0,1,Management and Organization .1,0.6339192696698346,0,12.0,180000.0,PROJ_REAL_44.0_management_and_organization_.1
PROJ_REAL_45.0,management_and_organization_.1,60,72.0,1,Management and Organization .1,0.314953247609476,0,12.0,180000.0,PROJ_REAL_45.0_management_and_organization_.1
PROJ_REAL_46.0,management_and_organization_.1,60,72.0,1,Management and Organization .1,0.6573038778595663,0,12.0,180000.0,PROJ_REAL_46.0_management_and_organization_.1
PROJ_REAL_47.0,management_and_organization_.1,60,76.0,1,Management and Organization .1,0.8211347873232293,0,16.0,240000.0,PROJ_REAL_47.0_management_and_organization_.1
PROJ_REAL_48.0,management_and_organization_.1,60,68.0,0,Management and Organization .1,0.3667031631727001,0,8.0,0.0,PROJ_REAL_48.0_management_and_organization_.1
PROJ_REAL_49.0,management_and_organization_.1,60,72.0,1,Management and Organization .1,0.5317543677632702,0,12.0,180000.0,PROJ_REAL_49.0_management_and_organization_.1
PROJ_REAL_50.0,management_and_organization_.1,60,76.0,1,Management and Organization .1,0.8693564808415183,0,16.0,240000.0,PROJ_REAL_50.0_management_and_organization_.1
PROJ_REAL_51.0,management_and_organization_.1,60,72.0,1,Management and Organization .1,0.6187602400098404,0,12.0,180000.0,PROJ_REAL_51.0_management_and_organization_.1
PROJ_REAL_52.0,management_and_organization_.1,60,76.0,1,Management and Organization .1,0.8073558286124582,0,16.0,240000.0,PROJ_REAL_52.0_management_and_organization_.1
PROJ_REAL_53.0,management_and_organization_.1,60,68.0,0,Management and Organization .1,0.4209253848395203,0,8.0,0.0,PROJ_REAL_53.0_management_and_organization_.1
PROJ_REAL_54.0,management_and_organization_.1,60,72.0,1,Management and Organization .1,0.6495022306463282,0,12.0,180000.0,PROJ_REAL_54.0_management_and_organization_.1
PROJ_REAL_55.0,management_and_organization_.1,60,76.0,1,Management and Organization .1,0.8005351523785099,0,16.0,240000.0,PROJ_REAL_55.0_management_and_organization_.1
PROJ_REAL_56.0,management_and_organization_.1,60,68.0,0,Management and Organization .1,0.4449511273024504,0,8.0,0.0,PROJ_REAL_56.0_management_and_organization_.1
PROJ_REAL_57.0,management_and_organization_.1,60,72.0,1,Management and Organization .1,0.7251425543038217,0,12.0,180000.0,PROJ_REAL_57.0_management_and_organization_.1
PROJ_REAL_58.0,management_and_organization_.1,60,80.0,1,Management and Organization .1,1.0,0,20.0,300000.0,PROJ_REAL_58.0_management_and_organization_.1
PROJ_REAL_59.0,management_and_organization_.1,60,80.0,1,Management and Organization .1,0.8640471652092929,0,20.0,300000.0,PROJ_REAL_59.0_management_and_organization_.1
PROJ_REAL_60.0,management_and_organization_.1,60,72.0,1,Management and Organization .1,0.4691605948901842,0,12.0,180000.0,PROJ_REAL_60.0_management_and_organization_.1
PROJ_REAL_61.0,management_and_organization_.1,60,72.0,1,Management and Organization .1,0.5201168642332904,0,12.0,180000.0,PROJ_REAL_61.0_management_and_organization_.1
PROJ_REAL_62.0,management_and_organization_.1,60,68.0,0,Management and Organization .1,0.4011141184424557,0,8.0,0.0,PROJ_REAL_62.0_management_and_organization_.1
PROJ_REAL_63.0,management_and_organization_.1,60,80.0,1,Management and Organization .1,0.8625485089655267,0,20.0,300000.0,PROJ_REAL_63.0_management_and_organization_.1
PROJ_REAL_64.0,management_and_organization_.1,60,68.0,0,Management and Organization .1,0.2021202697690195,0,8.0,0.0,PROJ_REAL_64.0_management_and_organization_.1
PROJ_REAL_65.0,management_and_organization_.1,60,76.0,1,Management and Organization .1,0.6994709598502648,0,16.0,240000.0,PROJ_REAL_65.0_management_and_organization_.1
PROJ_REAL_66.0,management_and_organization_.1,60,76.0,1,Management and Organization .1,0.6798989264234311,0,16.0,240000.0,PROJ_REAL_66.0_management_and_organization_.1
PROJ_REAL_67.0,management_and_organization_.1,60,76.0,1,Management and Organization .1,0.7084145268715498,0,16.0,240000.0,PROJ_REAL_67.0_management_and_organization_.1
PROJ_REAL_68.0,management_and_organization_.1,60,76.0,1,Management and Organization .1,0.8020802846181561,0,16.0,240000.0,PROJ_REAL_68.0_management_and_organization_.1
PROJ_REAL_69.0,management_and_organization_.1,60,72.0,1,Management and Organization .1,0.5201099299364499,0,12.0,180000.0,PROJ_REAL_69.0_management_and_organization_.1
PROJ_REAL_70.0,management_and_organization_.1,60,76.0,1,Management and Organization .1,0.7797849996608676,0,16.0,240000.0,PROJ_REAL_70.0_management_and_organization_.1
PROJ_REAL_71.0,management_and_organization_.1,60,72.0,1,Management and Organization .1,0.5238823920211163,0,12.0,180000.0,PROJ_REAL_71.0_management_and_organization_.1
PROJ_REAL_72.0,management_and_organization_.1,60,72.0,1,Management and Organization .1,0.388776409860301,0,12.0,180000.0,PROJ_REAL_72.0_management_and_organization_.1
PROJ_REAL_73.0,management_and_organization_.1,60,72.0,1,Management and Organization .1,0.6089609913321743,0,12.0,180000.0,PROJ_REAL_73.0_management_and_organization_.1
PROJ_REAL_74.0,management_and_organization_.1,60,72.0,1,Management and Organization .1,0.6751540627884554,0,12.0,180000.0,PROJ_REAL_74.0_management_and_organization_.1
PROJ_REAL_75.0,management_and_organization_.1,60,72.0,1,Management and Organization .1,0.6490564480338746,0,12.0,180000.0,PROJ_REAL_75.0_management_and_organization_.1
PROJ_REAL_76.0,management_and_organization_.1,60,72.0,1,Management and Organization .1,0.563567058924072,0,12.0,180000.0,PROJ_REAL_76.0_management_and_organization_.1
PROJ_REAL_77.0,management_and_organization_.1,60,76.0,1,Management and Organization .1,0.7363796007003532,0,16.0,240000.0,PROJ_REAL_77.0_management_and_organization_.1
PROJ_REAL_78.0,management_and_organization_.1,60,76.0,1,Management and Organization .1,0.7648389279247625,0,16.0,240000.0,PROJ_REAL_78.0_management_and_organization_.1
PROJ_REAL_79.0,management_and_organization_.1,60,64.0,0,Management and Organization .1,0.2291232513871962,0,4.0,0.0,PROJ_REAL_79.0_management_and_organization_.1
PROJ_REAL_80.0,management_and_organization_.1,60,72.0,1,Management and Organization .1,0.6248824976289664,0,12.0,180000.0,PROJ_REAL_80.0_management_and_organization_.1
PROJ_REAL_81.0,management_and_organization_.1,60,76.0,1,Management and Organization .1,0.816312573522044,0,16.0,240000.0,PROJ_REAL_81.0_management_and_organization_.1
PROJ_REAL_82.0,management_and_organization_.1,60,68.0,0,Management and Organization .1,0.5074333269882777,0,8.0,0.0,PROJ_REAL_82.0_management_and_organization_.1
PROJ_REAL_83.0,management_and_organization_.1,60,72.0,1,Management and Organization .1,0.5823940704583896,0,12.0,180000.0,PROJ_REAL_83.0_management_and_organization_.1
PROJ_REAL_84.0,management_and_organization_.1,60,68.0,0,Management and Organization .1,0.4500053140840975,0,8.0,0.0,PROJ_REAL_84.0_management_and_organization_.1
PROJ_REAL_85.0,management_and_organization_.1,60,76.0,1,Management and Organization .1,0.7978098806297453,0,16.0,240000.0,PROJ_REAL_85.0_management_and_organization_.1
PROJ_REAL_86.0,management_and_organization_.1,60,72.0,1,Management and Organization .1,0.4932762268668751,0,12.0,180000.0,PROJ_REAL_86.0_management_and_organization_.1
PROJ_REAL_87.0,management_and_organization_.1,60,76.0,1,Management and Organization .1,0.7731348385079053,0,16.0,240000.0,PROJ_REAL_87.0_management_and_organization_.1
PROJ_REAL_88.0,management_and_organization_.1,60,76.0,1,Management and Organization .1,0.8224285838124542,0,16.0,240000.0,PROJ_REAL_88.0_management_and_organization_.1
PROJ_REAL_89.0,management_and_organization_.1,60,80.0,1,Management and Organization .1,0.9996983240261624,0,20.0,300000.0,PROJ_REAL_89.0_management_and_organization_.1
PROJ_REAL_90.0,management_and_organization_.1,60,72.0,1,Management and Organization .1,0.7045956567016086,0,12.0,180000.0,PROJ_REAL_90.0_management_and_organization_.1
PROJ_REAL_91.0,management_and_organization_.1,60,72.0,1,Management and Organization .1,0.7030279301548322,0,12.0,180000.0,PROJ_REAL_91.0_management_and_organization_.1
PROJ_REAL_92.0,management_and_organization_.1,60,72.0,1,Management and Organization .1,0.4307593448054033,0,12.0,180000.0,PROJ_REAL_92.0_management_and_organization_.1
PROJ_REAL_93.0,management_and_organization_.1,60,72.0,1,Management and Organization .1,0.5474829947320164,0,12.0,180000.0,PROJ_REAL_93.0_management_and_organization_.1
PROJ_REAL_94.0,management_and_organization_.1,60,76.0,1,Management and Organization .1,0.8709779015201419,0,16.0,240000.0,PROJ_REAL_94.0_management_and_organization_.1
PROJ_REAL_95.0,management_and_organization_.1,60,76.0,1,Management and Organization .1,0.7073934268714552,0,16.0,240000.0,PROJ_REAL_95.0_management_and_organization_.1
PROJ_REAL_96.0,management_and_organization_.1,60,72.0,1,Management and Organization .1,0.6559793664314862,0,12.0,180000.0,PROJ_REAL_96.0_management_and_organization_.1
PROJ_REAL_97.0,management_and_organization_.1,60,68.0,0,Management and Organization .1,0.4874282539455811,0,8.0,0.0,PROJ_REAL_97.0_management_and_organization_.1
PROJ_REAL_98.0,management_and_organization_.1,60,72.0,1,Management and Organization .1,0.7550859134632935,0,12.0,180000.0,PROJ_REAL_98.0_management_and_organization_.1
PROJ_REAL_99.0,management_and_organization_.1,60,80.0,1,Management and Organization .1,1.0,0,20.0,300000.0,PROJ_REAL_99.0_management_and_organization_.1
PROJ_REAL_100.0,management_and_organization_.1,60,72.0,1,Management and Organization .1,0.5604435542326913,0,12.0,180000.0,PROJ_REAL_100.0_management_and_organization_.1
PROJ_REAL_101.0,management_and_organization_.1,60,72.0,1,Management and Organization .1,0.6063642009174093,0,12.0,180000.0,PROJ_REAL_101.0_management_and_organization_.1
PROJ_REAL_102.0,management_and_organization_.1,60,72.0,1,Management and Organization .1,0.6364732201426955,0,12.0,180000.0,PROJ_REAL_102.0_management_and_organization_.1
PROJ_REAL_103.0,management_and_organization_.1,60,72.0,1,Management and Organization .1,0.6262367998075753,0,12.0,180000.0,PROJ_REAL_103.0_management_and_organization_.1
PROJ_REAL_104.0,management_and_organization_.1,60,76.0,1,Management and Organization .1,0.7725242830763197,0,16.0,240000.0,PROJ_REAL_104.0_management_and_organization_.1
PROJ_REAL_105.0,management_and_organization_.1,60,72.0,1,Management and Organization .1,0.5552452876019782,0,12.0,180000.0,PROJ_REAL_105.0_management_and_organization_.1
PROJ_REAL_106.0,management_and_organization_.1,60,72.0,1,Management and Organization .1,0.6507358456018422,0,12.0,180000.0,PROJ_REAL_106.0_management_and_organization_.1
PROJ_REAL_107.0,management_and_organization_.1,60,72.0,1,Management and Organization .1,0.5238391087928677,0,12.0,180000.0,PROJ_REAL_107.0_management_and_organization_.1
PROJ_REAL_108.0,management_and_organization_.1,60,72.0,1,Management and Organization .1,0.5332025067773328,0,12.0,180000.0,PROJ_REAL_108.0_management_and_organization_.1
PROJ_REAL_109.0,management_and_organization_.1,60,76.0,1,Management and Organization .1,0.8000998918201909,0,16.0,240000.0,PROJ_REAL_109.0_management_and_organization_.1
PROJ_REAL_110.0,management_and_organization_.1,60,64.0,0,Management and Organization .1,0.2210880545193567,0,4.0,0.0,PROJ_REAL_110.0_management_and_organization_.1
PROJ_REAL_111.0,management_and_organization_.1,60,76.0,1,Management and Organization .1,0.8780900978495482,0,16.0,240000.0,PROJ_REAL_111.0_management_and_organization_.1
PROJ_REAL_112.0,management_and_organization_.1,60,76.0,1,Management and Organization .1,0.7954445225510881,0,16.0,240000.0,PROJ_REAL_112.0_management_and_organization_.1
PROJ_REAL_113.0,management_and_organization_.1,60,80.0,1,Management and Organization .1,1.0,0,20.0,300000.0,PROJ_REAL_113.0_management_and_organization_.1
PROJ_REAL_114.0,management_and_organization_.1,60,64.0,0,Management and Organization .1,0.1901775161517723,0,4.0,0.0,PROJ_REAL_114.0_management_and_organization_.1
PROJ_REAL_115.0,management_and_organization_.1,60,72.0,1,Management and Organization .1,0.6300981686361546,0,12.0,180000.0,PROJ_REAL_115.0_management_and_organization_.1
PROJ_REAL_116.0,management_and_organization_.1,60,72.0,1,Management and Organization .1,0.6428426733041037,0,12.0,180000.0,PROJ_REAL_116.0_management_and_organization_.1
PROJ_REAL_117.0,management_and_organization_.1,60,72.0,1,Management and Organization .1,0.6057187689298477,0,12.0,180000.0,PROJ_REAL_117.0_management_and_organization_.1
PROJ_REAL_118.0,management_and_organization_.1,60,76.0,1,Management and Organization .1,0.7136409766014651,0,16.0,240000.0,PROJ_REAL_118.0_management_and_organization_.1
PROJ_REAL_119.0,management_and_organization_.1,60,72.0,1,Management and Organization .1,0.5686596199857487,0,12.0,180000.0,PROJ_REAL_119.0_management_and_organization_.1
PROJ_REAL_120.0,management_and_organization_.1,60,76.0,1,Management and Organization .1,0.795949772522408,0,16.0,240000.0,PROJ_REAL_120.0_management_and_organization_.1
PROJ_REAL_121.0,management_and_organization_.1,60,80.0,1,Management and Organization .1,0.9794228000687638,0,20.0,300000.0,PROJ_REAL_121.0_management_and_organization_.1
PROJ_REAL_122.0,management_and_organization_.1,60,80.0,1,Management and Organization .1,1.0,0,20.0,300000.0,PROJ_REAL_122.0_management_and_organization_.1
PROJ_REAL_123.0,management_and_organization_.1,60,64.0,0,Management and Organization .1,0.2148129546168869,0,4.0,0.0,PROJ_REAL_123.0_management_and_organization_.1
PROJ_REAL_124.0,management_and_organization_.1,60,72.0,1,Management and Organization .1,0.6387973093332988,0,12.0,180000.0,PROJ_REAL_124.0_management_and_organization_.1
PROJ_REAL_125.0,management_and_organization_.1,60,76.0,1,Management and Organization .1,0.9048545055550544,0,16.0,240000.0,PROJ_REAL_125.0_management_and_organization_.1
PROJ_REAL_126.0,management_and_organization_.1,60,64.0,0,Management and Organization .1,0.2656076191288357,0,4.0,0.0,PROJ_REAL_126.0_management_and_organization_.1
PROJ_REAL_127.0,management_and_organization_.1,60,80.0,1,Management and Organization .1,0.9834548903214396,0,20.0,300000.0,PROJ_REAL_127.0_management_and_organization_.1
PROJ_REAL_128.0,management_and_organization_.1,60,72.0,1,Management and Organization .1,0.497125496557857,0,12.0,180000.0,PROJ_REAL_128.0_management_and_organization_.1
PROJ_REAL_129.0,management_and_organization_.1,60,72.0,1,Management and Organization .1,0.4848417684946895,0,12.0,180000.0,PROJ_REAL_129.0_management_and_organization_.1
PROJ_REAL_130.0,management_and_organization_.1,60,72.0,1,Management and Organization .1,0.6885613598763602,0,12.0,180000.0,PROJ_REAL_130.0_management_and_organization_.1
PROJ_REAL_131.0,management_and_organization_.1,60,72.0,1,Management and Organization .1,0.5066727226139144,0,12.0,180000.0,PROJ_REAL_131.0_management_and_organization_.1
PROJ_REAL_132.0,management_and_organization_.1,60,64.0,0,Management and Organization .1,0.272858284295086,0,4.0,0.0,PROJ_REAL_132.0_management_and_organization_.1
PROJ_REAL_133.0,management_and_organization_.1,60,72.0,1,Management and Organization .1,0.6680939469278004,0,12.0,180000.0,PROJ_REAL_133.0_management_and_organization_.1
PROJ_REAL_134.0,management_and_organization_.1,60,72.0,1,Management and Organization .1,0.5845647413456033,0,12.0,180000.0,PROJ_REAL_134.0_management_and_organization_.1
PROJ_REAL_135.0,management_and_organization_.1,60,72.0,1,Management and Organization .1,0.6267339936951417,0,12.0,180000.0,PROJ_REAL_135.0_management_and_organization_.1
PROJ_REAL_136.0,management_and_organization_.1,60,72.0,1,Management and Organization .1,0.4101880580344164,0,12.0,180000.0,PROJ_REAL_136.0_management_and_organization_.1
PROJ_REAL_137.0,management_and_organization_.1,60,76.0,1,Management and Organization .1,0.8726422149329035,0,16.0,240000.0,PROJ_REAL_137.0_management_and_organization_.1
PROJ_REAL_138.0,management_and_organization_.1,60,72.0,1,Management and Organization .1,0.7981613233050913,0,12.0,180000.0,PROJ_REAL_138.0_management_and_organization_.1
PROJ_REAL_139.0,management_and_organization_.1,60,76.0,1,Management and Organization .1,0.7707592271285202,0,16.0,240000.0,PROJ_REAL_139.0_management_and_organization_.1
PROJ_REAL_140.0,management_and_organization_.1,60,76.0,1,Management and Organization .1,0.8386257050646679,0,16.0,240000.0,PROJ_REAL_140.0_management_and_organization_.1
PROJ_REAL_141.0,management_and_organization_.1,60,72.0,1,Management and Organization .1,0.5496803988997822,0,12.0,180000.0,PROJ_REAL_141.0_management_and_organization_.1
PROJ_REAL_142.0,management_and_organization_.1,60,72.0,1,Management and Organization .1,0.6499050432313558,0,12.0,180000.0,PROJ_REAL_142.0_management_and_organization_.1
PROJ_REAL_143.0,management_and_organization_.1,60,68.0,0,Management and Organization .1,0.4150295597249223,0,8.0,0.0,PROJ_REAL_143.0_management_and_organization_.1
PROJ_REAL_1.0,management_and_organization_.2,60,64.0,0,Management and Organization .2,0.1829864103868919,0,4.0,0.0,PROJ_REAL_1.0_management_and_organization_.2
PROJ_REAL_2.0,management_and_organization_.2,60,72.0,1,Management and Organization .2,0.7598132228684542,0,12.0,180000.0,PROJ_REAL_2.0_management_and_organization_.2
PROJ_REAL_3.0,management_and_organization_.2,60,68.0,0,Management and Organization .2,0.3401221891433892,0,8.0,0.0,PROJ_REAL_3.0_management_and_organization_.2
PROJ_REAL_4.0,management_and_organization_.2,60,68.0,0,Management and Organization .2,0.4829071048689263,0,8.0,0.0,PROJ_REAL_4.0_management_and_organization_.2
PROJ_REAL_5.0,management_and_organization_.2,60,68.0,0,Management and Organization .2,0.5569677396668302,0,8.0,0.0,PROJ_REAL_5.0_management_and_organization_.2
PROJ_REAL_6.0,management_and_organization_.2,60,68.0,0,Management and Organization .2,0.3585186105009096,0,8.0,0.0,PROJ_REAL_6.0_management_and_organization_.2
PROJ_REAL_7.0,management_and_organization_.2,60,68.0,0,Management and Organization .2,0.3451558370158042,0,8.0,0.0,PROJ_REAL_7.0_management_and_organization_.2
PROJ_REAL_8.0,management_and_organization_.2,60,68.0,0,Management and Organization .2,0.4623765292186877,0,8.0,0.0,PROJ_REAL_8.0_management_and_organization_.2
PROJ_REAL_9.0,management_and_organization_.2,60,68.0,0,Management and Organization .2,0.4986237526373342,0,8.0,0.0,PROJ_REAL_9.0_management_and_organization_.2
PROJ_REAL_10.0,management_and_organization_.2,60,68.0,0,Management and Organization .2,0.6287570496239552,0,8.0,0.0,PROJ_REAL_10.0_management_and_organization_.2
PROJ_REAL_11.0,management_and_organization_.2,60,68.0,0,Management and Organization .2,0.4101210734372602,0,8.0,0.0,PROJ_REAL_11.0_management_and_organization_.2
PROJ_REAL_12.0,management_and_organization_.2,60,72.0,1,Management and Organization .2,0.3290218994336379,0,12.0,180000.0,PROJ_REAL_12.0_management_and_organization_.2
PROJ_REAL_13.0,management_and_organization_.2,60,80.0,1,Management and Organization .2,1.0,0,20.0,300000.0,PROJ_REAL_13.0_management_and_organization_.2
PROJ_REAL_14.0,management_and_organization_.2,60,76.0,1,Management and Organization .2,0.6402881369549804,0,16.0,240000.0,PROJ_REAL_14.0_management_and_organization_.2
PROJ_REAL_15.0,management_and_organization_.2,60,72.0,1,Management and Organization .2,0.5090671472500612,0,12.0,180000.0,PROJ_REAL_15.0_management_and_organization_.2
PROJ_REAL_16.0,management_and_organization_.2,60,68.0,0,Management and Organization .2,0.3988491536876286,0,8.0,0.0,PROJ_REAL_16.0_management_and_organization_.2
PROJ_REAL_17.0,management_and_organization_.2,60,76.0,1,Management and Organization .2,0.7745955997977874,0,16.0,240000.0,PROJ_REAL_17.0_management_and_organization_.2
PROJ_REAL_18.0,management_and_organization_.2,60,72.0,1,Management and Organization .2,0.4460297549298446,0,12.0,180000.0,PROJ_REAL_18.0_management_and_organization_.2
PROJ_REAL_19.0,management_and_organization_.2,60,68.0,0,Management and Organization .2,0.4248300407199782,0,8.0,0.0,PROJ_REAL_19.0_management_and_organization_.2
PROJ_REAL_20.0,management_and_organization_.2,60,80.0,1,Management and Organization .2,0.9285365966521868,0,20.0,300000.0,PROJ_REAL_20.0_management_and_organization_.2
PROJ_REAL_21.0,management_and_organization_.2,60,76.0,1,Management and Organization .2,0.9450195652893272,0,16.0,240000.0,PROJ_REAL_21.0_management_and_organization_.2
PROJ_REAL_22.0,management_and_organization_.2,60,80.0,1,Management and Organization .2,1.0,0,20.0,300000.0,PROJ_REAL_22.0_management_and_organization_.2
PROJ_REAL_23.0,management_and_organization_.2,60,80.0,1,Management and Organization .2,1.0,0,20.0,300000.0,PROJ_REAL_23.0_management_and_organization_.2
PROJ_REAL_24.0,management_and_organization_.2,60,72.0,1,Management and Organization .2,0.8408542878944362,0,12.0,180000.0,PROJ_REAL_24.0_management_and_organization_.2
PROJ_REAL_25.0,management_and_organization_.2,60,72.0,1,Management and Organization .2,0.4403982392041687,0,12.0,180000.0,PROJ_REAL_25.0_management_and_organization_.2
PROJ_REAL_26.0,management_and_organization_.2,60,72.0,1,Management and Organization .2,0.7134347823458991,0,12.0,180000.0,PROJ_REAL_26.0_management_and_organization_.2
PROJ_REAL_27.0,management_and_organization_.2,60,72.0,1,Management and Organization .2,0.5701510477303701,0,12.0,180000.0,PROJ_REAL_27.0_management_and_organization_.2
PROJ_REAL_28.0,management_and_organization_.2,60,68.0,0,Management and Organization .2,0.3463090065852738,0,8.0,0.0,PROJ_REAL_28.0_management_and_organization_.2
PROJ_REAL_29.0,management_and_organization_.2,60,68.0,0,Management and Organization .2,0.5118904228847975,0,8.0,0.0,PROJ_REAL_29.0_management_and_organization_.2
PROJ_REAL_30.0,management_and_organization_.2,60,72.0,1,Management and Organization .2,0.5755150447390255,0,12.0,180000.0,PROJ_REAL_30.0_management_and_organization_.2
PROJ_REAL_31.0,management_and_organization_.2,60,68.0,0,Management and Organization .2,0.5008897556252897,0,8.0,0.0,PROJ_REAL_31.0_management_and_organization_.2
PROJ_REAL_32.0,management_and_organization_.2,60,68.0,0,Management and Organization .2,0.4642662337502494,0,8.0,0.0,PROJ_REAL_32.0_management_and_organization_.2
PROJ_REAL_33.0,management_and_organization_.2,60,72.0,1,Management and Organization .2,0.4659896453825599,0,12.0,180000.0,PROJ_REAL_33.0_management_and_organization_.2
PROJ_REAL_34.0,management_and_organization_.2,60,72.0,1,Management and Organization .2,0.5393689826863495,0,12.0,180000.0,PROJ_REAL_34.0_management_and_organization_.2
PROJ_REAL_35.0,management_and_organization_.2,60,76.0,1,Management and Organization .2,0.6769326727622313,0,16.0,240000.0,PROJ_REAL_35.0_management_and_organization_.2
PROJ_REAL_36.0,management_and_organization_.2,60,80.0,1,Management and Organization .2,1.0,0,20.0,300000.0,PROJ_REAL_36.0_management_and_organization_.2
PROJ_REAL_37.0,management_and_organization_.2,60,72.0,1,Management and Organization .2,0.8216363281543388,0,12.0,180000.0,PROJ_REAL_37.0_management_and_organization_.2
PROJ_REAL_38.0,management_and_organization_.2,60,76.0,1,Management and Organization .2,0.7583833227147916,0,16.0,240000.0,PROJ_REAL_38.0_management_and_organization_.2
PROJ_REAL_39.0,management_and_organization_.2,60,76.0,1,Management and Organization .2,0.7690345643222991,0,16.0,240000.0,PROJ_REAL_39.0_management_and_organization_.2
PROJ_REAL_40.0,management_and_organization_.2,60,72.0,1,Management and Organization .2,0.5423895804221742,0,12.0,180000.0,PROJ_REAL_40.0_management_and_organization_.2
PROJ_REAL_41.0,management_and_organization_.2,60,76.0,1,Management and Organization .2,0.976947659462434,0,16.0,240000.0,PROJ_REAL_41.0_management_and_organization_.2
PROJ_REAL_42.0,management_and_organization_.2,60,72.0,1,Management and Organization .2,0.717260003276261,0,12.0,180000.0,PROJ_REAL_42.0_management_and_organization_.2
PROJ_REAL_43.0,management_and_organization_.2,60,76.0,1,Management and Organization .2,0.7467845198576974,0,16.0,240000.0,PROJ_REAL_43.0_management_and_organization_.2
PROJ_REAL_44.0,management_and_organization_.2,60,76.0,1,Management and Organization .2,0.7696051006928019,0,16.0,240000.0,PROJ_REAL_44.0_management_and_organization_.2
PROJ_REAL_45.0,management_and_organization_.2,60,76.0,1,Management and Organization .2,0.8263745769157802,0,16.0,240000.0,PROJ_REAL_45.0_management_and_organization_.2
PROJ_REAL_46.0,management_and_organization_.2,60,76.0,1,Management and Organization .2,0.7804089631501161,0,16.0,240000.0,PROJ_REAL_46.0_management_and_organization_.2
PROJ_REAL_47.0,management_and_organization_.2,60,76.0,1,Management and Organization .2,0.7977172209019254,0,16.0,240000.0,PROJ_REAL_47.0_management_and_organization_.2
PROJ_REAL_48.0,management_and_organization_.2,60,76.0,1,Management and Organization .2,0.7252181002839805,0,16.0,240000.0,PROJ_REAL_48.0_management_and_organization_.2
PROJ_REAL_49.0,management_and_organization_.2,60,76.0,1,Management and Organization .2,0.8938815668587053,0,16.0,240000.0,PROJ_REAL_49.0_management_and_organization_.2
PROJ_REAL_50.0,management_and_organization_.2,60,80.0,1,Management and Organization .2,1.0,0,20.0,300000.0,PROJ_REAL_50.0_management_and_organization_.2
PROJ_REAL_51.0,management_and_organization_.2,60,72.0,1,Management and Organization .2,0.5399691351609139,0,12.0,180000.0,PROJ_REAL_51.0_management_and_organization_.2
PROJ_REAL_52.0,management_and_organization_.2,60,80.0,1,Management and Organization .2,1.0,0,20.0,300000.0,PROJ_REAL_52.0_management_and_organization_.2
PROJ_REAL_53.0,management_and_organization_.2,60,72.0,1,Management and Organization .2,0.5774801291335939,0,12.0,180000.0,PROJ_REAL_53.0_management_and_organization_.2
PROJ_REAL_54.0,management_and_organization_.2,60,76.0,1,Management and Organization .2,0.9787853255830622,0,16.0,240000.0,PROJ_REAL_54.0_management_and_organization_.2
PROJ_REAL_55.0,management_and_organization_.2,60,76.0,1,Management and Organization .2,0.7141712045330995,0,16.0,240000.0,PROJ_REAL_55.0_management_and_organization_.2
PROJ_REAL_56.0,management_and_organization_.2,60,80.0,1,Management and Organization .2,0.9808242211647672,0,20.0,300000.0,PROJ_REAL_56.0_management_and_organization_.2
PROJ_REAL_57.0,management_and_organization_.2,60,76.0,1,Management and Organization .2,0.8391464753934635,0,16.0,240000.0,PROJ_REAL_57.0_management_and_organization_.2
PROJ_REAL_58.0,management_and_organization_.2,60,72.0,1,Management and Organization .2,0.6033205733330198,0,12.0,180000.0,PROJ_REAL_58.0_management_and_organization_.2
PROJ_REAL_59.0,management_and_organization_.2,60,72.0,1,Management and Organization .2,0.6380589222322782,0,12.0,180000.0,PROJ_REAL_59.0_management_and_organization_.2
PROJ_REAL_60.0,management_and_organization_.2,60,76.0,1,Management and Organization .2,0.6763268882529524,0,16.0,240000.0,PROJ_REAL_60.0_management_and_organization_.2
PROJ_REAL_61.0,management_and_organization_.2,60,76.0,1,Management and Organization .2,0.649937850603757,0,16.0,240000.0,PROJ_REAL_61.0_management_and_organization_.2
PROJ_REAL_62.0,management_and_organization_.2,60,72.0,1,Management and Organization .2,0.6113269947925649,0,12.0,180000.0,PROJ_REAL_62.0_management_and_organization_.2
PROJ_REAL_63.0,management_and_organization_.2,60,72.0,1,Management and Organization .2,0.6192827286600733,0,12.0,180000.0,PROJ_REAL_63.0_management_and_organization_.2
PROJ_REAL_64.0,management_and_organization_.2,60,72.0,1,Management and Organization .2,0.6079625475128486,0,12.0,180000.0,PROJ_REAL_64.0_management_and_organization_.2
PROJ_REAL_65.0,management_and_organization_.2,60,76.0,1,Management and Organization .2,0.8105254868862799,0,16.0,240000.0,PROJ_REAL_65.0_management_and_organization_.2
PROJ_REAL_66.0,management_and_organization_.2,60,76.0,1,Management and Organization .2,0.7374278348610637,0,16.0,240000.0,PROJ_REAL_66.0_management_and_organization_.2
PROJ_REAL_67.0,management_and_organization_.2,60,76.0,1,Management and Organization .2,0.7188309028685066,0,16.0,240000.0,PROJ_REAL_67.0_management_and_organization_.2
PROJ_REAL_68.0,management_and_organization_.2,60,76.0,1,Management and Organization .2,0.6547375951645779,0,16.0,240000.0,PROJ_REAL_68.0_management_and_organization_.2
PROJ_REAL_69.0,management_and_organization_.2,60,72.0,1,Management and Organization .2,0.7308238264478051,0,12.0,180000.0,PROJ_REAL_69.0_management_and_organization_.2
PROJ_REAL_70.0,management_and_organization_.2,60,76.0,1,Management and Organization .2,0.6823856596127449,0,16.0,240000.0,PROJ_REAL_70.0_management_and_organization_.2
PROJ_REAL_71.0,management_and_organization_.2,60,76.0,1,Management and Organization .2,0.918278374689376,0,16.0,240000.0,PROJ_REAL_71.0_management_and_organization_.2
PROJ_REAL_72.0,management_and_organization_.2,60,76.0,1,Management and Organization .2,1.0,0,16.0,240000.0,PROJ_REAL_72.0_management_and_organization_.2
PROJ_REAL_73.0,management_and_organization_.2,60,72.0,1,Management and Organization .2,0.7217077539950912,0,12.0,180000.0,PROJ_REAL_73.0_management_and_organization_.2
PROJ_REAL_74.0,management_and_organization_.2,60,80.0,1,Management and Organization .2,1.0,0,20.0,300000.0,PROJ_REAL_74.0_management_and_organization_.2
PROJ_REAL_75.0,management_and_organization_.2,60,80.0,1,Management and Organization .2,0.9875595123133322,0,20.0,300000.0,PROJ_REAL_75.0_management_and_organization_.2
PROJ_REAL_76.0,management_and_organization_.2,60,72.0,1,Management and Organization .2,0.6160445462410138,0,12.0,180000.0,PROJ_REAL_76.0_management_and_organization_.2
PROJ_REAL_77.0,management_and_organization_.2,60,80.0,1,Management and Organization .2,1.0,0,20.0,300000.0,PROJ_REAL_77.0_management_and_organization_.2
PROJ_REAL_78.0,management_and_organization_.2,60,76.0,1,Management and Organization .2,0.730295015274033,0,16.0,240000.0,PROJ_REAL_78.0_management_and_organization_.2
PROJ_REAL_79.0,management_and_organization_.2,60,68.0,0,Management and Organization .2,0.2134556847539568,0,8.0,0.0,PROJ_REAL_79.0_management_and_organization_.2
PROJ_REAL_80.0,management_and_organization_.2,60,76.0,1,Management and Organization .2,0.8119162303084836,0,16.0,240000.0,PROJ_REAL_80.0_management_and_organization_.2
PROJ_REAL_81.0,management_and_organization_.2,60,80.0,1,Management and Organization .2,0.93433312718675,0,20.0,300000.0,PROJ_REAL_81.0_management_and_organization_.2
PROJ_REAL_82.0,management_and_organization_.2,60,72.0,1,Management and Organization .2,0.6143038436689304,0,12.0,180000.0,PROJ_REAL_82.0_management_and_organization_.2
PROJ_REAL_83.0,management_and_organization_.2,60,76.0,1,Management and Organization .2,0.5416839059370133,0,16.0,240000.0,PROJ_REAL_83.0_management_and_organization_.2
PROJ_REAL_84.0,management_and_organization_.2,60,76.0,1,Management and Organization .2,0.8807617290816269,0,16.0,240000.0,PROJ_REAL_84.0_management_and_organization_.2
PROJ_REAL_85.0,management_and_organization_.2,60,68.0,0,Management and Organization .2,0.4320776543344282,0,8.0,0.0,PROJ_REAL_85.0_management_and_organization_.2
PROJ_REAL_86.0,management_and_organization_.2,60,76.0,1,Management and Organization .2,0.9664826139608672,0,16.0,240000.0,PROJ_REAL_86.0_management_and_organization_.2
PROJ_REAL_87.0,management_and_organization_.2,60,76.0,1,Management and Organization .2,0.7151238827116589,0,16.0,240000.0,PROJ_REAL_87.0_management_and_organization_.2
PROJ_REAL_88.0,management_and_organization_.2,60,76.0,1,Management and Organization .2,0.7495837925947828,0,16.0,240000.0,PROJ_REAL_88.0_management_and_organization_.2
PROJ_REAL_89.0,management_and_organization_.2,60,80.0,1,Management and Organization .2,0.92854951947143,0,20.0,300000.0,PROJ_REAL_89.0_management_and_organization_.2
PROJ_REAL_90.0,management_and_organization_.2,60,80.0,1,Management and Organization .2,0.922756802096383,0,20.0,300000.0,PROJ_REAL_90.0_management_and_organization_.2
PROJ_REAL_91.0,management_and_organization_.2,60,72.0,1,Management and Organization .2,0.5037545911969886,0,12.0,180000.0,PROJ_REAL_91.0_management_and_organization_.2
PROJ_REAL_92.0,management_and_organization_.2,60,72.0,1,Management and Organization .2,0.7890234277326831,0,12.0,180000.0,PROJ_REAL_92.0_management_and_organization_.2
PROJ_REAL_93.0,management_and_organization_.2,60,72.0,1,Management and Organization .2,0.6379108688327519,0,12.0,180000.0,PROJ_REAL_93.0_management_and_organization_.2
PROJ_REAL_94.0,management_and_organization_.2,60,80.0,1,Management and Organization .2,0.9002771334290344,0,20.0,300000.0,PROJ_REAL_94.0_management_and_organization_.2
PROJ_REAL_95.0,management_and_organization_.2,60,76.0,1,Management and Organization .2,0.7684057038867868,0,16.0,240000.0,PROJ_REAL_95.0_management_and_organization_.2
PROJ_REAL_96.0,management_and_organization_.2,60,76.0,1,Management and Organization .2,0.6531137436463881,0,16.0,240000.0,PROJ_REAL_96.0_management_and_organization_.2
PROJ_REAL_97.0,management_and_organization_.2,60,68.0,0,Management and Organization .2,0.3890694924588747,0,8.0,0.0,PROJ_REAL_97.0_management_and_organization_.2
PROJ_REAL_98.0,management_and_organization_.2,60,76.0,1,Management and Organization .2,0.8494704656332077,0,16.0,240000.0,PROJ_REAL_98.0_management_and_organization_.2
PROJ_REAL_99.0,management_and_organization_.2,60,76.0,1,Management and Organization .2,0.774546865258468,0,16.0,240000.0,PROJ_REAL_99.0_management_and_organization_.2
PROJ_REAL_100.0,management_and_organization_.2,60,76.0,1,Management and Organization .2,0.876928626741329,0,16.0,240000.0,PROJ_REAL_100.0_management_and_organization_.2
PROJ_REAL_101.0,management_and_organization_.2,60,76.0,1,Management and Organization .2,0.9655537507397964,0,16.0,240000.0,PROJ_REAL_101.0_management_and_organization_.2
PROJ_REAL_102.0,management_and_organization_.2,60,76.0,1,Management and Organization .2,0.661159238564978,0,16.0,240000.0,PROJ_REAL_102.0_management_and_organization_.2
PROJ_REAL_103.0,management_and_organization_.2,60,76.0,1,Management and Organization .2,0.6669206008878517,0,16.0,240000.0,PROJ_REAL_103.0_management_and_organization_.2
PROJ_REAL_104.0,management_and_organization_.2,60,72.0,1,Management and Organization .2,0.6813702176744755,0,12.0,180000.0,PROJ_REAL_104.0_management_and_organization_.2
PROJ_REAL_105.0,management_and_organization_.2,60,76.0,1,Management and Organization .2,0.7250557431984823,0,16.0,240000.0,PROJ_REAL_105.0_management_and_organization_.2
PROJ_REAL_106.0,management_and_organization_.2,60,76.0,1,Management and Organization .2,0.7681370624685016,0,16.0,240000.0,PROJ_REAL_106.0_management_and_organization_.2
PROJ_REAL_107.0,management_and_organization_.2,60,72.0,1,Management and Organization .2,0.4254993194466469,0,12.0,180000.0,PROJ_REAL_107.0_management_and_organization_.2
PROJ_REAL_108.0,management_and_organization_.2,60,72.0,1,Management and Organization .2,0.5779129791535269,0,12.0,180000.0,PROJ_REAL_108.0_management_and_organization_.2
PROJ_REAL_109.0,management_and_organization_.2,60,80.0,1,Management and Organization .2,1.0,0,20.0,300000.0,PROJ_REAL_109.0_management_and_organization_.2
PROJ_REAL_110.0,management_and_organization_.2,60,68.0,0,Management and Organization .2,0.3586293260082516,0,8.0,0.0,PROJ_REAL_110.0_management_and_organization_.2
PROJ_REAL_111.0,management_and_organization_.2,60,76.0,1,Management and Organization .2,0.7537946970644345,0,16.0,240000.0,PROJ_REAL_111.0_management_and_organization_.2
PROJ_REAL_112.0,management_and_organization_.2,60,72.0,1,Management and Organization .2,0.6664309134075671,0,12.0,180000.0,PROJ_REAL_112.0_management_and_organization_.2
PROJ_REAL_113.0,management_and_organization_.2,60,72.0,1,Management and Organization .2,0.7249132932497111,0,12.0,180000.0,PROJ_REAL_113.0_management_and_organization_.2
PROJ_REAL_114.0,management_and_organization_.2,60,64.0,0,Management and Organization .2,0.2404312059529143,0,4.0,0.0,PROJ_REAL_114.0_management_and_organization_.2
PROJ_REAL_115.0,management_and_organization_.2,60,76.0,1,Management and Organization .2,0.6925542824258697,0,16.0,240000.0,PROJ_REAL_115.0_management_and_organization_.2
PROJ_REAL_116.0,management_and_organization_.2,60,76.0,1,Management and Organization .2,0.665853099524701,0,16.0,240000.0,PROJ_REAL_116.0_management_and_organization_.2
PROJ_REAL_117.0,management_and_organization_.2,60,76.0,1,Management and Organization .2,0.7017993889694532,0,16.0,240000.0,PROJ_REAL_117.0_management_and_organization_.2
PROJ_REAL_118.0,management_and_organization_.2,60,76.0,1,Management and Organization .2,0.7650128478290344,0,16.0,240000.0,PROJ_REAL_118.0_management_and_organization_.2
PROJ_REAL_119.0,management_and_organization_.2,60,76.0,1,Management and Organization .2,0.7427217838934452,0,16.0,240000.0,PROJ_REAL_119.0_management_and_organization_.2
PROJ_REAL_120.0,management_and_organization_.2,60,76.0,1,Management and Organization .2,0.8318160977270683,0,16.0,240000.0,PROJ_REAL_120.0_management_and_organization_.2
PROJ_REAL_121.0,management_and_organization_.2,60,76.0,1,Management and Organization .2,0.7785801551831272,0,16.0,240000.0,PROJ_REAL_121.0_management_and_organization_.2
PROJ_REAL_122.0,management_and_organization_.2,60,72.0,1,Management and Organization .2,0.6901729802165403,0,12.0,180000.0,PROJ_REAL_122.0_management_and_organization_.2
PROJ_REAL_123.0,management_and_organization_.2,60,64.0,0,Management and Organization .2,0.2347076055745733,0,4.0,0.0,PROJ_REAL_123.0_management_and_organization_.2
PROJ_REAL_124.0,management_and_organization_.2,60,76.0,1,Management and Organization .2,0.749723923647764,0,16.0,240000.0,PROJ_REAL_124.0_management_and_organization_.2
PROJ_REAL_125.0,management_and_organization_.2,60,76.0,1,Management and Organization .2,0.7879710793327225,0,16.0,240000.0,PROJ_REAL_125.0_management_and_organization_.2
PROJ_REAL_126.0,management_and_organization_.2,60,64.0,0,Management and Organization .2,0.2843283420934924,0,4.0,0.0,PROJ_REAL_126.0_management_and_organization_.2
PROJ_REAL_127.0,management_and_organization_.2,60,72.0,1,Management and Organization .2,0.6286629781148566,0,12.0,180000.0,PROJ_REAL_127.0_management_and_organization_.2
PROJ_REAL_128.0,management_and_organization_.2,60,76.0,1,Management and Organization .2,0.84459622394065,0,16.0,240000.0,PROJ_REAL_128.0_management_and_organization_.2
PROJ_REAL_129.0,management_and_organization_.2,60,76.0,1,Management and Organization .2,0.9342246783675472,0,16.0,240000.0,PROJ_REAL_129.0_management_and_organization_.2
PROJ_REAL_130.0,management_and_organization_.2,60,72.0,1,Management and Organization .2,0.4125077929576362,0,12.0,180000.0,PROJ_REAL_130.0_management_and_organization_.2
PROJ_REAL_131.0,management_and_organization_.2,60,76.0,1,Management and Organization .2,0.9304843065476528,0,16.0,240000.0,PROJ_REAL_131.0_management_and_organization_.2
PROJ_REAL_132.0,management_and_organization_.2,60,68.0,0,Management and Organization .2,0.4334832847401146,0,8.0,0.0,PROJ_REAL_132.0_management_and_organization_.2
PROJ_REAL_133.0,management_and_organization_.2,60,72.0,1,Management and Organization .2,0.7406020517677987,0,12.0,180000.0,PROJ_REAL_133.0_management_and_organization_.2
PROJ_REAL_134.0,management_and_organization_.2,60,80.0,1,Management and Organization .2,0.8865039017071248,0,20.0,300000.0,PROJ_REAL_134.0_management_and_organization_.2
PROJ_REAL_135.0,management_and_organization_.2,60,76.0,1,Management and Organization .2,0.7970568972123246,0,16.0,240000.0,PROJ_REAL_135.0_management_and_organization_.2
PROJ_REAL_136.0,management_and_organization_.2,60,76.0,1,Management and Organization .2,0.7375873574748624,0,16.0,240000.0,PROJ_REAL_136.0_management_and_organization_.2
PROJ_REAL_137.0,management_and_organization_.2,60,76.0,1,Management and Organization .2,0.7456341514830166,0,16.0,240000.0,PROJ_REAL_137.0_management_and_organization_.2
PROJ_REAL_138.0,management_and_organization_.2,60,72.0,1,Management and Organization .2,0.5895325040546949,0,12.0,180000.0,PROJ_REAL_138.0_management_and_organization_.2
PROJ_REAL_139.0,management_and_organization_.2,60,76.0,1,Management and Organization .2,0.7092375622587983,0,16.0,240000.0,PROJ_REAL_139.0_management_and_organization_.2
PROJ_REAL_140.0,management_and_organization_.2,60,76.0,1,Management and Organization .2,0.7554428676557551,0,16.0,240000.0,PROJ_REAL_140.0_management_and_organization_.2
PROJ_REAL_141.0,management_and_organization_.2,60,72.0,1,Management and Organization .2,0.7885550538753308,0,12.0,180000.0,PROJ_REAL_141.0_management_and_organization_.2
PROJ_REAL_142.0,management_and_organization_.2,60,72.0,1,Management and Organization .2,0.7458278997650218,0,12.0,180000.0,PROJ_REAL_142.0_management_and_organization_.2
PROJ_REAL_143.0,management_and_organization_.2,60,68.0,0,Management and Organization .2,0.4323260656340105,0,8.0,0.0,PROJ_REAL_143.0_management_and_organization_.2
PROJ_REAL_1.0,management_and_organization_.3,60,68.0,0,Management and Organization .3,0.3700340722045518,0,8.0,0.0,PROJ_REAL_1.0_management_and_organization_.3
PROJ_REAL_2.0,management_and_organization_.3,60,76.0,1,Management and Organization .3,0.8543636256617793,0,16.0,240000.0,PROJ_REAL_2.0_management_and_organization_.3
PROJ_REAL_3.0,management_and_organization_.3,60,64.0,0,Management and Organization .3,0.0992770065109879,0,4.0,0.0,PROJ_REAL_3.0_management_and_organization_.3
PROJ_REAL_4.0,management_and_organization_.3,60,68.0,0,Management and Organization .3,0.4501876989586144,0,8.0,0.0,PROJ_REAL_4.0_management_and_organization_.3
PROJ_REAL_5.0,management_and_organization_.3,60,64.0,0,Management and Organization .3,0.1186950658392072,0,4.0,0.0,PROJ_REAL_5.0_management_and_organization_.3
PROJ_REAL_6.0,management_and_organization_.3,60,64.0,0,Management and Organization .3,0.3339782739273526,0,4.0,0.0,PROJ_REAL_6.0_management_and_organization_.3
PROJ_REAL_7.0,management_and_organization_.3,60,64.0,0,Management and Organization .3,0.2612664484278766,0,4.0,0.0,PROJ_REAL_7.0_management_and_organization_.3
PROJ_REAL_8.0,management_and_organization_.3,60,64.0,0,Management and Organization .3,0.0958209668782053,0,4.0,0.0,PROJ_REAL_8.0_management_and_organization_.3
PROJ_REAL_9.0,management_and_organization_.3,60,64.0,0,Management and Organization .3,0.2486295596608995,0,4.0,0.0,PROJ_REAL_9.0_management_and_organization_.3
PROJ_REAL_10.0,management_and_organization_.3,60,64.0,0,Management and Organization .3,0.2273639393741052,0,4.0,0.0,PROJ_REAL_10.0_management_and_organization_.3
PROJ_REAL_11.0,management_and_organization_.3,60,64.0,0,Management and Organization .3,0.2172889057356011,0,4.0,0.0,PROJ_REAL_11.0_management_and_organization_.3
PROJ_REAL_12.0,management_and_organization_.3,60,76.0,1,Management and Organization .3,0.9189866301424976,0,16.0,240000.0,PROJ_REAL_12.0_management_and_organization_.3
PROJ_REAL_13.0,management_and_organization_.3,60,80.0,1,Management and Organization .3,1.0,0,20.0,300000.0,PROJ_REAL_13.0_management_and_organization_.3
PROJ_REAL_14.0,management_and_organization_.3,60,76.0,1,Management and Organization .3,0.8761718557854399,0,16.0,240000.0,PROJ_REAL_14.0_management_and_organization_.3
PROJ_REAL_15.0,management_and_organization_.3,60,72.0,1,Management and Organization .3,0.7752625561359223,0,12.0,180000.0,PROJ_REAL_15.0_management_and_organization_.3
PROJ_REAL_16.0,management_and_organization_.3,60,68.0,0,Management and Organization .3,0.6443337848382231,0,8.0,0.0,PROJ_REAL_16.0_management_and_organization_.3
PROJ_REAL_17.0,management_and_organization_.3,60,80.0,1,Management and Organization .3,1.0,0,20.0,300000.0,PROJ_REAL_17.0_management_and_organization_.3
PROJ_REAL_18.0,management_and_organization_.3,60,72.0,1,Management and Organization .3,0.4783788960190097,0,12.0,180000.0,PROJ_REAL_18.0_management_and_organization_.3
PROJ_REAL_19.0,management_and_organization_.3,60,76.0,1,Management and Organization .3,0.706532311345418,0,16.0,240000.0,PROJ_REAL_19.0_management_and_organization_.3
PROJ_REAL_20.0,management_and_organization_.3,60,68.0,0,Management and Organization .3,0.481536226116556,0,8.0,0.0,PROJ_REAL_20.0_management_and_organization_.3
PROJ_REAL_21.0,management_and_organization_.3,60,76.0,1,Management and Organization .3,0.994198334471564,0,16.0,240000.0,PROJ_REAL_21.0_management_and_organization_.3
PROJ_REAL_22.0,management_and_organization_.3,60,72.0,1,Management and Organization .3,0.472536963880094,0,12.0,180000.0,PROJ_REAL_22.0_management_and_organization_.3
PROJ_REAL_23.0,management_and_organization_.3,60,72.0,1,Management and Organization .3,0.777258194124927,0,12.0,180000.0,PROJ_REAL_23.0_management_and_organization_.3
PROJ_REAL_24.0,management_and_organization_.3,60,76.0,1,Management and Organization .3,0.6369349870454473,0,16.0,240000.0,PROJ_REAL_24.0_management_and_organization_.3
PROJ_REAL_25.0,management_and_organization_.3,60,76.0,1,Management and Organization .3,0.6018973452920866,0,16.0,240000.0,PROJ_REAL_25.0_management_and_organization_.3
PROJ_REAL_26.0,management_and_organization_.3,60,72.0,1,Management and Organization .3,0.6001050866180372,0,12.0,180000.0,PROJ_REAL_26.0_management_and_organization_.3
PROJ_REAL_27.0,management_and_organization_.3,60,76.0,1,Management and Organization .3,0.7543636032136042,0,16.0,240000.0,PROJ_REAL_27.0_management_and_organization_.3
PROJ_REAL_28.0,management_and_organization_.3,60,72.0,1,Management and Organization .3,0.7119521149576926,0,12.0,180000.0,PROJ_REAL_28.0_management_and_organization_.3
PROJ_REAL_29.0,management_and_organization_.3,60,68.0,0,Management and Organization .3,0.3903278878755074,0,8.0,0.0,PROJ_REAL_29.0_management_and_organization_.3
PROJ_REAL_30.0,management_and_organization_.3,60,64.0,0,Management and Organization .3,0.1029430075334769,0,4.0,0.0,PROJ_REAL_30.0_management_and_organization_.3
PROJ_REAL_31.0,management_and_organization_.3,60,72.0,1,Management and Organization .3,0.5134746212007162,0,12.0,180000.0,PROJ_REAL_31.0_management_and_organization_.3
PROJ_REAL_32.0,management_and_organization_.3,60,68.0,0,Management and Organization .3,0.4806010997644043,0,8.0,0.0,PROJ_REAL_32.0_management_and_organization_.3
PROJ_REAL_33.0,management_and_organization_.3,60,68.0,0,Management and Organization .3,0.436062646827403,0,8.0,0.0,PROJ_REAL_33.0_management_and_organization_.3
PROJ_REAL_34.0,management_and_organization_.3,60,64.0,0,Management and Organization .3,0.2627030950137867,0,4.0,0.0,PROJ_REAL_34.0_management_and_organization_.3
PROJ_REAL_35.0,management_and_organization_.3,60,72.0,1,Management and Organization .3,0.4786289541260248,0,12.0,180000.0,PROJ_REAL_35.0_management_and_organization_.3
PROJ_REAL_36.0,management_and_organization_.3,60,68.0,0,Management and Organization .3,0.5518413813475669,0,8.0,0.0,PROJ_REAL_36.0_management_and_organization_.3
PROJ_REAL_37.0,management_and_organization_.3,60,76.0,1,Management and Organization .3,0.6298421280517047,0,16.0,240000.0,PROJ_REAL_37.0_management_and_organization_.3
PROJ_REAL_38.0,management_and_organization_.3,60,76.0,1,Management and Organization .3,0.8425779892339438,0,16.0,240000.0,PROJ_REAL_38.0_management_and_organization_.3
PROJ_REAL_39.0,management_and_organization_.3,60,76.0,1,Management and Organization .3,0.7298547453107387,0,16.0,240000.0,PROJ_REAL_39.0_management_and_organization_.3
PROJ_REAL_40.0,management_and_organization_.3,60,72.0,1,Management and Organization .3,0.6190900236695204,0,12.0,180000.0,PROJ_REAL_40.0_management_and_organization_.3
PROJ_REAL_41.0,management_and_organization_.3,60,76.0,1,Management and Organization .3,0.7602530836715465,0,16.0,240000.0,PROJ_REAL_41.0_management_and_organization_.3
PROJ_REAL_42.0,management_and_organization_.3,60,72.0,1,Management and Organization .3,0.6345140773968534,0,12.0,180000.0,PROJ_REAL_42.0_management_and_organization_.3
PROJ_REAL_43.0,management_and_organization_.3,60,76.0,1,Management and Organization .3,0.9671835388481986,0,16.0,240000.0,PROJ_REAL_43.0_management_and_organization_.3
PROJ_REAL_44.0,management_and_organization_.3,60,72.0,1,Management and Organization .3,0.4055848784663649,0,12.0,180000.0,PROJ_REAL_44.0_management_and_organization_.3
PROJ_REAL_45.0,management_and_organization_.3,60,72.0,1,Management and Organization .3,0.7291564650349779,0,12.0,180000.0,PROJ_REAL_45.0_management_and_organization_.3
PROJ_REAL_46.0,management_and_organization_.3,60,76.0,1,Management and Organization .3,0.8513069907042625,0,16.0,240000.0,PROJ_REAL_46.0_management_and_organization_.3
PROJ_REAL_47.0,management_and_organization_.3,60,80.0,1,Management and Organization .3,1.0,0,20.0,300000.0,PROJ_REAL_47.0_management_and_organization_.3
PROJ_REAL_48.0,management_and_organization_.3,60,80.0,1,Management and Organization .3,1.0,0,20.0,300000.0,PROJ_REAL_48.0_management_and_organization_.3
PROJ_REAL_49.0,management_and_organization_.3,60,76.0,1,Management and Organization .3,0.8463349472821676,0,16.0,240000.0,PROJ_REAL_49.0_management_and_organization_.3
PROJ_REAL_50.0,management_and_organization_.3,60,80.0,1,Management and Organization .3,1.0,0,20.0,300000.0,PROJ_REAL_50.0_management_and_organization_.3
PROJ_REAL_51.0,management_and_organization_.3,60,68.0,0,Management and Organization .3,0.2395738124242256,0,8.0,0.0,PROJ_REAL_51.0_management_and_organization_.3
PROJ_REAL_52.0,management_and_organization_.3,60,80.0,1,Management and Organization .3,0.8918107926836935,0,20.0,300000.0,PROJ_REAL_52.0_management_and_organization_.3
PROJ_REAL_53.0,management_and_organization_.3,60,72.0,1,Management and Organization .3,0.583609168073331,0,12.0,180000.0,PROJ_REAL_53.0_management_and_organization_.3
PROJ_REAL_54.0,management_and_organization_.3,60,76.0,1,Management and Organization .3,0.733763662540614,0,16.0,240000.0,PROJ_REAL_54.0_management_and_organization_.3
PROJ_REAL_55.0,management_and_organization_.3,60,72.0,1,Management and Organization .3,0.545764833427692,0,12.0,180000.0,PROJ_REAL_55.0_management_and_organization_.3
PROJ_REAL_56.0,management_and_organization_.3,60,80.0,1,Management and Organization .3,1.0,0,20.0,300000.0,PROJ_REAL_56.0_management_and_organization_.3
PROJ_REAL_57.0,management_and_organization_.3,60,76.0,1,Management and Organization .3,0.6220094751240024,0,16.0,240000.0,PROJ_REAL_57.0_management_and_organization_.3
PROJ_REAL_58.0,management_and_organization_.3,60,76.0,1,Management and Organization .3,0.7400351095463464,0,16.0,240000.0,PROJ_REAL_58.0_management_and_organization_.3
PROJ_REAL_59.0,management_and_organization_.3,60,76.0,1,Management and Organization .3,0.8509660083621224,0,16.0,240000.0,PROJ_REAL_59.0_management_and_organization_.3
PROJ_REAL_60.0,management_and_organization_.3,60,72.0,1,Management and Organization .3,0.6356047389437297,0,12.0,180000.0,PROJ_REAL_60.0_management_and_organization_.3
PROJ_REAL_61.0,management_and_organization_.3,60,72.0,1,Management and Organization .3,0.457356137907965,0,12.0,180000.0,PROJ_REAL_61.0_management_and_organization_.3
PROJ_REAL_62.0,management_and_organization_.3,60,72.0,1,Management and Organization .3,0.5923184538702225,0,12.0,180000.0,PROJ_REAL_62.0_management_and_organization_.3
PROJ_REAL_63.0,management_and_organization_.3,60,76.0,1,Management and Organization .3,0.7551360416706837,0,16.0,240000.0,PROJ_REAL_63.0_management_and_organization_.3
PROJ_REAL_64.0,management_and_organization_.3,60,68.0,0,Management and Organization .3,0.3857513111090994,0,8.0,0.0,PROJ_REAL_64.0_management_and_organization_.3
PROJ_REAL_65.0,management_and_organization_.3,60,72.0,1,Management and Organization .3,0.6453214682404919,0,12.0,180000.0,PROJ_REAL_65.0_management_and_organization_.3
PROJ_REAL_66.0,management_and_organization_.3,60,76.0,1,Management and Organization .3,0.8274028068022816,0,16.0,240000.0,PROJ_REAL_66.0_management_and_organization_.3
PROJ_REAL_67.0,management_and_organization_.3,60,76.0,1,Management and Organization .3,0.9389557062532724,0,16.0,240000.0,PROJ_REAL_67.0_management_and_organization_.3
PROJ_REAL_68.0,management_and_organization_.3,60,72.0,1,Management and Organization .3,0.6324299894282733,0,12.0,180000.0,PROJ_REAL_68.0_management_and_organization_.3
PROJ_REAL_69.0,management_and_organization_.3,60,68.0,0,Management and Organization .3,0.5413758353097422,0,8.0,0.0,PROJ_REAL_69.0_management_and_organization_.3
PROJ_REAL_70.0,management_and_organization_.3,60,80.0,1,Management and Organization .3,0.9905610526389292,0,20.0,300000.0,PROJ_REAL_70.0_management_and_organization_.3
PROJ_REAL_71.0,management_and_organization_.3,60,80.0,1,Management and Organization .3,1.0,0,20.0,300000.0,PROJ_REAL_71.0_management_and_organization_.3
PROJ_REAL_72.0,management_and_organization_.3,60,72.0,1,Management and Organization .3,0.7155152280014252,0,12.0,180000.0,PROJ_REAL_72.0_management_and_organization_.3
PROJ_REAL_73.0,management_and_organization_.3,60,72.0,1,Management and Organization .3,0.6141235141829613,0,12.0,180000.0,PROJ_REAL_73.0_management_and_organization_.3
PROJ_REAL_74.0,management_and_organization_.3,60,72.0,1,Management and Organization .3,0.511995175839526,0,12.0,180000.0,PROJ_REAL_74.0_management_and_organization_.3
PROJ_REAL_75.0,management_and_organization_.3,60,76.0,1,Management and Organization .3,0.6715873201160028,0,16.0,240000.0,PROJ_REAL_75.0_management_and_organization_.3
PROJ_REAL_76.0,management_and_organization_.3,60,80.0,1,Management and Organization .3,0.985267306692744,0,20.0,300000.0,PROJ_REAL_76.0_management_and_organization_.3
PROJ_REAL_77.0,management_and_organization_.3,60,76.0,1,Management and Organization .3,0.9614283615523992,0,16.0,240000.0,PROJ_REAL_77.0_management_and_organization_.3
PROJ_REAL_78.0,management_and_organization_.3,60,76.0,1,Management and Organization .3,0.885263969818752,0,16.0,240000.0,PROJ_REAL_78.0_management_and_organization_.3
PROJ_REAL_79.0,management_and_organization_.3,60,64.0,0,Management and Organization .3,0.1186395674964879,0,4.0,0.0,PROJ_REAL_79.0_management_and_organization_.3
PROJ_REAL_80.0,management_and_organization_.3,60,80.0,1,Management and Organization .3,1.0,0,20.0,300000.0,PROJ_REAL_80.0_management_and_organization_.3
PROJ_REAL_81.0,management_and_organization_.3,60,80.0,1,Management and Organization .3,1.0,0,20.0,300000.0,PROJ_REAL_81.0_management_and_organization_.3
PROJ_REAL_82.0,management_and_organization_.3,60,76.0,1,Management and Organization .3,0.8743696287729342,0,16.0,240000.0,PROJ_REAL_82.0_management_and_organization_.3
PROJ_REAL_83.0,management_and_organization_.3,60,76.0,1,Management and Organization .3,0.8054896319506428,0,16.0,240000.0,PROJ_REAL_83.0_management_and_organization_.3
PROJ_REAL_84.0,management_and_organization_.3,60,72.0,1,Management and Organization .3,0.7042755592903758,0,12.0,180000.0,PROJ_REAL_84.0_management_and_organization_.3
PROJ_REAL_85.0,management_and_organization_.3,60,72.0,1,Management and Organization .3,0.5339524226420477,0,12.0,180000.0,PROJ_REAL_85.0_management_and_organization_.3
PROJ_REAL_86.0,management_and_organization_.3,60,76.0,1,Management and Organization .3,0.9699314295952788,0,16.0,240000.0,PROJ_REAL_86.0_management_and_organization_.3
PROJ_REAL_87.0,management_and_organization_.3,60,76.0,1,Management and Organization .3,0.8743940402498543,0,16.0,240000.0,PROJ_REAL_87.0_management_and_organization_.3
PROJ_REAL_88.0,management_and_organization_.3,60,80.0,1,Management and Organization .3,0.855102824600551,0,20.0,300000.0,PROJ_REAL_88.0_management_and_organization_.3
PROJ_REAL_89.0,management_and_organization_.3,60,80.0,1,Management and Organization .3,0.8944839887769499,0,20.0,300000.0,PROJ_REAL_89.0_management_and_organization_.3
PROJ_REAL_90.0,management_and_organization_.3,60,72.0,1,Management and Organization .3,0.6221710073541965,0,12.0,180000.0,PROJ_REAL_90.0_management_and_organization_.3
PROJ_REAL_91.0,management_and_organization_.3,60,72.0,1,Management and Organization .3,0.5362405705666085,0,12.0,180000.0,PROJ_REAL_91.0_management_and_organization_.3
PROJ_REAL_92.0,management_and_organization_.3,60,80.0,1,Management and Organization .3,1.0,0,20.0,300000.0,PROJ_REAL_92.0_management_and_organization_.3
PROJ_REAL_93.0,management_and_organization_.3,60,64.0,0,Management and Organization .3,0.25715494366703,0,4.0,0.0,PROJ_REAL_93.0_management_and_organization_.3
PROJ_REAL_94.0,management_and_organization_.3,60,76.0,1,Management and Organization .3,0.5356209957052644,0,16.0,240000.0,PROJ_REAL_94.0_management_and_organization_.3
PROJ_REAL_95.0,management_and_organization_.3,60,76.0,1,Management and Organization .3,0.8828445651061484,0,16.0,240000.0,PROJ_REAL_95.0_management_and_organization_.3
PROJ_REAL_96.0,management_and_organization_.3,60,76.0,1,Management and Organization .3,0.825544854572427,0,16.0,240000.0,PROJ_REAL_96.0_management_and_organization_.3
PROJ_REAL_97.0,management_and_organization_.3,60,76.0,1,Management and Organization .3,0.7930175772822518,0,16.0,240000.0,PROJ_REAL_97.0_management_and_organization_.3
PROJ_REAL_98.0,management_and_organization_.3,60,72.0,1,Management and Organization .3,0.7800053628428995,0,12.0,180000.0,PROJ_REAL_98.0_management_and_organization_.3
PROJ_REAL_99.0,management_and_organization_.3,60,68.0,0,Management and Organization .3,0.4892624480893532,0,8.0,0.0,PROJ_REAL_99.0_management_and_organization_.3
PROJ_REAL_100.0,management_and_organization_.3,60,76.0,1,Management and Organization .3,0.8225409148567979,0,16.0,240000.0,PROJ_REAL_100.0_management_and_organization_.3
PROJ_REAL_101.0,management_and_organization_.3,60,76.0,1,Management and Organization .3,0.8546550070252754,0,16.0,240000.0,PROJ_REAL_101.0_management_and_organization_.3
PROJ_REAL_102.0,management_and_organization_.3,60,76.0,1,Management and Organization .3,0.7002395804355411,0,16.0,240000.0,PROJ_REAL_102.0_management_and_organization_.3
PROJ_REAL_103.0,management_and_organization_.3,60,76.0,1,Management and Organization .3,0.8646312187044773,0,16.0,240000.0,PROJ_REAL_103.0_management_and_organization_.3
PROJ_REAL_104.0,management_and_organization_.3,60,76.0,1,Management and Organization .3,0.778159631137079,0,16.0,240000.0,PROJ_REAL_104.0_management_and_organization_.3
PROJ_REAL_105.0,management_and_organization_.3,60,76.0,1,Management and Organization .3,0.7454852010180845,0,16.0,240000.0,PROJ_REAL_105.0_management_and_organization_.3
PROJ_REAL_106.0,management_and_organization_.3,60,80.0,1,Management and Organization .3,1.0,0,20.0,300000.0,PROJ_REAL_106.0_management_and_organization_.3
PROJ_REAL_107.0,management_and_organization_.3,60,72.0,1,Management and Organization .3,0.6385018722753065,0,12.0,180000.0,PROJ_REAL_107.0_management_and_organization_.3
PROJ_REAL_108.0,management_and_organization_.3,60,80.0,1,Management and Organization .3,1.0,0,20.0,300000.0,PROJ_REAL_108.0_management_and_organization_.3
PROJ_REAL_109.0,management_and_organization_.3,60,80.0,1,Management and Organization .3,0.9848550065581384,0,20.0,300000.0,PROJ_REAL_109.0_management_and_organization_.3
PROJ_REAL_110.0,management_and_organization_.3,60,64.0,0,Management and Organization .3,0.0453637982132963,0,4.0,0.0,PROJ_REAL_110.0_management_and_organization_.3
PROJ_REAL_111.0,management_and_organization_.3,60,76.0,1,Management and Organization .3,0.8589484253324485,0,16.0,240000.0,PROJ_REAL_111.0_management_and_organization_.3
PROJ_REAL_112.0,management_and_organization_.3,60,76.0,1,Management and Organization .3,0.7725721282010675,0,16.0,240000.0,PROJ_REAL_112.0_management_and_organization_.3
PROJ_REAL_113.0,management_and_organization_.3,60,76.0,1,Management and Organization .3,0.9831574185282038,0,16.0,240000.0,PROJ_REAL_113.0_management_and_organization_.3
PROJ_REAL_114.0,management_and_organization_.3,60,64.0,0,Management and Organization .3,0.0410833600267135,0,4.0,0.0,PROJ_REAL_114.0_management_and_organization_.3
PROJ_REAL_115.0,management_and_organization_.3,60,72.0,1,Management and Organization .3,0.5632025221503796,0,12.0,180000.0,PROJ_REAL_115.0_management_and_organization_.3
PROJ_REAL_116.0,management_and_organization_.3,60,76.0,1,Management and Organization .3,0.7194218393358404,0,16.0,240000.0,PROJ_REAL_116.0_management_and_organization_.3
PROJ_REAL_117.0,management_and_organization_.3,60,76.0,1,Management and Organization .3,0.648340425372208,0,16.0,240000.0,PROJ_REAL_117.0_management_and_organization_.3
PROJ_REAL_118.0,management_and_organization_.3,60,76.0,1,Management and Organization .3,0.6916041382810293,0,16.0,240000.0,PROJ_REAL_118.0_management_and_organization_.3
PROJ_REAL_119.0,management_and_organization_.3,60,80.0,1,Management and Organization .3,1.0,0,20.0,300000.0,PROJ_REAL_119.0_management_and_organization_.3
PROJ_REAL_120.0,management_and_organization_.3,60,76.0,1,Management and Organization .3,0.9357967531993086,0,16.0,240000.0,PROJ_REAL_120.0_management_and_organization_.3
PROJ_REAL_121.0,management_and_organization_.3,60,68.0,0,Management and Organization .3,0.2794383190145145,0,8.0,0.0,PROJ_REAL_121.0_management_and_organization_.3
PROJ_REAL_122.0,management_and_organization_.3,60,76.0,1,Management and Organization .3,0.9106282301097902,0,16.0,240000.0,PROJ_REAL_122.0_management_and_organization_.3
PROJ_REAL_123.0,management_and_organization_.3,60,64.0,0,Management and Organization .3,0.1696652063873019,0,4.0,0.0,PROJ_REAL_123.0_management_and_organization_.3
PROJ_REAL_124.0,management_and_organization_.3,60,72.0,1,Management and Organization .3,0.5349117525865368,0,12.0,180000.0,PROJ_REAL_124.0_management_and_organization_.3
PROJ_REAL_125.0,management_and_organization_.3,60,76.0,1,Management and Organization .3,0.8260144743686033,0,16.0,240000.0,PROJ_REAL_125.0_management_and_organization_.3
PROJ_REAL_126.0,management_and_organization_.3,60,64.0,0,Management and Organization .3,0.0834981488527818,0,4.0,0.0,PROJ_REAL_126.0_management_and_organization_.3
PROJ_REAL_127.0,management_and_organization_.3,60,76.0,1,Management and Organization .3,0.761798222619684,0,16.0,240000.0,PROJ_REAL_127.0_management_and_organization_.3
PROJ_REAL_128.0,management_and_organization_.3,60,72.0,1,Management and Organization .3,0.5323896332622702,0,12.0,180000.0,PROJ_REAL_128.0_management_and_organization_.3
PROJ_REAL_129.0,management_and_organization_.3,60,80.0,1,Management and Organization .3,0.9732728755965558,0,20.0,300000.0,PROJ_REAL_129.0_management_and_organization_.3
PROJ_REAL_130.0,management_and_organization_.3,60,68.0,0,Management and Organization .3,0.4147268790597799,0,8.0,0.0,PROJ_REAL_130.0_management_and_organization_.3
PROJ_REAL_131.0,management_and_organization_.3,60,80.0,1,Management and Organization .3,0.9553239952656066,0,20.0,300000.0,PROJ_REAL_131.0_management_and_organization_.3
PROJ_REAL_132.0,management_and_organization_.3,60,64.0,0,Management and Organization .3,0.2621439030661329,0,4.0,0.0,PROJ_REAL_132.0_management_and_organization_.3
PROJ_REAL_133.0,management_and_organization_.3,60,80.0,1,Management and Organization .3,0.8750489910332708,0,20.0,300000.0,PROJ_REAL_133.0_management_and_organization_.3
PROJ_REAL_134.0,management_and_organization_.3,60,72.0,1,Management and Organization .3,0.6206847419380651,0,12.0,180000.0,PROJ_REAL_134.0_management_and_organization_.3
PROJ_REAL_135.0,management_and_organization_.3,60,72.0,1,Management and Organization .3,0.5134001770546175,0,12.0,180000.0,PROJ_REAL_135.0_management_and_organization_.3
PROJ_REAL_136.0,management_and_organization_.3,60,80.0,1,Management and Organization .3,0.8918402004718577,0,20.0,300000.0,PROJ_REAL_136.0_management_and_organization_.3
PROJ_REAL_137.0,management_and_organization_.3,60,80.0,1,Management and Organization .3,1.0,0,20.0,300000.0,PROJ_REAL_137.0_management_and_organization_.3
PROJ_REAL_138.0,management_and_organization_.3,60,68.0,0,Management and Organization .3,0.3828377258404612,0,8.0,0.0,PROJ_REAL_138.0_management_and_organization_.3
PROJ_REAL_139.0,management_and_organization_.3,60,76.0,1,Management and Organization .3,0.9917138604738168,0,16.0,240000.0,PROJ_REAL_139.0_management_and_organization_.3
PROJ_REAL_140.0,management_and_organization_.3,60,72.0,1,Management and Organization .3,0.5704058441061535,0,12.0,180000.0,PROJ_REAL_140.0_management_and_organization_.3
PROJ_REAL_141.0,management_and_organization_.3,60,68.0,0,Management and Organization .3,0.5364388832674017,0,8.0,0.0,PROJ_REAL_141.0_management_and_organization_.3
PROJ_REAL_142.0,management_and_organization_.3,60,68.0,0,Management and Organization .3,0.4761824008340388,0,8.0,0.0,PROJ_REAL_142.0_management_and_organization_.3
PROJ_REAL_143.0,management_and_organization_.3,60,68.0,0,Management and Organization .3,0.5306209971143658,0,8.0,0.0,PROJ_REAL_143.0_management_and_organization_.3
PROJ_REAL_1.0,management_and_organization_.4,60,76.0,1,Management and Organization .4,0.9116284013213486,0,16.0,240000.0,PROJ_REAL_1.0_management_and_organization_.4
PROJ_REAL_2.0,management_and_organization_.4,60,76.0,1,Management and Organization .4,0.788565622520597,0,16.0,240000.0,PROJ_REAL_2.0_management_and_organization_.4
PROJ_REAL_3.0,management_and_organization_.4,60,72.0,1,Management and Organization .4,0.5284549765903672,0,12.0,180000.0,PROJ_REAL_3.0_management_and_organization_.4
PROJ_REAL_4.0,management_and_organization_.4,60,72.0,1,Management and Organization .4,0.435918877097766,0,12.0,180000.0,PROJ_REAL_4.0_management_and_organization_.4
PROJ_REAL_5.0,management_and_organization_.4,60,72.0,1,Management and Organization .4,0.6448269155243896,0,12.0,180000.0,PROJ_REAL_5.0_management_and_organization_.4
PROJ_REAL_6.0,management_and_organization_.4,60,64.0,0,Management and Organization .4,0.1561486252299003,0,4.0,0.0,PROJ_REAL_6.0_management_and_organization_.4
PROJ_REAL_7.0,management_and_organization_.4,60,68.0,0,Management and Organization .4,0.4824937731910597,0,8.0,0.0,PROJ_REAL_7.0_management_and_organization_.4
PROJ_REAL_8.0,management_and_organization_.4,60,64.0,0,Management and Organization .4,0.0220951113725449,0,4.0,0.0,PROJ_REAL_8.0_management_and_organization_.4
PROJ_REAL_9.0,management_and_organization_.4,60,68.0,0,Management and Organization .4,0.3658078898390361,0,8.0,0.0,PROJ_REAL_9.0_management_and_organization_.4
PROJ_REAL_10.0,management_and_organization_.4,60,64.0,0,Management and Organization .4,0.2044432781343016,0,4.0,0.0,PROJ_REAL_10.0_management_and_organization_.4
PROJ_REAL_11.0,management_and_organization_.4,60,80.0,1,Management and Organization .4,0.9118977410742204,0,20.0,300000.0,PROJ_REAL_11.0_management_and_organization_.4
PROJ_REAL_12.0,management_and_organization_.4,60,76.0,1,Management and Organization .4,0.7250852132182097,0,16.0,240000.0,PROJ_REAL_12.0_management_and_organization_.4
PROJ_REAL_13.0,management_and_organization_.4,60,80.0,1,Management and Organization .4,0.8301603306883113,0,20.0,300000.0,PROJ_REAL_13.0_management_and_organization_.4
PROJ_REAL_14.0,management_and_organization_.4,60,76.0,1,Management and Organization .4,0.8663635221497018,0,16.0,240000.0,PROJ_REAL_14.0_management_and_organization_.4
PROJ_REAL_15.0,management_and_organization_.4,60,76.0,1,Management and Organization .4,0.8053065032717627,0,16.0,240000.0,PROJ_REAL_15.0_management_and_organization_.4
PROJ_REAL_16.0,management_and_organization_.4,60,68.0,0,Management and Organization .4,0.1887256887702683,0,8.0,0.0,PROJ_REAL_16.0_management_and_organization_.4
PROJ_REAL_17.0,management_and_organization_.4,60,80.0,1,Management and Organization .4,1.0,0,20.0,300000.0,PROJ_REAL_17.0_management_and_organization_.4
PROJ_REAL_18.0,management_and_organization_.4,60,72.0,1,Management and Organization .4,0.5601286840156594,0,12.0,180000.0,PROJ_REAL_18.0_management_and_organization_.4
PROJ_REAL_19.0,management_and_organization_.4,60,68.0,0,Management and Organization .4,0.4687414017900668,0,8.0,0.0,PROJ_REAL_19.0_management_and_organization_.4
PROJ_REAL_20.0,management_and_organization_.4,60,68.0,0,Management and Organization .4,0.5273176748031426,0,8.0,0.0,PROJ_REAL_20.0_management_and_organization_.4
PROJ_REAL_21.0,management_and_organization_.4,60,76.0,1,Management and Organization .4,0.7795590139396728,0,16.0,240000.0,PROJ_REAL_21.0_management_and_organization_.4
PROJ_REAL_22.0,management_and_organization_.4,60,76.0,1,Management and Organization .4,0.7756034382645787,0,16.0,240000.0,PROJ_REAL_22.0_management_and_organization_.4
PROJ_REAL_23.0,management_and_organization_.4,60,80.0,1,Management and Organization .4,0.860948062001578,0,20.0,300000.0,PROJ_REAL_23.0_management_and_organization_.4
PROJ_REAL_24.0,management_and_organization_.4,60,76.0,1,Management and Organization .4,0.6404559973289369,0,16.0,240000.0,PROJ_REAL_24.0_management_and_organization_.4
PROJ_REAL_25.0,management_and_organization_.4,60,72.0,1,Management and Organization .4,0.5037804566068256,0,12.0,180000.0,PROJ_REAL_25.0_management_and_organization_.4
PROJ_REAL_26.0,management_and_organization_.4,60,68.0,0,Management and Organization .4,0.380891205104841,0,8.0,0.0,PROJ_REAL_26.0_management_and_organization_.4
PROJ_REAL_27.0,management_and_organization_.4,60,76.0,1,Management and Organization .4,0.6628109246973619,0,16.0,240000.0,PROJ_REAL_27.0_management_and_organization_.4
PROJ_REAL_28.0,management_and_organization_.4,60,72.0,1,Management and Organization .4,0.5102207215150143,0,12.0,180000.0,PROJ_REAL_28.0_management_and_organization_.4
PROJ_REAL_29.0,management_and_organization_.4,60,72.0,1,Management and Organization .4,0.4510931732020514,0,12.0,180000.0,PROJ_REAL_29.0_management_and_organization_.4
PROJ_REAL_30.0,management_and_organization_.4,60,64.0,0,Management and Organization .4,0.1341538915535577,0,4.0,0.0,PROJ_REAL_30.0_management_and_organization_.4
PROJ_REAL_31.0,management_and_organization_.4,60,68.0,0,Management and Organization .4,0.5229300133357973,0,8.0,0.0,PROJ_REAL_31.0_management_and_organization_.4
PROJ_REAL_32.0,management_and_organization_.4,60,72.0,1,Management and Organization .4,0.7505053896751012,0,12.0,180000.0,PROJ_REAL_32.0_management_and_organization_.4
PROJ_REAL_33.0,management_and_organization_.4,60,72.0,1,Management and Organization .4,0.6074990373486506,0,12.0,180000.0,PROJ_REAL_33.0_management_and_organization_.4
PROJ_REAL_34.0,management_and_organization_.4,60,76.0,1,Management and Organization .4,0.9507965581994756,0,16.0,240000.0,PROJ_REAL_34.0_management_and_organization_.4
PROJ_REAL_35.0,management_and_organization_.4,60,80.0,1,Management and Organization .4,1.0,0,20.0,300000.0,PROJ_REAL_35.0_management_and_organization_.4
PROJ_REAL_36.0,management_and_organization_.4,60,76.0,1,Management and Organization .4,0.7234754410834872,0,16.0,240000.0,PROJ_REAL_36.0_management_and_organization_.4
PROJ_REAL_37.0,management_and_organization_.4,60,80.0,1,Management and Organization .4,1.0,0,20.0,300000.0,PROJ_REAL_37.0_management_and_organization_.4
PROJ_REAL_38.0,management_and_organization_.4,60,76.0,1,Management and Organization .4,0.6233830845253316,0,16.0,240000.0,PROJ_REAL_38.0_management_and_organization_.4
PROJ_REAL_39.0,management_and_organization_.4,60,76.0,1,Management and Organization .4,0.667334741700125,0,16.0,240000.0,PROJ_REAL_39.0_management_and_organization_.4
PROJ_REAL_40.0,management_and_organization_.4,60,76.0,1,Management and Organization .4,0.9108598342518432,0,16.0,240000.0,PROJ_REAL_40.0_management_and_organization_.4
PROJ_REAL_41.0,management_and_organization_.4,60,76.0,1,Management and Organization .4,0.8214864123578965,0,16.0,240000.0,PROJ_REAL_41.0_management_and_organization_.4
PROJ_REAL_42.0,management_and_organization_.4,60,76.0,1,Management and Organization .4,0.8565395960039138,0,16.0,240000.0,PROJ_REAL_42.0_management_and_organization_.4
PROJ_REAL_43.0,management_and_organization_.4,60,76.0,1,Management and Organization .4,0.7630556456623785,0,16.0,240000.0,PROJ_REAL_43.0_management_and_organization_.4
PROJ_REAL_44.0,management_and_organization_.4,60,72.0,1,Management and Organization .4,0.5281847068015544,0,12.0,180000.0,PROJ_REAL_44.0_management_and_organization_.4
PROJ_REAL_45.0,management_and_organization_.4,60,72.0,1,Management and Organization .4,0.6894192316229378,0,12.0,180000.0,PROJ_REAL_45.0_management_and_organization_.4
PROJ_REAL_46.0,management_and_organization_.4,60,76.0,1,Management and Organization .4,0.9008971157940944,0,16.0,240000.0,PROJ_REAL_46.0_management_and_organization_.4
PROJ_REAL_47.0,management_and_organization_.4,60,80.0,1,Management and Organization .4,1.0,0,20.0,300000.0,PROJ_REAL_47.0_management_and_organization_.4
PROJ_REAL_48.0,management_and_organization_.4,60,80.0,1,Management and Organization .4,0.9083769010059712,0,20.0,300000.0,PROJ_REAL_48.0_management_and_organization_.4
PROJ_REAL_49.0,management_and_organization_.4,60,80.0,1,Management and Organization .4,0.92242477189855,0,20.0,300000.0,PROJ_REAL_49.0_management_and_organization_.4
PROJ_REAL_50.0,management_and_organization_.4,60,76.0,1,Management and Organization .4,0.9328756397724292,0,16.0,240000.0,PROJ_REAL_50.0_management_and_organization_.4
PROJ_REAL_51.0,management_and_organization_.4,60,68.0,0,Management and Organization .4,0.2965574788602714,0,8.0,0.0,PROJ_REAL_51.0_management_and_organization_.4
PROJ_REAL_52.0,management_and_organization_.4,60,76.0,1,Management and Organization .4,0.8311584005086291,0,16.0,240000.0,PROJ_REAL_52.0_management_and_organization_.4
PROJ_REAL_53.0,management_and_organization_.4,60,76.0,1,Management and Organization .4,0.9183020660624882,0,16.0,240000.0,PROJ_REAL_53.0_management_and_organization_.4
PROJ_REAL_54.0,management_and_organization_.4,60,76.0,1,Management and Organization .4,0.8822427901566537,0,16.0,240000.0,PROJ_REAL_54.0_management_and_organization_.4
PROJ_REAL_55.0,management_and_organization_.4,60,72.0,1,Management and Organization .4,0.5320225426647192,0,12.0,180000.0,PROJ_REAL_55.0_management_and_organization_.4
PROJ_REAL_56.0,management_and_organization_.4,60,80.0,1,Management and Organization .4,1.0,0,20.0,300000.0,PROJ_REAL_56.0_management_and_organization_.4
PROJ_REAL_57.0,management_and_organization_.4,60,72.0,1,Management and Organization .4,0.5749970705763311,0,12.0,180000.0,PROJ_REAL_57.0_management_and_organization_.4
PROJ_REAL_58.0,management_and_organization_.4,60,76.0,1,Management and Organization .4,0.8653450852829653,0,16.0,240000.0,PROJ_REAL_58.0_management_and_organization_.4
PROJ_REAL_59.0,management_and_organization_.4,60,76.0,1,Management and Organization .4,0.8715655180109566,0,16.0,240000.0,PROJ_REAL_59.0_management_and_organization_.4
PROJ_REAL_60.0,management_and_organization_.4,60,72.0,1,Management and Organization .4,0.7717467485941161,0,12.0,180000.0,PROJ_REAL_60.0_management_and_organization_.4
PROJ_REAL_61.0,management_and_organization_.4,60,72.0,1,Management and Organization .4,0.6415570872473291,0,12.0,180000.0,PROJ_REAL_61.0_management_and_organization_.4
PROJ_REAL_62.0,management_and_organization_.4,60,76.0,1,Management and Organization .4,0.7213784506092495,0,16.0,240000.0,PROJ_REAL_62.0_management_and_organization_.4
PROJ_REAL_63.0,management_and_organization_.4,60,76.0,1,Management and Organization .4,0.7725918934639361,0,16.0,240000.0,PROJ_REAL_63.0_management_and_organization_.4
PROJ_REAL_64.0,management_and_organization_.4,60,68.0,0,Management and Organization .4,0.4095969671984978,0,8.0,0.0,PROJ_REAL_64.0_management_and_organization_.4
PROJ_REAL_65.0,management_and_organization_.4,60,72.0,1,Management and Organization .4,0.5610601758249997,0,12.0,180000.0,PROJ_REAL_65.0_management_and_organization_.4
PROJ_REAL_66.0,management_and_organization_.4,60,80.0,1,Management and Organization .4,1.0,0,20.0,300000.0,PROJ_REAL_66.0_management_and_organization_.4
PROJ_REAL_67.0,management_and_organization_.4,60,80.0,1,Management and Organization .4,1.0,0,20.0,300000.0,PROJ_REAL_67.0_management_and_organization_.4
PROJ_REAL_68.0,management_and_organization_.4,60,76.0,1,Management and Organization .4,0.7488518574876912,0,16.0,240000.0,PROJ_REAL_68.0_management_and_organization_.4
PROJ_REAL_69.0,management_and_organization_.4,60,68.0,0,Management and Organization .4,0.4390252853139981,0,8.0,0.0,PROJ_REAL_69.0_management_and_organization_.4
PROJ_REAL_70.0,management_and_organization_.4,60,80.0,1,Management and Organization .4,0.918253745998286,0,20.0,300000.0,PROJ_REAL_70.0_management_and_organization_.4
PROJ_REAL_71.0,management_and_organization_.4,60,76.0,1,Management and Organization .4,0.6837651241478795,0,16.0,240000.0,PROJ_REAL_71.0_management_and_organization_.4
PROJ_REAL_72.0,management_and_organization_.4,60,72.0,1,Management and Organization .4,0.6685212694245413,0,12.0,180000.0,PROJ_REAL_72.0_management_and_organization_.4
PROJ_REAL_73.0,management_and_organization_.4,60,80.0,1,Management and Organization .4,0.97158266839718,0,20.0,300000.0,PROJ_REAL_73.0_management_and_organization_.4
PROJ_REAL_74.0,management_and_organization_.4,60,76.0,1,Management and Organization .4,0.982308296983987,0,16.0,240000.0,PROJ_REAL_74.0_management_and_organization_.4
PROJ_REAL_75.0,management_and_organization_.4,60,76.0,1,Management and Organization .4,0.925706736860701,0,16.0,240000.0,PROJ_REAL_75.0_management_and_organization_.4
PROJ_REAL_76.0,management_and_organization_.4,60,80.0,1,Management and Organization .4,0.8933000654658694,0,20.0,300000.0,PROJ_REAL_76.0_management_and_organization_.4
PROJ_REAL_77.0,management_and_organization_.4,60,76.0,1,Management and Organization .4,0.8819044208638814,0,16.0,240000.0,PROJ_REAL_77.0_management_and_organization_.4
PROJ_REAL_78.0,management_and_organization_.4,60,76.0,1,Management and Organization .4,0.937163803144992,0,16.0,240000.0,PROJ_REAL_78.0_management_and_organization_.4
PROJ_REAL_79.0,management_and_organization_.4,60,72.0,1,Management and Organization .4,0.5126152501401419,0,12.0,180000.0,PROJ_REAL_79.0_management_and_organization_.4
PROJ_REAL_80.0,management_and_organization_.4,60,80.0,1,Management and Organization .4,1.0,0,20.0,300000.0,PROJ_REAL_80.0_management_and_organization_.4
PROJ_REAL_81.0,management_and_organization_.4,60,80.0,1,Management and Organization .4,0.9678280575522248,0,20.0,300000.0,PROJ_REAL_81.0_management_and_organization_.4
PROJ_REAL_82.0,management_and_organization_.4,60,76.0,1,Management and Organization .4,0.7293240947293765,0,16.0,240000.0,PROJ_REAL_82.0_management_and_organization_.4
PROJ_REAL_83.0,management_and_organization_.4,60,76.0,1,Management and Organization .4,0.7744797539141483,0,16.0,240000.0,PROJ_REAL_83.0_management_and_organization_.4
PROJ_REAL_84.0,management_and_organization_.4,60,72.0,1,Management and Organization .4,0.6766141601385318,0,12.0,180000.0,PROJ_REAL_84.0_management_and_organization_.4
PROJ_REAL_85.0,management_and_organization_.4,60,76.0,1,Management and Organization .4,0.8106243006971987,0,16.0,240000.0,PROJ_REAL_85.0_management_and_organization_.4
PROJ_REAL_86.0,management_and_organization_.4,60,72.0,1,Management and Organization .4,0.6261251586188734,0,12.0,180000.0,PROJ_REAL_86.0_management_and_organization_.4
PROJ_REAL_87.0,management_and_organization_.4,60,76.0,1,Management and Organization .4,0.8892933498901183,0,16.0,240000.0,PROJ_REAL_87.0_management_and_organization_.4
PROJ_REAL_88.0,management_and_organization_.4,60,76.0,1,Management and Organization .4,0.7645062630980014,0,16.0,240000.0,PROJ_REAL_88.0_management_and_organization_.4
PROJ_REAL_89.0,management_and_organization_.4,60,76.0,1,Management and Organization .4,0.735392249179811,0,16.0,240000.0,PROJ_REAL_89.0_management_and_organization_.4
PROJ_REAL_90.0,management_and_organization_.4,60,76.0,1,Management and Organization .4,0.8223644332274064,0,16.0,240000.0,PROJ_REAL_90.0_management_and_organization_.4
PROJ_REAL_91.0,management_and_organization_.4,60,72.0,1,Management and Organization .4,0.6245031902445727,0,12.0,180000.0,PROJ_REAL_91.0_management_and_organization_.4
PROJ_REAL_92.0,management_and_organization_.4,60,80.0,1,Management and Organization .4,0.9735929021194942,0,20.0,300000.0,PROJ_REAL_92.0_management_and_organization_.4
PROJ_REAL_93.0,management_and_organization_.4,60,64.0,0,Management and Organization .4,0.2934508818247582,0,4.0,0.0,PROJ_REAL_93.0_management_and_organization_.4
PROJ_REAL_94.0,management_and_organization_.4,60,68.0,0,Management and Organization .4,0.3667958973698726,0,8.0,0.0,PROJ_REAL_94.0_management_and_organization_.4
PROJ_REAL_95.0,management_and_organization_.4,60,76.0,1,Management and Organization .4,0.8895789716153448,0,16.0,240000.0,PROJ_REAL_95.0_management_and_organization_.4
PROJ_REAL_96.0,management_and_organization_.4,60,80.0,1,Management and Organization .4,0.970175918257437,0,20.0,300000.0,PROJ_REAL_96.0_management_and_organization_.4
PROJ_REAL_97.0,management_and_organization_.4,60,72.0,1,Management and Organization .4,0.4722791858442501,0,12.0,180000.0,PROJ_REAL_97.0_management_and_organization_.4
PROJ_REAL_98.0,management_and_organization_.4,60,76.0,1,Management and Organization .4,0.9709392721970088,0,16.0,240000.0,PROJ_REAL_98.0_management_and_organization_.4
PROJ_REAL_99.0,management_and_organization_.4,60,72.0,1,Management and Organization .4,0.6046061318121306,0,12.0,180000.0,PROJ_REAL_99.0_management_and_organization_.4
PROJ_REAL_100.0,management_and_organization_.4,60,76.0,1,Management and Organization .4,0.8748636560515484,0,16.0,240000.0,PROJ_REAL_100.0_management_and_organization_.4
PROJ_REAL_101.0,management_and_organization_.4,60,76.0,1,Management and Organization .4,0.6696394519399684,0,16.0,240000.0,PROJ_REAL_101.0_management_and_organization_.4
PROJ_REAL_102.0,management_and_organization_.4,60,80.0,1,Management and Organization .4,0.9724367865115964,0,20.0,300000.0,PROJ_REAL_102.0_management_and_organization_.4
PROJ_REAL_103.0,management_and_organization_.4,60,76.0,1,Management and Organization .4,0.9156378229960238,0,16.0,240000.0,PROJ_REAL_103.0_management_and_organization_.4
PROJ_REAL_104.0,management_and_organization_.4,60,72.0,1,Management and Organization .4,0.4959284572041847,0,12.0,180000.0,PROJ_REAL_104.0_management_and_organization_.4
PROJ_REAL_105.0,management_and_organization_.4,60,80.0,1,Management and Organization .4,0.7635598682719746,0,20.0,300000.0,PROJ_REAL_105.0_management_and_organization_.4
PROJ_REAL_106.0,management_and_organization_.4,60,72.0,1,Management and Organization .4,0.6814955873270852,0,12.0,180000.0,PROJ_REAL_106.0_management_and_organization_.4
PROJ_REAL_107.0,management_and_organization_.4,60,76.0,1,Management and Organization .4,0.7943120604005791,0,16.0,240000.0,PROJ_REAL_107.0_management_and_organization_.4
PROJ_REAL_108.0,management_and_organization_.4,60,80.0,1,Management and Organization .4,1.0,0,20.0,300000.0,PROJ_REAL_108.0_management_and_organization_.4
PROJ_REAL_109.0,management_and_organization_.4,60,80.0,1,Management and Organization .4,0.791203190467537,0,20.0,300000.0,PROJ_REAL_109.0_management_and_organization_.4
PROJ_REAL_110.0,management_and_organization_.4,60,72.0,1,Management and Organization .4,0.6143266122023455,0,12.0,180000.0,PROJ_REAL_110.0_management_and_organization_.4
PROJ_REAL_111.0,management_and_organization_.4,60,76.0,1,Management and Organization .4,0.6530397499912793,0,16.0,240000.0,PROJ_REAL_111.0_management_and_organization_.4
PROJ_REAL_112.0,management_and_organization_.4,60,72.0,1,Management and Organization .4,0.7018428190222757,0,12.0,180000.0,PROJ_REAL_112.0_management_and_organization_.4
PROJ_REAL_113.0,management_and_organization_.4,60,68.0,0,Management and Organization .4,0.3260514318853585,0,8.0,0.0,PROJ_REAL_113.0_management_and_organization_.4
PROJ_REAL_114.0,management_and_organization_.4,60,68.0,0,Management and Organization .4,0.244084472578518,0,8.0,0.0,PROJ_REAL_114.0_management_and_organization_.4
PROJ_REAL_115.0,management_and_organization_.4,60,72.0,1,Management and Organization .4,0.6943119174504957,0,12.0,180000.0,PROJ_REAL_115.0_management_and_organization_.4
PROJ_REAL_116.0,management_and_organization_.4,60,76.0,1,Management and Organization .4,0.8429688538435633,0,16.0,240000.0,PROJ_REAL_116.0_management_and_organization_.4
PROJ_REAL_117.0,management_and_organization_.4,60,76.0,1,Management and Organization .4,0.7328042369146313,0,16.0,240000.0,PROJ_REAL_117.0_management_and_organization_.4
PROJ_REAL_118.0,management_and_organization_.4,60,76.0,1,Management and Organization .4,0.9403599717670365,0,16.0,240000.0,PROJ_REAL_118.0_management_and_organization_.4
PROJ_REAL_119.0,management_and_organization_.4,60,72.0,1,Management and Organization .4,0.5993140837570545,0,12.0,180000.0,PROJ_REAL_119.0_management_and_organization_.4
PROJ_REAL_120.0,management_and_organization_.4,60,76.0,1,Management and Organization .4,0.9055264109053665,0,16.0,240000.0,PROJ_REAL_120.0_management_and_organization_.4
PROJ_REAL_121.0,management_and_organization_.4,60,72.0,1,Management and Organization .4,0.6214785398958663,0,12.0,180000.0,PROJ_REAL_121.0_management_and_organization_.4
PROJ_REAL_122.0,management_and_organization_.4,60,68.0,0,Management and Organization .4,0.2070719479877793,0,8.0,0.0,PROJ_REAL_122.0_management_and_organization_.4
PROJ_REAL_123.0,management_and_organization_.4,60,68.0,0,Management and Organization .4,0.6093115979234756,0,8.0,0.0,PROJ_REAL_123.0_management_and_organization_.4
PROJ_REAL_124.0,management_and_organization_.4,60,76.0,1,Management and Organization .4,0.8258359913627145,0,16.0,240000.0,PROJ_REAL_124.0_management_and_organization_.4
PROJ_REAL_125.0,management_and_organization_.4,60,76.0,1,Management and Organization .4,0.976193667367994,0,16.0,240000.0,PROJ_REAL_125.0_management_and_organization_.4
PROJ_REAL_126.0,management_and_organization_.4,60,68.0,0,Management and Organization .4,0.3178370868348948,0,8.0,0.0,PROJ_REAL_126.0_management_and_organization_.4
PROJ_REAL_127.0,management_and_organization_.4,60,68.0,0,Management and Organization .4,0.5051232595076862,0,8.0,0.0,PROJ_REAL_127.0_management_and_organization_.4
PROJ_REAL_128.0,management_and_organization_.4,60,72.0,1,Management and Organization .4,0.5127389917877379,0,12.0,180000.0,PROJ_REAL_128.0_management_and_organization_.4
PROJ_REAL_129.0,management_and_organization_.4,60,76.0,1,Management and Organization .4,0.6540552327657319,0,16.0,240000.0,PROJ_REAL_129.0_management_and_organization_.4
PROJ_REAL_130.0,management_and_organization_.4,60,68.0,0,Management and Organization .4,0.4984454004836772,0,8.0,0.0,PROJ_REAL_130.0_management_and_organization_.4
PROJ_REAL_131.0,management_and_organization_.4,60,80.0,1,Management and Organization .4,0.872221305064441,0,20.0,300000.0,PROJ_REAL_131.0_management_and_organization_.4
PROJ_REAL_132.0,management_and_organization_.4,60,72.0,1,Management and Organization .4,0.6705394570450994,0,12.0,180000.0,PROJ_REAL_132.0_management_and_organization_.4
PROJ_REAL_133.0,management_and_organization_.4,60,80.0,1,Management and Organization .4,0.971702966840103,0,20.0,300000.0,PROJ_REAL_133.0_management_and_organization_.4
PROJ_REAL_134.0,management_and_organization_.4,60,76.0,1,Management and Organization .4,0.9027198697391464,0,16.0,240000.0,PROJ_REAL_134.0_management_and_organization_.4
PROJ_REAL_135.0,management_and_organization_.4,60,72.0,1,Management and Organization .4,0.5806864590032972,0,12.0,180000.0,PROJ_REAL_135.0_management_and_organization_.4
PROJ_REAL_136.0,management_and_organization_.4,60,76.0,1,Management and Organization .4,0.8165006725693982,0,16.0,240000.0,PROJ_REAL_136.0_management_and_organization_.4
PROJ_REAL_137.0,management_and_organization_.4,60,80.0,1,Management and Organization .4,1.0,0,20.0,300000.0,PROJ_REAL_137.0_management_and_organization_.4
PROJ_REAL_138.0,management_and_organization_.4,60,68.0,0,Management and Organization .4,0.6094020345249564,0,8.0,0.0,PROJ_REAL_138.0_management_and_organization_.4
PROJ_REAL_139.0,management_and_organization_.4,60,80.0,1,Management and Organization .4,0.8750193301846477,0,20.0,300000.0,PROJ_REAL_139.0_management_and_organization_.4
PROJ_REAL_140.0,management_and_organization_.4,60,72.0,1,Management and Organization .4,0.4541658193961958,0,12.0,180000.0,PROJ_REAL_140.0_management_and_organization_.4
PROJ_REAL_141.0,management_and_organization_.4,60,68.0,0,Management and Organization .4,0.3964485019654606,0,8.0,0.0,PROJ_REAL_141.0_management_and_organization_.4
PROJ_REAL_142.0,management_and_organization_.4,60,68.0,0,Management and Organization .4,0.2638798289032562,0,8.0,0.0,PROJ_REAL_142.0_management_and_organization_.4
PROJ_REAL_143.0,management_and_organization_.4,60,72.0,1,Management and Organization .4,0.6107066998618514,0,12.0,180000.0,PROJ_REAL_143.0_management_and_organization_.4
PROJ_REAL_1.0,management_and_organization_.5,60,76.0,1,Management and Organization .5,0.7698279358566812,0,16.0,240000.0,PROJ_REAL_1.0_management_and_organization_.5
PROJ_REAL_2.0,management_and_organization_.5,60,72.0,1,Management and Organization .5,0.4707129200098262,0,12.0,180000.0,PROJ_REAL_2.0_management_and_organization_.5
PROJ_REAL_3.0,management_and_organization_.5,60,76.0,1,Management and Organization .5,0.664479334643449,0,16.0,240000.0,PROJ_REAL_3.0_management_and_organization_.5
PROJ_REAL_4.0,management_and_organization_.5,60,72.0,1,Management and Organization .5,0.7624284824718339,0,12.0,180000.0,PROJ_REAL_4.0_management_and_organization_.5
PROJ_REAL_5.0,management_and_organization_.5,60,76.0,1,Management and Organization .5,0.6478294274484353,0,16.0,240000.0,PROJ_REAL_5.0_management_and_organization_.5
PROJ_REAL_6.0,management_and_organization_.5,60,72.0,1,Management and Organization .5,0.636829640848649,0,12.0,180000.0,PROJ_REAL_6.0_management_and_organization_.5
PROJ_REAL_7.0,management_and_organization_.5,60,76.0,1,Management and Organization .5,0.8614234551550527,0,16.0,240000.0,PROJ_REAL_7.0_management_and_organization_.5
PROJ_REAL_8.0,management_and_organization_.5,60,72.0,1,Management and Organization .5,0.6182234413275115,0,12.0,180000.0,PROJ_REAL_8.0_management_and_organization_.5
PROJ_REAL_9.0,management_and_organization_.5,60,76.0,1,Management and Organization .5,0.7643846205133846,0,16.0,240000.0,PROJ_REAL_9.0_management_and_organization_.5
PROJ_REAL_10.0,management_and_organization_.5,60,72.0,1,Management and Organization .5,0.6265549845959425,0,12.0,180000.0,PROJ_REAL_10.0_management_and_organization_.5
PROJ_REAL_11.0,management_and_organization_.5,60,64.0,0,Management and Organization .5,0.2293553033828607,0,4.0,0.0,PROJ_REAL_11.0_management_and_organization_.5
PROJ_REAL_12.0,management_and_organization_.5,60,76.0,1,Management and Organization .5,0.7129849321314816,0,16.0,240000.0,PROJ_REAL_12.0_management_and_organization_.5
PROJ_REAL_13.0,management_and_organization_.5,60,80.0,1,Management and Organization .5,0.9519137032006352,0,20.0,300000.0,PROJ_REAL_13.0_management_and_organization_.5
PROJ_REAL_14.0,management_and_organization_.5,60,80.0,1,Management and Organization .5,0.9638876834281684,0,20.0,300000.0,PROJ_REAL_14.0_management_and_organization_.5
PROJ_REAL_15.0,management_and_organization_.5,60,72.0,1,Management and Organization .5,0.6937125806390103,0,12.0,180000.0,PROJ_REAL_15.0_management_and_organization_.5
PROJ_REAL_16.0,management_and_organization_.5,60,76.0,1,Management and Organization .5,0.7040448287225174,0,16.0,240000.0,PROJ_REAL_16.0_management_and_organization_.5
PROJ_REAL_17.0,management_and_organization_.5,60,80.0,1,Management and Organization .5,0.994747084290636,0,20.0,300000.0,PROJ_REAL_17.0_management_and_organization_.5
PROJ_REAL_18.0,management_and_organization_.5,60,72.0,1,Management and Organization .5,0.7481066286646565,0,12.0,180000.0,PROJ_REAL_18.0_management_and_organization_.5
PROJ_REAL_19.0,management_and_organization_.5,60,68.0,0,Management and Organization .5,0.4335909794629028,0,8.0,0.0,PROJ_REAL_19.0_management_and_organization_.5
PROJ_REAL_20.0,management_and_organization_.5,60,72.0,1,Management and Organization .5,0.6882417206224707,0,12.0,180000.0,PROJ_REAL_20.0_management_and_organization_.5
PROJ_REAL_21.0,management_and_organization_.5,60,72.0,1,Management and Organization .5,0.6294132433000617,0,12.0,180000.0,PROJ_REAL_21.0_management_and_organization_.5
PROJ_REAL_22.0,management_and_organization_.5,60,76.0,1,Management and Organization .5,0.8535702461476747,0,16.0,240000.0,PROJ_REAL_22.0_management_and_organization_.5
PROJ_REAL_23.0,management_and_organization_.5,60,80.0,1,Management and Organization .5,0.8730915020841367,0,20.0,300000.0,PROJ_REAL_23.0_management_and_organization_.5
PROJ_REAL_24.0,management_and_organization_.5,60,72.0,1,Management and Organization .5,0.5567917155516768,0,12.0,180000.0,PROJ_REAL_24.0_management_and_organization_.5
PROJ_REAL_25.0,management_and_organization_.5,60,72.0,1,Management and Organization .5,0.7263310458182609,0,12.0,180000.0,PROJ_REAL_25.0_management_and_organization_.5
PROJ_REAL_26.0,management_and_organization_.5,60,68.0,0,Management and Organization .5,0.4415952302002326,0,8.0,0.0,PROJ_REAL_26.0_management_and_organization_.5
PROJ_REAL_27.0,management_and_organization_.5,60,72.0,1,Management and Organization .5,0.6105750470751219,0,12.0,180000.0,PROJ_REAL_27.0_management_and_organization_.5
PROJ_REAL_28.0,management_and_organization_.5,60,76.0,1,Management and Organization .5,0.9381853049366404,0,16.0,240000.0,PROJ_REAL_28.0_management_and_organization_.5
PROJ_REAL_29.0,management_and_organization_.5,60,72.0,1,Management and Organization .5,0.505301917648495,0,12.0,180000.0,PROJ_REAL_29.0_management_and_organization_.5
PROJ_REAL_30.0,management_and_organization_.5,60,72.0,1,Management and Organization .5,0.5784804085108437,0,12.0,180000.0,PROJ_REAL_30.0_management_and_organization_.5
PROJ_REAL_31.0,management_and_organization_.5,60,72.0,1,Management and Organization .5,0.4451861763638949,0,12.0,180000.0,PROJ_REAL_31.0_management_and_organization_.5
PROJ_REAL_32.0,management_and_organization_.5,60,72.0,1,Management and Organization .5,0.7274701506340185,0,12.0,180000.0,PROJ_REAL_32.0_management_and_organization_.5
PROJ_REAL_33.0,management_and_organization_.5,60,68.0,0,Management and Organization .5,0.3885862685779462,0,8.0,0.0,PROJ_REAL_33.0_management_and_organization_.5
PROJ_REAL_34.0,management_and_organization_.5,60,76.0,1,Management and Organization .5,0.7702778198994986,0,16.0,240000.0,PROJ_REAL_34.0_management_and_organization_.5
PROJ_REAL_35.0,management_and_organization_.5,60,80.0,1,Management and Organization .5,1.0,0,20.0,300000.0,PROJ_REAL_35.0_management_and_organization_.5
PROJ_REAL_36.0,management_and_organization_.5,60,80.0,1,Management and Organization .5,1.0,0,20.0,300000.0,PROJ_REAL_36.0_management_and_organization_.5
PROJ_REAL_37.0,management_and_organization_.5,60,68.0,0,Management and Organization .5,0.6842486399690544,0,8.0,0.0,PROJ_REAL_37.0_management_and_organization_.5
PROJ_REAL_38.0,management_and_organization_.5,60,72.0,1,Management and Organization .5,0.6818307081731748,0,12.0,180000.0,PROJ_REAL_38.0_management_and_organization_.5
PROJ_REAL_39.0,management_and_organization_.5,60,76.0,1,Management and Organization .5,0.9065879353607822,0,16.0,240000.0,PROJ_REAL_39.0_management_and_organization_.5
PROJ_REAL_40.0,management_and_organization_.5,60,80.0,1,Management and Organization .5,1.0,0,20.0,300000.0,PROJ_REAL_40.0_management_and_organization_.5
PROJ_REAL_41.0,management_and_organization_.5,60,80.0,1,Management and Organization .5,0.9299587723013196,0,20.0,300000.0,PROJ_REAL_41.0_management_and_organization_.5
PROJ_REAL_42.0,management_and_organization_.5,60,80.0,1,Management and Organization .5,1.0,0,20.0,300000.0,PROJ_REAL_42.0_management_and_organization_.5
PROJ_REAL_43.0,management_and_organization_.5,60,76.0,1,Management and Organization .5,0.9831679389351922,0,16.0,240000.0,PROJ_REAL_43.0_management_and_organization_.5
PROJ_REAL_44.0,management_and_organization_.5,60,76.0,1,Management and Organization .5,0.6490108560472517,0,16.0,240000.0,PROJ_REAL_44.0_management_and_organization_.5
PROJ_REAL_45.0,management_and_organization_.5,60,76.0,1,Management and Organization .5,0.7829128128663021,0,16.0,240000.0,PROJ_REAL_45.0_management_and_organization_.5
PROJ_REAL_46.0,management_and_organization_.5,60,80.0,1,Management and Organization .5,0.9933663879864728,0,20.0,300000.0,PROJ_REAL_46.0_management_and_organization_.5
PROJ_REAL_47.0,management_and_organization_.5,60,80.0,1,Management and Organization .5,0.8213272326319885,0,20.0,300000.0,PROJ_REAL_47.0_management_and_organization_.5
PROJ_REAL_48.0,management_and_organization_.5,60,80.0,1,Management and Organization .5,0.8937959370244001,0,20.0,300000.0,PROJ_REAL_48.0_management_and_organization_.5
PROJ_REAL_49.0,management_and_organization_.5,60,80.0,1,Management and Organization .5,0.9308115773786216,0,20.0,300000.0,PROJ_REAL_49.0_management_and_organization_.5
PROJ_REAL_50.0,management_and_organization_.5,60,80.0,1,Management and Organization .5,1.0,0,20.0,300000.0,PROJ_REAL_50.0_management_and_organization_.5
PROJ_REAL_51.0,management_and_organization_.5,60,72.0,1,Management and Organization .5,0.7561734897776089,0,12.0,180000.0,PROJ_REAL_51.0_management_and_organization_.5
PROJ_REAL_52.0,management_and_organization_.5,60,80.0,1,Management and Organization .5,1.0,0,20.0,300000.0,PROJ_REAL_52.0_management_and_organization_.5
PROJ_REAL_53.0,management_and_organization_.5,60,80.0,1,Management and Organization .5,0.9331985114738544,0,20.0,300000.0,PROJ_REAL_53.0_management_and_organization_.5
PROJ_REAL_54.0,management_and_organization_.5,60,80.0,1,Management and Organization .5,1.0,0,20.0,300000.0,PROJ_REAL_54.0_management_and_organization_.5
PROJ_REAL_55.0,management_and_organization_.5,60,76.0,1,Management and Organization .5,0.6861437244367824,0,16.0,240000.0,PROJ_REAL_55.0_management_and_organization_.5
PROJ_REAL_56.0,management_and_organization_.5,60,80.0,1,Management and Organization .5,1.0,0,20.0,300000.0,PROJ_REAL_56.0_management_and_organization_.5
PROJ_REAL_57.0,management_and_organization_.5,60,80.0,1,Management and Organization .5,0.8810605300024528,0,20.0,300000.0,PROJ_REAL_57.0_management_and_organization_.5
PROJ_REAL_58.0,management_and_organization_.5,60,80.0,1,Management and Organization .5,1.0,0,20.0,300000.0,PROJ_REAL_58.0_management_and_organization_.5
PROJ_REAL_59.0,management_and_organization_.5,60,80.0,1,Management and Organization .5,1.0,0,20.0,300000.0,PROJ_REAL_59.0_management_and_organization_.5
PROJ_REAL_60.0,management_and_organization_.5,60,76.0,1,Management and Organization .5,0.8858366026690374,0,16.0,240000.0,PROJ_REAL_60.0_management_and_organization_.5
PROJ_REAL_61.0,management_and_organization_.5,60,76.0,1,Management and Organization .5,0.7202576854646809,0,16.0,240000.0,PROJ_REAL_61.0_management_and_organization_.5
PROJ_REAL_62.0,management_and_organization_.5,60,80.0,1,Management and Organization .5,1.0,0,20.0,300000.0,PROJ_REAL_62.0_management_and_organization_.5
PROJ_REAL_63.0,management_and_organization_.5,60,80.0,1,Management and Organization .5,1.0,0,20.0,300000.0,PROJ_REAL_63.0_management_and_organization_.5
PROJ_REAL_64.0,management_and_organization_.5,60,72.0,1,Management and Organization .5,0.6592426474128251,0,12.0,180000.0,PROJ_REAL_64.0_management_and_organization_.5
PROJ_REAL_65.0,management_and_organization_.5,60,72.0,1,Management and Organization .5,0.7990156226125181,0,12.0,180000.0,PROJ_REAL_65.0_management_and_organization_.5
PROJ_REAL_66.0,management_and_organization_.5,60,80.0,1,Management and Organization .5,0.9581158079324118,0,20.0,300000.0,PROJ_REAL_66.0_management_and_organization_.5
PROJ_REAL_67.0,management_and_organization_.5,60,80.0,1,Management and Organization .5,1.0,0,20.0,300000.0,PROJ_REAL_67.0_management_and_organization_.5
PROJ_REAL_68.0,management_and_organization_.5,60,76.0,1,Management and Organization .5,0.7181915250224563,0,16.0,240000.0,PROJ_REAL_68.0_management_and_organization_.5
PROJ_REAL_69.0,management_and_organization_.5,60,80.0,1,Management and Organization .5,0.8202372512202561,0,20.0,300000.0,PROJ_REAL_69.0_management_and_organization_.5
PROJ_REAL_70.0,management_and_organization_.5,60,76.0,1,Management and Organization .5,0.8419987884214233,0,16.0,240000.0,PROJ_REAL_70.0_management_and_organization_.5
PROJ_REAL_71.0,management_and_organization_.5,60,80.0,1,Management and Organization .5,1.0,0,20.0,300000.0,PROJ_REAL_71.0_management_and_organization_.5
PROJ_REAL_72.0,management_and_organization_.5,60,76.0,1,Management and Organization .5,0.831113177817004,0,16.0,240000.0,PROJ_REAL_72.0_management_and_organization_.5
PROJ_REAL_73.0,management_and_organization_.5,60,80.0,1,Management and Organization .5,1.0,0,20.0,300000.0,PROJ_REAL_73.0_management_and_organization_.5
PROJ_REAL_74.0,management_and_organization_.5,60,76.0,1,Management and Organization .5,0.7098011556580653,0,16.0,240000.0,PROJ_REAL_74.0_management_and_organization_.5
PROJ_REAL_75.0,management_and_organization_.5,60,76.0,1,Management and Organization .5,0.8734908250863948,0,16.0,240000.0,PROJ_REAL_75.0_management_and_organization_.5
PROJ_REAL_76.0,management_and_organization_.5,60,80.0,1,Management and Organization .5,1.0,0,20.0,300000.0,PROJ_REAL_76.0_management_and_organization_.5
PROJ_REAL_77.0,management_and_organization_.5,60,80.0,1,Management and Organization .5,1.0,0,20.0,300000.0,PROJ_REAL_77.0_management_and_organization_.5
PROJ_REAL_78.0,management_and_organization_.5,60,80.0,1,Management and Organization .5,0.8492384669514258,0,20.0,300000.0,PROJ_REAL_78.0_management_and_organization_.5
PROJ_REAL_79.0,management_and_organization_.5,60,76.0,1,Management and Organization .5,0.9329446455677496,0,16.0,240000.0,PROJ_REAL_79.0_management_and_organization_.5
PROJ_REAL_80.0,management_and_organization_.5,60,80.0,1,Management and Organization .5,1.0,0,20.0,300000.0,PROJ_REAL_80.0_management_and_organization_.5
PROJ_REAL_81.0,management_and_organization_.5,60,76.0,1,Management and Organization .5,0.7750676812945323,0,16.0,240000.0,PROJ_REAL_81.0_management_and_organization_.5
PROJ_REAL_82.0,management_and_organization_.5,60,76.0,1,Management and Organization .5,0.6968505036654536,0,16.0,240000.0,PROJ_REAL_82.0_management_and_organization_.5
PROJ_REAL_83.0,management_and_organization_.5,60,76.0,1,Management and Organization .5,0.8032133806302096,0,16.0,240000.0,PROJ_REAL_83.0_management_and_organization_.5
PROJ_REAL_84.0,management_and_organization_.5,60,76.0,1,Management and Organization .5,0.8309101508961121,0,16.0,240000.0,PROJ_REAL_84.0_management_and_organization_.5
PROJ_REAL_85.0,management_and_organization_.5,60,80.0,1,Management and Organization .5,0.9479969613769602,0,20.0,300000.0,PROJ_REAL_85.0_management_and_organization_.5
PROJ_REAL_86.0,management_and_organization_.5,60,76.0,1,Management and Organization .5,0.7662490859543882,0,16.0,240000.0,PROJ_REAL_86.0_management_and_organization_.5
PROJ_REAL_87.0,management_and_organization_.5,60,76.0,1,Management and Organization .5,0.69210976360707,0,16.0,240000.0,PROJ_REAL_87.0_management_and_organization_.5
PROJ_REAL_88.0,management_and_organization_.5,60,76.0,1,Management and Organization .5,0.7298477684339558,0,16.0,240000.0,PROJ_REAL_88.0_management_and_organization_.5
PROJ_REAL_89.0,management_and_organization_.5,60,76.0,1,Management and Organization .5,0.8259309384835152,0,16.0,240000.0,PROJ_REAL_89.0_management_and_organization_.5
PROJ_REAL_90.0,management_and_organization_.5,60,76.0,1,Management and Organization .5,0.7483415707185739,0,16.0,240000.0,PROJ_REAL_90.0_management_and_organization_.5
PROJ_REAL_91.0,management_and_organization_.5,60,72.0,1,Management and Organization .5,0.6991592468859643,0,12.0,180000.0,PROJ_REAL_91.0_management_and_organization_.5
PROJ_REAL_92.0,management_and_organization_.5,60,80.0,1,Management and Organization .5,1.0,0,20.0,300000.0,PROJ_REAL_92.0_management_and_organization_.5
PROJ_REAL_93.0,management_and_organization_.5,60,76.0,1,Management and Organization .5,0.7685482140533956,0,16.0,240000.0,PROJ_REAL_93.0_management_and_organization_.5
PROJ_REAL_94.0,management_and_organization_.5,60,76.0,1,Management and Organization .5,0.7942112554100932,0,16.0,240000.0,PROJ_REAL_94.0_management_and_organization_.5
PROJ_REAL_95.0,management_and_organization_.5,60,80.0,1,Management and Organization .5,0.97528723284235,0,20.0,300000.0,PROJ_REAL_95.0_management_and_organization_.5
PROJ_REAL_96.0,management_and_organization_.5,60,80.0,1,Management and Organization .5,0.8271276800605065,0,20.0,300000.0,PROJ_REAL_96.0_management_and_organization_.5
PROJ_REAL_97.0,management_and_organization_.5,60,64.0,0,Management and Organization .5,0.2485428411356481,0,4.0,0.0,PROJ_REAL_97.0_management_and_organization_.5
PROJ_REAL_98.0,management_and_organization_.5,60,80.0,1,Management and Organization .5,1.0,0,20.0,300000.0,PROJ_REAL_98.0_management_and_organization_.5
PROJ_REAL_99.0,management_and_organization_.5,60,72.0,1,Management and Organization .5,0.5938595367142752,0,12.0,180000.0,PROJ_REAL_99.0_management_and_organization_.5
PROJ_REAL_100.0,management_and_organization_.5,60,68.0,0,Management and Organization .5,0.5105770777100194,0,8.0,0.0,PROJ_REAL_100.0_management_and_organization_.5
PROJ_REAL_101.0,management_and_organization_.5,60,76.0,1,Management and Organization .5,0.8474975365584153,0,16.0,240000.0,PROJ_REAL_101.0_management_and_organization_.5
PROJ_REAL_102.0,management_and_organization_.5,60,80.0,1,Management and Organization .5,0.9469691353429096,0,20.0,300000.0,PROJ_REAL_102.0_management_and_organization_.5
PROJ_REAL_103.0,management_and_organization_.5,60,76.0,1,Management and Organization .5,0.8584848627265055,0,16.0,240000.0,PROJ_REAL_103.0_management_and_organization_.5
PROJ_REAL_104.0,management_and_organization_.5,60,76.0,1,Management and Organization .5,0.7052345369606643,0,16.0,240000.0,PROJ_REAL_104.0_management_and_organization_.5
PROJ_REAL_105.0,management_and_organization_.5,60,80.0,1,Management and Organization .5,0.8930555026080513,0,20.0,300000.0,PROJ_REAL_105.0_management_and_organization_.5
PROJ_REAL_106.0,management_and_organization_.5,60,76.0,1,Management and Organization .5,0.8666576401647719,0,16.0,240000.0,PROJ_REAL_106.0_management_and_organization_.5
PROJ_REAL_107.0,management_and_organization_.5,60,76.0,1,Management and Organization .5,0.8187374300122835,0,16.0,240000.0,PROJ_REAL_107.0_management_and_organization_.5
PROJ_REAL_108.0,management_and_organization_.5,60,80.0,1,Management and Organization .5,0.8703878916003189,0,20.0,300000.0,PROJ_REAL_108.0_management_and_organization_.5
PROJ_REAL_109.0,management_and_organization_.5,60,76.0,1,Management and Organization .5,0.790169437430509,0,16.0,240000.0,PROJ_REAL_109.0_management_and_organization_.5
PROJ_REAL_110.0,management_and_organization_.5,60,76.0,1,Management and Organization .5,0.8261975392784018,0,16.0,240000.0,PROJ_REAL_110.0_management_and_organization_.5
PROJ_REAL_111.0,management_and_organization_.5,60,80.0,1,Management and Organization .5,1.0,0,20.0,300000.0,PROJ_REAL_111.0_management_and_organization_.5
PROJ_REAL_112.0,management_and_organization_.5,60,76.0,1,Management and Organization .5,0.6850208177832167,0,16.0,240000.0,PROJ_REAL_112.0_management_and_organization_.5
PROJ_REAL_113.0,management_and_organization_.5,60,72.0,1,Management and Organization .5,0.4082943970049697,0,12.0,180000.0,PROJ_REAL_113.0_management_and_organization_.5
PROJ_REAL_114.0,management_and_organization_.5,60,76.0,1,Management and Organization .5,0.878480070683603,0,16.0,240000.0,PROJ_REAL_114.0_management_and_organization_.5
PROJ_REAL_115.0,management_and_organization_.5,60,76.0,1,Management and Organization .5,0.7281611199102551,0,16.0,240000.0,PROJ_REAL_115.0_management_and_organization_.5
PROJ_REAL_116.0,management_and_organization_.5,60,76.0,1,Management and Organization .5,0.9685007340880224,0,16.0,240000.0,PROJ_REAL_116.0_management_and_organization_.5
PROJ_REAL_117.0,management_and_organization_.5,60,68.0,0,Management and Organization .5,0.6083457689074713,0,8.0,0.0,PROJ_REAL_117.0_management_and_organization_.5
PROJ_REAL_118.0,management_and_organization_.5,60,80.0,1,Management and Organization .5,1.0,0,20.0,300000.0,PROJ_REAL_118.0_management_and_organization_.5
PROJ_REAL_119.0,management_and_organization_.5,60,76.0,1,Management and Organization .5,0.6491264201414055,0,16.0,240000.0,PROJ_REAL_119.0_management_and_organization_.5
PROJ_REAL_120.0,management_and_organization_.5,60,80.0,1,Management and Organization .5,0.8928159986286951,0,20.0,300000.0,PROJ_REAL_120.0_management_and_organization_.5
PROJ_REAL_121.0,management_and_organization_.5,60,72.0,1,Management and Organization .5,0.6473819528612212,0,12.0,180000.0,PROJ_REAL_121.0_management_and_organization_.5
PROJ_REAL_122.0,management_and_organization_.5,60,72.0,1,Management and Organization .5,0.4766055482024723,0,12.0,180000.0,PROJ_REAL_122.0_management_and_organization_.5
PROJ_REAL_123.0,management_and_organization_.5,60,76.0,1,Management and Organization .5,0.7364459333691753,0,16.0,240000.0,PROJ_REAL_123.0_management_and_organization_.5
PROJ_REAL_124.0,management_and_organization_.5,60,80.0,1,Management and Organization .5,0.9214286525643468,0,20.0,300000.0,PROJ_REAL_124.0_management_and_organization_.5
PROJ_REAL_125.0,management_and_organization_.5,60,80.0,1,Management and Organization .5,0.9003109551377169,0,20.0,300000.0,PROJ_REAL_125.0_management_and_organization_.5
PROJ_REAL_126.0,management_and_organization_.5,60,76.0,1,Management and Organization .5,0.7088198762555411,0,16.0,240000.0,PROJ_REAL_126.0_management_and_organization_.5
PROJ_REAL_127.0,management_and_organization_.5,60,72.0,1,Management and Organization .5,0.7601585345439223,0,12.0,180000.0,PROJ_REAL_127.0_management_and_organization_.5
PROJ_REAL_128.0,management_and_organization_.5,60,76.0,1,Management and Organization .5,0.6291215254886527,0,16.0,240000.0,PROJ_REAL_128.0_management_and_organization_.5
PROJ_REAL_129.0,management_and_organization_.5,60,80.0,1,Management and Organization .5,1.0,0,20.0,300000.0,PROJ_REAL_129.0_management_and_organization_.5
PROJ_REAL_130.0,management_and_organization_.5,60,80.0,1,Management and Organization .5,0.97630645856432,0,20.0,300000.0,PROJ_REAL_130.0_management_and_organization_.5
PROJ_REAL_131.0,management_and_organization_.5,60,80.0,1,Management and Organization .5,1.0,0,20.0,300000.0,PROJ_REAL_131.0_management_and_organization_.5
PROJ_REAL_132.0,management_and_organization_.5,60,76.0,1,Management and Organization .5,0.8333021944969424,0,16.0,240000.0,PROJ_REAL_132.0_management_and_organization_.5
PROJ_REAL_133.0,management_and_organization_.5,60,80.0,1,Management and Organization .5,1.0,0,20.0,300000.0,PROJ_REAL_133.0_management_and_organization_.5
PROJ_REAL_134.0,management_and_organization_.5,60,76.0,1,Management and Organization .5,0.915128895733796,0,16.0,240000.0,PROJ_REAL_134.0_management_and_organization_.5
PROJ_REAL_135.0,management_and_organization_.5,60,76.0,1,Management and Organization .5,0.8416049626665022,0,16.0,240000.0,PROJ_REAL_135.0_management_and_organization_.5
PROJ_REAL_136.0,management_and_organization_.5,60,80.0,1,Management and Organization .5,0.9259227785171484,0,20.0,300000.0,PROJ_REAL_136.0_management_and_organization_.5
PROJ_REAL_137.0,management_and_organization_.5,60,76.0,1,Management and Organization .5,0.8200887115860369,0,16.0,240000.0,PROJ_REAL_137.0_management_and_organization_.5
PROJ_REAL_138.0,management_and_organization_.5,60,80.0,1,Management and Organization .5,0.970923548696328,0,20.0,300000.0,PROJ_REAL_138.0_management_and_organization_.5
PROJ_REAL_139.0,management_and_organization_.5,60,80.0,1,Management and Organization .5,0.9711723045182428,0,20.0,300000.0,PROJ_REAL_139.0_management_and_organization_.5
PROJ_REAL_140.0,management_and_organization_.5,60,72.0,1,Management and Organization .5,0.6973046918979618,0,12.0,180000.0,PROJ_REAL_140.0_management_and_organization_.5
PROJ_REAL_141.0,management_and_organization_.5,60,72.0,1,Management and Organization .5,0.5410129914782411,0,12.0,180000.0,PROJ_REAL_141.0_management_and_organization_.5
PROJ_REAL_142.0,management_and_organization_.5,60,72.0,1,Management and Organization .5,0.5482629616554839,0,12.0,180000.0,PROJ_REAL_142.0_management_and_organization_.5
PROJ_REAL_143.0,management_and_organization_.5,60,72.0,1,Management and Organization .5,0.8342238849957911,0,12.0,180000.0,PROJ_REAL_143.0_management_and_organization_.5
PROJ_REAL_1.0,schedule,60,64.0,0,Schedule,0.1774853824265743,0,4.0,0.0,PROJ_REAL_1.0_schedule
PROJ_REAL_2.0,schedule,60,76.0,1,Schedule,0.8205909529875435,0,16.0,240000.0,PROJ_REAL_2.0_schedule
PROJ_REAL_3.0,schedule,60,72.0,1,Schedule,0.4833841560770173,0,12.0,180000.0,PROJ_REAL_3.0_schedule
PROJ_REAL_4.0,schedule,60,68.0,0,Schedule,0.3739173925185726,0,8.0,0.0,PROJ_REAL_4.0_schedule
PROJ_REAL_5.0,schedule,60,72.0,1,Schedule,0.5899340705194527,0,12.0,180000.0,PROJ_REAL_5.0_schedule
PROJ_REAL_6.0,schedule,60,72.0,1,Schedule,0.683086359677012,0,12.0,180000.0,PROJ_REAL_6.0_schedule
PROJ_REAL_7.0,schedule,60,72.0,1,Schedule,0.5253153451822101,0,12.0,180000.0,PROJ_REAL_7.0_schedule
PROJ_REAL_8.0,schedule,60,72.0,1,Schedule,0.7247242810325465,0,12.0,180000.0,PROJ_REAL_8.0_schedule
PROJ_REAL_9.0,schedule,60,72.0,1,Schedule,0.4819796196458202,0,12.0,180000.0,PROJ_REAL_9.0_schedule
PROJ_REAL_10.0,schedule,60,72.0,1,Schedule,0.6873354125856559,0,12.0,180000.0,PROJ_REAL_10.0_schedule
PROJ_REAL_11.0,schedule,60,64.0,0,Schedule,0.1374383968052827,0,4.0,0.0,PROJ_REAL_11.0_schedule
PROJ_REAL_12.0,schedule,60,72.0,1,Schedule,0.5681691509561464,0,12.0,180000.0,PROJ_REAL_12.0_schedule
PROJ_REAL_13.0,schedule,60,72.0,1,Schedule,0.6721190845682677,0,12.0,180000.0,PROJ_REAL_13.0_schedule
PROJ_REAL_14.0,schedule,60,76.0,1,Schedule,0.8900464631873843,0,16.0,240000.0,PROJ_REAL_14.0_schedule
PROJ_REAL_15.0,schedule,60,68.0,0,Schedule,0.2625091057570864,0,8.0,0.0,PROJ_REAL_15.0_schedule
PROJ_REAL_16.0,schedule,60,68.0,0,Schedule,0.5297707712956965,0,8.0,0.0,PROJ_REAL_16.0_schedule
PROJ_REAL_17.0,schedule,60,76.0,1,Schedule,1.0,0,16.0,240000.0,PROJ_REAL_17.0_schedule
PROJ_REAL_18.0,schedule,60,72.0,1,Schedule,0.6157367225387121,0,12.0,180000.0,PROJ_REAL_18.0_schedule
PROJ_REAL_19.0,schedule,60,68.0,0,Schedule,0.2036900149047202,0,8.0,0.0,PROJ_REAL_19.0_schedule
PROJ_REAL_20.0,schedule,60,72.0,1,Schedule,0.5683626976954969,0,12.0,180000.0,PROJ_REAL_20.0_schedule
PROJ_REAL_21.0,schedule,60,72.0,1,Schedule,0.5797294086766799,0,12.0,180000.0,PROJ_REAL_21.0_schedule
PROJ_REAL_22.0,schedule,60,68.0,0,Schedule,0.4216255120079551,0,8.0,0.0,PROJ_REAL_22.0_schedule
PROJ_REAL_23.0,schedule,60,64.0,0,Schedule,0.0753446277768709,0,4.0,0.0,PROJ_REAL_23.0_schedule
PROJ_REAL_24.0,schedule,60,72.0,1,Schedule,0.5769463695191525,0,12.0,180000.0,PROJ_REAL_24.0_schedule
PROJ_REAL_25.0,schedule,60,72.0,1,Schedule,0.6967481771570609,0,12.0,180000.0,PROJ_REAL_25.0_schedule
PROJ_REAL_26.0,schedule,60,72.0,1,Schedule,0.5837294462825123,0,12.0,180000.0,PROJ_REAL_26.0_schedule
PROJ_REAL_27.0,schedule,60,72.0,1,Schedule,0.8608652973633086,0,12.0,180000.0,PROJ_REAL_27.0_schedule
PROJ_REAL_28.0,schedule,60,72.0,1,Schedule,0.7315207052691465,0,12.0,180000.0,PROJ_REAL_28.0_schedule
PROJ_REAL_29.0,schedule,60,72.0,1,Schedule,0.4896111486159458,0,12.0,180000.0,PROJ_REAL_29.0_schedule
PROJ_REAL_30.0,schedule,60,72.0,1,Schedule,0.525759215147207,0,12.0,180000.0,PROJ_REAL_30.0_schedule
PROJ_REAL_31.0,schedule,60,72.0,1,Schedule,0.7455946497129,0,12.0,180000.0,PROJ_REAL_31.0_schedule
PROJ_REAL_32.0,schedule,60,72.0,1,Schedule,0.7156860838485387,0,12.0,180000.0,PROJ_REAL_32.0_schedule
PROJ_REAL_33.0,schedule,60,68.0,0,Schedule,0.4331445348584166,0,8.0,0.0,PROJ_REAL_33.0_schedule
PROJ_REAL_34.0,schedule,60,72.0,1,Schedule,0.6638174911292577,0,12.0,180000.0,PROJ_REAL_34.0_schedule
PROJ_REAL_35.0,schedule,60,76.0,1,Schedule,0.9249461720515114,0,16.0,240000.0,PROJ_REAL_35.0_schedule
PROJ_REAL_36.0,schedule,60,80.0,1,Schedule,1.0,0,20.0,300000.0,PROJ_REAL_36.0_schedule
PROJ_REAL_37.0,schedule,60,72.0,1,Schedule,0.8558970861335837,0,12.0,180000.0,PROJ_REAL_37.0_schedule
PROJ_REAL_38.0,schedule,60,76.0,1,Schedule,0.6053413415805873,0,16.0,240000.0,PROJ_REAL_38.0_schedule
PROJ_REAL_39.0,schedule,60,72.0,1,Schedule,0.6960895493673778,0,12.0,180000.0,PROJ_REAL_39.0_schedule
PROJ_REAL_40.0,schedule,60,68.0,0,Schedule,0.5342994243785463,0,8.0,0.0,PROJ_REAL_40.0_schedule
PROJ_REAL_41.0,schedule,60,72.0,1,Schedule,0.6003803675345234,0,12.0,180000.0,PROJ_REAL_41.0_schedule
PROJ_REAL_42.0,schedule,60,68.0,0,Schedule,0.41507316847111,0,8.0,0.0,PROJ_REAL_42.0_schedule
PROJ_REAL_43.0,schedule,60,76.0,1,Schedule,0.8899183702492536,0,16.0,240000.0,PROJ_REAL_43.0_schedule
PROJ_REAL_44.0,schedule,60,76.0,1,Schedule,0.9196796355379604,0,16.0,240000.0,PROJ_REAL_44.0_schedule
PROJ_REAL_45.0,schedule,60,76.0,1,Schedule,0.6098424343330761,0,16.0,240000.0,PROJ_REAL_45.0_schedule
PROJ_REAL_46.0,schedule,60,76.0,1,Schedule,0.7887941955059302,0,16.0,240000.0,PROJ_REAL_46.0_schedule
PROJ_REAL_47.0,schedule,60,76.0,1,Schedule,0.8126430392386276,0,16.0,240000.0,PROJ_REAL_47.0_schedule
PROJ_REAL_48.0,schedule,60,72.0,1,Schedule,0.5799374451095086,0,12.0,180000.0,PROJ_REAL_48.0_schedule
PROJ_REAL_49.0,schedule,60,72.0,1,Schedule,0.5040799587554065,0,12.0,180000.0,PROJ_REAL_49.0_schedule
PROJ_REAL_50.0,schedule,60,80.0,1,Schedule,1.0,0,20.0,300000.0,PROJ_REAL_50.0_schedule
PROJ_REAL_51.0,schedule,60,76.0,1,Schedule,0.7619036833464591,0,16.0,240000.0,PROJ_REAL_51.0_schedule
PROJ_REAL_52.0,schedule,60,80.0,1,Schedule,0.8046860666961266,0,20.0,300000.0,PROJ_REAL_52.0_schedule
PROJ_REAL_53.0,schedule,60,64.0,0,Schedule,0.1258090358200617,0,4.0,0.0,PROJ_REAL_53.0_schedule
PROJ_REAL_54.0,schedule,60,76.0,1,Schedule,0.8064131688671274,0,16.0,240000.0,PROJ_REAL_54.0_schedule
PROJ_REAL_55.0,schedule,60,72.0,1,Schedule,0.5495878968556231,0,12.0,180000.0,PROJ_REAL_55.0_schedule
PROJ_REAL_56.0,schedule,60,68.0,0,Schedule,0.2993745771687126,0,8.0,0.0,PROJ_REAL_56.0_schedule
PROJ_REAL_57.0,schedule,60,80.0,1,Schedule,1.0,0,20.0,300000.0,PROJ_REAL_57.0_schedule
PROJ_REAL_58.0,schedule,60,80.0,1,Schedule,1.0,0,20.0,300000.0,PROJ_REAL_58.0_schedule
PROJ_REAL_59.0,schedule,60,80.0,1,Schedule,0.9656428186509984,0,20.0,300000.0,PROJ_REAL_59.0_schedule
PROJ_REAL_60.0,schedule,60,76.0,1,Schedule,0.7045940470565318,0,16.0,240000.0,PROJ_REAL_60.0_schedule
PROJ_REAL_61.0,schedule,60,76.0,1,Schedule,0.8267312244191178,0,16.0,240000.0,PROJ_REAL_61.0_schedule
PROJ_REAL_62.0,schedule,60,64.0,0,Schedule,0.184577797335625,0,4.0,0.0,PROJ_REAL_62.0_schedule
PROJ_REAL_63.0,schedule,60,80.0,1,Schedule,1.0,0,20.0,300000.0,PROJ_REAL_63.0_schedule
PROJ_REAL_64.0,schedule,60,72.0,1,Schedule,0.6280315607448363,0,12.0,180000.0,PROJ_REAL_64.0_schedule
PROJ_REAL_65.0,schedule,60,76.0,1,Schedule,0.8511210385854224,0,16.0,240000.0,PROJ_REAL_65.0_schedule
PROJ_REAL_66.0,schedule,60,76.0,1,Schedule,0.901629487574512,0,16.0,240000.0,PROJ_REAL_66.0_schedule
PROJ_REAL_67.0,schedule,60,76.0,1,Schedule,0.8401081817198695,0,16.0,240000.0,PROJ_REAL_67.0_schedule
PROJ_REAL_68.0,schedule,60,76.0,1,Schedule,0.8848759435398645,0,16.0,240000.0,PROJ_REAL_68.0_schedule
PROJ_REAL_69.0,schedule,60,76.0,1,Schedule,0.81560308172795,0,16.0,240000.0,PROJ_REAL_69.0_schedule
PROJ_REAL_70.0,schedule,60,76.0,1,Schedule,0.8506220009677697,0,16.0,240000.0,PROJ_REAL_70.0_schedule
PROJ_REAL_71.0,schedule,60,72.0,1,Schedule,0.4879485347278203,0,12.0,180000.0,PROJ_REAL_71.0_schedule
PROJ_REAL_72.0,schedule,60,72.0,1,Schedule,0.5844200187500618,0,12.0,180000.0,PROJ_REAL_72.0_schedule
PROJ_REAL_73.0,schedule,60,72.0,1,Schedule,0.7487827916267257,0,12.0,180000.0,PROJ_REAL_73.0_schedule
PROJ_REAL_74.0,schedule,60,72.0,1,Schedule,0.6408103893029934,0,12.0,180000.0,PROJ_REAL_74.0_schedule
PROJ_REAL_75.0,schedule,60,76.0,1,Schedule,0.747158882154125,0,16.0,240000.0,PROJ_REAL_75.0_schedule
PROJ_REAL_76.0,schedule,60,80.0,1,Schedule,1.0,0,20.0,300000.0,PROJ_REAL_76.0_schedule
PROJ_REAL_77.0,schedule,60,80.0,1,Schedule,1.0,0,20.0,300000.0,PROJ_REAL_77.0_schedule
PROJ_REAL_78.0,schedule,60,76.0,1,Schedule,0.7800418929352352,0,16.0,240000.0,PROJ_REAL_78.0_schedule
PROJ_REAL_79.0,schedule,60,68.0,0,Schedule,0.364577926258222,0,8.0,0.0,PROJ_REAL_79.0_schedule
PROJ_REAL_80.0,schedule,60,76.0,1,Schedule,1.0,0,16.0,240000.0,PROJ_REAL_80.0_schedule
PROJ_REAL_81.0,schedule,60,80.0,1,Schedule,1.0,0,20.0,300000.0,PROJ_REAL_81.0_schedule
PROJ_REAL_82.0,schedule,60,76.0,1,Schedule,0.7600967471052562,0,16.0,240000.0,PROJ_REAL_82.0_schedule
PROJ_REAL_83.0,schedule,60,80.0,1,Schedule,1.0,0,20.0,300000.0,PROJ_REAL_83.0_schedule
PROJ_REAL_84.0,schedule,60,72.0,1,Schedule,0.6573048195825597,0,12.0,180000.0,PROJ_REAL_84.0_schedule
PROJ_REAL_85.0,schedule,60,68.0,0,Schedule,0.3305975317507836,0,8.0,0.0,PROJ_REAL_85.0_schedule
PROJ_REAL_86.0,schedule,60,72.0,1,Schedule,0.7740767124899215,0,12.0,180000.0,PROJ_REAL_86.0_schedule
PROJ_REAL_87.0,schedule,60,76.0,1,Schedule,0.7317084927687317,0,16.0,240000.0,PROJ_REAL_87.0_schedule
PROJ_REAL_88.0,schedule,60,76.0,1,Schedule,0.5808300715584932,0,16.0,240000.0,PROJ_REAL_88.0_schedule
PROJ_REAL_89.0,schedule,60,68.0,0,Schedule,0.4784961789671162,0,8.0,0.0,PROJ_REAL_89.0_schedule
PROJ_REAL_90.0,schedule,60,72.0,1,Schedule,0.7034470561161512,0,12.0,180000.0,PROJ_REAL_90.0_schedule
PROJ_REAL_91.0,schedule,60,76.0,1,Schedule,0.8050811679537312,0,16.0,240000.0,PROJ_REAL_91.0_schedule
PROJ_REAL_92.0,schedule,60,76.0,1,Schedule,0.8785536573348769,0,16.0,240000.0,PROJ_REAL_92.0_schedule
PROJ_REAL_93.0,schedule,60,68.0,0,Schedule,0.3603193090330009,0,8.0,0.0,PROJ_REAL_93.0_schedule
PROJ_REAL_94.0,schedule,60,72.0,1,Schedule,0.4224862974080609,0,12.0,180000.0,PROJ_REAL_94.0_schedule
PROJ_REAL_95.0,schedule,60,76.0,1,Schedule,0.6917291494990208,0,16.0,240000.0,PROJ_REAL_95.0_schedule
PROJ_REAL_96.0,schedule,60,64.0,0,Schedule,0.3295279389750245,0,4.0,0.0,PROJ_REAL_96.0_schedule
PROJ_REAL_97.0,schedule,60,68.0,0,Schedule,0.3512333067336417,0,8.0,0.0,PROJ_REAL_97.0_schedule
PROJ_REAL_98.0,schedule,60,76.0,1,Schedule,0.7928972121821953,0,16.0,240000.0,PROJ_REAL_98.0_schedule
PROJ_REAL_99.0,schedule,60,72.0,1,Schedule,0.673435959187556,0,12.0,180000.0,PROJ_REAL_99.0_schedule
PROJ_REAL_100.0,schedule,60,68.0,0,Schedule,0.381626780597895,0,8.0,0.0,PROJ_REAL_100.0_schedule
PROJ_REAL_101.0,schedule,60,76.0,1,Schedule,0.7865233281989885,0,16.0,240000.0,PROJ_REAL_101.0_schedule
PROJ_REAL_102.0,schedule,60,64.0,0,Schedule,0.2512348394517554,0,4.0,0.0,PROJ_REAL_102.0_schedule
PROJ_REAL_103.0,schedule,60,72.0,1,Schedule,0.5911989670909553,0,12.0,180000.0,PROJ_REAL_103.0_schedule
PROJ_REAL_104.0,schedule,60,68.0,0,Schedule,0.315832076801233,0,8.0,0.0,PROJ_REAL_104.0_schedule
PROJ_REAL_105.0,schedule,60,64.0,0,Schedule,0.3500454501679158,0,4.0,0.0,PROJ_REAL_105.0_schedule
PROJ_REAL_106.0,schedule,60,76.0,1,Schedule,0.8221552826796353,0,16.0,240000.0,PROJ_REAL_106.0_schedule
PROJ_REAL_107.0,schedule,60,76.0,1,Schedule,0.9265519430754144,0,16.0,240000.0,PROJ_REAL_107.0_schedule
PROJ_REAL_108.0,schedule,60,80.0,1,Schedule,0.9276371241158294,0,20.0,300000.0,PROJ_REAL_108.0_schedule
PROJ_REAL_109.0,schedule,60,80.0,1,Schedule,0.9420367966903184,0,20.0,300000.0,PROJ_REAL_109.0_schedule
PROJ_REAL_110.0,schedule,60,68.0,0,Schedule,0.2523383384140288,0,8.0,0.0,PROJ_REAL_110.0_schedule
PROJ_REAL_111.0,schedule,60,76.0,1,Schedule,0.8534141595221038,0,16.0,240000.0,PROJ_REAL_111.0_schedule
PROJ_REAL_112.0,schedule,60,68.0,0,Schedule,0.3492439779395022,0,8.0,0.0,PROJ_REAL_112.0_schedule
PROJ_REAL_113.0,schedule,60,76.0,1,Schedule,0.8451535338641456,0,16.0,240000.0,PROJ_REAL_113.0_schedule
PROJ_REAL_114.0,schedule,60,68.0,0,Schedule,0.3661714128166775,0,8.0,0.0,PROJ_REAL_114.0_schedule
PROJ_REAL_115.0,schedule,60,72.0,1,Schedule,0.678177847297834,0,12.0,180000.0,PROJ_REAL_115.0_schedule
PROJ_REAL_116.0,schedule,60,76.0,1,Schedule,0.7037840253383798,0,16.0,240000.0,PROJ_REAL_116.0_schedule
PROJ_REAL_117.0,schedule,60,68.0,0,Schedule,0.4357510785583979,0,8.0,0.0,PROJ_REAL_117.0_schedule
PROJ_REAL_118.0,schedule,60,76.0,1,Schedule,0.8259258782965772,0,16.0,240000.0,PROJ_REAL_118.0_schedule
PROJ_REAL_119.0,schedule,60,76.0,1,Schedule,0.8044381063464534,0,16.0,240000.0,PROJ_REAL_119.0_schedule
PROJ_REAL_120.0,schedule,60,76.0,1,Schedule,0.8430175092359569,0,16.0,240000.0,PROJ_REAL_120.0_schedule
PROJ_REAL_121.0,schedule,60,72.0,1,Schedule,0.4933843392220212,0,12.0,180000.0,PROJ_REAL_121.0_schedule
PROJ_REAL_122.0,schedule,60,76.0,1,Schedule,0.7410276684598673,0,16.0,240000.0,PROJ_REAL_122.0_schedule
PROJ_REAL_123.0,schedule,60,68.0,0,Schedule,0.4295273389013144,0,8.0,0.0,PROJ_REAL_123.0_schedule
PROJ_REAL_124.0,schedule,60,76.0,1,Schedule,0.9333113377305916,0,16.0,240000.0,PROJ_REAL_124.0_schedule
PROJ_REAL_125.0,schedule,60,76.0,1,Schedule,0.9061189887589488,0,16.0,240000.0,PROJ_REAL_125.0_schedule
PROJ_REAL_126.0,schedule,60,68.0,0,Schedule,0.316063842596529,0,8.0,0.0,PROJ_REAL_126.0_schedule
PROJ_REAL_127.0,schedule,60,76.0,1,Schedule,0.629151478611989,0,16.0,240000.0,PROJ_REAL_127.0_schedule
PROJ_REAL_128.0,schedule,60,72.0,1,Schedule,0.7034523466601572,0,12.0,180000.0,PROJ_REAL_128.0_schedule
PROJ_REAL_129.0,schedule,60,72.0,1,Schedule,0.5747648239678023,0,12.0,180000.0,PROJ_REAL_129.0_schedule
PROJ_REAL_130.0,schedule,60,76.0,1,Schedule,0.998856155657998,0,16.0,240000.0,PROJ_REAL_130.0_schedule
PROJ_REAL_131.0,schedule,60,76.0,1,Schedule,0.770399541848714,0,16.0,240000.0,PROJ_REAL_131.0_schedule
PROJ_REAL_132.0,schedule,60,68.0,0,Schedule,0.4022356531584263,0,8.0,0.0,PROJ_REAL_132.0_schedule
PROJ_REAL_133.0,schedule,60,80.0,1,Schedule,0.9609956711019216,0,20.0,300000.0,PROJ_REAL_133.0_schedule
PROJ_REAL_134.0,schedule,60,72.0,1,Schedule,0.6077282680450101,0,12.0,180000.0,PROJ_REAL_134.0_schedule
PROJ_REAL_135.0,schedule,60,72.0,1,Schedule,0.6923852597327498,0,12.0,180000.0,PROJ_REAL_135.0_schedule
PROJ_REAL_136.0,schedule,60,72.0,1,Schedule,0.6836210221643281,0,12.0,180000.0,PROJ_REAL_136.0_schedule
PROJ_REAL_137.0,schedule,60,76.0,1,Schedule,0.7768570711179686,0,16.0,240000.0,PROJ_REAL_137.0_schedule
PROJ_REAL_138.0,schedule,60,76.0,1,Schedule,0.7660953149774545,0,16.0,240000.0,PROJ_REAL_138.0_schedule
PROJ_REAL_139.0,schedule,60,76.0,1,Schedule,1.0,0,16.0,240000.0,PROJ_REAL_139.0_schedule
PROJ_REAL_140.0,schedule,60,76.0,1,Schedule,0.6974044230858497,0,16.0,240000.0,PROJ_REAL_140.0_schedule
PROJ_REAL_141.0,schedule,60,76.0,1,Schedule,0.6639267694747004,0,16.0,240000.0,PROJ_REAL_141.0_schedule
PROJ_REAL_142.0,schedule,60,76.0,1,Schedule,0.8726211584830503,0,16.0,240000.0,PROJ_REAL_142.0_schedule
PROJ_REAL_143.0,schedule,60,72.0,1,Schedule,0.5005654685533438,0,12.0,180000.0,PROJ_REAL_143.0_schedule
PROJ_REAL_1.0,schedule_.1,60,64.0,0,Schedule .1,0.0767343623450036,0,4.0,0.0,PROJ_REAL_1.0_schedule_.1
PROJ_REAL_2.0,schedule_.1,60,76.0,1,Schedule .1,0.7968386804721748,0,16.0,240000.0,PROJ_REAL_2.0_schedule_.1
PROJ_REAL_3.0,schedule_.1,60,64.0,0,Schedule .1,0.0932905133882689,0,4.0,0.0,PROJ_REAL_3.0_schedule_.1
PROJ_REAL_4.0,schedule_.1,60,68.0,0,Schedule .1,0.3861155521475805,0,8.0,0.0,PROJ_REAL_4.0_schedule_.1
PROJ_REAL_5.0,schedule_.1,60,64.0,0,Schedule .1,0.1429737507211799,0,4.0,0.0,PROJ_REAL_5.0_schedule_.1
PROJ_REAL_6.0,schedule_.1,60,76.0,1,Schedule .1,0.6933999070968876,0,16.0,240000.0,PROJ_REAL_6.0_schedule_.1
PROJ_REAL_7.0,schedule_.1,60,76.0,1,Schedule .1,0.8481543067008507,0,16.0,240000.0,PROJ_REAL_7.0_schedule_.1
PROJ_REAL_8.0,schedule_.1,60,76.0,1,Schedule .1,0.8223301913575359,0,16.0,240000.0,PROJ_REAL_8.0_schedule_.1
PROJ_REAL_9.0,schedule_.1,60,76.0,1,Schedule .1,0.5376103262724348,0,16.0,240000.0,PROJ_REAL_9.0_schedule_.1
PROJ_REAL_10.0,schedule_.1,60,76.0,1,Schedule .1,0.7183453526007886,0,16.0,240000.0,PROJ_REAL_10.0_schedule_.1
PROJ_REAL_11.0,schedule_.1,60,64.0,0,Schedule .1,0.281368924293162,0,4.0,0.0,PROJ_REAL_11.0_schedule_.1
PROJ_REAL_12.0,schedule_.1,60,76.0,1,Schedule .1,0.889418909243276,0,16.0,240000.0,PROJ_REAL_12.0_schedule_.1
PROJ_REAL_13.0,schedule_.1,60,72.0,1,Schedule .1,0.503477132004069,0,12.0,180000.0,PROJ_REAL_13.0_schedule_.1
PROJ_REAL_14.0,schedule_.1,60,76.0,1,Schedule .1,0.8462743199829894,0,16.0,240000.0,PROJ_REAL_14.0_schedule_.1
PROJ_REAL_15.0,schedule_.1,60,68.0,0,Schedule .1,0.4514077034749943,0,8.0,0.0,PROJ_REAL_15.0_schedule_.1
PROJ_REAL_16.0,schedule_.1,60,64.0,0,Schedule .1,0.2029502432217672,0,4.0,0.0,PROJ_REAL_16.0_schedule_.1
PROJ_REAL_17.0,schedule_.1,60,76.0,1,Schedule .1,0.7666269922263893,0,16.0,240000.0,PROJ_REAL_17.0_schedule_.1
PROJ_REAL_18.0,schedule_.1,60,72.0,1,Schedule .1,0.7048474202012576,0,12.0,180000.0,PROJ_REAL_18.0_schedule_.1
PROJ_REAL_19.0,schedule_.1,60,68.0,0,Schedule .1,0.2859844612639554,0,8.0,0.0,PROJ_REAL_19.0_schedule_.1
PROJ_REAL_20.0,schedule_.1,60,68.0,0,Schedule .1,0.6041271596920587,0,8.0,0.0,PROJ_REAL_20.0_schedule_.1
PROJ_REAL_21.0,schedule_.1,60,72.0,1,Schedule .1,0.551338325388537,0,12.0,180000.0,PROJ_REAL_21.0_schedule_.1
PROJ_REAL_22.0,schedule_.1,60,76.0,1,Schedule .1,0.8041266043926756,0,16.0,240000.0,PROJ_REAL_22.0_schedule_.1
PROJ_REAL_23.0,schedule_.1,60,76.0,1,Schedule .1,0.9884519020819064,0,16.0,240000.0,PROJ_REAL_23.0_schedule_.1
PROJ_REAL_24.0,schedule_.1,60,72.0,1,Schedule .1,0.6589543581090628,0,12.0,180000.0,PROJ_REAL_24.0_schedule_.1
PROJ_REAL_25.0,schedule_.1,60,72.0,1,Schedule .1,0.4843691082955603,0,12.0,180000.0,PROJ_REAL_25.0_schedule_.1
PROJ_REAL_26.0,schedule_.1,60,72.0,1,Schedule .1,0.4847937930833057,0,12.0,180000.0,PROJ_REAL_26.0_schedule_.1
PROJ_REAL_27.0,schedule_.1,60,68.0,0,Schedule .1,0.4356944930936368,0,8.0,0.0,PROJ_REAL_27.0_schedule_.1
PROJ_REAL_28.0,schedule_.1,60,72.0,1,Schedule .1,0.6498191690407397,0,12.0,180000.0,PROJ_REAL_28.0_schedule_.1
PROJ_REAL_29.0,schedule_.1,60,68.0,0,Schedule .1,0.3941659454017001,0,8.0,0.0,PROJ_REAL_29.0_schedule_.1
PROJ_REAL_30.0,schedule_.1,60,76.0,1,Schedule .1,0.8355187561948139,0,16.0,240000.0,PROJ_REAL_30.0_schedule_.1
PROJ_REAL_31.0,schedule_.1,60,72.0,1,Schedule .1,0.5078214425006509,0,12.0,180000.0,PROJ_REAL_31.0_schedule_.1
PROJ_REAL_32.0,schedule_.1,60,68.0,0,Schedule .1,0.2434426139600766,0,8.0,0.0,PROJ_REAL_32.0_schedule_.1
PROJ_REAL_33.0,schedule_.1,60,68.0,0,Schedule .1,0.4778287037910874,0,8.0,0.0,PROJ_REAL_33.0_schedule_.1
PROJ_REAL_34.0,schedule_.1,60,68.0,0,Schedule .1,0.4258478323282335,0,8.0,0.0,PROJ_REAL_34.0_schedule_.1
PROJ_REAL_35.0,schedule_.1,60,64.0,0,Schedule .1,0.3371024473085711,0,4.0,0.0,PROJ_REAL_35.0_schedule_.1
PROJ_REAL_36.0,schedule_.1,60,76.0,1,Schedule .1,1.0,0,16.0,240000.0,PROJ_REAL_36.0_schedule_.1
PROJ_REAL_37.0,schedule_.1,60,72.0,1,Schedule .1,0.5511801971093118,0,12.0,180000.0,PROJ_REAL_37.0_schedule_.1
PROJ_REAL_38.0,schedule_.1,60,76.0,1,Schedule .1,0.8870512059794832,0,16.0,240000.0,PROJ_REAL_38.0_schedule_.1
PROJ_REAL_39.0,schedule_.1,60,72.0,1,Schedule .1,0.6538412088203491,0,12.0,180000.0,PROJ_REAL_39.0_schedule_.1
PROJ_REAL_40.0,schedule_.1,60,72.0,1,Schedule .1,0.465035131407881,0,12.0,180000.0,PROJ_REAL_40.0_schedule_.1
PROJ_REAL_41.0,schedule_.1,60,72.0,1,Schedule .1,0.56595348108775,0,12.0,180000.0,PROJ_REAL_41.0_schedule_.1
PROJ_REAL_42.0,schedule_.1,60,72.0,1,Schedule .1,0.4021742645493478,0,12.0,180000.0,PROJ_REAL_42.0_schedule_.1
PROJ_REAL_43.0,schedule_.1,60,76.0,1,Schedule .1,0.742307644448093,0,16.0,240000.0,PROJ_REAL_43.0_schedule_.1
PROJ_REAL_44.0,schedule_.1,60,76.0,1,Schedule .1,0.7657945738392261,0,16.0,240000.0,PROJ_REAL_44.0_schedule_.1
PROJ_REAL_45.0,schedule_.1,60,76.0,1,Schedule .1,0.7996848328367093,0,16.0,240000.0,PROJ_REAL_45.0_schedule_.1
PROJ_REAL_46.0,schedule_.1,60,76.0,1,Schedule .1,0.8184306546007919,0,16.0,240000.0,PROJ_REAL_46.0_schedule_.1
PROJ_REAL_47.0,schedule_.1,60,76.0,1,Schedule .1,0.9542767161768344,0,16.0,240000.0,PROJ_REAL_47.0_schedule_.1
PROJ_REAL_48.0,schedule_.1,60,68.0,0,Schedule .1,0.2802815649670851,0,8.0,0.0,PROJ_REAL_48.0_schedule_.1
PROJ_REAL_49.0,schedule_.1,60,72.0,1,Schedule .1,0.5336165694042556,0,12.0,180000.0,PROJ_REAL_49.0_schedule_.1
PROJ_REAL_50.0,schedule_.1,60,76.0,1,Schedule .1,0.7488882169473956,0,16.0,240000.0,PROJ_REAL_50.0_schedule_.1
PROJ_REAL_51.0,schedule_.1,60,76.0,1,Schedule .1,0.8013818356397704,0,16.0,240000.0,PROJ_REAL_51.0_schedule_.1
PROJ_REAL_52.0,schedule_.1,60,76.0,1,Schedule .1,0.7152541511465876,0,16.0,240000.0,PROJ_REAL_52.0_schedule_.1
PROJ_REAL_53.0,schedule_.1,60,68.0,0,Schedule .1,0.3796762316383218,0,8.0,0.0,PROJ_REAL_53.0_schedule_.1
PROJ_REAL_54.0,schedule_.1,60,76.0,1,Schedule .1,0.989322862401389,0,16.0,240000.0,PROJ_REAL_54.0_schedule_.1
PROJ_REAL_55.0,schedule_.1,60,72.0,1,Schedule .1,0.7099173735159561,0,12.0,180000.0,PROJ_REAL_55.0_schedule_.1
PROJ_REAL_56.0,schedule_.1,60,68.0,0,Schedule .1,0.4434429777582483,0,8.0,0.0,PROJ_REAL_56.0_schedule_.1
PROJ_REAL_57.0,schedule_.1,60,72.0,1,Schedule .1,0.6206299230942495,0,12.0,180000.0,PROJ_REAL_57.0_schedule_.1
PROJ_REAL_58.0,schedule_.1,60,72.0,1,Schedule .1,0.6668904571070001,0,12.0,180000.0,PROJ_REAL_58.0_schedule_.1
PROJ_REAL_59.0,schedule_.1,60,72.0,1,Schedule .1,0.6675549338911848,0,12.0,180000.0,PROJ_REAL_59.0_schedule_.1
PROJ_REAL_60.0,schedule_.1,60,76.0,1,Schedule .1,0.6919069533467281,0,16.0,240000.0,PROJ_REAL_60.0_schedule_.1
PROJ_REAL_61.0,schedule_.1,60,76.0,1,Schedule .1,0.8838424290650647,0,16.0,240000.0,PROJ_REAL_61.0_schedule_.1
PROJ_REAL_62.0,schedule_.1,60,68.0,0,Schedule .1,0.4870898889660058,0,8.0,0.0,PROJ_REAL_62.0_schedule_.1
PROJ_REAL_63.0,schedule_.1,60,76.0,1,Schedule .1,0.5952887886637354,0,16.0,240000.0,PROJ_REAL_63.0_schedule_.1
PROJ_REAL_64.0,schedule_.1,60,68.0,0,Schedule .1,0.3696343328396206,0,8.0,0.0,PROJ_REAL_64.0_schedule_.1
PROJ_REAL_65.0,schedule_.1,60,76.0,1,Schedule .1,0.7901163924080521,0,16.0,240000.0,PROJ_REAL_65.0_schedule_.1
PROJ_REAL_66.0,schedule_.1,60,76.0,1,Schedule .1,0.8462195928533246,0,16.0,240000.0,PROJ_REAL_66.0_schedule_.1
PROJ_REAL_67.0,schedule_.1,60,76.0,1,Schedule .1,0.7507029132862972,0,16.0,240000.0,PROJ_REAL_67.0_schedule_.1
PROJ_REAL_68.0,schedule_.1,60,76.0,1,Schedule .1,0.7974536649081085,0,16.0,240000.0,PROJ_REAL_68.0_schedule_.1
PROJ_REAL_69.0,schedule_.1,60,64.0,0,Schedule .1,0.3095192029876988,0,4.0,0.0,PROJ_REAL_69.0_schedule_.1
PROJ_REAL_70.0,schedule_.1,60,76.0,1,Schedule .1,0.6999345543550389,0,16.0,240000.0,PROJ_REAL_70.0_schedule_.1
PROJ_REAL_71.0,schedule_.1,60,76.0,1,Schedule .1,0.8379597719308226,0,16.0,240000.0,PROJ_REAL_71.0_schedule_.1
PROJ_REAL_72.0,schedule_.1,60,72.0,1,Schedule .1,0.6050906052018058,0,12.0,180000.0,PROJ_REAL_72.0_schedule_.1
PROJ_REAL_73.0,schedule_.1,60,72.0,1,Schedule .1,0.6102969770757991,0,12.0,180000.0,PROJ_REAL_73.0_schedule_.1
PROJ_REAL_74.0,schedule_.1,60,76.0,1,Schedule .1,0.8132492705690646,0,16.0,240000.0,PROJ_REAL_74.0_schedule_.1
PROJ_REAL_75.0,schedule_.1,60,80.0,1,Schedule .1,0.9871039089341,0,20.0,300000.0,PROJ_REAL_75.0_schedule_.1
PROJ_REAL_76.0,schedule_.1,60,68.0,0,Schedule .1,0.3840972062084002,0,8.0,0.0,PROJ_REAL_76.0_schedule_.1
PROJ_REAL_77.0,schedule_.1,60,76.0,1,Schedule .1,0.8889048038463283,0,16.0,240000.0,PROJ_REAL_77.0_schedule_.1
PROJ_REAL_78.0,schedule_.1,60,72.0,1,Schedule .1,0.5975269283813253,0,12.0,180000.0,PROJ_REAL_78.0_schedule_.1
PROJ_REAL_79.0,schedule_.1,60,64.0,0,Schedule .1,0.3055662242422141,0,4.0,0.0,PROJ_REAL_79.0_schedule_.1
PROJ_REAL_80.0,schedule_.1,60,72.0,1,Schedule .1,0.393995627194143,0,12.0,180000.0,PROJ_REAL_80.0_schedule_.1
PROJ_REAL_81.0,schedule_.1,60,80.0,1,Schedule .1,1.0,0,20.0,300000.0,PROJ_REAL_81.0_schedule_.1
PROJ_REAL_82.0,schedule_.1,60,76.0,1,Schedule .1,0.7405454727084101,0,16.0,240000.0,PROJ_REAL_82.0_schedule_.1
PROJ_REAL_83.0,schedule_.1,60,80.0,1,Schedule .1,0.8567543041707558,0,20.0,300000.0,PROJ_REAL_83.0_schedule_.1
PROJ_REAL_84.0,schedule_.1,60,64.0,0,Schedule .1,0.1588954517322738,0,4.0,0.0,PROJ_REAL_84.0_schedule_.1
PROJ_REAL_85.0,schedule_.1,60,72.0,1,Schedule .1,0.69307987652619,0,12.0,180000.0,PROJ_REAL_85.0_schedule_.1
PROJ_REAL_86.0,schedule_.1,60,72.0,1,Schedule .1,0.4710880339776956,0,12.0,180000.0,PROJ_REAL_86.0_schedule_.1
PROJ_REAL_87.0,schedule_.1,60,76.0,1,Schedule .1,0.7502580859108878,0,16.0,240000.0,PROJ_REAL_87.0_schedule_.1
PROJ_REAL_88.0,schedule_.1,60,76.0,1,Schedule .1,0.673101586785163,0,16.0,240000.0,PROJ_REAL_88.0_schedule_.1
PROJ_REAL_89.0,schedule_.1,60,68.0,0,Schedule .1,0.4698463207766482,0,8.0,0.0,PROJ_REAL_89.0_schedule_.1
PROJ_REAL_90.0,schedule_.1,60,76.0,1,Schedule .1,0.7058061463190046,0,16.0,240000.0,PROJ_REAL_90.0_schedule_.1
PROJ_REAL_91.0,schedule_.1,60,76.0,1,Schedule .1,0.7815064576475808,0,16.0,240000.0,PROJ_REAL_91.0_schedule_.1
PROJ_REAL_92.0,schedule_.1,60,76.0,1,Schedule .1,0.682183010254334,0,16.0,240000.0,PROJ_REAL_92.0_schedule_.1
PROJ_REAL_93.0,schedule_.1,60,68.0,0,Schedule .1,0.4602518277193809,0,8.0,0.0,PROJ_REAL_93.0_schedule_.1
PROJ_REAL_94.0,schedule_.1,60,80.0,1,Schedule .1,0.8728123199700528,0,20.0,300000.0,PROJ_REAL_94.0_schedule_.1
PROJ_REAL_95.0,schedule_.1,60,68.0,0,Schedule .1,0.2542731936446462,0,8.0,0.0,PROJ_REAL_95.0_schedule_.1
PROJ_REAL_96.0,schedule_.1,60,68.0,0,Schedule .1,0.1225026309529259,0,8.0,0.0,PROJ_REAL_96.0_schedule_.1
PROJ_REAL_97.0,schedule_.1,60,72.0,1,Schedule .1,0.5891883869211405,0,12.0,180000.0,PROJ_REAL_97.0_schedule_.1
PROJ_REAL_98.0,schedule_.1,60,80.0,1,Schedule .1,0.8209312128486524,0,20.0,300000.0,PROJ_REAL_98.0_schedule_.1
PROJ_REAL_99.0,schedule_.1,60,72.0,1,Schedule .1,0.6022692666648574,0,12.0,180000.0,PROJ_REAL_99.0_schedule_.1
PROJ_REAL_100.0,schedule_.1,60,72.0,1,Schedule .1,0.6604205701921695,0,12.0,180000.0,PROJ_REAL_100.0_schedule_.1
PROJ_REAL_101.0,schedule_.1,60,76.0,1,Schedule .1,0.8374179790030376,0,16.0,240000.0,PROJ_REAL_101.0_schedule_.1
PROJ_REAL_102.0,schedule_.1,60,68.0,0,Schedule .1,0.3804865312096958,0,8.0,0.0,PROJ_REAL_102.0_schedule_.1
PROJ_REAL_103.0,schedule_.1,60,76.0,1,Schedule .1,0.6417364349854409,0,16.0,240000.0,PROJ_REAL_103.0_schedule_.1
PROJ_REAL_104.0,schedule_.1,60,68.0,0,Schedule .1,0.435743930107531,0,8.0,0.0,PROJ_REAL_104.0_schedule_.1
PROJ_REAL_105.0,schedule_.1,60,68.0,0,Schedule .1,0.3498784956244814,0,8.0,0.0,PROJ_REAL_105.0_schedule_.1
PROJ_REAL_106.0,schedule_.1,60,80.0,1,Schedule .1,1.0,0,20.0,300000.0,PROJ_REAL_106.0_schedule_.1
PROJ_REAL_107.0,schedule_.1,60,80.0,1,Schedule .1,1.0,0,20.0,300000.0,PROJ_REAL_107.0_schedule_.1
PROJ_REAL_108.0,schedule_.1,60,68.0,0,Schedule .1,0.433247803137039,0,8.0,0.0,PROJ_REAL_108.0_schedule_.1
PROJ_REAL_109.0,schedule_.1,60,80.0,1,Schedule .1,0.9924761322076776,0,20.0,300000.0,PROJ_REAL_109.0_schedule_.1
PROJ_REAL_110.0,schedule_.1,60,64.0,0,Schedule .1,0.2002747114056457,0,4.0,0.0,PROJ_REAL_110.0_schedule_.1
PROJ_REAL_111.0,schedule_.1,60,68.0,0,Schedule .1,0.2606703146116867,0,8.0,0.0,PROJ_REAL_111.0_schedule_.1
PROJ_REAL_112.0,schedule_.1,60,68.0,0,Schedule .1,0.4479634958705439,0,8.0,0.0,PROJ_REAL_112.0_schedule_.1
PROJ_REAL_113.0,schedule_.1,60,72.0,1,Schedule .1,0.5549977225607039,0,12.0,180000.0,PROJ_REAL_113.0_schedule_.1
PROJ_REAL_114.0,schedule_.1,60,72.0,1,Schedule .1,0.3952290319766169,0,12.0,180000.0,PROJ_REAL_114.0_schedule_.1
PROJ_REAL_115.0,schedule_.1,60,72.0,1,Schedule .1,0.544755067573995,0,12.0,180000.0,PROJ_REAL_115.0_schedule_.1
PROJ_REAL_116.0,schedule_.1,60,76.0,1,Schedule .1,0.90434564072915,0,16.0,240000.0,PROJ_REAL_116.0_schedule_.1
PROJ_REAL_117.0,schedule_.1,60,72.0,1,Schedule .1,0.5573530845286938,0,12.0,180000.0,PROJ_REAL_117.0_schedule_.1
PROJ_REAL_118.0,schedule_.1,60,68.0,0,Schedule .1,0.2195778284009806,0,8.0,0.0,PROJ_REAL_118.0_schedule_.1
PROJ_REAL_119.0,schedule_.1,60,80.0,1,Schedule .1,1.0,0,20.0,300000.0,PROJ_REAL_119.0_schedule_.1
PROJ_REAL_120.0,schedule_.1,60,68.0,0,Schedule .1,0.268459265589363,0,8.0,0.0,PROJ_REAL_120.0_schedule_.1
PROJ_REAL_121.0,schedule_.1,60,72.0,1,Schedule .1,0.5043841455652095,0,12.0,180000.0,PROJ_REAL_121.0_schedule_.1
PROJ_REAL_122.0,schedule_.1,60,72.0,1,Schedule .1,0.4807708327070845,0,12.0,180000.0,PROJ_REAL_122.0_schedule_.1
PROJ_REAL_123.0,schedule_.1,60,72.0,1,Schedule .1,0.5780539080267602,0,12.0,180000.0,PROJ_REAL_123.0_schedule_.1
PROJ_REAL_124.0,schedule_.1,60,80.0,1,Schedule .1,0.9846910111745256,0,20.0,300000.0,PROJ_REAL_124.0_schedule_.1
PROJ_REAL_125.0,schedule_.1,60,68.0,0,Schedule .1,0.3931367091520011,0,8.0,0.0,PROJ_REAL_125.0_schedule_.1
PROJ_REAL_126.0,schedule_.1,60,72.0,1,Schedule .1,0.6449377559369118,0,12.0,180000.0,PROJ_REAL_126.0_schedule_.1
PROJ_REAL_127.0,schedule_.1,60,72.0,1,Schedule .1,0.6550978153671276,0,12.0,180000.0,PROJ_REAL_127.0_schedule_.1
PROJ_REAL_128.0,schedule_.1,60,72.0,1,Schedule .1,0.3111848045254062,0,12.0,180000.0,PROJ_REAL_128.0_schedule_.1
PROJ_REAL_129.0,schedule_.1,60,76.0,1,Schedule .1,0.6856584330055748,0,16.0,240000.0,PROJ_REAL_129.0_schedule_.1
PROJ_REAL_130.0,schedule_.1,60,64.0,0,Schedule .1,0.2167686293684816,0,4.0,0.0,PROJ_REAL_130.0_schedule_.1
PROJ_REAL_131.0,schedule_.1,60,72.0,1,Schedule .1,0.4631798723504779,0,12.0,180000.0,PROJ_REAL_131.0_schedule_.1
PROJ_REAL_132.0,schedule_.1,60,64.0,0,Schedule .1,0.1058771819108933,0,4.0,0.0,PROJ_REAL_132.0_schedule_.1
PROJ_REAL_133.0,schedule_.1,60,68.0,0,Schedule .1,0.4471553132639336,0,8.0,0.0,PROJ_REAL_133.0_schedule_.1
PROJ_REAL_134.0,schedule_.1,60,76.0,1,Schedule .1,0.8039172125751667,0,16.0,240000.0,PROJ_REAL_134.0_schedule_.1
PROJ_REAL_135.0,schedule_.1,60,72.0,1,Schedule .1,0.670618585855287,0,12.0,180000.0,PROJ_REAL_135.0_schedule_.1
PROJ_REAL_136.0,schedule_.1,60,76.0,1,Schedule .1,0.6701326926156755,0,16.0,240000.0,PROJ_REAL_136.0_schedule_.1
PROJ_REAL_137.0,schedule_.1,60,76.0,1,Schedule .1,0.8052778304027255,0,16.0,240000.0,PROJ_REAL_137.0_schedule_.1
PROJ_REAL_138.0,schedule_.1,60,64.0,0,Schedule .1,0.333176598477896,0,4.0,0.0,PROJ_REAL_138.0_schedule_.1
PROJ_REAL_139.0,schedule_.1,60,76.0,1,Schedule .1,0.7203990259387352,0,16.0,240000.0,PROJ_REAL_139.0_schedule_.1
PROJ_REAL_140.0,schedule_.1,60,76.0,1,Schedule .1,0.8204522717633977,0,16.0,240000.0,PROJ_REAL_140.0_schedule_.1
PROJ_REAL_141.0,schedule_.1,60,76.0,1,Schedule .1,0.8967556031048399,0,16.0,240000.0,PROJ_REAL_141.0_schedule_.1
PROJ_REAL_142.0,schedule_.1,60,76.0,1,Schedule .1,0.8312949550552008,0,16.0,240000.0,PROJ_REAL_142.0_schedule_.1
PROJ_REAL_143.0,schedule_.1,60,68.0,0,Schedule .1,0.482153329398203,0,8.0,0.0,PROJ_REAL_143.0_schedule_.1
PROJ_REAL_1.0,contractual_issues,60,68.0,0,Contractual issues,0.4157591743278872,0,8.0,0.0,PROJ_REAL_1.0_contractual_issues
PROJ_REAL_2.0,contractual_issues,60,80.0,1,Contractual issues,1.0,0,20.0,300000.0,PROJ_REAL_2.0_contractual_issues
PROJ_REAL_3.0,contractual_issues,60,68.0,0,Contractual issues,0.3844268404521605,0,8.0,0.0,PROJ_REAL_3.0_contractual_issues
PROJ_REAL_4.0,contractual_issues,60,68.0,0,Contractual issues,0.3759546245681243,0,8.0,0.0,PROJ_REAL_4.0_contractual_issues
PROJ_REAL_5.0,contractual_issues,60,68.0,0,Contractual issues,0.4583473877718145,0,8.0,0.0,PROJ_REAL_5.0_contractual_issues
PROJ_REAL_6.0,contractual_issues,60,68.0,0,Contractual issues,0.4186509459784144,0,8.0,0.0,PROJ_REAL_6.0_contractual_issues
PROJ_REAL_7.0,contractual_issues,60,68.0,0,Contractual issues,0.4563929082209649,0,8.0,0.0,PROJ_REAL_7.0_contractual_issues
PROJ_REAL_8.0,contractual_issues,60,68.0,0,Contractual issues,0.3169246119768356,0,8.0,0.0,PROJ_REAL_8.0_contractual_issues
PROJ_REAL_9.0,contractual_issues,60,68.0,0,Contractual issues,0.3335587036948227,0,8.0,0.0,PROJ_REAL_9.0_contractual_issues
PROJ_REAL_10.0,contractual_issues,60,68.0,0,Contractual issues,0.4961573170467891,0,8.0,0.0,PROJ_REAL_10.0_contractual_issues
PROJ_REAL_11.0,contractual_issues,60,64.0,0,Contractual issues,0.3049404813910761,0,4.0,0.0,PROJ_REAL_11.0_contractual_issues
PROJ_REAL_12.0,contractual_issues,60,76.0,1,Contractual issues,0.7889498969525971,0,16.0,240000.0,PROJ_REAL_12.0_contractual_issues
PROJ_REAL_13.0,contractual_issues,60,64.0,0,Contractual issues,0.1828141980964445,0,4.0,0.0,PROJ_REAL_13.0_contractual_issues
PROJ_REAL_14.0,contractual_issues,60,76.0,1,Contractual issues,0.7708817217278627,0,16.0,240000.0,PROJ_REAL_14.0_contractual_issues
PROJ_REAL_15.0,contractual_issues,60,64.0,0,Contractual issues,0.0806766284829634,0,4.0,0.0,PROJ_REAL_15.0_contractual_issues
PROJ_REAL_16.0,contractual_issues,60,68.0,0,Contractual issues,0.3587542510028054,0,8.0,0.0,PROJ_REAL_16.0_contractual_issues
PROJ_REAL_17.0,contractual_issues,60,76.0,1,Contractual issues,0.7529649065690157,0,16.0,240000.0,PROJ_REAL_17.0_contractual_issues
PROJ_REAL_18.0,contractual_issues,60,72.0,1,Contractual issues,0.5762140040412164,0,12.0,180000.0,PROJ_REAL_18.0_contractual_issues
PROJ_REAL_19.0,contractual_issues,60,76.0,1,Contractual issues,0.725067934685939,0,16.0,240000.0,PROJ_REAL_19.0_contractual_issues
PROJ_REAL_20.0,contractual_issues,60,64.0,0,Contractual issues,0.3660664911395995,0,4.0,0.0,PROJ_REAL_20.0_contractual_issues
PROJ_REAL_21.0,contractual_issues,60,76.0,1,Contractual issues,0.8134513169701308,0,16.0,240000.0,PROJ_REAL_21.0_contractual_issues
PROJ_REAL_22.0,contractual_issues,60,76.0,1,Contractual issues,0.710860323254971,0,16.0,240000.0,PROJ_REAL_22.0_contractual_issues
PROJ_REAL_23.0,contractual_issues,60,80.0,1,Contractual issues,1.0,0,20.0,300000.0,PROJ_REAL_23.0_contractual_issues
PROJ_REAL_24.0,contractual_issues,60,76.0,1,Contractual issues,0.6514092323812296,0,16.0,240000.0,PROJ_REAL_24.0_contractual_issues
PROJ_REAL_25.0,contractual_issues,60,72.0,1,Contractual issues,0.4771324918121247,0,12.0,180000.0,PROJ_REAL_25.0_contractual_issues
PROJ_REAL_26.0,contractual_issues,60,72.0,1,Contractual issues,0.6393113185141223,0,12.0,180000.0,PROJ_REAL_26.0_contractual_issues
PROJ_REAL_27.0,contractual_issues,60,72.0,1,Contractual issues,0.5682493151630492,0,12.0,180000.0,PROJ_REAL_27.0_contractual_issues
PROJ_REAL_28.0,contractual_issues,60,68.0,0,Contractual issues,0.3831081194550194,0,8.0,0.0,PROJ_REAL_28.0_contractual_issues
PROJ_REAL_29.0,contractual_issues,60,72.0,1,Contractual issues,0.49798483675625,0,12.0,180000.0,PROJ_REAL_29.0_contractual_issues
PROJ_REAL_30.0,contractual_issues,60,68.0,0,Contractual issues,0.2263677393595915,0,8.0,0.0,PROJ_REAL_30.0_contractual_issues
PROJ_REAL_31.0,contractual_issues,60,72.0,1,Contractual issues,0.5970141905955443,0,12.0,180000.0,PROJ_REAL_31.0_contractual_issues
PROJ_REAL_32.0,contractual_issues,60,72.0,1,Contractual issues,0.7720292609033081,0,12.0,180000.0,PROJ_REAL_32.0_contractual_issues
PROJ_REAL_33.0,contractual_issues,60,68.0,0,Contractual issues,0.3928310726074029,0,8.0,0.0,PROJ_REAL_33.0_contractual_issues
PROJ_REAL_34.0,contractual_issues,60,68.0,0,Contractual issues,0.3663136959071005,0,8.0,0.0,PROJ_REAL_34.0_contractual_issues
PROJ_REAL_35.0,contractual_issues,60,72.0,1,Contractual issues,0.7096226593589712,0,12.0,180000.0,PROJ_REAL_35.0_contractual_issues
PROJ_REAL_36.0,contractual_issues,60,80.0,1,Contractual issues,1.0,0,20.0,300000.0,PROJ_REAL_36.0_contractual_issues
PROJ_REAL_37.0,contractual_issues,60,68.0,0,Contractual issues,0.3289836824445638,0,8.0,0.0,PROJ_REAL_37.0_contractual_issues
PROJ_REAL_38.0,contractual_issues,60,72.0,1,Contractual issues,0.5718184486845499,0,12.0,180000.0,PROJ_REAL_38.0_contractual_issues
PROJ_REAL_39.0,contractual_issues,60,80.0,1,Contractual issues,0.9657520456733684,0,20.0,300000.0,PROJ_REAL_39.0_contractual_issues
PROJ_REAL_40.0,contractual_issues,60,72.0,1,Contractual issues,0.6496989968022715,0,12.0,180000.0,PROJ_REAL_40.0_contractual_issues
PROJ_REAL_41.0,contractual_issues,60,80.0,1,Contractual issues,1.0,0,20.0,300000.0,PROJ_REAL_41.0_contractual_issues
PROJ_REAL_42.0,contractual_issues,60,72.0,1,Contractual issues,0.7074982248531061,0,12.0,180000.0,PROJ_REAL_42.0_contractual_issues
PROJ_REAL_43.0,contractual_issues,60,64.0,0,Contractual issues,0.0284301208515019,0,4.0,0.0,PROJ_REAL_43.0_contractual_issues
PROJ_REAL_45.0,contractual_issues,60,80.0,1,Contractual issues,1.0,0,20.0,300000.0,PROJ_REAL_45.0_contractual_issues
PROJ_REAL_46.0,contractual_issues,60,80.0,1,Contractual issues,0.8651445704582972,0,20.0,300000.0,PROJ_REAL_46.0_contractual_issues
PROJ_REAL_47.0,contractual_issues,60,72.0,1,Contractual issues,0.7346204365218859,0,12.0,180000.0,PROJ_REAL_47.0_contractual_issues
PROJ_REAL_48.0,contractual_issues,60,76.0,1,Contractual issues,0.8139587380670608,0,16.0,240000.0,PROJ_REAL_48.0_contractual_issues
PROJ_REAL_49.0,contractual_issues,60,76.0,1,Contractual issues,0.7093252764422375,0,16.0,240000.0,PROJ_REAL_49.0_contractual_issues
PROJ_REAL_50.0,contractual_issues,60,76.0,1,Contractual issues,0.6810091589635425,0,16.0,240000.0,PROJ_REAL_50.0_contractual_issues
PROJ_REAL_51.0,contractual_issues,60,76.0,1,Contractual issues,0.5733824567068144,0,16.0,240000.0,PROJ_REAL_51.0_contractual_issues
PROJ_REAL_52.0,contractual_issues,60,76.0,1,Contractual issues,0.919525128598072,0,16.0,240000.0,PROJ_REAL_52.0_contractual_issues
PROJ_REAL_53.0,contractual_issues,60,72.0,1,Contractual issues,0.5175644443003667,0,12.0,180000.0,PROJ_REAL_53.0_contractual_issues
PROJ_REAL_54.0,contractual_issues,60,80.0,1,Contractual issues,0.7279547211692882,0,20.0,300000.0,PROJ_REAL_54.0_contractual_issues
PROJ_REAL_55.0,contractual_issues,60,72.0,1,Contractual issues,0.6257129548338728,0,12.0,180000.0,PROJ_REAL_55.0_contractual_issues
PROJ_REAL_56.0,contractual_issues,60,72.0,1,Contractual issues,0.678211189645735,0,12.0,180000.0,PROJ_REAL_56.0_contractual_issues
PROJ_REAL_57.0,contractual_issues,60,72.0,1,Contractual issues,0.6179710041771169,0,12.0,180000.0,PROJ_REAL_57.0_contractual_issues
PROJ_REAL_58.0,contractual_issues,60,72.0,1,Contractual issues,0.5041783540541938,0,12.0,180000.0,PROJ_REAL_58.0_contractual_issues
PROJ_REAL_59.0,contractual_issues,60,72.0,1,Contractual issues,0.5100823781965705,0,12.0,180000.0,PROJ_REAL_59.0_contractual_issues
PROJ_REAL_60.0,contractual_issues,60,80.0,1,Contractual issues,1.0,0,20.0,300000.0,PROJ_REAL_60.0_contractual_issues
PROJ_REAL_61.0,contractual_issues,60,80.0,1,Contractual issues,1.0,0,20.0,300000.0,PROJ_REAL_61.0_contractual_issues
PROJ_REAL_62.0,contractual_issues,60,72.0,1,Contractual issues,0.7559983065249936,0,12.0,180000.0,PROJ_REAL_62.0_contractual_issues
PROJ_REAL_63.0,contractual_issues,60,72.0,1,Contractual issues,0.6436578262123551,0,12.0,180000.0,PROJ_REAL_63.0_contractual_issues
PROJ_REAL_64.0,contractual_issues,60,68.0,0,Contractual issues,0.6306392367655238,0,8.0,0.0,PROJ_REAL_64.0_contractual_issues
PROJ_REAL_65.0,contractual_issues,60,76.0,1,Contractual issues,0.9426905508727912,0,16.0,240000.0,PROJ_REAL_65.0_contractual_issues
PROJ_REAL_66.0,contractual_issues,60,76.0,1,Contractual issues,0.7792583813702305,0,16.0,240000.0,PROJ_REAL_66.0_contractual_issues
PROJ_REAL_67.0,contractual_issues,60,76.0,1,Contractual issues,0.723495784056992,0,16.0,240000.0,PROJ_REAL_67.0_contractual_issues
PROJ_REAL_68.0,contractual_issues,60,72.0,1,Contractual issues,0.6939340619327355,0,12.0,180000.0,PROJ_REAL_68.0_contractual_issues
PROJ_REAL_69.0,contractual_issues,60,76.0,1,Contractual issues,0.7961082460450758,0,16.0,240000.0,PROJ_REAL_69.0_contractual_issues
PROJ_REAL_70.0,contractual_issues,60,72.0,1,Contractual issues,0.5904481542168845,0,12.0,180000.0,PROJ_REAL_70.0_contractual_issues
PROJ_REAL_71.0,contractual_issues,60,76.0,1,Contractual issues,0.8409431236614859,0,16.0,240000.0,PROJ_REAL_71.0_contractual_issues
PROJ_REAL_72.0,contractual_issues,60,72.0,1,Contractual issues,0.5428674227375834,0,12.0,180000.0,PROJ_REAL_72.0_contractual_issues
PROJ_REAL_73.0,contractual_issues,60,64.0,0,Contractual issues,0.1319622970583017,0,4.0,0.0,PROJ_REAL_73.0_contractual_issues
PROJ_REAL_74.0,contractual_issues,60,80.0,1,Contractual issues,1.0,0,20.0,300000.0,PROJ_REAL_74.0_contractual_issues
PROJ_REAL_75.0,contractual_issues,60,68.0,0,Contractual issues,0.3235369538850473,0,8.0,0.0,PROJ_REAL_75.0_contractual_issues
PROJ_REAL_76.0,contractual_issues,60,80.0,1,Contractual issues,0.9968487371834646,0,20.0,300000.0,PROJ_REAL_76.0_contractual_issues
PROJ_REAL_77.0,contractual_issues,60,80.0,1,Contractual issues,1.0,0,20.0,300000.0,PROJ_REAL_77.0_contractual_issues
PROJ_REAL_78.0,contractual_issues,60,72.0,1,Contractual issues,0.5889710864618557,0,12.0,180000.0,PROJ_REAL_78.0_contractual_issues
PROJ_REAL_79.0,contractual_issues,60,68.0,0,Contractual issues,0.3336552369732656,0,8.0,0.0,PROJ_REAL_79.0_contractual_issues
PROJ_REAL_80.0,contractual_issues,60,72.0,1,Contractual issues,0.5657390658371645,0,12.0,180000.0,PROJ_REAL_80.0_contractual_issues
PROJ_REAL_81.0,contractual_issues,60,80.0,1,Contractual issues,1.0,0,20.0,300000.0,PROJ_REAL_81.0_contractual_issues
PROJ_REAL_82.0,contractual_issues,60,76.0,1,Contractual issues,0.8237098330928643,0,16.0,240000.0,PROJ_REAL_82.0_contractual_issues
PROJ_REAL_83.0,contractual_issues,60,76.0,1,Contractual issues,0.8607238414379348,0,16.0,240000.0,PROJ_REAL_83.0_contractual_issues
PROJ_REAL_84.0,contractual_issues,60,72.0,1,Contractual issues,0.5846297441347093,0,12.0,180000.0,PROJ_REAL_84.0_contractual_issues
PROJ_REAL_85.0,contractual_issues,60,64.0,0,Contractual issues,0.2222990305514028,0,4.0,0.0,PROJ_REAL_85.0_contractual_issues
PROJ_REAL_86.0,contractual_issues,60,68.0,0,Contractual issues,0.5038753339862798,0,8.0,0.0,PROJ_REAL_86.0_contractual_issues
PROJ_REAL_87.0,contractual_issues,60,68.0,0,Contractual issues,0.4852411764044737,0,8.0,0.0,PROJ_REAL_87.0_contractual_issues
PROJ_REAL_88.0,contractual_issues,60,76.0,1,Contractual issues,0.7610120646828525,0,16.0,240000.0,PROJ_REAL_88.0_contractual_issues
PROJ_REAL_89.0,contractual_issues,60,72.0,1,Contractual issues,0.6053477190442895,0,12.0,180000.0,PROJ_REAL_89.0_contractual_issues
PROJ_REAL_90.0,contractual_issues,60,80.0,1,Contractual issues,0.9942755110115102,0,20.0,300000.0,PROJ_REAL_90.0_contractual_issues
PROJ_REAL_91.0,contractual_issues,60,80.0,1,Contractual issues,1.0,0,20.0,300000.0,PROJ_REAL_91.0_contractual_issues
PROJ_REAL_92.0,contractual_issues,60,76.0,1,Contractual issues,0.7084169192848695,0,16.0,240000.0,PROJ_REAL_92.0_contractual_issues
PROJ_REAL_93.0,contractual_issues,60,80.0,1,Contractual issues,1.0,0,20.0,300000.0,PROJ_REAL_93.0_contractual_issues
PROJ_REAL_94.0,contractual_issues,60,68.0,0,Contractual issues,0.4650808199798402,0,8.0,0.0,PROJ_REAL_94.0_contractual_issues
PROJ_REAL_95.0,contractual_issues,60,64.0,0,Contractual issues,0.3900155678537623,0,4.0,0.0,PROJ_REAL_95.0_contractual_issues
PROJ_REAL_96.0,contractual_issues,60,76.0,1,Contractual issues,0.7949170199826617,0,16.0,240000.0,PROJ_REAL_96.0_contractual_issues
PROJ_REAL_97.0,contractual_issues,60,76.0,1,Contractual issues,0.7617757889397896,0,16.0,240000.0,PROJ_REAL_97.0_contractual_issues
PROJ_REAL_98.0,contractual_issues,60,80.0,1,Contractual issues,0.966885144189439,0,20.0,300000.0,PROJ_REAL_98.0_contractual_issues
PROJ_REAL_99.0,contractual_issues,60,76.0,1,Contractual issues,1.0,0,16.0,240000.0,PROJ_REAL_99.0_contractual_issues
PROJ_REAL_100.0,contractual_issues,60,68.0,0,Contractual issues,0.3482862011739045,0,8.0,0.0,PROJ_REAL_100.0_contractual_issues
PROJ_REAL_101.0,contractual_issues,60,72.0,1,Contractual issues,0.6076750752716922,0,12.0,180000.0,PROJ_REAL_101.0_contractual_issues
PROJ_REAL_102.0,contractual_issues,60,76.0,1,Contractual issues,0.7440408610504268,0,16.0,240000.0,PROJ_REAL_102.0_contractual_issues
PROJ_REAL_103.0,contractual_issues,60,80.0,1,Contractual issues,1.0,0,20.0,300000.0,PROJ_REAL_103.0_contractual_issues
PROJ_REAL_104.0,contractual_issues,60,72.0,1,Contractual issues,0.5788871789864382,0,12.0,180000.0,PROJ_REAL_104.0_contractual_issues
PROJ_REAL_105.0,contractual_issues,60,76.0,1,Contractual issues,0.6387265676051118,0,16.0,240000.0,PROJ_REAL_105.0_contractual_issues
PROJ_REAL_106.0,contractual_issues,60,68.0,0,Contractual issues,0.3578110426243566,0,8.0,0.0,PROJ_REAL_106.0_contractual_issues
PROJ_REAL_107.0,contractual_issues,60,68.0,0,Contractual issues,0.3076822546678349,0,8.0,0.0,PROJ_REAL_107.0_contractual_issues
PROJ_REAL_108.0,contractual_issues,60,80.0,1,Contractual issues,1.0,0,20.0,300000.0,PROJ_REAL_108.0_contractual_issues
PROJ_REAL_109.0,contractual_issues,60,80.0,1,Contractual issues,0.9684692767830712,0,20.0,300000.0,PROJ_REAL_109.0_contractual_issues
PROJ_REAL_110.0,contractual_issues,60,68.0,0,Contractual issues,0.5787593563059752,0,8.0,0.0,PROJ_REAL_110.0_contractual_issues
PROJ_REAL_111.0,contractual_issues,60,64.0,0,Contractual issues,0.4004004090641199,0,4.0,0.0,PROJ_REAL_111.0_contractual_issues
PROJ_REAL_112.0,contractual_issues,60,72.0,1,Contractual issues,0.4451145041279957,0,12.0,180000.0,PROJ_REAL_112.0_contractual_issues
PROJ_REAL_113.0,contractual_issues,60,76.0,1,Contractual issues,0.8228826879178587,0,16.0,240000.0,PROJ_REAL_113.0_contractual_issues
PROJ_REAL_114.0,contractual_issues,60,80.0,1,Contractual issues,1.0,0,20.0,300000.0,PROJ_REAL_114.0_contractual_issues
PROJ_REAL_115.0,contractual_issues,60,72.0,1,Contractual issues,0.7630748180738239,0,12.0,180000.0,PROJ_REAL_115.0_contractual_issues
PROJ_REAL_116.0,contractual_issues,60,72.0,1,Contractual issues,0.5920402619254707,0,12.0,180000.0,PROJ_REAL_116.0_contractual_issues
PROJ_REAL_117.0,contractual_issues,60,68.0,0,Contractual issues,0.2800661627673776,0,8.0,0.0,PROJ_REAL_117.0_contractual_issues
PROJ_REAL_118.0,contractual_issues,60,64.0,0,Contractual issues,0.0908498054250809,0,4.0,0.0,PROJ_REAL_118.0_contractual_issues
PROJ_REAL_119.0,contractual_issues,60,68.0,0,Contractual issues,0.2645174067416459,0,8.0,0.0,PROJ_REAL_119.0_contractual_issues
PROJ_REAL_120.0,contractual_issues,60,64.0,0,Contractual issues,0.2762346627497606,0,4.0,0.0,PROJ_REAL_120.0_contractual_issues
PROJ_REAL_121.0,contractual_issues,60,76.0,1,Contractual issues,0.7997269252958337,0,16.0,240000.0,PROJ_REAL_121.0_contractual_issues
PROJ_REAL_122.0,contractual_issues,60,76.0,1,Contractual issues,0.8794769657813442,0,16.0,240000.0,PROJ_REAL_122.0_contractual_issues
PROJ_REAL_123.0,contractual_issues,60,80.0,1,Contractual issues,1.0,0,20.0,300000.0,PROJ_REAL_123.0_contractual_issues
PROJ_REAL_124.0,contractual_issues,60,80.0,1,Contractual issues,0.9140831195291548,0,20.0,300000.0,PROJ_REAL_124.0_contractual_issues
PROJ_REAL_125.0,contractual_issues,60,64.0,0,Contractual issues,0.1743864619677026,0,4.0,0.0,PROJ_REAL_125.0_contractual_issues
PROJ_REAL_126.0,contractual_issues,60,80.0,1,Contractual issues,1.0,0,20.0,300000.0,PROJ_REAL_126.0_contractual_issues
PROJ_REAL_127.0,contractual_issues,60,76.0,1,Contractual issues,0.774382329922171,0,16.0,240000.0,PROJ_REAL_127.0_contractual_issues
PROJ_REAL_128.0,contractual_issues,60,72.0,1,Contractual issues,0.4174382984668436,0,12.0,180000.0,PROJ_REAL_128.0_contractual_issues
PROJ_REAL_129.0,contractual_issues,60,76.0,1,Contractual issues,0.8116377124055005,0,16.0,240000.0,PROJ_REAL_129.0_contractual_issues
PROJ_REAL_130.0,contractual_issues,60,76.0,1,Contractual issues,0.7911688873384224,0,16.0,240000.0,PROJ_REAL_130.0_contractual_issues
PROJ_REAL_131.0,contractual_issues,60,72.0,1,Contractual issues,0.595347588433088,0,12.0,180000.0,PROJ_REAL_131.0_contractual_issues
PROJ_REAL_132.0,contractual_issues,60,68.0,0,Contractual issues,0.4338393423373234,0,8.0,0.0,PROJ_REAL_132.0_contractual_issues
PROJ_REAL_133.0,contractual_issues,60,80.0,1,Contractual issues,0.9071092735711016,0,20.0,300000.0,PROJ_REAL_133.0_contractual_issues
PROJ_REAL_134.0,contractual_issues,60,80.0,1,Contractual issues,0.8846003965193822,0,20.0,300000.0,PROJ_REAL_134.0_contractual_issues
PROJ_REAL_135.0,contractual_issues,60,72.0,1,Contractual issues,0.6742084421633883,0,12.0,180000.0,PROJ_REAL_135.0_contractual_issues
PROJ_REAL_136.0,contractual_issues,60,76.0,1,Contractual issues,0.6177770127844839,0,16.0,240000.0,PROJ_REAL_136.0_contractual_issues
PROJ_REAL_137.0,contractual_issues,60,72.0,1,Contractual issues,0.5907992361078364,0,12.0,180000.0,PROJ_REAL_137.0_contractual_issues
PROJ_REAL_138.0,contractual_issues,60,76.0,1,Contractual issues,0.6915537496517438,0,16.0,240000.0,PROJ_REAL_138.0_contractual_issues
PROJ_REAL_139.0,contractual_issues,60,76.0,1,Contractual issues,0.7478967101885285,0,16.0,240000.0,PROJ_REAL_139.0_contractual_issues
PROJ_REAL_140.0,contractual_issues,60,76.0,1,Contractual issues,0.8994085315962745,0,16.0,240000.0,PROJ_REAL_140.0_contractual_issues
PROJ_REAL_141.0,contractual_issues,60,76.0,1,Contractual issues,0.811158648289553,0,16.0,240000.0,PROJ_REAL_141.0_contractual_issues
PROJ_REAL_142.0,contractual_issues,60,76.0,1,Contractual issues,0.7335736636359782,0,16.0,240000.0,PROJ_REAL_142.0_contractual_issues
PROJ_REAL_143.0,contractual_issues,60,72.0,1,Contractual issues,0.5300734601550281,0,12.0,180000.0,PROJ_REAL_143.0_contractual_issues
PROJ_REAL_1.0,contractual_issues_.1,60,68.0,0,Contractual issues .1,0.4319906834285782,0,8.0,0.0,PROJ_REAL_1.0_contractual_issues_.1
PROJ_REAL_2.0,contractual_issues_.1,60,72.0,1,Contractual issues .1,0.4782885074007137,0,12.0,180000.0,PROJ_REAL_2.0_contractual_issues_.1
PROJ_REAL_3.0,contractual_issues_.1,60,68.0,0,Contractual issues .1,0.2684393124538288,0,8.0,0.0,PROJ_REAL_3.0_contractual_issues_.1
PROJ_REAL_4.0,contractual_issues_.1,60,72.0,1,Contractual issues .1,0.5672001681498461,0,12.0,180000.0,PROJ_REAL_4.0_contractual_issues_.1
PROJ_REAL_5.0,contractual_issues_.1,60,68.0,0,Contractual issues .1,0.624817192383171,0,8.0,0.0,PROJ_REAL_5.0_contractual_issues_.1
PROJ_REAL_6.0,contractual_issues_.1,60,68.0,0,Contractual issues .1,0.4792306032769812,0,8.0,0.0,PROJ_REAL_6.0_contractual_issues_.1
PROJ_REAL_7.0,contractual_issues_.1,60,68.0,0,Contractual issues .1,0.4328004524334822,0,8.0,0.0,PROJ_REAL_7.0_contractual_issues_.1
PROJ_REAL_8.0,contractual_issues_.1,60,68.0,0,Contractual issues .1,0.4099208926760478,0,8.0,0.0,PROJ_REAL_8.0_contractual_issues_.1
PROJ_REAL_9.0,contractual_issues_.1,60,68.0,0,Contractual issues .1,0.3835513217808979,0,8.0,0.0,PROJ_REAL_9.0_contractual_issues_.1
PROJ_REAL_10.0,contractual_issues_.1,60,68.0,0,Contractual issues .1,0.3311231731179462,0,8.0,0.0,PROJ_REAL_10.0_contractual_issues_.1
PROJ_REAL_11.0,contractual_issues_.1,60,64.0,0,Contractual issues .1,0.2379243921932046,0,4.0,0.0,PROJ_REAL_11.0_contractual_issues_.1
PROJ_REAL_12.0,contractual_issues_.1,60,72.0,1,Contractual issues .1,0.5068655277063894,0,12.0,180000.0,PROJ_REAL_12.0_contractual_issues_.1
PROJ_REAL_13.0,contractual_issues_.1,60,64.0,0,Contractual issues .1,0.2206434395723874,0,4.0,0.0,PROJ_REAL_13.0_contractual_issues_.1
PROJ_REAL_14.0,contractual_issues_.1,60,76.0,1,Contractual issues .1,0.916989272062772,0,16.0,240000.0,PROJ_REAL_14.0_contractual_issues_.1
PROJ_REAL_15.0,contractual_issues_.1,60,72.0,1,Contractual issues .1,0.6017142823289205,0,12.0,180000.0,PROJ_REAL_15.0_contractual_issues_.1
PROJ_REAL_16.0,contractual_issues_.1,60,64.0,0,Contractual issues .1,0.2499444964637877,0,4.0,0.0,PROJ_REAL_16.0_contractual_issues_.1
PROJ_REAL_17.0,contractual_issues_.1,60,80.0,1,Contractual issues .1,0.7758416138577174,0,20.0,300000.0,PROJ_REAL_17.0_contractual_issues_.1
PROJ_REAL_18.0,contractual_issues_.1,60,72.0,1,Contractual issues .1,0.7076969625139474,0,12.0,180000.0,PROJ_REAL_18.0_contractual_issues_.1
PROJ_REAL_19.0,contractual_issues_.1,60,72.0,1,Contractual issues .1,0.483494315197291,0,12.0,180000.0,PROJ_REAL_19.0_contractual_issues_.1
PROJ_REAL_20.0,contractual_issues_.1,60,72.0,1,Contractual issues .1,0.5087689454299662,0,12.0,180000.0,PROJ_REAL_20.0_contractual_issues_.1
PROJ_REAL_21.0,contractual_issues_.1,60,72.0,1,Contractual issues .1,0.6558545975532075,0,12.0,180000.0,PROJ_REAL_21.0_contractual_issues_.1
PROJ_REAL_22.0,contractual_issues_.1,60,72.0,1,Contractual issues .1,0.6280584831906774,0,12.0,180000.0,PROJ_REAL_22.0_contractual_issues_.1
PROJ_REAL_23.0,contractual_issues_.1,60,64.0,0,Contractual issues .1,0.1392451548165327,0,4.0,0.0,PROJ_REAL_23.0_contractual_issues_.1
PROJ_REAL_24.0,contractual_issues_.1,60,72.0,1,Contractual issues .1,0.5837525688646267,0,12.0,180000.0,PROJ_REAL_24.0_contractual_issues_.1
PROJ_REAL_25.0,contractual_issues_.1,60,72.0,1,Contractual issues .1,0.5030413445865416,0,12.0,180000.0,PROJ_REAL_25.0_contractual_issues_.1
PROJ_REAL_26.0,contractual_issues_.1,60,76.0,1,Contractual issues .1,0.5527605676499293,0,16.0,240000.0,PROJ_REAL_26.0_contractual_issues_.1
PROJ_REAL_27.0,contractual_issues_.1,60,72.0,1,Contractual issues .1,0.6578428883669729,0,12.0,180000.0,PROJ_REAL_27.0_contractual_issues_.1
PROJ_REAL_28.0,contractual_issues_.1,60,68.0,0,Contractual issues .1,0.4016547625745748,0,8.0,0.0,PROJ_REAL_28.0_contractual_issues_.1
PROJ_REAL_29.0,contractual_issues_.1,60,76.0,1,Contractual issues .1,0.6281943135671323,0,16.0,240000.0,PROJ_REAL_29.0_contractual_issues_.1
PROJ_REAL_30.0,contractual_issues_.1,60,68.0,0,Contractual issues .1,0.5146795789585077,0,8.0,0.0,PROJ_REAL_30.0_contractual_issues_.1
PROJ_REAL_31.0,contractual_issues_.1,60,68.0,0,Contractual issues .1,0.2596697749856171,0,8.0,0.0,PROJ_REAL_31.0_contractual_issues_.1
PROJ_REAL_32.0,contractual_issues_.1,60,76.0,1,Contractual issues .1,1.0,0,16.0,240000.0,PROJ_REAL_32.0_contractual_issues_.1
PROJ_REAL_33.0,contractual_issues_.1,60,68.0,0,Contractual issues .1,0.4281358219943893,0,8.0,0.0,PROJ_REAL_33.0_contractual_issues_.1
PROJ_REAL_34.0,contractual_issues_.1,60,68.0,0,Contractual issues .1,0.3127686734546544,0,8.0,0.0,PROJ_REAL_34.0_contractual_issues_.1
PROJ_REAL_35.0,contractual_issues_.1,60,72.0,1,Contractual issues .1,0.5066599155500431,0,12.0,180000.0,PROJ_REAL_35.0_contractual_issues_.1
PROJ_REAL_36.0,contractual_issues_.1,60,80.0,1,Contractual issues .1,0.8395569371412104,0,20.0,300000.0,PROJ_REAL_36.0_contractual_issues_.1
PROJ_REAL_37.0,contractual_issues_.1,60,72.0,1,Contractual issues .1,0.5840898987288784,0,12.0,180000.0,PROJ_REAL_37.0_contractual_issues_.1
PROJ_REAL_38.0,contractual_issues_.1,60,76.0,1,Contractual issues .1,0.7790543785838429,0,16.0,240000.0,PROJ_REAL_38.0_contractual_issues_.1
PROJ_REAL_39.0,contractual_issues_.1,60,72.0,1,Contractual issues .1,0.4844856296342826,0,12.0,180000.0,PROJ_REAL_39.0_contractual_issues_.1
PROJ_REAL_40.0,contractual_issues_.1,60,68.0,0,Contractual issues .1,0.4307373567332936,0,8.0,0.0,PROJ_REAL_40.0_contractual_issues_.1
PROJ_REAL_41.0,contractual_issues_.1,60,76.0,1,Contractual issues .1,0.6985964867329069,0,16.0,240000.0,PROJ_REAL_41.0_contractual_issues_.1
PROJ_REAL_42.0,contractual_issues_.1,60,68.0,0,Contractual issues .1,0.4888154226328705,0,8.0,0.0,PROJ_REAL_42.0_contractual_issues_.1
PROJ_REAL_43.0,contractual_issues_.1,60,68.0,0,Contractual issues .1,0.5940393425081654,0,8.0,0.0,PROJ_REAL_43.0_contractual_issues_.1
PROJ_REAL_44.0,contractual_issues_.1,60,80.0,1,Contractual issues .1,0.8741426656349014,0,20.0,300000.0,PROJ_REAL_44.0_contractual_issues_.1
PROJ_REAL_45.0,contractual_issues_.1,60,76.0,1,Contractual issues .1,0.7165383863648014,0,16.0,240000.0,PROJ_REAL_45.0_contractual_issues_.1
PROJ_REAL_46.0,contractual_issues_.1,60,76.0,1,Contractual issues .1,0.7486878089217194,0,16.0,240000.0,PROJ_REAL_46.0_contractual_issues_.1
PROJ_REAL_47.0,contractual_issues_.1,60,76.0,1,Contractual issues .1,0.8015076099258641,0,16.0,240000.0,PROJ_REAL_47.0_contractual_issues_.1
PROJ_REAL_48.0,contractual_issues_.1,60,80.0,1,Contractual issues .1,1.0,0,20.0,300000.0,PROJ_REAL_48.0_contractual_issues_.1
PROJ_REAL_49.0,contractual_issues_.1,60,72.0,1,Contractual issues .1,0.6948375572192204,0,12.0,180000.0,PROJ_REAL_49.0_contractual_issues_.1
PROJ_REAL_50.0,contractual_issues_.1,60,80.0,1,Contractual issues .1,0.9065207509043436,0,20.0,300000.0,PROJ_REAL_50.0_contractual_issues_.1
PROJ_REAL_51.0,contractual_issues_.1,60,72.0,1,Contractual issues .1,0.5100243474765102,0,12.0,180000.0,PROJ_REAL_51.0_contractual_issues_.1
PROJ_REAL_52.0,contractual_issues_.1,60,80.0,1,Contractual issues .1,1.0,0,20.0,300000.0,PROJ_REAL_52.0_contractual_issues_.1
PROJ_REAL_53.0,contractual_issues_.1,60,68.0,0,Contractual issues .1,0.3931645793299499,0,8.0,0.0,PROJ_REAL_53.0_contractual_issues_.1
PROJ_REAL_54.0,contractual_issues_.1,60,76.0,1,Contractual issues .1,0.9106079382949072,0,16.0,240000.0,PROJ_REAL_54.0_contractual_issues_.1
PROJ_REAL_55.0,contractual_issues_.1,60,76.0,1,Contractual issues .1,0.7416718768615995,0,16.0,240000.0,PROJ_REAL_55.0_contractual_issues_.1
PROJ_REAL_56.0,contractual_issues_.1,60,80.0,1,Contractual issues .1,1.0,0,20.0,300000.0,PROJ_REAL_56.0_contractual_issues_.1
PROJ_REAL_57.0,contractual_issues_.1,60,68.0,0,Contractual issues .1,0.4143948278370503,0,8.0,0.0,PROJ_REAL_57.0_contractual_issues_.1
PROJ_REAL_58.0,contractual_issues_.1,60,76.0,1,Contractual issues .1,0.7901524606252225,0,16.0,240000.0,PROJ_REAL_58.0_contractual_issues_.1
PROJ_REAL_59.0,contractual_issues_.1,60,76.0,1,Contractual issues .1,0.8796887810997848,0,16.0,240000.0,PROJ_REAL_59.0_contractual_issues_.1
PROJ_REAL_60.0,contractual_issues_.1,60,76.0,1,Contractual issues .1,0.7235007398321689,0,16.0,240000.0,PROJ_REAL_60.0_contractual_issues_.1
PROJ_REAL_61.0,contractual_issues_.1,60,76.0,1,Contractual issues .1,0.8799978225832716,0,16.0,240000.0,PROJ_REAL_61.0_contractual_issues_.1
PROJ_REAL_62.0,contractual_issues_.1,60,68.0,0,Contractual issues .1,0.499505653616483,0,8.0,0.0,PROJ_REAL_62.0_contractual_issues_.1
PROJ_REAL_63.0,contractual_issues_.1,60,76.0,1,Contractual issues .1,0.8883800706744147,0,16.0,240000.0,PROJ_REAL_63.0_contractual_issues_.1
PROJ_REAL_64.0,contractual_issues_.1,60,72.0,1,Contractual issues .1,0.6050332500024452,0,12.0,180000.0,PROJ_REAL_64.0_contractual_issues_.1
PROJ_REAL_65.0,contractual_issues_.1,60,76.0,1,Contractual issues .1,0.8042747648250373,0,16.0,240000.0,PROJ_REAL_65.0_contractual_issues_.1
PROJ_REAL_66.0,contractual_issues_.1,60,80.0,1,Contractual issues .1,1.0,0,20.0,300000.0,PROJ_REAL_66.0_contractual_issues_.1
PROJ_REAL_67.0,contractual_issues_.1,60,80.0,1,Contractual issues .1,0.902064476769179,0,20.0,300000.0,PROJ_REAL_67.0_contractual_issues_.1
PROJ_REAL_68.0,contractual_issues_.1,60,72.0,1,Contractual issues .1,0.840840570723772,0,12.0,180000.0,PROJ_REAL_68.0_contractual_issues_.1
PROJ_REAL_69.0,contractual_issues_.1,60,72.0,1,Contractual issues .1,0.4130168036142868,0,12.0,180000.0,PROJ_REAL_69.0_contractual_issues_.1
PROJ_REAL_70.0,contractual_issues_.1,60,76.0,1,Contractual issues .1,0.8578172083269575,0,16.0,240000.0,PROJ_REAL_70.0_contractual_issues_.1
PROJ_REAL_71.0,contractual_issues_.1,60,80.0,1,Contractual issues .1,1.0,0,20.0,300000.0,PROJ_REAL_71.0_contractual_issues_.1
PROJ_REAL_72.0,contractual_issues_.1,60,68.0,0,Contractual issues .1,0.4361099897924455,0,8.0,0.0,PROJ_REAL_72.0_contractual_issues_.1
PROJ_REAL_73.0,contractual_issues_.1,60,64.0,0,Contractual issues .1,0.3750017667976352,0,4.0,0.0,PROJ_REAL_73.0_contractual_issues_.1
PROJ_REAL_74.0,contractual_issues_.1,60,80.0,1,Contractual issues .1,1.0,0,20.0,300000.0,PROJ_REAL_74.0_contractual_issues_.1
PROJ_REAL_75.0,contractual_issues_.1,60,68.0,0,Contractual issues .1,0.3053017525067592,0,8.0,0.0,PROJ_REAL_75.0_contractual_issues_.1
PROJ_REAL_76.0,contractual_issues_.1,60,68.0,0,Contractual issues .1,0.4608656779090323,0,8.0,0.0,PROJ_REAL_76.0_contractual_issues_.1
PROJ_REAL_77.0,contractual_issues_.1,60,80.0,1,Contractual issues .1,1.0,0,20.0,300000.0,PROJ_REAL_77.0_contractual_issues_.1
PROJ_REAL_78.0,contractual_issues_.1,60,72.0,1,Contractual issues .1,0.561751855596283,0,12.0,180000.0,PROJ_REAL_78.0_contractual_issues_.1
PROJ_REAL_79.0,contractual_issues_.1,60,64.0,0,Contractual issues .1,0.1029719021182414,0,4.0,0.0,PROJ_REAL_79.0_contractual_issues_.1
PROJ_REAL_80.0,contractual_issues_.1,60,72.0,1,Contractual issues .1,0.7764773541201597,0,12.0,180000.0,PROJ_REAL_80.0_contractual_issues_.1
PROJ_REAL_81.0,contractual_issues_.1,60,76.0,1,Contractual issues .1,0.7464034816758596,0,16.0,240000.0,PROJ_REAL_81.0_contractual_issues_.1
PROJ_REAL_82.0,contractual_issues_.1,60,72.0,1,Contractual issues .1,0.7265912146845916,0,12.0,180000.0,PROJ_REAL_82.0_contractual_issues_.1
PROJ_REAL_83.0,contractual_issues_.1,60,76.0,1,Contractual issues .1,0.6080337629092131,0,16.0,240000.0,PROJ_REAL_83.0_contractual_issues_.1
PROJ_REAL_84.0,contractual_issues_.1,60,72.0,1,Contractual issues .1,0.6019295889054818,0,12.0,180000.0,PROJ_REAL_84.0_contractual_issues_.1
PROJ_REAL_85.0,contractual_issues_.1,60,72.0,1,Contractual issues .1,0.5079696594208609,0,12.0,180000.0,PROJ_REAL_85.0_contractual_issues_.1
PROJ_REAL_86.0,contractual_issues_.1,60,76.0,1,Contractual issues .1,0.7542863104806677,0,16.0,240000.0,PROJ_REAL_86.0_contractual_issues_.1
PROJ_REAL_87.0,contractual_issues_.1,60,76.0,1,Contractual issues .1,0.7841831496668088,0,16.0,240000.0,PROJ_REAL_87.0_contractual_issues_.1
PROJ_REAL_88.0,contractual_issues_.1,60,76.0,1,Contractual issues .1,0.8015468735348091,0,16.0,240000.0,PROJ_REAL_88.0_contractual_issues_.1
PROJ_REAL_89.0,contractual_issues_.1,60,64.0,0,Contractual issues .1,0.0920521238566508,0,4.0,0.0,PROJ_REAL_89.0_contractual_issues_.1
PROJ_REAL_90.0,contractual_issues_.1,60,80.0,1,Contractual issues .1,1.0,0,20.0,300000.0,PROJ_REAL_90.0_contractual_issues_.1
PROJ_REAL_91.0,contractual_issues_.1,60,76.0,1,Contractual issues .1,0.6837087830723033,0,16.0,240000.0,PROJ_REAL_91.0_contractual_issues_.1
PROJ_REAL_92.0,contractual_issues_.1,60,76.0,1,Contractual issues .1,0.842264208549739,0,16.0,240000.0,PROJ_REAL_92.0_contractual_issues_.1
PROJ_REAL_93.0,contractual_issues_.1,60,80.0,1,Contractual issues .1,0.9020849980854532,0,20.0,300000.0,PROJ_REAL_93.0_contractual_issues_.1
PROJ_REAL_94.0,contractual_issues_.1,60,68.0,0,Contractual issues .1,0.1888282890026681,0,8.0,0.0,PROJ_REAL_94.0_contractual_issues_.1
PROJ_REAL_95.0,contractual_issues_.1,60,76.0,1,Contractual issues .1,0.7089385453625271,0,16.0,240000.0,PROJ_REAL_95.0_contractual_issues_.1
PROJ_REAL_96.0,contractual_issues_.1,60,72.0,1,Contractual issues .1,0.7492250404472465,0,12.0,180000.0,PROJ_REAL_96.0_contractual_issues_.1
PROJ_REAL_97.0,contractual_issues_.1,60,76.0,1,Contractual issues .1,0.7664260814994994,0,16.0,240000.0,PROJ_REAL_97.0_contractual_issues_.1
PROJ_REAL_98.0,contractual_issues_.1,60,76.0,1,Contractual issues .1,0.8473585372757518,0,16.0,240000.0,PROJ_REAL_98.0_contractual_issues_.1
PROJ_REAL_99.0,contractual_issues_.1,60,80.0,1,Contractual issues .1,1.0,0,20.0,300000.0,PROJ_REAL_99.0_contractual_issues_.1
PROJ_REAL_100.0,contractual_issues_.1,60,68.0,0,Contractual issues .1,0.3403619794621139,0,8.0,0.0,PROJ_REAL_100.0_contractual_issues_.1
PROJ_REAL_101.0,contractual_issues_.1,60,72.0,1,Contractual issues .1,0.6399759446434422,0,12.0,180000.0,PROJ_REAL_101.0_contractual_issues_.1
PROJ_REAL_102.0,contractual_issues_.1,60,72.0,1,Contractual issues .1,0.647801067326653,0,12.0,180000.0,PROJ_REAL_102.0_contractual_issues_.1
PROJ_REAL_103.0,contractual_issues_.1,60,68.0,0,Contractual issues .1,0.2026475248669186,0,8.0,0.0,PROJ_REAL_103.0_contractual_issues_.1
PROJ_REAL_104.0,contractual_issues_.1,60,72.0,1,Contractual issues .1,0.6003981644462788,0,12.0,180000.0,PROJ_REAL_104.0_contractual_issues_.1
PROJ_REAL_105.0,contractual_issues_.1,60,72.0,1,Contractual issues .1,0.6969747848470915,0,12.0,180000.0,PROJ_REAL_105.0_contractual_issues_.1
PROJ_REAL_106.0,contractual_issues_.1,60,76.0,1,Contractual issues .1,0.867028704555082,0,16.0,240000.0,PROJ_REAL_106.0_contractual_issues_.1
PROJ_REAL_107.0,contractual_issues_.1,60,68.0,0,Contractual issues .1,0.4988154593261454,0,8.0,0.0,PROJ_REAL_107.0_contractual_issues_.1
PROJ_REAL_108.0,contractual_issues_.1,60,68.0,0,Contractual issues .1,0.2909854150815497,0,8.0,0.0,PROJ_REAL_108.0_contractual_issues_.1
PROJ_REAL_109.0,contractual_issues_.1,60,76.0,1,Contractual issues .1,0.7228996217474966,0,16.0,240000.0,PROJ_REAL_109.0_contractual_issues_.1
PROJ_REAL_110.0,contractual_issues_.1,60,64.0,0,Contractual issues .1,0.0392855518892295,0,4.0,0.0,PROJ_REAL_110.0_contractual_issues_.1
PROJ_REAL_111.0,contractual_issues_.1,60,76.0,1,Contractual issues .1,0.8249070181433671,0,16.0,240000.0,PROJ_REAL_111.0_contractual_issues_.1
PROJ_REAL_112.0,contractual_issues_.1,60,72.0,1,Contractual issues .1,0.6961148250591727,0,12.0,180000.0,PROJ_REAL_112.0_contractual_issues_.1
PROJ_REAL_113.0,contractual_issues_.1,60,72.0,1,Contractual issues .1,0.6419269840831492,0,12.0,180000.0,PROJ_REAL_113.0_contractual_issues_.1
PROJ_REAL_114.0,contractual_issues_.1,60,68.0,0,Contractual issues .1,0.3131088101545413,0,8.0,0.0,PROJ_REAL_114.0_contractual_issues_.1
PROJ_REAL_115.0,contractual_issues_.1,60,68.0,0,Contractual issues .1,0.3355451591071541,0,8.0,0.0,PROJ_REAL_115.0_contractual_issues_.1
PROJ_REAL_116.0,contractual_issues_.1,60,72.0,1,Contractual issues .1,0.6493366507351399,0,12.0,180000.0,PROJ_REAL_116.0_contractual_issues_.1
PROJ_REAL_117.0,contractual_issues_.1,60,68.0,0,Contractual issues .1,0.3897927893689761,0,8.0,0.0,PROJ_REAL_117.0_contractual_issues_.1
PROJ_REAL_118.0,contractual_issues_.1,60,76.0,1,Contractual issues .1,0.877441318642559,0,16.0,240000.0,PROJ_REAL_118.0_contractual_issues_.1
PROJ_REAL_119.0,contractual_issues_.1,60,76.0,1,Contractual issues .1,0.8437193696617532,0,16.0,240000.0,PROJ_REAL_119.0_contractual_issues_.1
PROJ_REAL_120.0,contractual_issues_.1,60,76.0,1,Contractual issues .1,0.7902151166563673,0,16.0,240000.0,PROJ_REAL_120.0_contractual_issues_.1
PROJ_REAL_121.0,contractual_issues_.1,60,80.0,1,Contractual issues .1,0.9336475654907076,0,20.0,300000.0,PROJ_REAL_121.0_contractual_issues_.1
PROJ_REAL_122.0,contractual_issues_.1,60,72.0,1,Contractual issues .1,0.6275772779015328,0,12.0,180000.0,PROJ_REAL_122.0_contractual_issues_.1
PROJ_REAL_123.0,contractual_issues_.1,60,68.0,0,Contractual issues .1,0.5229418737376385,0,8.0,0.0,PROJ_REAL_123.0_contractual_issues_.1
PROJ_REAL_124.0,contractual_issues_.1,60,76.0,1,Contractual issues .1,0.843013115098759,0,16.0,240000.0,PROJ_REAL_124.0_contractual_issues_.1
PROJ_REAL_125.0,contractual_issues_.1,60,76.0,1,Contractual issues .1,0.7544393503962621,0,16.0,240000.0,PROJ_REAL_125.0_contractual_issues_.1
PROJ_REAL_126.0,contractual_issues_.1,60,68.0,0,Contractual issues .1,0.431675101311099,0,8.0,0.0,PROJ_REAL_126.0_contractual_issues_.1
PROJ_REAL_127.0,contractual_issues_.1,60,72.0,1,Contractual issues .1,0.6680229302286993,0,12.0,180000.0,PROJ_REAL_127.0_contractual_issues_.1
PROJ_REAL_128.0,contractual_issues_.1,60,68.0,0,Contractual issues .1,0.3318841274968265,0,8.0,0.0,PROJ_REAL_128.0_contractual_issues_.1
PROJ_REAL_129.0,contractual_issues_.1,60,80.0,1,Contractual issues .1,1.0,0,20.0,300000.0,PROJ_REAL_129.0_contractual_issues_.1
PROJ_REAL_130.0,contractual_issues_.1,60,72.0,1,Contractual issues .1,0.505146076480147,0,12.0,180000.0,PROJ_REAL_130.0_contractual_issues_.1
PROJ_REAL_131.0,contractual_issues_.1,60,72.0,1,Contractual issues .1,0.5277560267970918,0,12.0,180000.0,PROJ_REAL_131.0_contractual_issues_.1
PROJ_REAL_132.0,contractual_issues_.1,60,64.0,0,Contractual issues .1,0.2020291088129744,0,4.0,0.0,PROJ_REAL_132.0_contractual_issues_.1
PROJ_REAL_133.0,contractual_issues_.1,60,68.0,0,Contractual issues .1,0.2735571926114496,0,8.0,0.0,PROJ_REAL_133.0_contractual_issues_.1
PROJ_REAL_134.0,contractual_issues_.1,60,80.0,1,Contractual issues .1,1.0,0,20.0,300000.0,PROJ_REAL_134.0_contractual_issues_.1
PROJ_REAL_135.0,contractual_issues_.1,60,68.0,0,Contractual issues .1,0.3600138406983176,0,8.0,0.0,PROJ_REAL_135.0_contractual_issues_.1
PROJ_REAL_136.0,contractual_issues_.1,60,80.0,1,Contractual issues .1,1.0,0,20.0,300000.0,PROJ_REAL_136.0_contractual_issues_.1
PROJ_REAL_137.0,contractual_issues_.1,60,76.0,1,Contractual issues .1,0.8108723832421824,0,16.0,240000.0,PROJ_REAL_137.0_contractual_issues_.1
PROJ_REAL_138.0,contractual_issues_.1,60,72.0,1,Contractual issues .1,0.5484157497770633,0,12.0,180000.0,PROJ_REAL_138.0_contractual_issues_.1
PROJ_REAL_139.0,contractual_issues_.1,60,80.0,1,Contractual issues .1,1.0,0,20.0,300000.0,PROJ_REAL_139.0_contractual_issues_.1
PROJ_REAL_140.0,contractual_issues_.1,60,76.0,1,Contractual issues .1,0.8546441263449654,0,16.0,240000.0,PROJ_REAL_140.0_contractual_issues_.1
PROJ_REAL_141.0,contractual_issues_.1,60,72.0,1,Contractual issues .1,0.7091153844550961,0,12.0,180000.0,PROJ_REAL_141.0_contractual_issues_.1
PROJ_REAL_142.0,contractual_issues_.1,60,72.0,1,Contractual issues .1,0.6520315505520953,0,12.0,180000.0,PROJ_REAL_142.0_contractual_issues_.1
PROJ_REAL_143.0,contractual_issues_.1,60,76.0,1,Contractual issues .1,0.6246803241217421,0,16.0,240000.0,PROJ_REAL_143.0_contractual_issues_.1
PROJ_REAL_1.0,contractual_issues_.2,60,68.0,0,Contractual issues .2,0.2842495136196433,0,8.0,0.0,PROJ_REAL_1.0_contractual_issues_.2
PROJ_REAL_2.0,contractual_issues_.2,60,76.0,1,Contractual issues .2,0.6927902436240363,0,16.0,240000.0,PROJ_REAL_2.0_contractual_issues_.2
PROJ_REAL_3.0,contractual_issues_.2,60,68.0,0,Contractual issues .2,0.3239927883192653,0,8.0,0.0,PROJ_REAL_3.0_contractual_issues_.2
PROJ_REAL_4.0,contractual_issues_.2,60,68.0,0,Contractual issues .2,0.4830114899480687,0,8.0,0.0,PROJ_REAL_4.0_contractual_issues_.2
PROJ_REAL_5.0,contractual_issues_.2,60,68.0,0,Contractual issues .2,0.6313283022017223,0,8.0,0.0,PROJ_REAL_5.0_contractual_issues_.2
PROJ_REAL_6.0,contractual_issues_.2,60,68.0,0,Contractual issues .2,0.3770761864589254,0,8.0,0.0,PROJ_REAL_6.0_contractual_issues_.2
PROJ_REAL_7.0,contractual_issues_.2,60,68.0,0,Contractual issues .2,0.4945419341065565,0,8.0,0.0,PROJ_REAL_7.0_contractual_issues_.2
PROJ_REAL_8.0,contractual_issues_.2,60,68.0,0,Contractual issues .2,0.3740820233188685,0,8.0,0.0,PROJ_REAL_8.0_contractual_issues_.2
PROJ_REAL_9.0,contractual_issues_.2,60,68.0,0,Contractual issues .2,0.4584640801259744,0,8.0,0.0,PROJ_REAL_9.0_contractual_issues_.2
PROJ_REAL_10.0,contractual_issues_.2,60,68.0,0,Contractual issues .2,0.3173748945060932,0,8.0,0.0,PROJ_REAL_10.0_contractual_issues_.2
PROJ_REAL_11.0,contractual_issues_.2,60,64.0,0,Contractual issues .2,0.3575058594183552,0,4.0,0.0,PROJ_REAL_11.0_contractual_issues_.2
PROJ_REAL_12.0,contractual_issues_.2,60,72.0,1,Contractual issues .2,0.7404476497251058,0,12.0,180000.0,PROJ_REAL_12.0_contractual_issues_.2
PROJ_REAL_13.0,contractual_issues_.2,60,68.0,0,Contractual issues .2,0.4359922739034075,0,8.0,0.0,PROJ_REAL_13.0_contractual_issues_.2
PROJ_REAL_14.0,contractual_issues_.2,60,76.0,1,Contractual issues .2,0.8337919822182046,0,16.0,240000.0,PROJ_REAL_14.0_contractual_issues_.2
PROJ_REAL_15.0,contractual_issues_.2,60,72.0,1,Contractual issues .2,0.6972705800501642,0,12.0,180000.0,PROJ_REAL_15.0_contractual_issues_.2
PROJ_REAL_16.0,contractual_issues_.2,60,64.0,0,Contractual issues .2,0.1760752760831008,0,4.0,0.0,PROJ_REAL_16.0_contractual_issues_.2
PROJ_REAL_17.0,contractual_issues_.2,60,76.0,1,Contractual issues .2,0.8198905525082802,0,16.0,240000.0,PROJ_REAL_17.0_contractual_issues_.2
PROJ_REAL_18.0,contractual_issues_.2,60,72.0,1,Contractual issues .2,0.5028224958887206,0,12.0,180000.0,PROJ_REAL_18.0_contractual_issues_.2
PROJ_REAL_19.0,contractual_issues_.2,60,72.0,1,Contractual issues .2,0.6124850582186319,0,12.0,180000.0,PROJ_REAL_19.0_contractual_issues_.2
PROJ_REAL_20.0,contractual_issues_.2,60,72.0,1,Contractual issues .2,0.5371038395083065,0,12.0,180000.0,PROJ_REAL_20.0_contractual_issues_.2
PROJ_REAL_21.0,contractual_issues_.2,60,64.0,0,Contractual issues .2,0.0362733022517476,0,4.0,0.0,PROJ_REAL_21.0_contractual_issues_.2
PROJ_REAL_22.0,contractual_issues_.2,60,80.0,1,Contractual issues .2,0.9886212737617358,0,20.0,300000.0,PROJ_REAL_22.0_contractual_issues_.2
PROJ_REAL_23.0,contractual_issues_.2,60,64.0,0,Contractual issues .2,0.0,0,4.0,0.0,PROJ_REAL_23.0_contractual_issues_.2
PROJ_REAL_24.0,contractual_issues_.2,60,76.0,1,Contractual issues .2,0.8621951698982538,0,16.0,240000.0,PROJ_REAL_24.0_contractual_issues_.2
PROJ_REAL_25.0,contractual_issues_.2,60,72.0,1,Contractual issues .2,0.5716928290183184,0,12.0,180000.0,PROJ_REAL_25.0_contractual_issues_.2
PROJ_REAL_26.0,contractual_issues_.2,60,76.0,1,Contractual issues .2,0.5472819999303487,0,16.0,240000.0,PROJ_REAL_26.0_contractual_issues_.2
PROJ_REAL_27.0,contractual_issues_.2,60,68.0,0,Contractual issues .2,0.5036745684597205,0,8.0,0.0,PROJ_REAL_27.0_contractual_issues_.2
PROJ_REAL_28.0,contractual_issues_.2,60,68.0,0,Contractual issues .2,0.2571839449589428,0,8.0,0.0,PROJ_REAL_28.0_contractual_issues_.2
PROJ_REAL_29.0,contractual_issues_.2,60,68.0,0,Contractual issues .2,0.4986071252991368,0,8.0,0.0,PROJ_REAL_29.0_contractual_issues_.2
PROJ_REAL_30.0,contractual_issues_.2,60,68.0,0,Contractual issues .2,0.4154933148108051,0,8.0,0.0,PROJ_REAL_30.0_contractual_issues_.2
PROJ_REAL_31.0,contractual_issues_.2,60,68.0,0,Contractual issues .2,0.2872496808207981,0,8.0,0.0,PROJ_REAL_31.0_contractual_issues_.2
PROJ_REAL_32.0,contractual_issues_.2,60,68.0,0,Contractual issues .2,0.450821969039645,0,8.0,0.0,PROJ_REAL_32.0_contractual_issues_.2
PROJ_REAL_33.0,contractual_issues_.2,60,68.0,0,Contractual issues .2,0.5248513430260109,0,8.0,0.0,PROJ_REAL_33.0_contractual_issues_.2
PROJ_REAL_34.0,contractual_issues_.2,60,68.0,0,Contractual issues .2,0.2512819248632169,0,8.0,0.0,PROJ_REAL_34.0_contractual_issues_.2
PROJ_REAL_35.0,contractual_issues_.2,60,76.0,1,Contractual issues .2,0.802921783906451,0,16.0,240000.0,PROJ_REAL_35.0_contractual_issues_.2
PROJ_REAL_36.0,contractual_issues_.2,60,76.0,1,Contractual issues .2,0.7818909541207997,0,16.0,240000.0,PROJ_REAL_36.0_contractual_issues_.2
PROJ_REAL_37.0,contractual_issues_.2,60,80.0,1,Contractual issues .2,1.0,0,20.0,300000.0,PROJ_REAL_37.0_contractual_issues_.2
PROJ_REAL_38.0,contractual_issues_.2,60,76.0,1,Contractual issues .2,0.6741532391462378,0,16.0,240000.0,PROJ_REAL_38.0_contractual_issues_.2
PROJ_REAL_39.0,contractual_issues_.2,60,76.0,1,Contractual issues .2,0.6821666604902588,0,16.0,240000.0,PROJ_REAL_39.0_contractual_issues_.2
PROJ_REAL_40.0,contractual_issues_.2,60,72.0,1,Contractual issues .2,0.619095767766465,0,12.0,180000.0,PROJ_REAL_40.0_contractual_issues_.2
PROJ_REAL_41.0,contractual_issues_.2,60,72.0,1,Contractual issues .2,0.571533460170877,0,12.0,180000.0,PROJ_REAL_41.0_contractual_issues_.2
PROJ_REAL_42.0,contractual_issues_.2,60,72.0,1,Contractual issues .2,0.6714777114797962,0,12.0,180000.0,PROJ_REAL_42.0_contractual_issues_.2
PROJ_REAL_43.0,contractual_issues_.2,60,72.0,1,Contractual issues .2,0.5735588039264286,0,12.0,180000.0,PROJ_REAL_43.0_contractual_issues_.2
PROJ_REAL_44.0,contractual_issues_.2,60,76.0,1,Contractual issues .2,1.0,0,16.0,240000.0,PROJ_REAL_44.0_contractual_issues_.2
PROJ_REAL_45.0,contractual_issues_.2,60,72.0,1,Contractual issues .2,0.6278451059419042,0,12.0,180000.0,PROJ_REAL_45.0_contractual_issues_.2
PROJ_REAL_46.0,contractual_issues_.2,60,72.0,1,Contractual issues .2,0.7174518551641434,0,12.0,180000.0,PROJ_REAL_46.0_contractual_issues_.2
PROJ_REAL_47.0,contractual_issues_.2,60,76.0,1,Contractual issues .2,0.7817018746532334,0,16.0,240000.0,PROJ_REAL_47.0_contractual_issues_.2
PROJ_REAL_48.0,contractual_issues_.2,60,80.0,1,Contractual issues .2,0.9907837306270268,0,20.0,300000.0,PROJ_REAL_48.0_contractual_issues_.2
PROJ_REAL_49.0,contractual_issues_.2,60,76.0,1,Contractual issues .2,0.7355907998328962,0,16.0,240000.0,PROJ_REAL_49.0_contractual_issues_.2
PROJ_REAL_50.0,contractual_issues_.2,60,76.0,1,Contractual issues .2,0.9392669371296384,0,16.0,240000.0,PROJ_REAL_50.0_contractual_issues_.2
PROJ_REAL_51.0,contractual_issues_.2,60,72.0,1,Contractual issues .2,0.4421362060957901,0,12.0,180000.0,PROJ_REAL_51.0_contractual_issues_.2
PROJ_REAL_52.0,contractual_issues_.2,60,76.0,1,Contractual issues .2,0.868962965958675,0,16.0,240000.0,PROJ_REAL_52.0_contractual_issues_.2
PROJ_REAL_53.0,contractual_issues_.2,60,72.0,1,Contractual issues .2,0.5715275901449078,0,12.0,180000.0,PROJ_REAL_53.0_contractual_issues_.2
PROJ_REAL_54.0,contractual_issues_.2,60,72.0,1,Contractual issues .2,0.6150683739233287,0,12.0,180000.0,PROJ_REAL_54.0_contractual_issues_.2
PROJ_REAL_55.0,contractual_issues_.2,60,72.0,1,Contractual issues .2,0.576057899767845,0,12.0,180000.0,PROJ_REAL_55.0_contractual_issues_.2
PROJ_REAL_56.0,contractual_issues_.2,60,76.0,1,Contractual issues .2,0.7866941287732787,0,16.0,240000.0,PROJ_REAL_56.0_contractual_issues_.2
PROJ_REAL_57.0,contractual_issues_.2,60,68.0,0,Contractual issues .2,0.5061707154606891,0,8.0,0.0,PROJ_REAL_57.0_contractual_issues_.2
PROJ_REAL_58.0,contractual_issues_.2,60,76.0,1,Contractual issues .2,0.8964027435370028,0,16.0,240000.0,PROJ_REAL_58.0_contractual_issues_.2
PROJ_REAL_59.0,contractual_issues_.2,60,76.0,1,Contractual issues .2,0.7378126825306087,0,16.0,240000.0,PROJ_REAL_59.0_contractual_issues_.2
PROJ_REAL_60.0,contractual_issues_.2,60,72.0,1,Contractual issues .2,0.6936429879803482,0,12.0,180000.0,PROJ_REAL_60.0_contractual_issues_.2
PROJ_REAL_61.0,contractual_issues_.2,60,72.0,1,Contractual issues .2,0.5392748769741912,0,12.0,180000.0,PROJ_REAL_61.0_contractual_issues_.2
PROJ_REAL_62.0,contractual_issues_.2,60,72.0,1,Contractual issues .2,0.6915090748627712,0,12.0,180000.0,PROJ_REAL_62.0_contractual_issues_.2
PROJ_REAL_63.0,contractual_issues_.2,60,76.0,1,Contractual issues .2,0.7406891152417312,0,16.0,240000.0,PROJ_REAL_63.0_contractual_issues_.2
PROJ_REAL_64.0,contractual_issues_.2,60,72.0,1,Contractual issues .2,0.4997692659404244,0,12.0,180000.0,PROJ_REAL_64.0_contractual_issues_.2
PROJ_REAL_65.0,contractual_issues_.2,60,76.0,1,Contractual issues .2,0.8800769260609044,0,16.0,240000.0,PROJ_REAL_65.0_contractual_issues_.2
PROJ_REAL_66.0,contractual_issues_.2,60,80.0,1,Contractual issues .2,1.0,0,20.0,300000.0,PROJ_REAL_66.0_contractual_issues_.2
PROJ_REAL_67.0,contractual_issues_.2,60,80.0,1,Contractual issues .2,1.0,0,20.0,300000.0,PROJ_REAL_67.0_contractual_issues_.2
PROJ_REAL_68.0,contractual_issues_.2,60,76.0,1,Contractual issues .2,0.7867230998910665,0,16.0,240000.0,PROJ_REAL_68.0_contractual_issues_.2
PROJ_REAL_69.0,contractual_issues_.2,60,72.0,1,Contractual issues .2,0.7313539976752585,0,12.0,180000.0,PROJ_REAL_69.0_contractual_issues_.2
PROJ_REAL_70.0,contractual_issues_.2,60,76.0,1,Contractual issues .2,0.8835551003349147,0,16.0,240000.0,PROJ_REAL_70.0_contractual_issues_.2
PROJ_REAL_71.0,contractual_issues_.2,60,76.0,1,Contractual issues .2,0.7872270289968945,0,16.0,240000.0,PROJ_REAL_71.0_contractual_issues_.2
PROJ_REAL_72.0,contractual_issues_.2,60,68.0,0,Contractual issues .2,0.2995644395260375,0,8.0,0.0,PROJ_REAL_72.0_contractual_issues_.2
PROJ_REAL_73.0,contractual_issues_.2,60,64.0,0,Contractual issues .2,0.2072789278770538,0,4.0,0.0,PROJ_REAL_73.0_contractual_issues_.2
PROJ_REAL_74.0,contractual_issues_.2,60,80.0,1,Contractual issues .2,0.9266471062092204,0,20.0,300000.0,PROJ_REAL_74.0_contractual_issues_.2
PROJ_REAL_75.0,contractual_issues_.2,60,68.0,0,Contractual issues .2,0.4809838554630892,0,8.0,0.0,PROJ_REAL_75.0_contractual_issues_.2
PROJ_REAL_76.0,contractual_issues_.2,60,68.0,0,Contractual issues .2,0.3364514694459931,0,8.0,0.0,PROJ_REAL_76.0_contractual_issues_.2
PROJ_REAL_77.0,contractual_issues_.2,60,80.0,1,Contractual issues .2,1.0,0,20.0,300000.0,PROJ_REAL_77.0_contractual_issues_.2
PROJ_REAL_78.0,contractual_issues_.2,60,80.0,1,Contractual issues .2,1.0,0,20.0,300000.0,PROJ_REAL_78.0_contractual_issues_.2
PROJ_REAL_79.0,contractual_issues_.2,60,68.0,0,Contractual issues .2,0.4249824137799906,0,8.0,0.0,PROJ_REAL_79.0_contractual_issues_.2
PROJ_REAL_80.0,contractual_issues_.2,60,72.0,1,Contractual issues .2,0.6212582654921235,0,12.0,180000.0,PROJ_REAL_80.0_contractual_issues_.2
PROJ_REAL_81.0,contractual_issues_.2,60,76.0,1,Contractual issues .2,0.6627513302425914,0,16.0,240000.0,PROJ_REAL_81.0_contractual_issues_.2
PROJ_REAL_82.0,contractual_issues_.2,60,68.0,0,Contractual issues .2,0.5317968187823083,0,8.0,0.0,PROJ_REAL_82.0_contractual_issues_.2
PROJ_REAL_83.0,contractual_issues_.2,60,72.0,1,Contractual issues .2,0.4268039290948895,0,12.0,180000.0,PROJ_REAL_83.0_contractual_issues_.2
PROJ_REAL_84.0,contractual_issues_.2,60,76.0,1,Contractual issues .2,0.7382888797842266,0,16.0,240000.0,PROJ_REAL_84.0_contractual_issues_.2
PROJ_REAL_85.0,contractual_issues_.2,60,72.0,1,Contractual issues .2,0.4895677932066798,0,12.0,180000.0,PROJ_REAL_85.0_contractual_issues_.2
PROJ_REAL_86.0,contractual_issues_.2,60,72.0,1,Contractual issues .2,0.6871466609802551,0,12.0,180000.0,PROJ_REAL_86.0_contractual_issues_.2
PROJ_REAL_87.0,contractual_issues_.2,60,76.0,1,Contractual issues .2,0.6396411902647231,0,16.0,240000.0,PROJ_REAL_87.0_contractual_issues_.2
PROJ_REAL_88.0,contractual_issues_.2,60,80.0,1,Contractual issues .2,0.9873812392413625,0,20.0,300000.0,PROJ_REAL_88.0_contractual_issues_.2
PROJ_REAL_89.0,contractual_issues_.2,60,64.0,0,Contractual issues .2,0.1373828101766718,0,4.0,0.0,PROJ_REAL_89.0_contractual_issues_.2
PROJ_REAL_90.0,contractual_issues_.2,60,80.0,1,Contractual issues .2,1.0,0,20.0,300000.0,PROJ_REAL_90.0_contractual_issues_.2
PROJ_REAL_91.0,contractual_issues_.2,60,76.0,1,Contractual issues .2,0.7154968068082376,0,16.0,240000.0,PROJ_REAL_91.0_contractual_issues_.2
PROJ_REAL_92.0,contractual_issues_.2,60,76.0,1,Contractual issues .2,0.712418107683186,0,16.0,240000.0,PROJ_REAL_92.0_contractual_issues_.2
PROJ_REAL_93.0,contractual_issues_.2,60,72.0,1,Contractual issues .2,0.5911179520245046,0,12.0,180000.0,PROJ_REAL_93.0_contractual_issues_.2
PROJ_REAL_94.0,contractual_issues_.2,60,76.0,1,Contractual issues .2,0.7436302471658185,0,16.0,240000.0,PROJ_REAL_94.0_contractual_issues_.2
PROJ_REAL_95.0,contractual_issues_.2,60,76.0,1,Contractual issues .2,0.8600209680757548,0,16.0,240000.0,PROJ_REAL_95.0_contractual_issues_.2
PROJ_REAL_96.0,contractual_issues_.2,60,76.0,1,Contractual issues .2,0.7275382724525163,0,16.0,240000.0,PROJ_REAL_96.0_contractual_issues_.2
PROJ_REAL_97.0,contractual_issues_.2,60,76.0,1,Contractual issues .2,0.7757871765289881,0,16.0,240000.0,PROJ_REAL_97.0_contractual_issues_.2
PROJ_REAL_98.0,contractual_issues_.2,60,76.0,1,Contractual issues .2,0.7359246916366097,0,16.0,240000.0,PROJ_REAL_98.0_contractual_issues_.2
PROJ_REAL_99.0,contractual_issues_.2,60,80.0,1,Contractual issues .2,0.9868691123902572,0,20.0,300000.0,PROJ_REAL_99.0_contractual_issues_.2
PROJ_REAL_100.0,contractual_issues_.2,60,72.0,1,Contractual issues .2,0.8050925967879026,0,12.0,180000.0,PROJ_REAL_100.0_contractual_issues_.2
PROJ_REAL_101.0,contractual_issues_.2,60,72.0,1,Contractual issues .2,0.5495368646824008,0,12.0,180000.0,PROJ_REAL_101.0_contractual_issues_.2
PROJ_REAL_102.0,contractual_issues_.2,60,76.0,1,Contractual issues .2,0.7810367294771641,0,16.0,240000.0,PROJ_REAL_102.0_contractual_issues_.2
PROJ_REAL_103.0,contractual_issues_.2,60,72.0,1,Contractual issues .2,0.5407711129075883,0,12.0,180000.0,PROJ_REAL_103.0_contractual_issues_.2
PROJ_REAL_104.0,contractual_issues_.2,60,72.0,1,Contractual issues .2,0.6637693679659108,0,12.0,180000.0,PROJ_REAL_104.0_contractual_issues_.2
PROJ_REAL_105.0,contractual_issues_.2,60,76.0,1,Contractual issues .2,0.7466562995327356,0,16.0,240000.0,PROJ_REAL_105.0_contractual_issues_.2
PROJ_REAL_106.0,contractual_issues_.2,60,76.0,1,Contractual issues .2,0.7634589135053509,0,16.0,240000.0,PROJ_REAL_106.0_contractual_issues_.2
PROJ_REAL_107.0,contractual_issues_.2,60,72.0,1,Contractual issues .2,0.5537864082508609,0,12.0,180000.0,PROJ_REAL_107.0_contractual_issues_.2
PROJ_REAL_108.0,contractual_issues_.2,60,68.0,0,Contractual issues .2,0.3828796587049825,0,8.0,0.0,PROJ_REAL_108.0_contractual_issues_.2
PROJ_REAL_109.0,contractual_issues_.2,60,76.0,1,Contractual issues .2,0.5908706791232579,0,16.0,240000.0,PROJ_REAL_109.0_contractual_issues_.2
PROJ_REAL_110.0,contractual_issues_.2,60,68.0,0,Contractual issues .2,0.4859440505360134,0,8.0,0.0,PROJ_REAL_110.0_contractual_issues_.2
PROJ_REAL_111.0,contractual_issues_.2,60,76.0,1,Contractual issues .2,0.7338902155267836,0,16.0,240000.0,PROJ_REAL_111.0_contractual_issues_.2
PROJ_REAL_112.0,contractual_issues_.2,60,72.0,1,Contractual issues .2,0.4508414073685698,0,12.0,180000.0,PROJ_REAL_112.0_contractual_issues_.2
PROJ_REAL_113.0,contractual_issues_.2,60,72.0,1,Contractual issues .2,0.5691884531785641,0,12.0,180000.0,PROJ_REAL_113.0_contractual_issues_.2
PROJ_REAL_114.0,contractual_issues_.2,60,68.0,0,Contractual issues .2,0.3710963209063843,0,8.0,0.0,PROJ_REAL_114.0_contractual_issues_.2
PROJ_REAL_115.0,contractual_issues_.2,60,68.0,0,Contractual issues .2,0.3009387622643354,0,8.0,0.0,PROJ_REAL_115.0_contractual_issues_.2
PROJ_REAL_116.0,contractual_issues_.2,60,72.0,1,Contractual issues .2,0.5238291184035724,0,12.0,180000.0,PROJ_REAL_116.0_contractual_issues_.2
PROJ_REAL_117.0,contractual_issues_.2,60,72.0,1,Contractual issues .2,0.5508555181688155,0,12.0,180000.0,PROJ_REAL_117.0_contractual_issues_.2
PROJ_REAL_118.0,contractual_issues_.2,60,76.0,1,Contractual issues .2,0.8760888090493162,0,16.0,240000.0,PROJ_REAL_118.0_contractual_issues_.2
PROJ_REAL_119.0,contractual_issues_.2,60,76.0,1,Contractual issues .2,0.8240777895697793,0,16.0,240000.0,PROJ_REAL_119.0_contractual_issues_.2
PROJ_REAL_120.0,contractual_issues_.2,60,76.0,1,Contractual issues .2,0.9903469559687844,0,16.0,240000.0,PROJ_REAL_120.0_contractual_issues_.2
PROJ_REAL_121.0,contractual_issues_.2,60,80.0,1,Contractual issues .2,1.0,0,20.0,300000.0,PROJ_REAL_121.0_contractual_issues_.2
PROJ_REAL_122.0,contractual_issues_.2,60,72.0,1,Contractual issues .2,0.5253115649277589,0,12.0,180000.0,PROJ_REAL_122.0_contractual_issues_.2
PROJ_REAL_123.0,contractual_issues_.2,60,68.0,0,Contractual issues .2,0.5712497367268978,0,8.0,0.0,PROJ_REAL_123.0_contractual_issues_.2
PROJ_REAL_124.0,contractual_issues_.2,60,76.0,1,Contractual issues .2,0.7610111565573443,0,16.0,240000.0,PROJ_REAL_124.0_contractual_issues_.2
PROJ_REAL_125.0,contractual_issues_.2,60,76.0,1,Contractual issues .2,0.8345699859803534,0,16.0,240000.0,PROJ_REAL_125.0_contractual_issues_.2
PROJ_REAL_126.0,contractual_issues_.2,60,68.0,0,Contractual issues .2,0.3427504955980529,0,8.0,0.0,PROJ_REAL_126.0_contractual_issues_.2
PROJ_REAL_127.0,contractual_issues_.2,60,72.0,1,Contractual issues .2,0.5934402607168995,0,12.0,180000.0,PROJ_REAL_127.0_contractual_issues_.2
PROJ_REAL_128.0,contractual_issues_.2,60,68.0,0,Contractual issues .2,0.3676575112787504,0,8.0,0.0,PROJ_REAL_128.0_contractual_issues_.2
PROJ_REAL_129.0,contractual_issues_.2,60,76.0,1,Contractual issues .2,0.9242590096913288,0,16.0,240000.0,PROJ_REAL_129.0_contractual_issues_.2
PROJ_REAL_130.0,contractual_issues_.2,60,72.0,1,Contractual issues .2,0.6566268408968345,0,12.0,180000.0,PROJ_REAL_130.0_contractual_issues_.2
PROJ_REAL_131.0,contractual_issues_.2,60,72.0,1,Contractual issues .2,0.6050109546983958,0,12.0,180000.0,PROJ_REAL_131.0_contractual_issues_.2
PROJ_REAL_132.0,contractual_issues_.2,60,68.0,0,Contractual issues .2,0.3529024359418477,0,8.0,0.0,PROJ_REAL_132.0_contractual_issues_.2
PROJ_REAL_133.0,contractual_issues_.2,60,68.0,0,Contractual issues .2,0.6208614212247485,0,8.0,0.0,PROJ_REAL_133.0_contractual_issues_.2
PROJ_REAL_134.0,contractual_issues_.2,60,80.0,1,Contractual issues .2,1.0,0,20.0,300000.0,PROJ_REAL_134.0_contractual_issues_.2
PROJ_REAL_135.0,contractual_issues_.2,60,68.0,0,Contractual issues .2,0.5176689024309977,0,8.0,0.0,PROJ_REAL_135.0_contractual_issues_.2
PROJ_REAL_136.0,contractual_issues_.2,60,76.0,1,Contractual issues .2,0.8691022465734883,0,16.0,240000.0,PROJ_REAL_136.0_contractual_issues_.2
PROJ_REAL_137.0,contractual_issues_.2,60,76.0,1,Contractual issues .2,0.8443438621101106,0,16.0,240000.0,PROJ_REAL_137.0_contractual_issues_.2
PROJ_REAL_138.0,contractual_issues_.2,60,72.0,1,Contractual issues .2,0.6406032303464912,0,12.0,180000.0,PROJ_REAL_138.0_contractual_issues_.2
PROJ_REAL_139.0,contractual_issues_.2,60,80.0,1,Contractual issues .2,0.8757980208839916,0,20.0,300000.0,PROJ_REAL_139.0_contractual_issues_.2
PROJ_REAL_140.0,contractual_issues_.2,60,76.0,1,Contractual issues .2,0.6977336560793499,0,16.0,240000.0,PROJ_REAL_140.0_contractual_issues_.2
PROJ_REAL_141.0,contractual_issues_.2,60,72.0,1,Contractual issues .2,0.5988011581864211,0,12.0,180000.0,PROJ_REAL_141.0_contractual_issues_.2
PROJ_REAL_142.0,contractual_issues_.2,60,72.0,1,Contractual issues .2,0.5264706666040838,0,12.0,180000.0,PROJ_REAL_142.0_contractual_issues_.2
PROJ_REAL_143.0,contractual_issues_.2,60,68.0,0,Contractual issues .2,0.2979117765993048,0,8.0,0.0,PROJ_REAL_143.0_contractual_issues_.2
PROJ_REAL_1.0,contractual_issues_.3,60,68.0,0,Contractual issues .3,0.3732112925326493,0,8.0,0.0,PROJ_REAL_1.0_contractual_issues_.3
PROJ_REAL_2.0,contractual_issues_.3,60,76.0,1,Contractual issues .3,0.7812566313147978,0,16.0,240000.0,PROJ_REAL_2.0_contractual_issues_.3
PROJ_REAL_3.0,contractual_issues_.3,60,68.0,0,Contractual issues .3,0.2049863239918521,0,8.0,0.0,PROJ_REAL_3.0_contractual_issues_.3
PROJ_REAL_4.0,contractual_issues_.3,60,76.0,1,Contractual issues .3,0.6696065714612398,0,16.0,240000.0,PROJ_REAL_4.0_contractual_issues_.3
PROJ_REAL_5.0,contractual_issues_.3,60,68.0,0,Contractual issues .3,0.2962370273031459,0,8.0,0.0,PROJ_REAL_5.0_contractual_issues_.3
PROJ_REAL_6.0,contractual_issues_.3,60,68.0,0,Contractual issues .3,0.3170872317575,0,8.0,0.0,PROJ_REAL_6.0_contractual_issues_.3
PROJ_REAL_7.0,contractual_issues_.3,60,68.0,0,Contractual issues .3,0.385120414586543,0,8.0,0.0,PROJ_REAL_7.0_contractual_issues_.3
PROJ_REAL_8.0,contractual_issues_.3,60,68.0,0,Contractual issues .3,0.3523986608731029,0,8.0,0.0,PROJ_REAL_8.0_contractual_issues_.3
PROJ_REAL_9.0,contractual_issues_.3,60,68.0,0,Contractual issues .3,0.3436512632884592,0,8.0,0.0,PROJ_REAL_9.0_contractual_issues_.3
PROJ_REAL_10.0,contractual_issues_.3,60,68.0,0,Contractual issues .3,0.3084285102055277,0,8.0,0.0,PROJ_REAL_10.0_contractual_issues_.3
PROJ_REAL_11.0,contractual_issues_.3,60,72.0,1,Contractual issues .3,0.4865329816931487,0,12.0,180000.0,PROJ_REAL_11.0_contractual_issues_.3
PROJ_REAL_12.0,contractual_issues_.3,60,76.0,1,Contractual issues .3,0.9428012822534608,0,16.0,240000.0,PROJ_REAL_12.0_contractual_issues_.3
PROJ_REAL_13.0,contractual_issues_.3,60,72.0,1,Contractual issues .3,0.6192464939449477,0,12.0,180000.0,PROJ_REAL_13.0_contractual_issues_.3
PROJ_REAL_14.0,contractual_issues_.3,60,72.0,1,Contractual issues .3,0.8665175366710305,0,12.0,180000.0,PROJ_REAL_14.0_contractual_issues_.3
PROJ_REAL_15.0,contractual_issues_.3,60,68.0,0,Contractual issues .3,0.3584156412763575,0,8.0,0.0,PROJ_REAL_15.0_contractual_issues_.3
PROJ_REAL_16.0,contractual_issues_.3,60,76.0,1,Contractual issues .3,0.729574838695014,0,16.0,240000.0,PROJ_REAL_16.0_contractual_issues_.3
PROJ_REAL_17.0,contractual_issues_.3,60,80.0,1,Contractual issues .3,0.977213599272066,0,20.0,300000.0,PROJ_REAL_17.0_contractual_issues_.3
PROJ_REAL_18.0,contractual_issues_.3,60,76.0,1,Contractual issues .3,0.9198450945889322,0,16.0,240000.0,PROJ_REAL_18.0_contractual_issues_.3
PROJ_REAL_19.0,contractual_issues_.3,60,68.0,0,Contractual issues .3,0.4371802277939693,0,8.0,0.0,PROJ_REAL_19.0_contractual_issues_.3
PROJ_REAL_20.0,contractual_issues_.3,60,76.0,1,Contractual issues .3,0.661391655504246,0,16.0,240000.0,PROJ_REAL_20.0_contractual_issues_.3
PROJ_REAL_21.0,contractual_issues_.3,60,76.0,1,Contractual issues .3,0.8183044984410367,0,16.0,240000.0,PROJ_REAL_21.0_contractual_issues_.3
PROJ_REAL_22.0,contractual_issues_.3,60,76.0,1,Contractual issues .3,0.6202891052915613,0,16.0,240000.0,PROJ_REAL_22.0_contractual_issues_.3
PROJ_REAL_23.0,contractual_issues_.3,60,80.0,1,Contractual issues .3,1.0,0,20.0,300000.0,PROJ_REAL_23.0_contractual_issues_.3
PROJ_REAL_24.0,contractual_issues_.3,60,72.0,1,Contractual issues .3,0.5109392107464351,0,12.0,180000.0,PROJ_REAL_24.0_contractual_issues_.3
PROJ_REAL_25.0,contractual_issues_.3,60,72.0,1,Contractual issues .3,0.7581606110601586,0,12.0,180000.0,PROJ_REAL_25.0_contractual_issues_.3
PROJ_REAL_26.0,contractual_issues_.3,60,80.0,1,Contractual issues .3,1.0,0,20.0,300000.0,PROJ_REAL_26.0_contractual_issues_.3
PROJ_REAL_27.0,contractual_issues_.3,60,72.0,1,Contractual issues .3,0.6745573565628245,0,12.0,180000.0,PROJ_REAL_27.0_contractual_issues_.3
PROJ_REAL_28.0,contractual_issues_.3,60,72.0,1,Contractual issues .3,0.5485280493975758,0,12.0,180000.0,PROJ_REAL_28.0_contractual_issues_.3
PROJ_REAL_29.0,contractual_issues_.3,60,76.0,1,Contractual issues .3,0.8967180660251356,0,16.0,240000.0,PROJ_REAL_29.0_contractual_issues_.3
PROJ_REAL_30.0,contractual_issues_.3,60,68.0,0,Contractual issues .3,0.629996046007533,0,8.0,0.0,PROJ_REAL_30.0_contractual_issues_.3
PROJ_REAL_31.0,contractual_issues_.3,60,76.0,1,Contractual issues .3,0.7401164684971236,0,16.0,240000.0,PROJ_REAL_31.0_contractual_issues_.3
PROJ_REAL_32.0,contractual_issues_.3,60,76.0,1,Contractual issues .3,0.837439342996858,0,16.0,240000.0,PROJ_REAL_32.0_contractual_issues_.3
PROJ_REAL_33.0,contractual_issues_.3,60,72.0,1,Contractual issues .3,0.6457810182716384,0,12.0,180000.0,PROJ_REAL_33.0_contractual_issues_.3
PROJ_REAL_34.0,contractual_issues_.3,60,68.0,0,Contractual issues .3,0.3214494007522044,0,8.0,0.0,PROJ_REAL_34.0_contractual_issues_.3
PROJ_REAL_35.0,contractual_issues_.3,60,72.0,1,Contractual issues .3,0.625247371560842,0,12.0,180000.0,PROJ_REAL_35.0_contractual_issues_.3
PROJ_REAL_36.0,contractual_issues_.3,60,80.0,1,Contractual issues .3,0.878381411176466,0,20.0,300000.0,PROJ_REAL_36.0_contractual_issues_.3
PROJ_REAL_37.0,contractual_issues_.3,60,76.0,1,Contractual issues .3,0.8967759093286687,0,16.0,240000.0,PROJ_REAL_37.0_contractual_issues_.3
PROJ_REAL_38.0,contractual_issues_.3,60,80.0,1,Contractual issues .3,0.933944363672099,0,20.0,300000.0,PROJ_REAL_38.0_contractual_issues_.3
PROJ_REAL_39.0,contractual_issues_.3,60,76.0,1,Contractual issues .3,0.758212058427682,0,16.0,240000.0,PROJ_REAL_39.0_contractual_issues_.3
PROJ_REAL_40.0,contractual_issues_.3,60,80.0,1,Contractual issues .3,0.7842218476022258,0,20.0,300000.0,PROJ_REAL_40.0_contractual_issues_.3
PROJ_REAL_41.0,contractual_issues_.3,60,76.0,1,Contractual issues .3,0.8836941997927993,0,16.0,240000.0,PROJ_REAL_41.0_contractual_issues_.3
PROJ_REAL_42.0,contractual_issues_.3,60,80.0,1,Contractual issues .3,0.9507665059251464,0,20.0,300000.0,PROJ_REAL_42.0_contractual_issues_.3
PROJ_REAL_43.0,contractual_issues_.3,60,76.0,1,Contractual issues .3,0.770232389093546,0,16.0,240000.0,PROJ_REAL_43.0_contractual_issues_.3
PROJ_REAL_44.0,contractual_issues_.3,60,72.0,1,Contractual issues .3,0.6565092929058661,0,12.0,180000.0,PROJ_REAL_44.0_contractual_issues_.3
PROJ_REAL_45.0,contractual_issues_.3,60,76.0,1,Contractual issues .3,0.6739575932382288,0,16.0,240000.0,PROJ_REAL_45.0_contractual_issues_.3
PROJ_REAL_46.0,contractual_issues_.3,60,76.0,1,Contractual issues .3,0.7446267512113892,0,16.0,240000.0,PROJ_REAL_46.0_contractual_issues_.3
PROJ_REAL_47.0,contractual_issues_.3,60,80.0,1,Contractual issues .3,0.969198045025682,0,20.0,300000.0,PROJ_REAL_47.0_contractual_issues_.3
PROJ_REAL_48.0,contractual_issues_.3,60,76.0,1,Contractual issues .3,0.706500440492083,0,16.0,240000.0,PROJ_REAL_48.0_contractual_issues_.3
PROJ_REAL_49.0,contractual_issues_.3,60,76.0,1,Contractual issues .3,0.8087306913761201,0,16.0,240000.0,PROJ_REAL_49.0_contractual_issues_.3
PROJ_REAL_50.0,contractual_issues_.3,60,76.0,1,Contractual issues .3,0.750145623718469,0,16.0,240000.0,PROJ_REAL_50.0_contractual_issues_.3
PROJ_REAL_51.0,contractual_issues_.3,60,76.0,1,Contractual issues .3,0.721250044110917,0,16.0,240000.0,PROJ_REAL_51.0_contractual_issues_.3
PROJ_REAL_52.0,contractual_issues_.3,60,76.0,1,Contractual issues .3,0.7984071890447348,0,16.0,240000.0,PROJ_REAL_52.0_contractual_issues_.3
PROJ_REAL_53.0,contractual_issues_.3,60,80.0,1,Contractual issues .3,1.0,0,20.0,300000.0,PROJ_REAL_53.0_contractual_issues_.3
PROJ_REAL_54.0,contractual_issues_.3,60,76.0,1,Contractual issues .3,0.7856954948696597,0,16.0,240000.0,PROJ_REAL_54.0_contractual_issues_.3
PROJ_REAL_55.0,contractual_issues_.3,60,76.0,1,Contractual issues .3,0.7628320224280976,0,16.0,240000.0,PROJ_REAL_55.0_contractual_issues_.3
PROJ_REAL_56.0,contractual_issues_.3,60,80.0,1,Contractual issues .3,1.0,0,20.0,300000.0,PROJ_REAL_56.0_contractual_issues_.3
PROJ_REAL_57.0,contractual_issues_.3,60,80.0,1,Contractual issues .3,0.927945310879278,0,20.0,300000.0,PROJ_REAL_57.0_contractual_issues_.3
PROJ_REAL_58.0,contractual_issues_.3,60,72.0,1,Contractual issues .3,0.6378402853748555,0,12.0,180000.0,PROJ_REAL_58.0_contractual_issues_.3
PROJ_REAL_59.0,contractual_issues_.3,60,80.0,1,Contractual issues .3,0.8991438066161609,0,20.0,300000.0,PROJ_REAL_59.0_contractual_issues_.3
PROJ_REAL_60.0,contractual_issues_.3,60,76.0,1,Contractual issues .3,0.7889586724434585,0,16.0,240000.0,PROJ_REAL_60.0_contractual_issues_.3
PROJ_REAL_61.0,contractual_issues_.3,60,76.0,1,Contractual issues .3,0.8885063649200744,0,16.0,240000.0,PROJ_REAL_61.0_contractual_issues_.3
PROJ_REAL_62.0,contractual_issues_.3,60,80.0,1,Contractual issues .3,0.780108599190697,0,20.0,300000.0,PROJ_REAL_62.0_contractual_issues_.3
PROJ_REAL_63.0,contractual_issues_.3,60,80.0,1,Contractual issues .3,1.0,0,20.0,300000.0,PROJ_REAL_63.0_contractual_issues_.3
PROJ_REAL_64.0,contractual_issues_.3,60,68.0,0,Contractual issues .3,0.549792698149166,0,8.0,0.0,PROJ_REAL_64.0_contractual_issues_.3
PROJ_REAL_65.0,contractual_issues_.3,60,76.0,1,Contractual issues .3,0.641406517450684,0,16.0,240000.0,PROJ_REAL_65.0_contractual_issues_.3
PROJ_REAL_66.0,contractual_issues_.3,60,76.0,1,Contractual issues .3,0.8934185035952951,0,16.0,240000.0,PROJ_REAL_66.0_contractual_issues_.3
PROJ_REAL_67.0,contractual_issues_.3,60,76.0,1,Contractual issues .3,0.8066527618082694,0,16.0,240000.0,PROJ_REAL_67.0_contractual_issues_.3
PROJ_REAL_68.0,contractual_issues_.3,60,76.0,1,Contractual issues .3,0.8003208164286468,0,16.0,240000.0,PROJ_REAL_68.0_contractual_issues_.3
PROJ_REAL_69.0,contractual_issues_.3,60,72.0,1,Contractual issues .3,0.5472028679364966,0,12.0,180000.0,PROJ_REAL_69.0_contractual_issues_.3
PROJ_REAL_70.0,contractual_issues_.3,60,80.0,1,Contractual issues .3,1.0,0,20.0,300000.0,PROJ_REAL_70.0_contractual_issues_.3
PROJ_REAL_71.0,contractual_issues_.3,60,76.0,1,Contractual issues .3,0.8859885333482462,0,16.0,240000.0,PROJ_REAL_71.0_contractual_issues_.3
PROJ_REAL_72.0,contractual_issues_.3,60,76.0,1,Contractual issues .3,0.8205353374435366,0,16.0,240000.0,PROJ_REAL_72.0_contractual_issues_.3
PROJ_REAL_73.0,contractual_issues_.3,60,64.0,0,Contractual issues .3,0.1788062087765469,0,4.0,0.0,PROJ_REAL_73.0_contractual_issues_.3
PROJ_REAL_74.0,contractual_issues_.3,60,72.0,1,Contractual issues .3,0.6237773103170753,0,12.0,180000.0,PROJ_REAL_74.0_contractual_issues_.3
PROJ_REAL_75.0,contractual_issues_.3,60,80.0,1,Contractual issues .3,0.9272292971655876,0,20.0,300000.0,PROJ_REAL_75.0_contractual_issues_.3
PROJ_REAL_76.0,contractual_issues_.3,60,64.0,0,Contractual issues .3,0.2358731057431246,0,4.0,0.0,PROJ_REAL_76.0_contractual_issues_.3
PROJ_REAL_77.0,contractual_issues_.3,60,80.0,1,Contractual issues .3,1.0,0,20.0,300000.0,PROJ_REAL_77.0_contractual_issues_.3
PROJ_REAL_78.0,contractual_issues_.3,60,80.0,1,Contractual issues .3,1.0,0,20.0,300000.0,PROJ_REAL_78.0_contractual_issues_.3
PROJ_REAL_79.0,contractual_issues_.3,60,72.0,1,Contractual issues .3,0.3897436417527063,0,12.0,180000.0,PROJ_REAL_79.0_contractual_issues_.3
PROJ_REAL_80.0,contractual_issues_.3,60,72.0,1,Contractual issues .3,0.4744389897235599,0,12.0,180000.0,PROJ_REAL_80.0_contractual_issues_.3
PROJ_REAL_81.0,contractual_issues_.3,60,76.0,1,Contractual issues .3,0.9092691212632475,0,16.0,240000.0,PROJ_REAL_81.0_contractual_issues_.3
PROJ_REAL_82.0,contractual_issues_.3,60,64.0,0,Contractual issues .3,0.1383357492235002,0,4.0,0.0,PROJ_REAL_82.0_contractual_issues_.3
PROJ_REAL_83.0,contractual_issues_.3,60,76.0,1,Contractual issues .3,0.7786798270866674,0,16.0,240000.0,PROJ_REAL_83.0_contractual_issues_.3
PROJ_REAL_84.0,contractual_issues_.3,60,76.0,1,Contractual issues .3,0.8954271463233797,0,16.0,240000.0,PROJ_REAL_84.0_contractual_issues_.3
PROJ_REAL_85.0,contractual_issues_.3,60,76.0,1,Contractual issues .3,0.7574721844729382,0,16.0,240000.0,PROJ_REAL_85.0_contractual_issues_.3
PROJ_REAL_86.0,contractual_issues_.3,60,76.0,1,Contractual issues .3,0.8854346116583147,0,16.0,240000.0,PROJ_REAL_86.0_contractual_issues_.3
PROJ_REAL_87.0,contractual_issues_.3,60,76.0,1,Contractual issues .3,0.8193745392039705,0,16.0,240000.0,PROJ_REAL_87.0_contractual_issues_.3
PROJ_REAL_88.0,contractual_issues_.3,60,76.0,1,Contractual issues .3,0.6495959619271617,0,16.0,240000.0,PROJ_REAL_88.0_contractual_issues_.3
PROJ_REAL_89.0,contractual_issues_.3,60,76.0,1,Contractual issues .3,0.6378176829136097,0,16.0,240000.0,PROJ_REAL_89.0_contractual_issues_.3
PROJ_REAL_90.0,contractual_issues_.3,60,72.0,1,Contractual issues .3,0.5344491319528434,0,12.0,180000.0,PROJ_REAL_90.0_contractual_issues_.3
PROJ_REAL_91.0,contractual_issues_.3,60,80.0,1,Contractual issues .3,1.0,0,20.0,300000.0,PROJ_REAL_91.0_contractual_issues_.3
PROJ_REAL_92.0,contractual_issues_.3,60,76.0,1,Contractual issues .3,0.6805628650600596,0,16.0,240000.0,PROJ_REAL_92.0_contractual_issues_.3
PROJ_REAL_93.0,contractual_issues_.3,60,72.0,1,Contractual issues .3,0.6858535796103331,0,12.0,180000.0,PROJ_REAL_93.0_contractual_issues_.3
PROJ_REAL_94.0,contractual_issues_.3,60,80.0,1,Contractual issues .3,0.9600794107429204,0,20.0,300000.0,PROJ_REAL_94.0_contractual_issues_.3
PROJ_REAL_95.0,contractual_issues_.3,60,76.0,1,Contractual issues .3,0.8116898360821606,0,16.0,240000.0,PROJ_REAL_95.0_contractual_issues_.3
PROJ_REAL_96.0,contractual_issues_.3,60,72.0,1,Contractual issues .3,0.7702385714724267,0,12.0,180000.0,PROJ_REAL_96.0_contractual_issues_.3
PROJ_REAL_97.0,contractual_issues_.3,60,80.0,1,Contractual issues .3,1.0,0,20.0,300000.0,PROJ_REAL_97.0_contractual_issues_.3
PROJ_REAL_98.0,contractual_issues_.3,60,80.0,1,Contractual issues .3,1.0,0,20.0,300000.0,PROJ_REAL_98.0_contractual_issues_.3
PROJ_REAL_99.0,contractual_issues_.3,60,76.0,1,Contractual issues .3,0.8029972765486133,0,16.0,240000.0,PROJ_REAL_99.0_contractual_issues_.3
PROJ_REAL_100.0,contractual_issues_.3,60,80.0,1,Contractual issues .3,0.933744931443249,0,20.0,300000.0,PROJ_REAL_100.0_contractual_issues_.3
PROJ_REAL_101.0,contractual_issues_.3,60,72.0,1,Contractual issues .3,0.677094114637832,0,12.0,180000.0,PROJ_REAL_101.0_contractual_issues_.3
PROJ_REAL_102.0,contractual_issues_.3,60,72.0,1,Contractual issues .3,0.5367341599404153,0,12.0,180000.0,PROJ_REAL_102.0_contractual_issues_.3
PROJ_REAL_103.0,contractual_issues_.3,60,76.0,1,Contractual issues .3,0.8299141394903955,0,16.0,240000.0,PROJ_REAL_103.0_contractual_issues_.3
PROJ_REAL_104.0,contractual_issues_.3,60,72.0,1,Contractual issues .3,0.6537126728984823,0,12.0,180000.0,PROJ_REAL_104.0_contractual_issues_.3
PROJ_REAL_105.0,contractual_issues_.3,60,72.0,1,Contractual issues .3,0.4941697447928141,0,12.0,180000.0,PROJ_REAL_105.0_contractual_issues_.3
PROJ_REAL_106.0,contractual_issues_.3,60,76.0,1,Contractual issues .3,0.8011301188807307,0,16.0,240000.0,PROJ_REAL_106.0_contractual_issues_.3
PROJ_REAL_107.0,contractual_issues_.3,60,76.0,1,Contractual issues .3,0.7006210456359072,0,16.0,240000.0,PROJ_REAL_107.0_contractual_issues_.3
PROJ_REAL_108.0,contractual_issues_.3,60,64.0,0,Contractual issues .3,0.0975606489361783,0,4.0,0.0,PROJ_REAL_108.0_contractual_issues_.3
PROJ_REAL_109.0,contractual_issues_.3,60,76.0,1,Contractual issues .3,0.9263052151692026,0,16.0,240000.0,PROJ_REAL_109.0_contractual_issues_.3
PROJ_REAL_110.0,contractual_issues_.3,60,72.0,1,Contractual issues .3,0.5673653334082895,0,12.0,180000.0,PROJ_REAL_110.0_contractual_issues_.3
PROJ_REAL_111.0,contractual_issues_.3,60,76.0,1,Contractual issues .3,0.7354093929293283,0,16.0,240000.0,PROJ_REAL_111.0_contractual_issues_.3
PROJ_REAL_112.0,contractual_issues_.3,60,72.0,1,Contractual issues .3,0.6787339355602975,0,12.0,180000.0,PROJ_REAL_112.0_contractual_issues_.3
PROJ_REAL_113.0,contractual_issues_.3,60,72.0,1,Contractual issues .3,0.5658688028048602,0,12.0,180000.0,PROJ_REAL_113.0_contractual_issues_.3
PROJ_REAL_114.0,contractual_issues_.3,60,76.0,1,Contractual issues .3,1.0,0,16.0,240000.0,PROJ_REAL_114.0_contractual_issues_.3
PROJ_REAL_115.0,contractual_issues_.3,60,76.0,1,Contractual issues .3,0.8694203083407881,0,16.0,240000.0,PROJ_REAL_115.0_contractual_issues_.3
PROJ_REAL_116.0,contractual_issues_.3,60,72.0,1,Contractual issues .3,0.7507464075081917,0,12.0,180000.0,PROJ_REAL_116.0_contractual_issues_.3
PROJ_REAL_117.0,contractual_issues_.3,60,80.0,1,Contractual issues .3,0.9798775965192302,0,20.0,300000.0,PROJ_REAL_117.0_contractual_issues_.3
PROJ_REAL_118.0,contractual_issues_.3,60,76.0,1,Contractual issues .3,0.9337925117797444,0,16.0,240000.0,PROJ_REAL_118.0_contractual_issues_.3
PROJ_REAL_119.0,contractual_issues_.3,60,76.0,1,Contractual issues .3,0.7265534820462817,0,16.0,240000.0,PROJ_REAL_119.0_contractual_issues_.3
PROJ_REAL_120.0,contractual_issues_.3,60,76.0,1,Contractual issues .3,0.743927046734202,0,16.0,240000.0,PROJ_REAL_120.0_contractual_issues_.3
PROJ_REAL_121.0,contractual_issues_.3,60,76.0,1,Contractual issues .3,0.6726821728505936,0,16.0,240000.0,PROJ_REAL_121.0_contractual_issues_.3
PROJ_REAL_122.0,contractual_issues_.3,60,72.0,1,Contractual issues .3,0.6292368757667088,0,12.0,180000.0,PROJ_REAL_122.0_contractual_issues_.3
PROJ_REAL_123.0,contractual_issues_.3,60,76.0,1,Contractual issues .3,0.767563688336558,0,16.0,240000.0,PROJ_REAL_123.0_contractual_issues_.3
PROJ_REAL_124.0,contractual_issues_.3,60,80.0,1,Contractual issues .3,1.0,0,20.0,300000.0,PROJ_REAL_124.0_contractual_issues_.3
PROJ_REAL_125.0,contractual_issues_.3,60,76.0,1,Contractual issues .3,0.8035110056365034,0,16.0,240000.0,PROJ_REAL_125.0_contractual_issues_.3
PROJ_REAL_126.0,contractual_issues_.3,60,76.0,1,Contractual issues .3,0.9056387275417248,0,16.0,240000.0,PROJ_REAL_126.0_contractual_issues_.3
PROJ_REAL_127.0,contractual_issues_.3,60,72.0,1,Contractual issues .3,0.6223141856788691,0,12.0,180000.0,PROJ_REAL_127.0_contractual_issues_.3
PROJ_REAL_128.0,contractual_issues_.3,60,76.0,1,Contractual issues .3,0.746142409300051,0,16.0,240000.0,PROJ_REAL_128.0_contractual_issues_.3
PROJ_REAL_129.0,contractual_issues_.3,60,76.0,1,Contractual issues .3,0.8688928411612549,0,16.0,240000.0,PROJ_REAL_129.0_contractual_issues_.3
PROJ_REAL_130.0,contractual_issues_.3,60,72.0,1,Contractual issues .3,0.6253578667458786,0,12.0,180000.0,PROJ_REAL_130.0_contractual_issues_.3
PROJ_REAL_131.0,contractual_issues_.3,60,72.0,1,Contractual issues .3,0.608736569571147,0,12.0,180000.0,PROJ_REAL_131.0_contractual_issues_.3
PROJ_REAL_132.0,contractual_issues_.3,60,72.0,1,Contractual issues .3,0.6138359718257869,0,12.0,180000.0,PROJ_REAL_132.0_contractual_issues_.3
PROJ_REAL_133.0,contractual_issues_.3,60,64.0,0,Contractual issues .3,0.3385075725737932,0,4.0,0.0,PROJ_REAL_133.0_contractual_issues_.3
PROJ_REAL_134.0,contractual_issues_.3,60,72.0,1,Contractual issues .3,0.6645746083871932,0,12.0,180000.0,PROJ_REAL_134.0_contractual_issues_.3
PROJ_REAL_135.0,contractual_issues_.3,60,76.0,1,Contractual issues .3,0.7119450149500293,0,16.0,240000.0,PROJ_REAL_135.0_contractual_issues_.3
PROJ_REAL_136.0,contractual_issues_.3,60,76.0,1,Contractual issues .3,0.8973310790646657,0,16.0,240000.0,PROJ_REAL_136.0_contractual_issues_.3
PROJ_REAL_137.0,contractual_issues_.3,60,80.0,1,Contractual issues .3,0.8582766852387318,0,20.0,300000.0,PROJ_REAL_137.0_contractual_issues_.3
PROJ_REAL_138.0,contractual_issues_.3,60,72.0,1,Contractual issues .3,0.6063171255681358,0,12.0,180000.0,PROJ_REAL_138.0_contractual_issues_.3
PROJ_REAL_139.0,contractual_issues_.3,60,76.0,1,Contractual issues .3,0.7277176777750255,0,16.0,240000.0,PROJ_REAL_139.0_contractual_issues_.3
PROJ_REAL_140.0,contractual_issues_.3,60,76.0,1,Contractual issues .3,0.80184877848795,0,16.0,240000.0,PROJ_REAL_140.0_contractual_issues_.3
PROJ_REAL_141.0,contractual_issues_.3,60,76.0,1,Contractual issues .3,0.8553151546410058,0,16.0,240000.0,PROJ_REAL_141.0_contractual_issues_.3
PROJ_REAL_142.0,contractual_issues_.3,60,76.0,1,Contractual issues .3,0.8267180721597107,0,16.0,240000.0,PROJ_REAL_142.0_contractual_issues_.3
PROJ_REAL_143.0,contractual_issues_.3,60,76.0,1,Contractual issues .3,0.7864225979749222,0,16.0,240000.0,PROJ_REAL_143.0_contractual_issues_.3
PROJ_REAL_1.0,contractual_issues_.4,60,68.0,0,Contractual issues .4,0.4129449105018497,0,8.0,0.0,PROJ_REAL_1.0_contractual_issues_.4
PROJ_REAL_2.0,contractual_issues_.4,60,76.0,1,Contractual issues .4,0.8864807887800921,0,16.0,240000.0,PROJ_REAL_2.0_contractual_issues_.4
PROJ_REAL_3.0,contractual_issues_.4,60,76.0,1,Contractual issues .4,0.7589430838263203,0,16.0,240000.0,PROJ_REAL_3.0_contractual_issues_.4
PROJ_REAL_4.0,contractual_issues_.4,60,76.0,1,Contractual issues .4,0.9183176978672476,0,16.0,240000.0,PROJ_REAL_4.0_contractual_issues_.4
PROJ_REAL_5.0,contractual_issues_.4,60,76.0,1,Contractual issues .4,0.8228992986626598,0,16.0,240000.0,PROJ_REAL_5.0_contractual_issues_.4
PROJ_REAL_6.0,contractual_issues_.4,60,68.0,0,Contractual issues .4,0.4108553689739935,0,8.0,0.0,PROJ_REAL_6.0_contractual_issues_.4
PROJ_REAL_7.0,contractual_issues_.4,60,76.0,1,Contractual issues .4,0.9440057746565886,0,16.0,240000.0,PROJ_REAL_7.0_contractual_issues_.4
PROJ_REAL_8.0,contractual_issues_.4,60,68.0,0,Contractual issues .4,0.545452033651894,0,8.0,0.0,PROJ_REAL_8.0_contractual_issues_.4
PROJ_REAL_9.0,contractual_issues_.4,60,68.0,0,Contractual issues .4,0.5271876594039188,0,8.0,0.0,PROJ_REAL_9.0_contractual_issues_.4
PROJ_REAL_10.0,contractual_issues_.4,60,68.0,0,Contractual issues .4,0.2645286135195125,0,8.0,0.0,PROJ_REAL_10.0_contractual_issues_.4
PROJ_REAL_11.0,contractual_issues_.4,60,72.0,1,Contractual issues .4,0.452843717695457,0,12.0,180000.0,PROJ_REAL_11.0_contractual_issues_.4
PROJ_REAL_12.0,contractual_issues_.4,60,76.0,1,Contractual issues .4,0.8198752015681671,0,16.0,240000.0,PROJ_REAL_12.0_contractual_issues_.4
PROJ_REAL_13.0,contractual_issues_.4,60,80.0,1,Contractual issues .4,0.8754873583795514,0,20.0,300000.0,PROJ_REAL_13.0_contractual_issues_.4
PROJ_REAL_14.0,contractual_issues_.4,60,72.0,1,Contractual issues .4,0.7078610571407152,0,12.0,180000.0,PROJ_REAL_14.0_contractual_issues_.4
PROJ_REAL_15.0,contractual_issues_.4,60,72.0,1,Contractual issues .4,0.6876092154357443,0,12.0,180000.0,PROJ_REAL_15.0_contractual_issues_.4
PROJ_REAL_16.0,contractual_issues_.4,60,72.0,1,Contractual issues .4,0.734573737328174,0,12.0,180000.0,PROJ_REAL_16.0_contractual_issues_.4
PROJ_REAL_17.0,contractual_issues_.4,60,80.0,1,Contractual issues .4,0.9243706371168272,0,20.0,300000.0,PROJ_REAL_17.0_contractual_issues_.4
PROJ_REAL_18.0,contractual_issues_.4,60,76.0,1,Contractual issues .4,0.7913304697333143,0,16.0,240000.0,PROJ_REAL_18.0_contractual_issues_.4
PROJ_REAL_19.0,contractual_issues_.4,60,64.0,0,Contractual issues .4,0.1241514451506966,0,4.0,0.0,PROJ_REAL_19.0_contractual_issues_.4
PROJ_REAL_20.0,contractual_issues_.4,60,80.0,1,Contractual issues .4,0.9533037902032075,0,20.0,300000.0,PROJ_REAL_20.0_contractual_issues_.4
PROJ_REAL_21.0,contractual_issues_.4,60,76.0,1,Contractual issues .4,0.9039735327339822,0,16.0,240000.0,PROJ_REAL_21.0_contractual_issues_.4
PROJ_REAL_22.0,contractual_issues_.4,60,72.0,1,Contractual issues .4,0.6694047042817084,0,12.0,180000.0,PROJ_REAL_22.0_contractual_issues_.4
PROJ_REAL_23.0,contractual_issues_.4,60,80.0,1,Contractual issues .4,1.0,0,20.0,300000.0,PROJ_REAL_23.0_contractual_issues_.4
PROJ_REAL_24.0,contractual_issues_.4,60,72.0,1,Contractual issues .4,0.6357006718379543,0,12.0,180000.0,PROJ_REAL_24.0_contractual_issues_.4
PROJ_REAL_25.0,contractual_issues_.4,60,72.0,1,Contractual issues .4,0.7316015785567312,0,12.0,180000.0,PROJ_REAL_25.0_contractual_issues_.4
PROJ_REAL_26.0,contractual_issues_.4,60,80.0,1,Contractual issues .4,0.956662573951339,0,20.0,300000.0,PROJ_REAL_26.0_contractual_issues_.4
PROJ_REAL_27.0,contractual_issues_.4,60,76.0,1,Contractual issues .4,0.6943788883303298,0,16.0,240000.0,PROJ_REAL_27.0_contractual_issues_.4
PROJ_REAL_28.0,contractual_issues_.4,60,76.0,1,Contractual issues .4,0.7878018258468287,0,16.0,240000.0,PROJ_REAL_28.0_contractual_issues_.4
PROJ_REAL_29.0,contractual_issues_.4,60,72.0,1,Contractual issues .4,0.7012180851619881,0,12.0,180000.0,PROJ_REAL_29.0_contractual_issues_.4
PROJ_REAL_30.0,contractual_issues_.4,60,68.0,0,Contractual issues .4,0.4589543678537575,0,8.0,0.0,PROJ_REAL_30.0_contractual_issues_.4
PROJ_REAL_31.0,contractual_issues_.4,60,72.0,1,Contractual issues .4,0.5721039853388803,0,12.0,180000.0,PROJ_REAL_31.0_contractual_issues_.4
PROJ_REAL_32.0,contractual_issues_.4,60,72.0,1,Contractual issues .4,0.638610897005169,0,12.0,180000.0,PROJ_REAL_32.0_contractual_issues_.4
PROJ_REAL_33.0,contractual_issues_.4,60,76.0,1,Contractual issues .4,0.8569832626036428,0,16.0,240000.0,PROJ_REAL_33.0_contractual_issues_.4
PROJ_REAL_34.0,contractual_issues_.4,60,76.0,1,Contractual issues .4,0.779794059495926,0,16.0,240000.0,PROJ_REAL_34.0_contractual_issues_.4
PROJ_REAL_35.0,contractual_issues_.4,60,80.0,1,Contractual issues .4,1.0,0,20.0,300000.0,PROJ_REAL_35.0_contractual_issues_.4
PROJ_REAL_36.0,contractual_issues_.4,60,72.0,1,Contractual issues .4,0.6340665747663333,0,12.0,180000.0,PROJ_REAL_36.0_contractual_issues_.4
PROJ_REAL_37.0,contractual_issues_.4,60,68.0,0,Contractual issues .4,0.4355209726779381,0,8.0,0.0,PROJ_REAL_37.0_contractual_issues_.4
PROJ_REAL_38.0,contractual_issues_.4,60,72.0,1,Contractual issues .4,0.6832431459802271,0,12.0,180000.0,PROJ_REAL_38.0_contractual_issues_.4
PROJ_REAL_39.0,contractual_issues_.4,60,80.0,1,Contractual issues .4,1.0,0,20.0,300000.0,PROJ_REAL_39.0_contractual_issues_.4
PROJ_REAL_40.0,contractual_issues_.4,60,76.0,1,Contractual issues .4,0.8912865942253889,0,16.0,240000.0,PROJ_REAL_40.0_contractual_issues_.4
PROJ_REAL_41.0,contractual_issues_.4,60,80.0,1,Contractual issues .4,1.0,0,20.0,300000.0,PROJ_REAL_41.0_contractual_issues_.4
PROJ_REAL_42.0,contractual_issues_.4,60,76.0,1,Contractual issues .4,0.939424899271882,0,16.0,240000.0,PROJ_REAL_42.0_contractual_issues_.4
PROJ_REAL_43.0,contractual_issues_.4,60,80.0,1,Contractual issues .4,1.0,0,20.0,300000.0,PROJ_REAL_43.0_contractual_issues_.4
PROJ_REAL_44.0,contractual_issues_.4,60,76.0,1,Contractual issues .4,0.8979813246648198,0,16.0,240000.0,PROJ_REAL_44.0_contractual_issues_.4
PROJ_REAL_45.0,contractual_issues_.4,60,80.0,1,Contractual issues .4,0.9998388045423116,0,20.0,300000.0,PROJ_REAL_45.0_contractual_issues_.4
PROJ_REAL_46.0,contractual_issues_.4,60,80.0,1,Contractual issues .4,1.0,0,20.0,300000.0,PROJ_REAL_46.0_contractual_issues_.4
PROJ_REAL_47.0,contractual_issues_.4,60,76.0,1,Contractual issues .4,1.0,0,16.0,240000.0,PROJ_REAL_47.0_contractual_issues_.4
PROJ_REAL_48.0,contractual_issues_.4,60,80.0,1,Contractual issues .4,0.9839053248104996,0,20.0,300000.0,PROJ_REAL_48.0_contractual_issues_.4
PROJ_REAL_49.0,contractual_issues_.4,60,72.0,1,Contractual issues .4,0.7193125707989222,0,12.0,180000.0,PROJ_REAL_49.0_contractual_issues_.4
PROJ_REAL_50.0,contractual_issues_.4,60,76.0,1,Contractual issues .4,0.8834294540087619,0,16.0,240000.0,PROJ_REAL_50.0_contractual_issues_.4
PROJ_REAL_51.0,contractual_issues_.4,60,72.0,1,Contractual issues .4,0.5043439091372135,0,12.0,180000.0,PROJ_REAL_51.0_contractual_issues_.4
PROJ_REAL_52.0,contractual_issues_.4,60,76.0,1,Contractual issues .4,0.7591596301817205,0,16.0,240000.0,PROJ_REAL_52.0_contractual_issues_.4
PROJ_REAL_53.0,contractual_issues_.4,60,76.0,1,Contractual issues .4,0.8228723841967711,0,16.0,240000.0,PROJ_REAL_53.0_contractual_issues_.4
PROJ_REAL_54.0,contractual_issues_.4,60,80.0,1,Contractual issues .4,0.9733370573473068,0,20.0,300000.0,PROJ_REAL_54.0_contractual_issues_.4
PROJ_REAL_55.0,contractual_issues_.4,60,76.0,1,Contractual issues .4,0.7436110509926109,0,16.0,240000.0,PROJ_REAL_55.0_contractual_issues_.4
PROJ_REAL_56.0,contractual_issues_.4,60,72.0,1,Contractual issues .4,0.5194307173232379,0,12.0,180000.0,PROJ_REAL_56.0_contractual_issues_.4
PROJ_REAL_57.0,contractual_issues_.4,60,72.0,1,Contractual issues .4,0.5060938039795193,0,12.0,180000.0,PROJ_REAL_57.0_contractual_issues_.4
PROJ_REAL_58.0,contractual_issues_.4,60,64.0,0,Contractual issues .4,0.0710471464649231,0,4.0,0.0,PROJ_REAL_58.0_contractual_issues_.4
PROJ_REAL_59.0,contractual_issues_.4,60,72.0,1,Contractual issues .4,0.5059620567386128,0,12.0,180000.0,PROJ_REAL_59.0_contractual_issues_.4
PROJ_REAL_60.0,contractual_issues_.4,60,80.0,1,Contractual issues .4,1.0,0,20.0,300000.0,PROJ_REAL_60.0_contractual_issues_.4
PROJ_REAL_61.0,contractual_issues_.4,60,80.0,1,Contractual issues .4,0.8629473576242844,0,20.0,300000.0,PROJ_REAL_61.0_contractual_issues_.4
PROJ_REAL_62.0,contractual_issues_.4,60,76.0,1,Contractual issues .4,0.7396163027507822,0,16.0,240000.0,PROJ_REAL_62.0_contractual_issues_.4
PROJ_REAL_63.0,contractual_issues_.4,60,72.0,1,Contractual issues .4,0.4741044289374518,0,12.0,180000.0,PROJ_REAL_63.0_contractual_issues_.4
PROJ_REAL_64.0,contractual_issues_.4,60,72.0,1,Contractual issues .4,0.4527960855804562,0,12.0,180000.0,PROJ_REAL_64.0_contractual_issues_.4
PROJ_REAL_65.0,contractual_issues_.4,60,76.0,1,Contractual issues .4,0.6858216296645913,0,16.0,240000.0,PROJ_REAL_65.0_contractual_issues_.4
PROJ_REAL_66.0,contractual_issues_.4,60,80.0,1,Contractual issues .4,1.0,0,20.0,300000.0,PROJ_REAL_66.0_contractual_issues_.4
PROJ_REAL_67.0,contractual_issues_.4,60,80.0,1,Contractual issues .4,1.0,0,20.0,300000.0,PROJ_REAL_67.0_contractual_issues_.4
PROJ_REAL_68.0,contractual_issues_.4,60,76.0,1,Contractual issues .4,0.7366774055608938,0,16.0,240000.0,PROJ_REAL_68.0_contractual_issues_.4
PROJ_REAL_69.0,contractual_issues_.4,60,76.0,1,Contractual issues .4,0.7001323378472253,0,16.0,240000.0,PROJ_REAL_69.0_contractual_issues_.4
PROJ_REAL_70.0,contractual_issues_.4,60,76.0,1,Contractual issues .4,0.7444443548418836,0,16.0,240000.0,PROJ_REAL_70.0_contractual_issues_.4
PROJ_REAL_71.0,contractual_issues_.4,60,76.0,1,Contractual issues .4,0.8005673669889616,0,16.0,240000.0,PROJ_REAL_71.0_contractual_issues_.4
PROJ_REAL_72.0,contractual_issues_.4,60,80.0,1,Contractual issues .4,0.6982201290073631,0,20.0,300000.0,PROJ_REAL_72.0_contractual_issues_.4
PROJ_REAL_73.0,contractual_issues_.4,60,64.0,0,Contractual issues .4,0.2562962342061364,0,4.0,0.0,PROJ_REAL_73.0_contractual_issues_.4
PROJ_REAL_74.0,contractual_issues_.4,60,68.0,0,Contractual issues .4,0.4700136365127598,0,8.0,0.0,PROJ_REAL_74.0_contractual_issues_.4
PROJ_REAL_75.0,contractual_issues_.4,60,72.0,1,Contractual issues .4,0.7195131174759779,0,12.0,180000.0,PROJ_REAL_75.0_contractual_issues_.4
PROJ_REAL_76.0,contractual_issues_.4,60,76.0,1,Contractual issues .4,0.7149375857053414,0,16.0,240000.0,PROJ_REAL_76.0_contractual_issues_.4
PROJ_REAL_77.0,contractual_issues_.4,60,76.0,1,Contractual issues .4,0.9556834763755616,0,16.0,240000.0,PROJ_REAL_77.0_contractual_issues_.4
PROJ_REAL_78.0,contractual_issues_.4,60,80.0,1,Contractual issues .4,1.0,0,20.0,300000.0,PROJ_REAL_78.0_contractual_issues_.4
PROJ_REAL_79.0,contractual_issues_.4,60,72.0,1,Contractual issues .4,0.698433208701357,0,12.0,180000.0,PROJ_REAL_79.0_contractual_issues_.4
PROJ_REAL_80.0,contractual_issues_.4,60,72.0,1,Contractual issues .4,0.6858821332512367,0,12.0,180000.0,PROJ_REAL_80.0_contractual_issues_.4
PROJ_REAL_81.0,contractual_issues_.4,60,76.0,1,Contractual issues .4,0.638786551891304,0,16.0,240000.0,PROJ_REAL_81.0_contractual_issues_.4
PROJ_REAL_82.0,contractual_issues_.4,60,64.0,0,Contractual issues .4,0.1891256229623801,0,4.0,0.0,PROJ_REAL_82.0_contractual_issues_.4
PROJ_REAL_83.0,contractual_issues_.4,60,80.0,1,Contractual issues .4,0.9154517100221038,0,20.0,300000.0,PROJ_REAL_83.0_contractual_issues_.4
PROJ_REAL_84.0,contractual_issues_.4,60,76.0,1,Contractual issues .4,0.8337332518653309,0,16.0,240000.0,PROJ_REAL_84.0_contractual_issues_.4
PROJ_REAL_85.0,contractual_issues_.4,60,76.0,1,Contractual issues .4,0.8276322509865794,0,16.0,240000.0,PROJ_REAL_85.0_contractual_issues_.4
PROJ_REAL_86.0,contractual_issues_.4,60,72.0,1,Contractual issues .4,0.7363376661804755,0,12.0,180000.0,PROJ_REAL_86.0_contractual_issues_.4
PROJ_REAL_87.0,contractual_issues_.4,60,76.0,1,Contractual issues .4,0.8059830674294084,0,16.0,240000.0,PROJ_REAL_87.0_contractual_issues_.4
PROJ_REAL_88.0,contractual_issues_.4,60,76.0,1,Contractual issues .4,0.8708563700715689,0,16.0,240000.0,PROJ_REAL_88.0_contractual_issues_.4
PROJ_REAL_89.0,contractual_issues_.4,60,76.0,1,Contractual issues .4,0.879635942998841,0,16.0,240000.0,PROJ_REAL_89.0_contractual_issues_.4
PROJ_REAL_90.0,contractual_issues_.4,60,68.0,0,Contractual issues .4,0.5781158903773834,0,8.0,0.0,PROJ_REAL_90.0_contractual_issues_.4
PROJ_REAL_91.0,contractual_issues_.4,60,80.0,1,Contractual issues .4,0.8904859435015308,0,20.0,300000.0,PROJ_REAL_91.0_contractual_issues_.4
PROJ_REAL_92.0,contractual_issues_.4,60,72.0,1,Contractual issues .4,0.5232137127099978,0,12.0,180000.0,PROJ_REAL_92.0_contractual_issues_.4
PROJ_REAL_93.0,contractual_issues_.4,60,68.0,0,Contractual issues .4,0.3156028848661162,0,8.0,0.0,PROJ_REAL_93.0_contractual_issues_.4
PROJ_REAL_94.0,contractual_issues_.4,60,72.0,1,Contractual issues .4,0.6040178555604285,0,12.0,180000.0,PROJ_REAL_94.0_contractual_issues_.4
PROJ_REAL_95.0,contractual_issues_.4,60,76.0,1,Contractual issues .4,0.7922631657318061,0,16.0,240000.0,PROJ_REAL_95.0_contractual_issues_.4
PROJ_REAL_96.0,contractual_issues_.4,60,72.0,1,Contractual issues .4,0.7760699200326654,0,12.0,180000.0,PROJ_REAL_96.0_contractual_issues_.4
PROJ_REAL_97.0,contractual_issues_.4,60,80.0,1,Contractual issues .4,1.0,0,20.0,300000.0,PROJ_REAL_97.0_contractual_issues_.4
PROJ_REAL_98.0,contractual_issues_.4,60,76.0,1,Contractual issues .4,0.8760620547909848,0,16.0,240000.0,PROJ_REAL_98.0_contractual_issues_.4
PROJ_REAL_99.0,contractual_issues_.4,60,76.0,1,Contractual issues .4,0.6592432611558432,0,16.0,240000.0,PROJ_REAL_99.0_contractual_issues_.4
PROJ_REAL_100.0,contractual_issues_.4,60,68.0,0,Contractual issues .4,0.406541590100577,0,8.0,0.0,PROJ_REAL_100.0_contractual_issues_.4
PROJ_REAL_101.0,contractual_issues_.4,60,72.0,1,Contractual issues .4,0.5502101990312626,0,12.0,180000.0,PROJ_REAL_101.0_contractual_issues_.4
PROJ_REAL_102.0,contractual_issues_.4,60,72.0,1,Contractual issues .4,0.6748780752928628,0,12.0,180000.0,PROJ_REAL_102.0_contractual_issues_.4
PROJ_REAL_103.0,contractual_issues_.4,60,68.0,0,Contractual issues .4,0.3098866152152933,0,8.0,0.0,PROJ_REAL_103.0_contractual_issues_.4
PROJ_REAL_104.0,contractual_issues_.4,60,72.0,1,Contractual issues .4,0.5116968872595484,0,12.0,180000.0,PROJ_REAL_104.0_contractual_issues_.4
PROJ_REAL_105.0,contractual_issues_.4,60,72.0,1,Contractual issues .4,0.6804316604445577,0,12.0,180000.0,PROJ_REAL_105.0_contractual_issues_.4
PROJ_REAL_106.0,contractual_issues_.4,60,80.0,1,Contractual issues .4,0.8155848362686178,0,20.0,300000.0,PROJ_REAL_106.0_contractual_issues_.4
PROJ_REAL_107.0,contractual_issues_.4,60,76.0,1,Contractual issues .4,0.8113247363334066,0,16.0,240000.0,PROJ_REAL_107.0_contractual_issues_.4
PROJ_REAL_108.0,contractual_issues_.4,60,76.0,1,Contractual issues .4,0.9377268868183144,0,16.0,240000.0,PROJ_REAL_108.0_contractual_issues_.4
PROJ_REAL_109.0,contractual_issues_.4,60,76.0,1,Contractual issues .4,0.9009564510158512,0,16.0,240000.0,PROJ_REAL_109.0_contractual_issues_.4
PROJ_REAL_110.0,contractual_issues_.4,60,72.0,1,Contractual issues .4,0.8442283255744206,0,12.0,180000.0,PROJ_REAL_110.0_contractual_issues_.4
PROJ_REAL_111.0,contractual_issues_.4,60,76.0,1,Contractual issues .4,0.8853558151424639,0,16.0,240000.0,PROJ_REAL_111.0_contractual_issues_.4
PROJ_REAL_112.0,contractual_issues_.4,60,72.0,1,Contractual issues .4,0.6659312177493784,0,12.0,180000.0,PROJ_REAL_112.0_contractual_issues_.4
PROJ_REAL_113.0,contractual_issues_.4,60,76.0,1,Contractual issues .4,0.8885150103705124,0,16.0,240000.0,PROJ_REAL_113.0_contractual_issues_.4
PROJ_REAL_114.0,contractual_issues_.4,60,76.0,1,Contractual issues .4,0.638101129570537,0,16.0,240000.0,PROJ_REAL_114.0_contractual_issues_.4
PROJ_REAL_115.0,contractual_issues_.4,60,80.0,1,Contractual issues .4,1.0,0,20.0,300000.0,PROJ_REAL_115.0_contractual_issues_.4
PROJ_REAL_116.0,contractual_issues_.4,60,72.0,1,Contractual issues .4,0.7441459975350351,0,12.0,180000.0,PROJ_REAL_116.0_contractual_issues_.4
PROJ_REAL_117.0,contractual_issues_.4,60,68.0,0,Contractual issues .4,0.2656684087081013,0,8.0,0.0,PROJ_REAL_117.0_contractual_issues_.4
PROJ_REAL_118.0,contractual_issues_.4,60,76.0,1,Contractual issues .4,0.7763866325392783,0,16.0,240000.0,PROJ_REAL_118.0_contractual_issues_.4
PROJ_REAL_119.0,contractual_issues_.4,60,80.0,1,Contractual issues .4,0.8379175415709053,0,20.0,300000.0,PROJ_REAL_119.0_contractual_issues_.4
PROJ_REAL_120.0,contractual_issues_.4,60,76.0,1,Contractual issues .4,0.7924893813628744,0,16.0,240000.0,PROJ_REAL_120.0_contractual_issues_.4
PROJ_REAL_121.0,contractual_issues_.4,60,76.0,1,Contractual issues .4,0.611810008822312,0,16.0,240000.0,PROJ_REAL_121.0_contractual_issues_.4
PROJ_REAL_122.0,contractual_issues_.4,60,76.0,1,Contractual issues .4,0.7815725877852698,0,16.0,240000.0,PROJ_REAL_122.0_contractual_issues_.4
PROJ_REAL_123.0,contractual_issues_.4,60,76.0,1,Contractual issues .4,0.620104389338053,0,16.0,240000.0,PROJ_REAL_123.0_contractual_issues_.4
PROJ_REAL_124.0,contractual_issues_.4,60,76.0,1,Contractual issues .4,0.8300281195359362,0,16.0,240000.0,PROJ_REAL_124.0_contractual_issues_.4
PROJ_REAL_125.0,contractual_issues_.4,60,76.0,1,Contractual issues .4,0.6972292323367786,0,16.0,240000.0,PROJ_REAL_125.0_contractual_issues_.4
PROJ_REAL_126.0,contractual_issues_.4,60,76.0,1,Contractual issues .4,0.8172456503720168,0,16.0,240000.0,PROJ_REAL_126.0_contractual_issues_.4
PROJ_REAL_127.0,contractual_issues_.4,60,76.0,1,Contractual issues .4,0.96513616204706,0,16.0,240000.0,PROJ_REAL_127.0_contractual_issues_.4
PROJ_REAL_128.0,contractual_issues_.4,60,80.0,1,Contractual issues .4,1.0,0,20.0,300000.0,PROJ_REAL_128.0_contractual_issues_.4
PROJ_REAL_129.0,contractual_issues_.4,60,76.0,1,Contractual issues .4,0.8346720432667111,0,16.0,240000.0,PROJ_REAL_129.0_contractual_issues_.4
PROJ_REAL_130.0,contractual_issues_.4,60,76.0,1,Contractual issues .4,0.6692373123952855,0,16.0,240000.0,PROJ_REAL_130.0_contractual_issues_.4
PROJ_REAL_131.0,contractual_issues_.4,60,72.0,1,Contractual issues .4,0.6311724261115543,0,12.0,180000.0,PROJ_REAL_131.0_contractual_issues_.4
PROJ_REAL_132.0,contractual_issues_.4,60,72.0,1,Contractual issues .4,0.5707643327834717,0,12.0,180000.0,PROJ_REAL_132.0_contractual_issues_.4
PROJ_REAL_133.0,contractual_issues_.4,60,76.0,1,Contractual issues .4,0.680001775554889,0,16.0,240000.0,PROJ_REAL_133.0_contractual_issues_.4
PROJ_REAL_134.0,contractual_issues_.4,60,68.0,0,Contractual issues .4,0.3680528397239713,0,8.0,0.0,PROJ_REAL_134.0_contractual_issues_.4
PROJ_REAL_135.0,contractual_issues_.4,60,80.0,1,Contractual issues .4,0.9105405149269936,0,20.0,300000.0,PROJ_REAL_135.0_contractual_issues_.4
PROJ_REAL_136.0,contractual_issues_.4,60,76.0,1,Contractual issues .4,0.8548797362646867,0,16.0,240000.0,PROJ_REAL_136.0_contractual_issues_.4
PROJ_REAL_137.0,contractual_issues_.4,60,76.0,1,Contractual issues .4,0.8592262172289225,0,16.0,240000.0,PROJ_REAL_137.0_contractual_issues_.4
PROJ_REAL_138.0,contractual_issues_.4,60,76.0,1,Contractual issues .4,0.8483202085449918,0,16.0,240000.0,PROJ_REAL_138.0_contractual_issues_.4
PROJ_REAL_139.0,contractual_issues_.4,60,80.0,1,Contractual issues .4,0.941594998989432,0,20.0,300000.0,PROJ_REAL_139.0_contractual_issues_.4
PROJ_REAL_140.0,contractual_issues_.4,60,76.0,1,Contractual issues .4,0.7871763870425732,0,16.0,240000.0,PROJ_REAL_140.0_contractual_issues_.4
PROJ_REAL_141.0,contractual_issues_.4,60,72.0,1,Contractual issues .4,0.6505006138140923,0,12.0,180000.0,PROJ_REAL_141.0_contractual_issues_.4
PROJ_REAL_142.0,contractual_issues_.4,60,72.0,1,Contractual issues .4,0.5124421679730539,0,12.0,180000.0,PROJ_REAL_142.0_contractual_issues_.4
PROJ_REAL_143.0,contractual_issues_.4,60,72.0,1,Contractual issues .4,0.7054287881565419,0,12.0,180000.0,PROJ_REAL_143.0_contractual_issues_.4
PROJ_REAL_1.0,scope_of_work,60,72.0,1,Scope of work,0.6523735899350511,0,12.0,180000.0,PROJ_REAL_1.0_scope_of_work
PROJ_REAL_2.0,scope_of_work,60,72.0,1,Scope of work,0.5570089899873472,0,12.0,180000.0,PROJ_REAL_2.0_scope_of_work
PROJ_REAL_3.0,scope_of_work,60,68.0,0,Scope of work,0.4841349071562572,0,8.0,0.0,PROJ_REAL_3.0_scope_of_work
PROJ_REAL_4.0,scope_of_work,60,76.0,1,Scope of work,0.6972436354958668,0,16.0,240000.0,PROJ_REAL_4.0_scope_of_work
PROJ_REAL_5.0,scope_of_work,60,68.0,0,Scope of work,0.4605687144993821,0,8.0,0.0,PROJ_REAL_5.0_scope_of_work
PROJ_REAL_6.0,scope_of_work,60,72.0,1,Scope of work,0.6715614666200777,0,12.0,180000.0,PROJ_REAL_6.0_scope_of_work
PROJ_REAL_7.0,scope_of_work,60,76.0,1,Scope of work,0.7470265856529053,0,16.0,240000.0,PROJ_REAL_7.0_scope_of_work
PROJ_REAL_8.0,scope_of_work,60,72.0,1,Scope of work,0.5291735595049534,0,12.0,180000.0,PROJ_REAL_8.0_scope_of_work
PROJ_REAL_9.0,scope_of_work,60,76.0,1,Scope of work,0.741300708726201,0,16.0,240000.0,PROJ_REAL_9.0_scope_of_work
PROJ_REAL_10.0,scope_of_work,60,72.0,1,Scope of work,0.7168003828087648,0,12.0,180000.0,PROJ_REAL_10.0_scope_of_work
PROJ_REAL_11.0,scope_of_work,60,76.0,1,Scope of work,0.8688849339457972,0,16.0,240000.0,PROJ_REAL_11.0_scope_of_work
PROJ_REAL_12.0,scope_of_work,60,76.0,1,Scope of work,0.7981269046647039,0,16.0,240000.0,PROJ_REAL_12.0_scope_of_work
PROJ_REAL_13.0,scope_of_work,60,80.0,1,Scope of work,1.0,0,20.0,300000.0,PROJ_REAL_13.0_scope_of_work
PROJ_REAL_14.0,scope_of_work,60,76.0,1,Scope of work,0.9430368816127864,0,16.0,240000.0,PROJ_REAL_14.0_scope_of_work
PROJ_REAL_15.0,scope_of_work,60,80.0,1,Scope of work,0.8838237809470242,0,20.0,300000.0,PROJ_REAL_15.0_scope_of_work
PROJ_REAL_16.0,scope_of_work,60,68.0,0,Scope of work,0.5501350771722415,0,8.0,0.0,PROJ_REAL_16.0_scope_of_work
PROJ_REAL_17.0,scope_of_work,60,76.0,1,Scope of work,0.6807111591582004,0,16.0,240000.0,PROJ_REAL_17.0_scope_of_work
PROJ_REAL_18.0,scope_of_work,60,76.0,1,Scope of work,0.9674735979776398,0,16.0,240000.0,PROJ_REAL_18.0_scope_of_work
PROJ_REAL_19.0,scope_of_work,60,64.0,0,Scope of work,0.049966258739177,0,4.0,0.0,PROJ_REAL_19.0_scope_of_work
PROJ_REAL_20.0,scope_of_work,60,76.0,1,Scope of work,0.7893769442625335,0,16.0,240000.0,PROJ_REAL_20.0_scope_of_work
PROJ_REAL_21.0,scope_of_work,60,76.0,1,Scope of work,0.9453738691867216,0,16.0,240000.0,PROJ_REAL_21.0_scope_of_work
PROJ_REAL_22.0,scope_of_work,60,72.0,1,Scope of work,0.5041213002110035,0,12.0,180000.0,PROJ_REAL_22.0_scope_of_work
PROJ_REAL_23.0,scope_of_work,60,80.0,1,Scope of work,1.0,0,20.0,300000.0,PROJ_REAL_23.0_scope_of_work
PROJ_REAL_24.0,scope_of_work,60,72.0,1,Scope of work,0.6505584664182877,0,12.0,180000.0,PROJ_REAL_24.0_scope_of_work
PROJ_REAL_25.0,scope_of_work,60,76.0,1,Scope of work,0.9258622625404,0,16.0,240000.0,PROJ_REAL_25.0_scope_of_work
PROJ_REAL_26.0,scope_of_work,60,80.0,1,Scope of work,0.8939966472493577,0,20.0,300000.0,PROJ_REAL_26.0_scope_of_work
PROJ_REAL_27.0,scope_of_work,60,72.0,1,Scope of work,0.6407710842132062,0,12.0,180000.0,PROJ_REAL_27.0_scope_of_work
PROJ_REAL_28.0,scope_of_work,60,80.0,1,Scope of work,0.8408339620619514,0,20.0,300000.0,PROJ_REAL_28.0_scope_of_work
PROJ_REAL_29.0,scope_of_work,60,76.0,1,Scope of work,0.6802116909994746,0,16.0,240000.0,PROJ_REAL_29.0_scope_of_work
PROJ_REAL_30.0,scope_of_work,60,72.0,1,Scope of work,0.7386824398122838,0,12.0,180000.0,PROJ_REAL_30.0_scope_of_work
PROJ_REAL_31.0,scope_of_work,60,80.0,1,Scope of work,0.7491999145586415,0,20.0,300000.0,PROJ_REAL_31.0_scope_of_work
PROJ_REAL_32.0,scope_of_work,60,76.0,1,Scope of work,0.7209105923668115,0,16.0,240000.0,PROJ_REAL_32.0_scope_of_work
PROJ_REAL_33.0,scope_of_work,60,80.0,1,Scope of work,1.0,0,20.0,300000.0,PROJ_REAL_33.0_scope_of_work
PROJ_REAL_34.0,scope_of_work,60,68.0,0,Scope of work,0.4969372988174584,0,8.0,0.0,PROJ_REAL_34.0_scope_of_work
PROJ_REAL_35.0,scope_of_work,60,76.0,1,Scope of work,0.9411952730348054,0,16.0,240000.0,PROJ_REAL_35.0_scope_of_work
PROJ_REAL_36.0,scope_of_work,60,80.0,1,Scope of work,1.0,0,20.0,300000.0,PROJ_REAL_36.0_scope_of_work
PROJ_REAL_37.0,scope_of_work,60,72.0,1,Scope of work,0.5486561671630145,0,12.0,180000.0,PROJ_REAL_37.0_scope_of_work
PROJ_REAL_38.0,scope_of_work,60,80.0,1,Scope of work,0.8816510532970475,0,20.0,300000.0,PROJ_REAL_38.0_scope_of_work
PROJ_REAL_39.0,scope_of_work,60,76.0,1,Scope of work,1.0,0,16.0,240000.0,PROJ_REAL_39.0_scope_of_work
PROJ_REAL_40.0,scope_of_work,60,68.0,0,Scope of work,0.4181342740394979,0,8.0,0.0,PROJ_REAL_40.0_scope_of_work
PROJ_REAL_41.0,scope_of_work,60,72.0,1,Scope of work,0.5499679098405256,0,12.0,180000.0,PROJ_REAL_41.0_scope_of_work
PROJ_REAL_42.0,scope_of_work,60,68.0,0,Scope of work,0.5189977905115696,0,8.0,0.0,PROJ_REAL_42.0_scope_of_work
PROJ_REAL_43.0,scope_of_work,60,76.0,1,Scope of work,0.7821636991953408,0,16.0,240000.0,PROJ_REAL_43.0_scope_of_work
PROJ_REAL_44.0,scope_of_work,60,80.0,1,Scope of work,1.0,0,20.0,300000.0,PROJ_REAL_44.0_scope_of_work
PROJ_REAL_45.0,scope_of_work,60,76.0,1,Scope of work,0.734756043373875,0,16.0,240000.0,PROJ_REAL_45.0_scope_of_work
PROJ_REAL_46.0,scope_of_work,60,76.0,1,Scope of work,0.6743413097600468,0,16.0,240000.0,PROJ_REAL_46.0_scope_of_work
PROJ_REAL_47.0,scope_of_work,60,80.0,1,Scope of work,1.0,0,20.0,300000.0,PROJ_REAL_47.0_scope_of_work
PROJ_REAL_48.0,scope_of_work,60,80.0,1,Scope of work,1.0,0,20.0,300000.0,PROJ_REAL_48.0_scope_of_work
PROJ_REAL_49.0,scope_of_work,60,76.0,1,Scope of work,0.7829317094205697,0,16.0,240000.0,PROJ_REAL_49.0_scope_of_work
PROJ_REAL_50.0,scope_of_work,60,80.0,1,Scope of work,0.8978655783369677,0,20.0,300000.0,PROJ_REAL_50.0_scope_of_work
PROJ_REAL_51.0,scope_of_work,60,76.0,1,Scope of work,0.9038503622836372,0,16.0,240000.0,PROJ_REAL_51.0_scope_of_work
PROJ_REAL_52.0,scope_of_work,60,76.0,1,Scope of work,0.7780595756738453,0,16.0,240000.0,PROJ_REAL_52.0_scope_of_work
PROJ_REAL_53.0,scope_of_work,60,68.0,0,Scope of work,0.523020952536056,0,8.0,0.0,PROJ_REAL_53.0_scope_of_work
PROJ_REAL_54.0,scope_of_work,60,76.0,1,Scope of work,0.8557387993178205,0,16.0,240000.0,PROJ_REAL_54.0_scope_of_work
PROJ_REAL_55.0,scope_of_work,60,76.0,1,Scope of work,0.7743842129964377,0,16.0,240000.0,PROJ_REAL_55.0_scope_of_work
PROJ_REAL_56.0,scope_of_work,60,76.0,1,Scope of work,0.8548381127219968,0,16.0,240000.0,PROJ_REAL_56.0_scope_of_work
PROJ_REAL_57.0,scope_of_work,60,76.0,1,Scope of work,0.8555172860767964,0,16.0,240000.0,PROJ_REAL_57.0_scope_of_work
PROJ_REAL_58.0,scope_of_work,60,76.0,1,Scope of work,0.7415096168850919,0,16.0,240000.0,PROJ_REAL_58.0_scope_of_work
PROJ_REAL_59.0,scope_of_work,60,76.0,1,Scope of work,0.6378162200057663,0,16.0,240000.0,PROJ_REAL_59.0_scope_of_work
PROJ_REAL_60.0,scope_of_work,60,76.0,1,Scope of work,0.8623417980351606,0,16.0,240000.0,PROJ_REAL_60.0_scope_of_work
PROJ_REAL_61.0,scope_of_work,60,76.0,1,Scope of work,0.831135227560162,0,16.0,240000.0,PROJ_REAL_61.0_scope_of_work
PROJ_REAL_62.0,scope_of_work,60,68.0,0,Scope of work,0.3441215227083075,0,8.0,0.0,PROJ_REAL_62.0_scope_of_work
PROJ_REAL_63.0,scope_of_work,60,80.0,1,Scope of work,1.0,0,20.0,300000.0,PROJ_REAL_63.0_scope_of_work
PROJ_REAL_64.0,scope_of_work,60,68.0,0,Scope of work,0.4442070679339854,0,8.0,0.0,PROJ_REAL_64.0_scope_of_work
PROJ_REAL_65.0,scope_of_work,60,72.0,1,Scope of work,0.6354255334024922,0,12.0,180000.0,PROJ_REAL_65.0_scope_of_work
PROJ_REAL_66.0,scope_of_work,60,80.0,1,Scope of work,1.0,0,20.0,300000.0,PROJ_REAL_66.0_scope_of_work
PROJ_REAL_67.0,scope_of_work,60,80.0,1,Scope of work,0.9131669901326768,0,20.0,300000.0,PROJ_REAL_67.0_scope_of_work
PROJ_REAL_68.0,scope_of_work,60,80.0,1,Scope of work,1.0,0,20.0,300000.0,PROJ_REAL_68.0_scope_of_work
PROJ_REAL_69.0,scope_of_work,60,76.0,1,Scope of work,0.976090845044368,0,16.0,240000.0,PROJ_REAL_69.0_scope_of_work
PROJ_REAL_70.0,scope_of_work,60,76.0,1,Scope of work,0.890409230034594,0,16.0,240000.0,PROJ_REAL_70.0_scope_of_work
PROJ_REAL_71.0,scope_of_work,60,76.0,1,Scope of work,0.8474041171077931,0,16.0,240000.0,PROJ_REAL_71.0_scope_of_work
PROJ_REAL_72.0,scope_of_work,60,76.0,1,Scope of work,0.7946510623011557,0,16.0,240000.0,PROJ_REAL_72.0_scope_of_work
PROJ_REAL_73.0,scope_of_work,60,80.0,1,Scope of work,1.0,0,20.0,300000.0,PROJ_REAL_73.0_scope_of_work
PROJ_REAL_74.0,scope_of_work,60,80.0,1,Scope of work,0.7836549876835652,0,20.0,300000.0,PROJ_REAL_74.0_scope_of_work
PROJ_REAL_75.0,scope_of_work,60,76.0,1,Scope of work,0.793788500589694,0,16.0,240000.0,PROJ_REAL_75.0_scope_of_work
PROJ_REAL_76.0,scope_of_work,60,80.0,1,Scope of work,0.9684790393830264,0,20.0,300000.0,PROJ_REAL_76.0_scope_of_work
PROJ_REAL_77.0,scope_of_work,60,80.0,1,Scope of work,0.7928854173351833,0,20.0,300000.0,PROJ_REAL_77.0_scope_of_work
PROJ_REAL_78.0,scope_of_work,60,76.0,1,Scope of work,0.8965147258882021,0,16.0,240000.0,PROJ_REAL_78.0_scope_of_work
PROJ_REAL_79.0,scope_of_work,60,80.0,1,Scope of work,0.9831209017269158,0,20.0,300000.0,PROJ_REAL_79.0_scope_of_work
PROJ_REAL_80.0,scope_of_work,60,72.0,1,Scope of work,0.5678949956089874,0,12.0,180000.0,PROJ_REAL_80.0_scope_of_work
PROJ_REAL_81.0,scope_of_work,60,80.0,1,Scope of work,1.0,0,20.0,300000.0,PROJ_REAL_81.0_scope_of_work
PROJ_REAL_82.0,scope_of_work,60,80.0,1,Scope of work,1.0,0,20.0,300000.0,PROJ_REAL_82.0_scope_of_work
PROJ_REAL_83.0,scope_of_work,60,76.0,1,Scope of work,0.7753448109130598,0,16.0,240000.0,PROJ_REAL_83.0_scope_of_work
PROJ_REAL_84.0,scope_of_work,60,76.0,1,Scope of work,0.6623892909194486,0,16.0,240000.0,PROJ_REAL_84.0_scope_of_work
PROJ_REAL_85.0,scope_of_work,60,68.0,0,Scope of work,0.3111786728186331,0,8.0,0.0,PROJ_REAL_85.0_scope_of_work
PROJ_REAL_86.0,scope_of_work,60,76.0,1,Scope of work,0.8987860944107657,0,16.0,240000.0,PROJ_REAL_86.0_scope_of_work
PROJ_REAL_87.0,scope_of_work,60,76.0,1,Scope of work,0.7653872707689411,0,16.0,240000.0,PROJ_REAL_87.0_scope_of_work
PROJ_REAL_88.0,scope_of_work,60,80.0,1,Scope of work,1.0,0,20.0,300000.0,PROJ_REAL_88.0_scope_of_work
PROJ_REAL_89.0,scope_of_work,60,80.0,1,Scope of work,1.0,0,20.0,300000.0,PROJ_REAL_89.0_scope_of_work
PROJ_REAL_90.0,scope_of_work,60,80.0,1,Scope of work,1.0,0,20.0,300000.0,PROJ_REAL_90.0_scope_of_work
PROJ_REAL_91.0,scope_of_work,60,76.0,1,Scope of work,0.8879292138082774,0,16.0,240000.0,PROJ_REAL_91.0_scope_of_work
PROJ_REAL_92.0,scope_of_work,60,72.0,1,Scope of work,0.8405575730471091,0,12.0,180000.0,PROJ_REAL_92.0_scope_of_work
PROJ_REAL_93.0,scope_of_work,60,72.0,1,Scope of work,0.6233526062299345,0,12.0,180000.0,PROJ_REAL_93.0_scope_of_work
PROJ_REAL_94.0,scope_of_work,60,76.0,1,Scope of work,0.8196866598473278,0,16.0,240000.0,PROJ_REAL_94.0_scope_of_work
PROJ_REAL_95.0,scope_of_work,60,76.0,1,Scope of work,0.8618066482021449,0,16.0,240000.0,PROJ_REAL_95.0_scope_of_work
PROJ_REAL_96.0,scope_of_work,60,76.0,1,Scope of work,0.8245114507916625,0,16.0,240000.0,PROJ_REAL_96.0_scope_of_work
PROJ_REAL_97.0,scope_of_work,60,72.0,1,Scope of work,0.5677398177246044,0,12.0,180000.0,PROJ_REAL_97.0_scope_of_work
PROJ_REAL_98.0,scope_of_work,60,76.0,1,Scope of work,0.549135739979596,0,16.0,240000.0,PROJ_REAL_98.0_scope_of_work
PROJ_REAL_99.0,scope_of_work,60,80.0,1,Scope of work,1.0,0,20.0,300000.0,PROJ_REAL_99.0_scope_of_work
PROJ_REAL_100.0,scope_of_work,60,68.0,0,Scope of work,0.4303393814104997,0,8.0,0.0,PROJ_REAL_100.0_scope_of_work
PROJ_REAL_101.0,scope_of_work,60,76.0,1,Scope of work,0.8220813140328309,0,16.0,240000.0,PROJ_REAL_101.0_scope_of_work
PROJ_REAL_102.0,scope_of_work,60,76.0,1,Scope of work,0.8238140655839318,0,16.0,240000.0,PROJ_REAL_102.0_scope_of_work
PROJ_REAL_103.0,scope_of_work,60,76.0,1,Scope of work,0.8384324140519045,0,16.0,240000.0,PROJ_REAL_103.0_scope_of_work
PROJ_REAL_104.0,scope_of_work,60,72.0,1,Scope of work,0.6115462659242036,0,12.0,180000.0,PROJ_REAL_104.0_scope_of_work
PROJ_REAL_105.0,scope_of_work,60,76.0,1,Scope of work,0.9652993601097896,0,16.0,240000.0,PROJ_REAL_105.0_scope_of_work
PROJ_REAL_106.0,scope_of_work,60,76.0,1,Scope of work,0.934253391652561,0,16.0,240000.0,PROJ_REAL_106.0_scope_of_work
PROJ_REAL_107.0,scope_of_work,60,76.0,1,Scope of work,0.8122697906820944,0,16.0,240000.0,PROJ_REAL_107.0_scope_of_work
PROJ_REAL_108.0,scope_of_work,60,80.0,1,Scope of work,0.9751311545803074,0,20.0,300000.0,PROJ_REAL_108.0_scope_of_work
PROJ_REAL_109.0,scope_of_work,60,80.0,1,Scope of work,1.0,0,20.0,300000.0,PROJ_REAL_109.0_scope_of_work
PROJ_REAL_110.0,scope_of_work,60,80.0,1,Scope of work,0.8747619907009871,0,20.0,300000.0,PROJ_REAL_110.0_scope_of_work
PROJ_REAL_111.0,scope_of_work,60,76.0,1,Scope of work,0.7267117770787168,0,16.0,240000.0,PROJ_REAL_111.0_scope_of_work
PROJ_REAL_112.0,scope_of_work,60,72.0,1,Scope of work,0.5765890521948891,0,12.0,180000.0,PROJ_REAL_112.0_scope_of_work
PROJ_REAL_113.0,scope_of_work,60,80.0,1,Scope of work,1.0,0,20.0,300000.0,PROJ_REAL_113.0_scope_of_work
PROJ_REAL_114.0,scope_of_work,60,76.0,1,Scope of work,1.0,0,16.0,240000.0,PROJ_REAL_114.0_scope_of_work
PROJ_REAL_115.0,scope_of_work,60,76.0,1,Scope of work,0.7777473948743894,0,16.0,240000.0,PROJ_REAL_115.0_scope_of_work
PROJ_REAL_116.0,scope_of_work,60,76.0,1,Scope of work,0.6782562288750859,0,16.0,240000.0,PROJ_REAL_116.0_scope_of_work
PROJ_REAL_117.0,scope_of_work,60,68.0,0,Scope of work,0.4713027480506254,0,8.0,0.0,PROJ_REAL_117.0_scope_of_work
PROJ_REAL_118.0,scope_of_work,60,76.0,1,Scope of work,0.8629874508124951,0,16.0,240000.0,PROJ_REAL_118.0_scope_of_work
PROJ_REAL_119.0,scope_of_work,60,76.0,1,Scope of work,0.7108606427967659,0,16.0,240000.0,PROJ_REAL_119.0_scope_of_work
PROJ_REAL_120.0,scope_of_work,60,76.0,1,Scope of work,0.7203586038351981,0,16.0,240000.0,PROJ_REAL_120.0_scope_of_work
PROJ_REAL_121.0,scope_of_work,60,80.0,1,Scope of work,1.0,0,20.0,300000.0,PROJ_REAL_121.0_scope_of_work
PROJ_REAL_122.0,scope_of_work,60,80.0,1,Scope of work,0.8579859523255073,0,20.0,300000.0,PROJ_REAL_122.0_scope_of_work
PROJ_REAL_123.0,scope_of_work,60,76.0,1,Scope of work,0.854837889856697,0,16.0,240000.0,PROJ_REAL_123.0_scope_of_work
PROJ_REAL_124.0,scope_of_work,60,76.0,1,Scope of work,0.8199188789516748,0,16.0,240000.0,PROJ_REAL_124.0_scope_of_work
PROJ_REAL_125.0,scope_of_work,60,76.0,1,Scope of work,0.7783051483101369,0,16.0,240000.0,PROJ_REAL_125.0_scope_of_work
PROJ_REAL_126.0,scope_of_work,60,76.0,1,Scope of work,0.8094838733663358,0,16.0,240000.0,PROJ_REAL_126.0_scope_of_work
PROJ_REAL_127.0,scope_of_work,60,80.0,1,Scope of work,0.9496944081786892,0,20.0,300000.0,PROJ_REAL_127.0_scope_of_work
PROJ_REAL_128.0,scope_of_work,60,76.0,1,Scope of work,0.8894655098405605,0,16.0,240000.0,PROJ_REAL_128.0_scope_of_work
PROJ_REAL_129.0,scope_of_work,60,76.0,1,Scope of work,0.8195415111599288,0,16.0,240000.0,PROJ_REAL_129.0_scope_of_work
PROJ_REAL_130.0,scope_of_work,60,76.0,1,Scope of work,0.7786834572888566,0,16.0,240000.0,PROJ_REAL_130.0_scope_of_work
PROJ_REAL_131.0,scope_of_work,60,72.0,1,Scope of work,0.5567503687514496,0,12.0,180000.0,PROJ_REAL_131.0_scope_of_work
PROJ_REAL_132.0,scope_of_work,60,80.0,1,Scope of work,1.0,0,20.0,300000.0,PROJ_REAL_132.0_scope_of_work
PROJ_REAL_133.0,scope_of_work,60,80.0,1,Scope of work,0.9911280123154216,0,20.0,300000.0,PROJ_REAL_133.0_scope_of_work
PROJ_REAL_134.0,scope_of_work,60,80.0,1,Scope of work,0.9948517254945196,0,20.0,300000.0,PROJ_REAL_134.0_scope_of_work
PROJ_REAL_135.0,scope_of_work,60,76.0,1,Scope of work,0.7842636351535447,0,16.0,240000.0,PROJ_REAL_135.0_scope_of_work
PROJ_REAL_136.0,scope_of_work,60,76.0,1,Scope of work,0.6895627372687545,0,16.0,240000.0,PROJ_REAL_136.0_scope_of_work
PROJ_REAL_137.0,scope_of_work,60,76.0,1,Scope of work,0.9950807657773142,0,16.0,240000.0,PROJ_REAL_137.0_scope_of_work
PROJ_REAL_138.0,scope_of_work,60,76.0,1,Scope of work,0.7354060123210449,0,16.0,240000.0,PROJ_REAL_138.0_scope_of_work
PROJ_REAL_139.0,scope_of_work,60,80.0,1,Scope of work,1.0,0,20.0,300000.0,PROJ_REAL_139.0_scope_of_work
PROJ_REAL_140.0,scope_of_work,60,72.0,1,Scope of work,0.6599052348080491,0,12.0,180000.0,PROJ_REAL_140.0_scope_of_work
PROJ_REAL_141.0,scope_of_work,60,76.0,1,Scope of work,0.8939121121821767,0,16.0,240000.0,PROJ_REAL_141.0_scope_of_work
PROJ_REAL_142.0,scope_of_work,60,76.0,1,Scope of work,0.8287002729834205,0,16.0,240000.0,PROJ_REAL_142.0_scope_of_work
PROJ_REAL_143.0,scope_of_work,60,76.0,1,Scope of work,0.7276880029607938,0,16.0,240000.0,PROJ_REAL_143.0_scope_of_work
PROJ_REAL_1.0,scope_of_work.1,60,72.0,1,Scope of work.1,0.5923407729326488,0,12.0,180000.0,PROJ_REAL_1.0_scope_of_work.1
PROJ_REAL_2.0,scope_of_work.1,60,72.0,1,Scope of work.1,0.7339347144156402,0,12.0,180000.0,PROJ_REAL_2.0_scope_of_work.1
PROJ_REAL_3.0,scope_of_work.1,60,68.0,0,Scope of work.1,0.3818919167013804,0,8.0,0.0,PROJ_REAL_3.0_scope_of_work.1
PROJ_REAL_4.0,scope_of_work.1,60,76.0,1,Scope of work.1,0.8313798905161567,0,16.0,240000.0,PROJ_REAL_4.0_scope_of_work.1
PROJ_REAL_5.0,scope_of_work.1,60,68.0,0,Scope of work.1,0.250614434399024,0,8.0,0.0,PROJ_REAL_5.0_scope_of_work.1
PROJ_REAL_6.0,scope_of_work.1,60,68.0,0,Scope of work.1,0.2756130991792772,0,8.0,0.0,PROJ_REAL_6.0_scope_of_work.1
PROJ_REAL_7.0,scope_of_work.1,60,72.0,1,Scope of work.1,0.6999201147521026,0,12.0,180000.0,PROJ_REAL_7.0_scope_of_work.1
PROJ_REAL_8.0,scope_of_work.1,60,68.0,0,Scope of work.1,0.3643687381965756,0,8.0,0.0,PROJ_REAL_8.0_scope_of_work.1
PROJ_REAL_9.0,scope_of_work.1,60,72.0,1,Scope of work.1,0.5795655334094215,0,12.0,180000.0,PROJ_REAL_9.0_scope_of_work.1
PROJ_REAL_10.0,scope_of_work.1,60,68.0,0,Scope of work.1,0.3510127441357727,0,8.0,0.0,PROJ_REAL_10.0_scope_of_work.1
PROJ_REAL_11.0,scope_of_work.1,60,76.0,1,Scope of work.1,0.8830072706236849,0,16.0,240000.0,PROJ_REAL_11.0_scope_of_work.1
PROJ_REAL_12.0,scope_of_work.1,60,76.0,1,Scope of work.1,0.7147745637383062,0,16.0,240000.0,PROJ_REAL_12.0_scope_of_work.1
PROJ_REAL_13.0,scope_of_work.1,60,80.0,1,Scope of work.1,0.9403409333841036,0,20.0,300000.0,PROJ_REAL_13.0_scope_of_work.1
PROJ_REAL_14.0,scope_of_work.1,60,76.0,1,Scope of work.1,0.8805882956640626,0,16.0,240000.0,PROJ_REAL_14.0_scope_of_work.1
PROJ_REAL_15.0,scope_of_work.1,60,76.0,1,Scope of work.1,0.8104367515352293,0,16.0,240000.0,PROJ_REAL_15.0_scope_of_work.1
PROJ_REAL_16.0,scope_of_work.1,60,72.0,1,Scope of work.1,0.559197281684015,0,12.0,180000.0,PROJ_REAL_16.0_scope_of_work.1
PROJ_REAL_17.0,scope_of_work.1,60,76.0,1,Scope of work.1,0.8847311505661012,0,16.0,240000.0,PROJ_REAL_17.0_scope_of_work.1
PROJ_REAL_18.0,scope_of_work.1,60,76.0,1,Scope of work.1,0.8560313857749733,0,16.0,240000.0,PROJ_REAL_18.0_scope_of_work.1
PROJ_REAL_19.0,scope_of_work.1,60,80.0,1,Scope of work.1,1.0,0,20.0,300000.0,PROJ_REAL_19.0_scope_of_work.1
PROJ_REAL_20.0,scope_of_work.1,60,72.0,1,Scope of work.1,0.7804763739357636,0,12.0,180000.0,PROJ_REAL_20.0_scope_of_work.1
PROJ_REAL_21.0,scope_of_work.1,60,76.0,1,Scope of work.1,0.7196281486787395,0,16.0,240000.0,PROJ_REAL_21.0_scope_of_work.1
PROJ_REAL_22.0,scope_of_work.1,60,76.0,1,Scope of work.1,0.7314667570761525,0,16.0,240000.0,PROJ_REAL_22.0_scope_of_work.1
PROJ_REAL_23.0,scope_of_work.1,60,80.0,1,Scope of work.1,0.9088233613207266,0,20.0,300000.0,PROJ_REAL_23.0_scope_of_work.1
PROJ_REAL_24.0,scope_of_work.1,60,68.0,0,Scope of work.1,0.297110553490058,0,8.0,0.0,PROJ_REAL_24.0_scope_of_work.1
PROJ_REAL_25.0,scope_of_work.1,60,76.0,1,Scope of work.1,0.902759311037181,0,16.0,240000.0,PROJ_REAL_25.0_scope_of_work.1
PROJ_REAL_26.0,scope_of_work.1,60,80.0,1,Scope of work.1,0.9551071830208964,0,20.0,300000.0,PROJ_REAL_26.0_scope_of_work.1
PROJ_REAL_27.0,scope_of_work.1,60,76.0,1,Scope of work.1,0.7624465929026497,0,16.0,240000.0,PROJ_REAL_27.0_scope_of_work.1
PROJ_REAL_28.0,scope_of_work.1,60,80.0,1,Scope of work.1,0.905224817730164,0,20.0,300000.0,PROJ_REAL_28.0_scope_of_work.1
PROJ_REAL_29.0,scope_of_work.1,60,76.0,1,Scope of work.1,0.8245417938180656,0,16.0,240000.0,PROJ_REAL_29.0_scope_of_work.1
PROJ_REAL_30.0,scope_of_work.1,60,68.0,0,Scope of work.1,0.4076454257629581,0,8.0,0.0,PROJ_REAL_30.0_scope_of_work.1
PROJ_REAL_31.0,scope_of_work.1,60,80.0,1,Scope of work.1,1.0,0,20.0,300000.0,PROJ_REAL_31.0_scope_of_work.1
PROJ_REAL_32.0,scope_of_work.1,60,76.0,1,Scope of work.1,0.955867992247454,0,16.0,240000.0,PROJ_REAL_32.0_scope_of_work.1
PROJ_REAL_33.0,scope_of_work.1,60,80.0,1,Scope of work.1,0.9315095761323648,0,20.0,300000.0,PROJ_REAL_33.0_scope_of_work.1
PROJ_REAL_34.0,scope_of_work.1,60,68.0,0,Scope of work.1,0.4108428523656577,0,8.0,0.0,PROJ_REAL_34.0_scope_of_work.1
PROJ_REAL_35.0,scope_of_work.1,60,76.0,1,Scope of work.1,0.9402666622688568,0,16.0,240000.0,PROJ_REAL_35.0_scope_of_work.1
PROJ_REAL_36.0,scope_of_work.1,60,80.0,1,Scope of work.1,0.7875792391264688,0,20.0,300000.0,PROJ_REAL_36.0_scope_of_work.1
PROJ_REAL_37.0,scope_of_work.1,60,72.0,1,Scope of work.1,0.6058966455348114,0,12.0,180000.0,PROJ_REAL_37.0_scope_of_work.1
PROJ_REAL_38.0,scope_of_work.1,60,72.0,1,Scope of work.1,0.5467297176401654,0,12.0,180000.0,PROJ_REAL_38.0_scope_of_work.1
PROJ_REAL_39.0,scope_of_work.1,60,80.0,1,Scope of work.1,0.9223520923367352,0,20.0,300000.0,PROJ_REAL_39.0_scope_of_work.1
PROJ_REAL_40.0,scope_of_work.1,60,72.0,1,Scope of work.1,0.7489119808216446,0,12.0,180000.0,PROJ_REAL_40.0_scope_of_work.1
PROJ_REAL_41.0,scope_of_work.1,60,80.0,1,Scope of work.1,1.0,0,20.0,300000.0,PROJ_REAL_41.0_scope_of_work.1
PROJ_REAL_42.0,scope_of_work.1,60,72.0,1,Scope of work.1,0.5423414063375372,0,12.0,180000.0,PROJ_REAL_42.0_scope_of_work.1
PROJ_REAL_43.0,scope_of_work.1,60,80.0,1,Scope of work.1,1.0,0,20.0,300000.0,PROJ_REAL_43.0_scope_of_work.1
PROJ_REAL_44.0,scope_of_work.1,60,76.0,1,Scope of work.1,0.813356087051808,0,16.0,240000.0,PROJ_REAL_44.0_scope_of_work.1
PROJ_REAL_45.0,scope_of_work.1,60,80.0,1,Scope of work.1,0.8766696092971317,0,20.0,300000.0,PROJ_REAL_45.0_scope_of_work.1
PROJ_REAL_46.0,scope_of_work.1,60,80.0,1,Scope of work.1,1.0,0,20.0,300000.0,PROJ_REAL_46.0_scope_of_work.1
PROJ_REAL_47.0,scope_of_work.1,60,72.0,1,Scope of work.1,0.6397812061095843,0,12.0,180000.0,PROJ_REAL_47.0_scope_of_work.1
PROJ_REAL_48.0,scope_of_work.1,60,80.0,1,Scope of work.1,1.0,0,20.0,300000.0,PROJ_REAL_48.0_scope_of_work.1
PROJ_REAL_49.0,scope_of_work.1,60,76.0,1,Scope of work.1,0.7579675138754676,0,16.0,240000.0,PROJ_REAL_49.0_scope_of_work.1
PROJ_REAL_50.0,scope_of_work.1,60,76.0,1,Scope of work.1,0.9071629914799104,0,16.0,240000.0,PROJ_REAL_50.0_scope_of_work.1
PROJ_REAL_51.0,scope_of_work.1,60,76.0,1,Scope of work.1,0.700052769635213,0,16.0,240000.0,PROJ_REAL_51.0_scope_of_work.1
PROJ_REAL_52.0,scope_of_work.1,60,80.0,1,Scope of work.1,1.0,0,20.0,300000.0,PROJ_REAL_52.0_scope_of_work.1
PROJ_REAL_53.0,scope_of_work.1,60,72.0,1,Scope of work.1,0.7581738957045959,0,12.0,180000.0,PROJ_REAL_53.0_scope_of_work.1
PROJ_REAL_54.0,scope_of_work.1,60,80.0,1,Scope of work.1,0.8652514173596966,0,20.0,300000.0,PROJ_REAL_54.0_scope_of_work.1
PROJ_REAL_55.0,scope_of_work.1,60,80.0,1,Scope of work.1,1.0,0,20.0,300000.0,PROJ_REAL_55.0_scope_of_work.1
PROJ_REAL_56.0,scope_of_work.1,60,80.0,1,Scope of work.1,0.8984306388322598,0,20.0,300000.0,PROJ_REAL_56.0_scope_of_work.1
PROJ_REAL_57.0,scope_of_work.1,60,80.0,1,Scope of work.1,1.0,0,20.0,300000.0,PROJ_REAL_57.0_scope_of_work.1
PROJ_REAL_58.0,scope_of_work.1,60,80.0,1,Scope of work.1,0.9316896921802584,0,20.0,300000.0,PROJ_REAL_58.0_scope_of_work.1
PROJ_REAL_59.0,scope_of_work.1,60,80.0,1,Scope of work.1,0.9523995674809346,0,20.0,300000.0,PROJ_REAL_59.0_scope_of_work.1
PROJ_REAL_60.0,scope_of_work.1,60,80.0,1,Scope of work.1,1.0,0,20.0,300000.0,PROJ_REAL_60.0_scope_of_work.1
PROJ_REAL_61.0,scope_of_work.1,60,80.0,1,Scope of work.1,0.9691119842735834,0,20.0,300000.0,PROJ_REAL_61.0_scope_of_work.1
PROJ_REAL_62.0,scope_of_work.1,60,72.0,1,Scope of work.1,0.5037465012027709,0,12.0,180000.0,PROJ_REAL_62.0_scope_of_work.1
PROJ_REAL_63.0,scope_of_work.1,60,76.0,1,Scope of work.1,0.9446775350220946,0,16.0,240000.0,PROJ_REAL_63.0_scope_of_work.1
PROJ_REAL_64.0,scope_of_work.1,60,68.0,0,Scope of work.1,0.4765430164180895,0,8.0,0.0,PROJ_REAL_64.0_scope_of_work.1
PROJ_REAL_65.0,scope_of_work.1,60,72.0,1,Scope of work.1,0.4796854886600078,0,12.0,180000.0,PROJ_REAL_65.0_scope_of_work.1
PROJ_REAL_66.0,scope_of_work.1,60,80.0,1,Scope of work.1,0.955569671567197,0,20.0,300000.0,PROJ_REAL_66.0_scope_of_work.1
PROJ_REAL_67.0,scope_of_work.1,60,80.0,1,Scope of work.1,1.0,0,20.0,300000.0,PROJ_REAL_67.0_scope_of_work.1
PROJ_REAL_68.0,scope_of_work.1,60,80.0,1,Scope of work.1,0.9712494533755603,0,20.0,300000.0,PROJ_REAL_68.0_scope_of_work.1
PROJ_REAL_69.0,scope_of_work.1,60,76.0,1,Scope of work.1,0.6269989107685919,0,16.0,240000.0,PROJ_REAL_69.0_scope_of_work.1
PROJ_REAL_70.0,scope_of_work.1,60,80.0,1,Scope of work.1,0.8404047297964203,0,20.0,300000.0,PROJ_REAL_70.0_scope_of_work.1
PROJ_REAL_71.0,scope_of_work.1,60,76.0,1,Scope of work.1,0.8001674769321155,0,16.0,240000.0,PROJ_REAL_71.0_scope_of_work.1
PROJ_REAL_72.0,scope_of_work.1,60,80.0,1,Scope of work.1,1.0,0,20.0,300000.0,PROJ_REAL_72.0_scope_of_work.1
PROJ_REAL_73.0,scope_of_work.1,60,80.0,1,Scope of work.1,1.0,0,20.0,300000.0,PROJ_REAL_73.0_scope_of_work.1
PROJ_REAL_74.0,scope_of_work.1,60,80.0,1,Scope of work.1,0.9207879193090768,0,20.0,300000.0,PROJ_REAL_74.0_scope_of_work.1
PROJ_REAL_75.0,scope_of_work.1,60,76.0,1,Scope of work.1,0.8873126007117875,0,16.0,240000.0,PROJ_REAL_75.0_scope_of_work.1
PROJ_REAL_76.0,scope_of_work.1,60,80.0,1,Scope of work.1,1.0,0,20.0,300000.0,PROJ_REAL_76.0_scope_of_work.1
PROJ_REAL_77.0,scope_of_work.1,60,80.0,1,Scope of work.1,0.9420634447012676,0,20.0,300000.0,PROJ_REAL_77.0_scope_of_work.1
PROJ_REAL_78.0,scope_of_work.1,60,76.0,1,Scope of work.1,0.9097672801634892,0,16.0,240000.0,PROJ_REAL_78.0_scope_of_work.1
PROJ_REAL_79.0,scope_of_work.1,60,80.0,1,Scope of work.1,1.0,0,20.0,300000.0,PROJ_REAL_79.0_scope_of_work.1
PROJ_REAL_80.0,scope_of_work.1,60,76.0,1,Scope of work.1,0.7197097429327235,0,16.0,240000.0,PROJ_REAL_80.0_scope_of_work.1
PROJ_REAL_81.0,scope_of_work.1,60,80.0,1,Scope of work.1,0.8177052367880251,0,20.0,300000.0,PROJ_REAL_81.0_scope_of_work.1
PROJ_REAL_82.0,scope_of_work.1,60,80.0,1,Scope of work.1,0.8315091202447886,0,20.0,300000.0,PROJ_REAL_82.0_scope_of_work.1
PROJ_REAL_83.0,scope_of_work.1,60,76.0,1,Scope of work.1,0.7732276545168089,0,16.0,240000.0,PROJ_REAL_83.0_scope_of_work.1
PROJ_REAL_84.0,scope_of_work.1,60,80.0,1,Scope of work.1,0.8618307917831773,0,20.0,300000.0,PROJ_REAL_84.0_scope_of_work.1
PROJ_REAL_85.0,scope_of_work.1,60,72.0,1,Scope of work.1,0.5761214746640388,0,12.0,180000.0,PROJ_REAL_85.0_scope_of_work.1
PROJ_REAL_86.0,scope_of_work.1,60,76.0,1,Scope of work.1,0.7359666643967651,0,16.0,240000.0,PROJ_REAL_86.0_scope_of_work.1
PROJ_REAL_87.0,scope_of_work.1,60,76.0,1,Scope of work.1,0.8394554866713047,0,16.0,240000.0,PROJ_REAL_87.0_scope_of_work.1
PROJ_REAL_88.0,scope_of_work.1,60,80.0,1,Scope of work.1,1.0,0,20.0,300000.0,PROJ_REAL_88.0_scope_of_work.1
PROJ_REAL_89.0,scope_of_work.1,60,80.0,1,Scope of work.1,1.0,0,20.0,300000.0,PROJ_REAL_89.0_scope_of_work.1
PROJ_REAL_90.0,scope_of_work.1,60,80.0,1,Scope of work.1,1.0,0,20.0,300000.0,PROJ_REAL_90.0_scope_of_work.1
PROJ_REAL_91.0,scope_of_work.1,60,68.0,0,Scope of work.1,0.3044176350010652,0,8.0,0.0,PROJ_REAL_91.0_scope_of_work.1
PROJ_REAL_92.0,scope_of_work.1,60,72.0,1,Scope of work.1,0.7309009717441364,0,12.0,180000.0,PROJ_REAL_92.0_scope_of_work.1
PROJ_REAL_93.0,scope_of_work.1,60,76.0,1,Scope of work.1,0.8494325084577194,0,16.0,240000.0,PROJ_REAL_93.0_scope_of_work.1
PROJ_REAL_94.0,scope_of_work.1,60,72.0,1,Scope of work.1,0.7098556029603335,0,12.0,180000.0,PROJ_REAL_94.0_scope_of_work.1
PROJ_REAL_95.0,scope_of_work.1,60,76.0,1,Scope of work.1,0.7677956170911269,0,16.0,240000.0,PROJ_REAL_95.0_scope_of_work.1
PROJ_REAL_96.0,scope_of_work.1,60,80.0,1,Scope of work.1,0.9009624917103798,0,20.0,300000.0,PROJ_REAL_96.0_scope_of_work.1
PROJ_REAL_97.0,scope_of_work.1,60,76.0,1,Scope of work.1,0.875492815740701,0,16.0,240000.0,PROJ_REAL_97.0_scope_of_work.1
PROJ_REAL_98.0,scope_of_work.1,60,76.0,1,Scope of work.1,0.7993741603710598,0,16.0,240000.0,PROJ_REAL_98.0_scope_of_work.1
PROJ_REAL_99.0,scope_of_work.1,60,80.0,1,Scope of work.1,1.0,0,20.0,300000.0,PROJ_REAL_99.0_scope_of_work.1
PROJ_REAL_100.0,scope_of_work.1,60,68.0,0,Scope of work.1,0.4967778753552854,0,8.0,0.0,PROJ_REAL_100.0_scope_of_work.1
PROJ_REAL_101.0,scope_of_work.1,60,72.0,1,Scope of work.1,0.7185566883167697,0,12.0,180000.0,PROJ_REAL_101.0_scope_of_work.1
PROJ_REAL_102.0,scope_of_work.1,60,80.0,1,Scope of work.1,0.9480949708955976,0,20.0,300000.0,PROJ_REAL_102.0_scope_of_work.1
PROJ_REAL_103.0,scope_of_work.1,60,72.0,1,Scope of work.1,0.6103780537816638,0,12.0,180000.0,PROJ_REAL_103.0_scope_of_work.1
PROJ_REAL_104.0,scope_of_work.1,60,72.0,1,Scope of work.1,0.6856223089878586,0,12.0,180000.0,PROJ_REAL_104.0_scope_of_work.1
PROJ_REAL_105.0,scope_of_work.1,60,80.0,1,Scope of work.1,1.0,0,20.0,300000.0,PROJ_REAL_105.0_scope_of_work.1
PROJ_REAL_106.0,scope_of_work.1,60,76.0,1,Scope of work.1,0.7536800194520106,0,16.0,240000.0,PROJ_REAL_106.0_scope_of_work.1
PROJ_REAL_107.0,scope_of_work.1,60,72.0,1,Scope of work.1,0.6814231671630738,0,12.0,180000.0,PROJ_REAL_107.0_scope_of_work.1
PROJ_REAL_108.0,scope_of_work.1,60,80.0,1,Scope of work.1,1.0,0,20.0,300000.0,PROJ_REAL_108.0_scope_of_work.1
PROJ_REAL_109.0,scope_of_work.1,60,80.0,1,Scope of work.1,1.0,0,20.0,300000.0,PROJ_REAL_109.0_scope_of_work.1
PROJ_REAL_110.0,scope_of_work.1,60,80.0,1,Scope of work.1,1.0,0,20.0,300000.0,PROJ_REAL_110.0_scope_of_work.1
PROJ_REAL_111.0,scope_of_work.1,60,76.0,1,Scope of work.1,0.8013737454168047,0,16.0,240000.0,PROJ_REAL_111.0_scope_of_work.1
PROJ_REAL_112.0,scope_of_work.1,60,72.0,1,Scope of work.1,0.6430231356293865,0,12.0,180000.0,PROJ_REAL_112.0_scope_of_work.1
PROJ_REAL_113.0,scope_of_work.1,60,80.0,1,Scope of work.1,1.0,0,20.0,300000.0,PROJ_REAL_113.0_scope_of_work.1
PROJ_REAL_114.0,scope_of_work.1,60,76.0,1,Scope of work.1,0.7969683853362889,0,16.0,240000.0,PROJ_REAL_114.0_scope_of_work.1
PROJ_REAL_115.0,scope_of_work.1,60,80.0,1,Scope of work.1,0.9096315993236044,0,20.0,300000.0,PROJ_REAL_115.0_scope_of_work.1
PROJ_REAL_116.0,scope_of_work.1,60,72.0,1,Scope of work.1,0.617039842113017,0,12.0,180000.0,PROJ_REAL_116.0_scope_of_work.1
PROJ_REAL_117.0,scope_of_work.1,60,68.0,0,Scope of work.1,0.3768339319804354,0,8.0,0.0,PROJ_REAL_117.0_scope_of_work.1
PROJ_REAL_118.0,scope_of_work.1,60,76.0,1,Scope of work.1,0.6817993487989895,0,16.0,240000.0,PROJ_REAL_118.0_scope_of_work.1
PROJ_REAL_119.0,scope_of_work.1,60,76.0,1,Scope of work.1,0.7392865617953973,0,16.0,240000.0,PROJ_REAL_119.0_scope_of_work.1
PROJ_REAL_120.0,scope_of_work.1,60,76.0,1,Scope of work.1,1.0,0,16.0,240000.0,PROJ_REAL_120.0_scope_of_work.1
PROJ_REAL_121.0,scope_of_work.1,60,80.0,1,Scope of work.1,1.0,0,20.0,300000.0,PROJ_REAL_121.0_scope_of_work.1
PROJ_REAL_122.0,scope_of_work.1,60,80.0,1,Scope of work.1,1.0,0,20.0,300000.0,PROJ_REAL_122.0_scope_of_work.1
PROJ_REAL_123.0,scope_of_work.1,60,76.0,1,Scope of work.1,0.8738980482081126,0,16.0,240000.0,PROJ_REAL_123.0_scope_of_work.1
PROJ_REAL_124.0,scope_of_work.1,60,76.0,1,Scope of work.1,0.7274626272481185,0,16.0,240000.0,PROJ_REAL_124.0_scope_of_work.1
PROJ_REAL_125.0,scope_of_work.1,60,76.0,1,Scope of work.1,0.7642547537298693,0,16.0,240000.0,PROJ_REAL_125.0_scope_of_work.1
PROJ_REAL_126.0,scope_of_work.1,60,76.0,1,Scope of work.1,0.9268787508266768,0,16.0,240000.0,PROJ_REAL_126.0_scope_of_work.1
PROJ_REAL_127.0,scope_of_work.1,60,80.0,1,Scope of work.1,0.9487282902921016,0,20.0,300000.0,PROJ_REAL_127.0_scope_of_work.1
PROJ_REAL_128.0,scope_of_work.1,60,80.0,1,Scope of work.1,1.0,0,20.0,300000.0,PROJ_REAL_128.0_scope_of_work.1
PROJ_REAL_129.0,scope_of_work.1,60,76.0,1,Scope of work.1,0.8225377029169817,0,16.0,240000.0,PROJ_REAL_129.0_scope_of_work.1
PROJ_REAL_130.0,scope_of_work.1,60,76.0,1,Scope of work.1,0.8025062348920559,0,16.0,240000.0,PROJ_REAL_130.0_scope_of_work.1
PROJ_REAL_131.0,scope_of_work.1,60,76.0,1,Scope of work.1,0.7104284602866696,0,16.0,240000.0,PROJ_REAL_131.0_scope_of_work.1
PROJ_REAL_132.0,scope_of_work.1,60,80.0,1,Scope of work.1,1.0,0,20.0,300000.0,PROJ_REAL_132.0_scope_of_work.1
PROJ_REAL_133.0,scope_of_work.1,60,80.0,1,Scope of work.1,0.9540151317147032,0,20.0,300000.0,PROJ_REAL_133.0_scope_of_work.1
PROJ_REAL_134.0,scope_of_work.1,60,80.0,1,Scope of work.1,0.9856812701353608,0,20.0,300000.0,PROJ_REAL_134.0_scope_of_work.1
PROJ_REAL_135.0,scope_of_work.1,60,80.0,1,Scope of work.1,1.0,0,20.0,300000.0,PROJ_REAL_135.0_scope_of_work.1
PROJ_REAL_136.0,scope_of_work.1,60,76.0,1,Scope of work.1,0.8071160886284544,0,16.0,240000.0,PROJ_REAL_136.0_scope_of_work.1
PROJ_REAL_137.0,scope_of_work.1,60,80.0,1,Scope of work.1,0.8558487701788908,0,20.0,300000.0,PROJ_REAL_137.0_scope_of_work.1
PROJ_REAL_138.0,scope_of_work.1,60,76.0,1,Scope of work.1,0.7586428923042433,0,16.0,240000.0,PROJ_REAL_138.0_scope_of_work.1
PROJ_REAL_139.0,scope_of_work.1,60,80.0,1,Scope of work.1,1.0,0,20.0,300000.0,PROJ_REAL_139.0_scope_of_work.1
PROJ_REAL_140.0,scope_of_work.1,60,72.0,1,Scope of work.1,0.5264145330104429,0,12.0,180000.0,PROJ_REAL_140.0_scope_of_work.1
PROJ_REAL_141.0,scope_of_work.1,60,76.0,1,Scope of work.1,0.8253487193418597,0,16.0,240000.0,PROJ_REAL_141.0_scope_of_work.1
PROJ_REAL_142.0,scope_of_work.1,60,76.0,1,Scope of work.1,0.8373151869260402,0,16.0,240000.0,PROJ_REAL_142.0_scope_of_work.1
PROJ_REAL_143.0,scope_of_work.1,60,76.0,1,Scope of work.1,0.9210747943071568,0,16.0,240000.0,PROJ_REAL_143.0_scope_of_work.1
PROJ_REAL_1.0,scope_of_work.2,60,72.0,1,Scope of work.2,0.4367750562920865,0,12.0,180000.0,PROJ_REAL_1.0_scope_of_work.2
PROJ_REAL_2.0,scope_of_work.2,60,76.0,1,Scope of work.2,0.9682458366644812,0,16.0,240000.0,PROJ_REAL_2.0_scope_of_work.2
PROJ_REAL_3.0,scope_of_work.2,60,68.0,0,Scope of work.2,0.4818524193711792,0,8.0,0.0,PROJ_REAL_3.0_scope_of_work.2
PROJ_REAL_4.0,scope_of_work.2,60,76.0,1,Scope of work.2,0.7364419280531641,0,16.0,240000.0,PROJ_REAL_4.0_scope_of_work.2
PROJ_REAL_5.0,scope_of_work.2,60,68.0,0,Scope of work.2,0.3734913022500949,0,8.0,0.0,PROJ_REAL_5.0_scope_of_work.2
PROJ_REAL_6.0,scope_of_work.2,60,72.0,1,Scope of work.2,0.6781853915080511,0,12.0,180000.0,PROJ_REAL_6.0_scope_of_work.2
PROJ_REAL_7.0,scope_of_work.2,60,76.0,1,Scope of work.2,0.6475663252657151,0,16.0,240000.0,PROJ_REAL_7.0_scope_of_work.2
PROJ_REAL_8.0,scope_of_work.2,60,72.0,1,Scope of work.2,0.8147611792497442,0,12.0,180000.0,PROJ_REAL_8.0_scope_of_work.2
PROJ_REAL_9.0,scope_of_work.2,60,76.0,1,Scope of work.2,0.787585020063995,0,16.0,240000.0,PROJ_REAL_9.0_scope_of_work.2
PROJ_REAL_10.0,scope_of_work.2,60,72.0,1,Scope of work.2,0.7134797945387426,0,12.0,180000.0,PROJ_REAL_10.0_scope_of_work.2
PROJ_REAL_11.0,scope_of_work.2,60,76.0,1,Scope of work.2,0.8784819107585548,0,16.0,240000.0,PROJ_REAL_11.0_scope_of_work.2
PROJ_REAL_12.0,scope_of_work.2,60,76.0,1,Scope of work.2,0.8253366672539557,0,16.0,240000.0,PROJ_REAL_12.0_scope_of_work.2
PROJ_REAL_13.0,scope_of_work.2,60,72.0,1,Scope of work.2,0.5519811874286331,0,12.0,180000.0,PROJ_REAL_13.0_scope_of_work.2
PROJ_REAL_14.0,scope_of_work.2,60,76.0,1,Scope of work.2,0.782751650297971,0,16.0,240000.0,PROJ_REAL_14.0_scope_of_work.2
PROJ_REAL_15.0,scope_of_work.2,60,76.0,1,Scope of work.2,0.9420812057162148,0,16.0,240000.0,PROJ_REAL_15.0_scope_of_work.2
PROJ_REAL_16.0,scope_of_work.2,60,76.0,1,Scope of work.2,0.7838113955010395,0,16.0,240000.0,PROJ_REAL_16.0_scope_of_work.2
PROJ_REAL_17.0,scope_of_work.2,60,80.0,1,Scope of work.2,1.0,0,20.0,300000.0,PROJ_REAL_17.0_scope_of_work.2
PROJ_REAL_18.0,scope_of_work.2,60,76.0,1,Scope of work.2,0.8660864501892798,0,16.0,240000.0,PROJ_REAL_18.0_scope_of_work.2
PROJ_REAL_19.0,scope_of_work.2,60,80.0,1,Scope of work.2,1.0,0,20.0,300000.0,PROJ_REAL_19.0_scope_of_work.2
PROJ_REAL_20.0,scope_of_work.2,60,76.0,1,Scope of work.2,0.9204753063304416,0,16.0,240000.0,PROJ_REAL_20.0_scope_of_work.2
PROJ_REAL_21.0,scope_of_work.2,60,76.0,1,Scope of work.2,0.5646080287790496,0,16.0,240000.0,PROJ_REAL_21.0_scope_of_work.2
PROJ_REAL_22.0,scope_of_work.2,60,68.0,0,Scope of work.2,0.3218172805941365,0,8.0,0.0,PROJ_REAL_22.0_scope_of_work.2
PROJ_REAL_23.0,scope_of_work.2,60,76.0,1,Scope of work.2,0.6112231757073906,0,16.0,240000.0,PROJ_REAL_23.0_scope_of_work.2
PROJ_REAL_24.0,scope_of_work.2,60,72.0,1,Scope of work.2,0.5616247532891506,0,12.0,180000.0,PROJ_REAL_24.0_scope_of_work.2
PROJ_REAL_25.0,scope_of_work.2,60,72.0,1,Scope of work.2,0.4337349479826664,0,12.0,180000.0,PROJ_REAL_25.0_scope_of_work.2
PROJ_REAL_26.0,scope_of_work.2,60,76.0,1,Scope of work.2,0.6470725002372917,0,16.0,240000.0,PROJ_REAL_26.0_scope_of_work.2
PROJ_REAL_27.0,scope_of_work.2,60,72.0,1,Scope of work.2,0.6826877656580006,0,12.0,180000.0,PROJ_REAL_27.0_scope_of_work.2
PROJ_REAL_28.0,scope_of_work.2,60,80.0,1,Scope of work.2,1.0,0,20.0,300000.0,PROJ_REAL_28.0_scope_of_work.2
PROJ_REAL_29.0,scope_of_work.2,60,72.0,1,Scope of work.2,0.6202190223249366,0,12.0,180000.0,PROJ_REAL_29.0_scope_of_work.2
PROJ_REAL_30.0,scope_of_work.2,60,72.0,1,Scope of work.2,0.6844714228621807,0,12.0,180000.0,PROJ_REAL_30.0_scope_of_work.2
PROJ_REAL_31.0,scope_of_work.2,60,80.0,1,Scope of work.2,1.0,0,20.0,300000.0,PROJ_REAL_31.0_scope_of_work.2
PROJ_REAL_32.0,scope_of_work.2,60,72.0,1,Scope of work.2,0.5480014042002204,0,12.0,180000.0,PROJ_REAL_32.0_scope_of_work.2
PROJ_REAL_33.0,scope_of_work.2,60,80.0,1,Scope of work.2,1.0,0,20.0,300000.0,PROJ_REAL_33.0_scope_of_work.2
PROJ_REAL_34.0,scope_of_work.2,60,68.0,0,Scope of work.2,0.342408150831276,0,8.0,0.0,PROJ_REAL_34.0_scope_of_work.2
PROJ_REAL_35.0,scope_of_work.2,60,80.0,1,Scope of work.2,0.9929438599167888,0,20.0,300000.0,PROJ_REAL_35.0_scope_of_work.2
PROJ_REAL_36.0,scope_of_work.2,60,80.0,1,Scope of work.2,1.0,0,20.0,300000.0,PROJ_REAL_36.0_scope_of_work.2
PROJ_REAL_37.0,scope_of_work.2,60,72.0,1,Scope of work.2,0.7021181769395983,0,12.0,180000.0,PROJ_REAL_37.0_scope_of_work.2
PROJ_REAL_38.0,scope_of_work.2,60,72.0,1,Scope of work.2,0.6329874628845977,0,12.0,180000.0,PROJ_REAL_38.0_scope_of_work.2
PROJ_REAL_39.0,scope_of_work.2,60,76.0,1,Scope of work.2,0.9143896717038564,0,16.0,240000.0,PROJ_REAL_39.0_scope_of_work.2
PROJ_REAL_40.0,scope_of_work.2,60,72.0,1,Scope of work.2,0.5368864540536934,0,12.0,180000.0,PROJ_REAL_40.0_scope_of_work.2
PROJ_REAL_41.0,scope_of_work.2,60,76.0,1,Scope of work.2,0.6435835707799786,0,16.0,240000.0,PROJ_REAL_41.0_scope_of_work.2
PROJ_REAL_42.0,scope_of_work.2,60,72.0,1,Scope of work.2,0.540388829911624,0,12.0,180000.0,PROJ_REAL_42.0_scope_of_work.2
PROJ_REAL_43.0,scope_of_work.2,60,76.0,1,Scope of work.2,0.9340532097776794,0,16.0,240000.0,PROJ_REAL_43.0_scope_of_work.2
PROJ_REAL_44.0,scope_of_work.2,60,80.0,1,Scope of work.2,0.9262645390410472,0,20.0,300000.0,PROJ_REAL_44.0_scope_of_work.2
PROJ_REAL_45.0,scope_of_work.2,60,76.0,1,Scope of work.2,0.8119586676055709,0,16.0,240000.0,PROJ_REAL_45.0_scope_of_work.2
PROJ_REAL_46.0,scope_of_work.2,60,76.0,1,Scope of work.2,0.7442634010793787,0,16.0,240000.0,PROJ_REAL_46.0_scope_of_work.2
PROJ_REAL_47.0,scope_of_work.2,60,72.0,1,Scope of work.2,0.7027043076485776,0,12.0,180000.0,PROJ_REAL_47.0_scope_of_work.2
PROJ_REAL_48.0,scope_of_work.2,60,76.0,1,Scope of work.2,0.8109473408836082,0,16.0,240000.0,PROJ_REAL_48.0_scope_of_work.2
PROJ_REAL_49.0,scope_of_work.2,60,76.0,1,Scope of work.2,0.8613751731018373,0,16.0,240000.0,PROJ_REAL_49.0_scope_of_work.2
PROJ_REAL_50.0,scope_of_work.2,60,80.0,1,Scope of work.2,0.9990122206192544,0,20.0,300000.0,PROJ_REAL_50.0_scope_of_work.2
PROJ_REAL_51.0,scope_of_work.2,60,72.0,1,Scope of work.2,0.4354936189224497,0,12.0,180000.0,PROJ_REAL_51.0_scope_of_work.2
PROJ_REAL_52.0,scope_of_work.2,60,76.0,1,Scope of work.2,0.7857380061889123,0,16.0,240000.0,PROJ_REAL_52.0_scope_of_work.2
PROJ_REAL_53.0,scope_of_work.2,60,72.0,1,Scope of work.2,0.5589075840075588,0,12.0,180000.0,PROJ_REAL_53.0_scope_of_work.2
PROJ_REAL_54.0,scope_of_work.2,60,76.0,1,Scope of work.2,0.7609744716265707,0,16.0,240000.0,PROJ_REAL_54.0_scope_of_work.2
PROJ_REAL_55.0,scope_of_work.2,60,76.0,1,Scope of work.2,0.7370488106862183,0,16.0,240000.0,PROJ_REAL_55.0_scope_of_work.2
PROJ_REAL_56.0,scope_of_work.2,60,76.0,1,Scope of work.2,0.832513580549617,0,16.0,240000.0,PROJ_REAL_56.0_scope_of_work.2
PROJ_REAL_57.0,scope_of_work.2,60,76.0,1,Scope of work.2,0.883820451314385,0,16.0,240000.0,PROJ_REAL_57.0_scope_of_work.2
PROJ_REAL_58.0,scope_of_work.2,60,76.0,1,Scope of work.2,0.8290400258482437,0,16.0,240000.0,PROJ_REAL_58.0_scope_of_work.2
PROJ_REAL_59.0,scope_of_work.2,60,76.0,1,Scope of work.2,0.7286173886651247,0,16.0,240000.0,PROJ_REAL_59.0_scope_of_work.2
PROJ_REAL_60.0,scope_of_work.2,60,76.0,1,Scope of work.2,0.7401286176499963,0,16.0,240000.0,PROJ_REAL_60.0_scope_of_work.2
PROJ_REAL_61.0,scope_of_work.2,60,76.0,1,Scope of work.2,0.9126218098207244,0,16.0,240000.0,PROJ_REAL_61.0_scope_of_work.2
PROJ_REAL_62.0,scope_of_work.2,60,72.0,1,Scope of work.2,0.5490067412996615,0,12.0,180000.0,PROJ_REAL_62.0_scope_of_work.2
PROJ_REAL_63.0,scope_of_work.2,60,80.0,1,Scope of work.2,0.980801796682168,0,20.0,300000.0,PROJ_REAL_63.0_scope_of_work.2
PROJ_REAL_64.0,scope_of_work.2,60,72.0,1,Scope of work.2,0.5916519477372003,0,12.0,180000.0,PROJ_REAL_64.0_scope_of_work.2
PROJ_REAL_65.0,scope_of_work.2,60,72.0,1,Scope of work.2,0.7447196859549585,0,12.0,180000.0,PROJ_REAL_65.0_scope_of_work.2
PROJ_REAL_66.0,scope_of_work.2,60,80.0,1,Scope of work.2,0.9333807818327294,0,20.0,300000.0,PROJ_REAL_66.0_scope_of_work.2
PROJ_REAL_67.0,scope_of_work.2,60,80.0,1,Scope of work.2,0.9168938668663396,0,20.0,300000.0,PROJ_REAL_67.0_scope_of_work.2
PROJ_REAL_68.0,scope_of_work.2,60,80.0,1,Scope of work.2,0.8494386356738923,0,20.0,300000.0,PROJ_REAL_68.0_scope_of_work.2
PROJ_REAL_69.0,scope_of_work.2,60,72.0,1,Scope of work.2,0.6892927267363732,0,12.0,180000.0,PROJ_REAL_69.0_scope_of_work.2
PROJ_REAL_70.0,scope_of_work.2,60,80.0,1,Scope of work.2,0.9468743572724156,0,20.0,300000.0,PROJ_REAL_70.0_scope_of_work.2
PROJ_REAL_71.0,scope_of_work.2,60,80.0,1,Scope of work.2,1.0,0,20.0,300000.0,PROJ_REAL_71.0_scope_of_work.2
PROJ_REAL_72.0,scope_of_work.2,60,80.0,1,Scope of work.2,0.8381597566484968,0,20.0,300000.0,PROJ_REAL_72.0_scope_of_work.2
PROJ_REAL_73.0,scope_of_work.2,60,80.0,1,Scope of work.2,1.0,0,20.0,300000.0,PROJ_REAL_73.0_scope_of_work.2
PROJ_REAL_74.0,scope_of_work.2,60,80.0,1,Scope of work.2,0.9495564688158498,0,20.0,300000.0,PROJ_REAL_74.0_scope_of_work.2
PROJ_REAL_75.0,scope_of_work.2,60,76.0,1,Scope of work.2,0.7373710915333342,0,16.0,240000.0,PROJ_REAL_75.0_scope_of_work.2
PROJ_REAL_76.0,scope_of_work.2,60,80.0,1,Scope of work.2,1.0,0,20.0,300000.0,PROJ_REAL_76.0_scope_of_work.2
PROJ_REAL_77.0,scope_of_work.2,60,80.0,1,Scope of work.2,1.0,0,20.0,300000.0,PROJ_REAL_77.0_scope_of_work.2
PROJ_REAL_78.0,scope_of_work.2,60,76.0,1,Scope of work.2,0.8486196415984816,0,16.0,240000.0,PROJ_REAL_78.0_scope_of_work.2
PROJ_REAL_79.0,scope_of_work.2,60,76.0,1,Scope of work.2,0.9358836231810084,0,16.0,240000.0,PROJ_REAL_79.0_scope_of_work.2
PROJ_REAL_80.0,scope_of_work.2,60,80.0,1,Scope of work.2,1.0,0,20.0,300000.0,PROJ_REAL_80.0_scope_of_work.2
PROJ_REAL_81.0,scope_of_work.2,60,76.0,1,Scope of work.2,0.7874696967803788,0,16.0,240000.0,PROJ_REAL_81.0_scope_of_work.2
PROJ_REAL_82.0,scope_of_work.2,60,80.0,1,Scope of work.2,1.0,0,20.0,300000.0,PROJ_REAL_82.0_scope_of_work.2
PROJ_REAL_83.0,scope_of_work.2,60,76.0,1,Scope of work.2,0.6704894917882845,0,16.0,240000.0,PROJ_REAL_83.0_scope_of_work.2
PROJ_REAL_84.0,scope_of_work.2,60,76.0,1,Scope of work.2,0.7386458261962999,0,16.0,240000.0,PROJ_REAL_84.0_scope_of_work.2
PROJ_REAL_85.0,scope_of_work.2,60,72.0,1,Scope of work.2,0.5506526297724991,0,12.0,180000.0,PROJ_REAL_85.0_scope_of_work.2
PROJ_REAL_86.0,scope_of_work.2,60,72.0,1,Scope of work.2,0.6164893925937174,0,12.0,180000.0,PROJ_REAL_86.0_scope_of_work.2
PROJ_REAL_87.0,scope_of_work.2,60,76.0,1,Scope of work.2,0.8204743391911264,0,16.0,240000.0,PROJ_REAL_87.0_scope_of_work.2
PROJ_REAL_88.0,scope_of_work.2,60,76.0,1,Scope of work.2,0.8029775908912674,0,16.0,240000.0,PROJ_REAL_88.0_scope_of_work.2
PROJ_REAL_89.0,scope_of_work.2,60,76.0,1,Scope of work.2,1.0,0,16.0,240000.0,PROJ_REAL_89.0_scope_of_work.2
PROJ_REAL_90.0,scope_of_work.2,60,80.0,1,Scope of work.2,0.9948005561973668,0,20.0,300000.0,PROJ_REAL_90.0_scope_of_work.2
PROJ_REAL_91.0,scope_of_work.2,60,80.0,1,Scope of work.2,0.9354595273686064,0,20.0,300000.0,PROJ_REAL_91.0_scope_of_work.2
PROJ_REAL_92.0,scope_of_work.2,60,72.0,1,Scope of work.2,0.5306750688220639,0,12.0,180000.0,PROJ_REAL_92.0_scope_of_work.2
PROJ_REAL_93.0,scope_of_work.2,60,72.0,1,Scope of work.2,0.3965042804330529,0,12.0,180000.0,PROJ_REAL_93.0_scope_of_work.2
PROJ_REAL_94.0,scope_of_work.2,60,80.0,1,Scope of work.2,1.0,0,20.0,300000.0,PROJ_REAL_94.0_scope_of_work.2
PROJ_REAL_95.0,scope_of_work.2,60,76.0,1,Scope of work.2,0.7579058538516353,0,16.0,240000.0,PROJ_REAL_95.0_scope_of_work.2
PROJ_REAL_96.0,scope_of_work.2,60,76.0,1,Scope of work.2,0.7100825465917223,0,16.0,240000.0,PROJ_REAL_96.0_scope_of_work.2
PROJ_REAL_97.0,scope_of_work.2,60,80.0,1,Scope of work.2,0.9140163323701296,0,20.0,300000.0,PROJ_REAL_97.0_scope_of_work.2
PROJ_REAL_98.0,scope_of_work.2,60,68.0,0,Scope of work.2,0.5074736531598159,0,8.0,0.0,PROJ_REAL_98.0_scope_of_work.2
PROJ_REAL_99.0,scope_of_work.2,60,80.0,1,Scope of work.2,1.0,0,20.0,300000.0,PROJ_REAL_99.0_scope_of_work.2
PROJ_REAL_100.0,scope_of_work.2,60,68.0,0,Scope of work.2,0.2701055344437675,0,8.0,0.0,PROJ_REAL_100.0_scope_of_work.2
PROJ_REAL_101.0,scope_of_work.2,60,72.0,1,Scope of work.2,0.6723319712726498,0,12.0,180000.0,PROJ_REAL_101.0_scope_of_work.2
PROJ_REAL_102.0,scope_of_work.2,60,76.0,1,Scope of work.2,0.6792211101556928,0,16.0,240000.0,PROJ_REAL_102.0_scope_of_work.2
PROJ_REAL_103.0,scope_of_work.2,60,64.0,0,Scope of work.2,0.2682614104156513,0,4.0,0.0,PROJ_REAL_103.0_scope_of_work.2
PROJ_REAL_104.0,scope_of_work.2,60,72.0,1,Scope of work.2,0.7101971963784739,0,12.0,180000.0,PROJ_REAL_104.0_scope_of_work.2
PROJ_REAL_105.0,scope_of_work.2,60,76.0,1,Scope of work.2,0.7762396738495203,0,16.0,240000.0,PROJ_REAL_105.0_scope_of_work.2
PROJ_REAL_106.0,scope_of_work.2,60,76.0,1,Scope of work.2,0.9418609712647804,0,16.0,240000.0,PROJ_REAL_106.0_scope_of_work.2
PROJ_REAL_107.0,scope_of_work.2,60,76.0,1,Scope of work.2,0.8386033208691851,0,16.0,240000.0,PROJ_REAL_107.0_scope_of_work.2
PROJ_REAL_108.0,scope_of_work.2,60,80.0,1,Scope of work.2,0.9675853287806436,0,20.0,300000.0,PROJ_REAL_108.0_scope_of_work.2
PROJ_REAL_109.0,scope_of_work.2,60,76.0,1,Scope of work.2,0.7502478895067877,0,16.0,240000.0,PROJ_REAL_109.0_scope_of_work.2
PROJ_REAL_110.0,scope_of_work.2,60,76.0,1,Scope of work.2,0.7625990732138497,0,16.0,240000.0,PROJ_REAL_110.0_scope_of_work.2
PROJ_REAL_111.0,scope_of_work.2,60,76.0,1,Scope of work.2,0.7698491324906939,0,16.0,240000.0,PROJ_REAL_111.0_scope_of_work.2
PROJ_REAL_112.0,scope_of_work.2,60,72.0,1,Scope of work.2,0.6594609285389791,0,12.0,180000.0,PROJ_REAL_112.0_scope_of_work.2
PROJ_REAL_113.0,scope_of_work.2,60,80.0,1,Scope of work.2,1.0,0,20.0,300000.0,PROJ_REAL_113.0_scope_of_work.2
PROJ_REAL_114.0,scope_of_work.2,60,76.0,1,Scope of work.2,0.7784450019636617,0,16.0,240000.0,PROJ_REAL_114.0_scope_of_work.2
PROJ_REAL_115.0,scope_of_work.2,60,80.0,1,Scope of work.2,0.9313180947659476,0,20.0,300000.0,PROJ_REAL_115.0_scope_of_work.2
PROJ_REAL_116.0,scope_of_work.2,60,72.0,1,Scope of work.2,0.4317495377777206,0,12.0,180000.0,PROJ_REAL_116.0_scope_of_work.2
PROJ_REAL_117.0,scope_of_work.2,60,68.0,0,Scope of work.2,0.4716791634247597,0,8.0,0.0,PROJ_REAL_117.0_scope_of_work.2
PROJ_REAL_118.0,scope_of_work.2,60,76.0,1,Scope of work.2,0.9455761905881006,0,16.0,240000.0,PROJ_REAL_118.0_scope_of_work.2
PROJ_REAL_119.0,scope_of_work.2,60,76.0,1,Scope of work.2,0.8106334109277472,0,16.0,240000.0,PROJ_REAL_119.0_scope_of_work.2
PROJ_REAL_120.0,scope_of_work.2,60,76.0,1,Scope of work.2,0.7412250481790206,0,16.0,240000.0,PROJ_REAL_120.0_scope_of_work.2
PROJ_REAL_121.0,scope_of_work.2,60,80.0,1,Scope of work.2,0.9676616424636856,0,20.0,300000.0,PROJ_REAL_121.0_scope_of_work.2
PROJ_REAL_122.0,scope_of_work.2,60,80.0,1,Scope of work.2,0.954795028963048,0,20.0,300000.0,PROJ_REAL_122.0_scope_of_work.2
PROJ_REAL_123.0,scope_of_work.2,60,76.0,1,Scope of work.2,0.9784379197586808,0,16.0,240000.0,PROJ_REAL_123.0_scope_of_work.2
PROJ_REAL_124.0,scope_of_work.2,60,68.0,0,Scope of work.2,0.3285651363937584,0,8.0,0.0,PROJ_REAL_124.0_scope_of_work.2
PROJ_REAL_125.0,scope_of_work.2,60,76.0,1,Scope of work.2,0.8253701479735484,0,16.0,240000.0,PROJ_REAL_125.0_scope_of_work.2
PROJ_REAL_126.0,scope_of_work.2,60,76.0,1,Scope of work.2,0.6555667165045607,0,16.0,240000.0,PROJ_REAL_126.0_scope_of_work.2
PROJ_REAL_127.0,scope_of_work.2,60,80.0,1,Scope of work.2,0.8078202945812514,0,20.0,300000.0,PROJ_REAL_127.0_scope_of_work.2
PROJ_REAL_128.0,scope_of_work.2,60,80.0,1,Scope of work.2,1.0,0,20.0,300000.0,PROJ_REAL_128.0_scope_of_work.2
PROJ_REAL_129.0,scope_of_work.2,60,80.0,1,Scope of work.2,0.9541096985457872,0,20.0,300000.0,PROJ_REAL_129.0_scope_of_work.2
PROJ_REAL_130.0,scope_of_work.2,60,72.0,1,Scope of work.2,0.5249467476430792,0,12.0,180000.0,PROJ_REAL_130.0_scope_of_work.2
PROJ_REAL_131.0,scope_of_work.2,60,80.0,1,Scope of work.2,1.0,0,20.0,300000.0,PROJ_REAL_131.0_scope_of_work.2
PROJ_REAL_132.0,scope_of_work.2,60,76.0,1,Scope of work.2,0.7019002517448459,0,16.0,240000.0,PROJ_REAL_132.0_scope_of_work.2
PROJ_REAL_133.0,scope_of_work.2,60,80.0,1,Scope of work.2,1.0,0,20.0,300000.0,PROJ_REAL_133.0_scope_of_work.2
PROJ_REAL_134.0,scope_of_work.2,60,80.0,1,Scope of work.2,1.0,0,20.0,300000.0,PROJ_REAL_134.0_scope_of_work.2
PROJ_REAL_135.0,scope_of_work.2,60,80.0,1,Scope of work.2,0.8272654475215585,0,20.0,300000.0,PROJ_REAL_135.0_scope_of_work.2
PROJ_REAL_136.0,scope_of_work.2,60,80.0,1,Scope of work.2,1.0,0,20.0,300000.0,PROJ_REAL_136.0_scope_of_work.2
PROJ_REAL_137.0,scope_of_work.2,60,80.0,1,Scope of work.2,1.0,0,20.0,300000.0,PROJ_REAL_137.0_scope_of_work.2
PROJ_REAL_138.0,scope_of_work.2,60,72.0,1,Scope of work.2,0.5674463775175368,0,12.0,180000.0,PROJ_REAL_138.0_scope_of_work.2
PROJ_REAL_139.0,scope_of_work.2,60,80.0,1,Scope of work.2,0.9099900487413106,0,20.0,300000.0,PROJ_REAL_139.0_scope_of_work.2
PROJ_REAL_140.0,scope_of_work.2,60,72.0,1,Scope of work.2,0.5961690226278455,0,12.0,180000.0,PROJ_REAL_140.0_scope_of_work.2
PROJ_REAL_141.0,scope_of_work.2,60,72.0,1,Scope of work.2,0.5070388742871722,0,12.0,180000.0,PROJ_REAL_141.0_scope_of_work.2
PROJ_REAL_142.0,scope_of_work.2,60,72.0,1,Scope of work.2,0.6637886482379801,0,12.0,180000.0,PROJ_REAL_142.0_scope_of_work.2
PROJ_REAL_143.0,scope_of_work.2,60,72.0,1,Scope of work.2,0.4641518876608477,0,12.0,180000.0,PROJ_REAL_143.0_scope_of_work.2
PROJ_REAL_1.0,scope_of_work.3,60,64.0,0,Scope of work.3,0.2052509288323146,0,4.0,0.0,PROJ_REAL_1.0_scope_of_work.3
PROJ_REAL_2.0,scope_of_work.3,60,72.0,1,Scope of work.3,0.695229010417246,0,12.0,180000.0,PROJ_REAL_2.0_scope_of_work.3
PROJ_REAL_3.0,scope_of_work.3,60,68.0,0,Scope of work.3,0.4959114413958762,0,8.0,0.0,PROJ_REAL_3.0_scope_of_work.3
PROJ_REAL_4.0,scope_of_work.3,60,72.0,1,Scope of work.3,0.7493657973330408,0,12.0,180000.0,PROJ_REAL_4.0_scope_of_work.3
PROJ_REAL_5.0,scope_of_work.3,60,68.0,0,Scope of work.3,0.3594310950150434,0,8.0,0.0,PROJ_REAL_5.0_scope_of_work.3
PROJ_REAL_6.0,scope_of_work.3,60,72.0,1,Scope of work.3,0.5280205690617595,0,12.0,180000.0,PROJ_REAL_6.0_scope_of_work.3
PROJ_REAL_7.0,scope_of_work.3,60,76.0,1,Scope of work.3,0.8046603958541603,0,16.0,240000.0,PROJ_REAL_7.0_scope_of_work.3
PROJ_REAL_8.0,scope_of_work.3,60,72.0,1,Scope of work.3,0.491629649092727,0,12.0,180000.0,PROJ_REAL_8.0_scope_of_work.3
PROJ_REAL_9.0,scope_of_work.3,60,76.0,1,Scope of work.3,0.753599293618197,0,16.0,240000.0,PROJ_REAL_9.0_scope_of_work.3
PROJ_REAL_10.0,scope_of_work.3,60,72.0,1,Scope of work.3,0.6123098291368039,0,12.0,180000.0,PROJ_REAL_10.0_scope_of_work.3
PROJ_REAL_11.0,scope_of_work.3,60,64.0,0,Scope of work.3,0.492669891100181,0,4.0,0.0,PROJ_REAL_11.0_scope_of_work.3
PROJ_REAL_12.0,scope_of_work.3,60,76.0,1,Scope of work.3,0.854862169866457,0,16.0,240000.0,PROJ_REAL_12.0_scope_of_work.3
PROJ_REAL_13.0,scope_of_work.3,60,76.0,1,Scope of work.3,1.0,0,16.0,240000.0,PROJ_REAL_13.0_scope_of_work.3
PROJ_REAL_14.0,scope_of_work.3,60,76.0,1,Scope of work.3,0.7641876719650814,0,16.0,240000.0,PROJ_REAL_14.0_scope_of_work.3
PROJ_REAL_15.0,scope_of_work.3,60,72.0,1,Scope of work.3,0.7301983491021442,0,12.0,180000.0,PROJ_REAL_15.0_scope_of_work.3
PROJ_REAL_16.0,scope_of_work.3,60,72.0,1,Scope of work.3,0.4830038553475771,0,12.0,180000.0,PROJ_REAL_16.0_scope_of_work.3
PROJ_REAL_17.0,scope_of_work.3,60,80.0,1,Scope of work.3,0.9378407706656612,0,20.0,300000.0,PROJ_REAL_17.0_scope_of_work.3
PROJ_REAL_18.0,scope_of_work.3,60,80.0,1,Scope of work.3,0.9484038791423413,0,20.0,300000.0,PROJ_REAL_18.0_scope_of_work.3
PROJ_REAL_19.0,scope_of_work.3,60,72.0,1,Scope of work.3,0.6451134503549077,0,12.0,180000.0,PROJ_REAL_19.0_scope_of_work.3
PROJ_REAL_20.0,scope_of_work.3,60,80.0,1,Scope of work.3,0.98471791286692,0,20.0,300000.0,PROJ_REAL_20.0_scope_of_work.3
PROJ_REAL_21.0,scope_of_work.3,60,76.0,1,Scope of work.3,0.8224209655759516,0,16.0,240000.0,PROJ_REAL_21.0_scope_of_work.3
PROJ_REAL_22.0,scope_of_work.3,60,80.0,1,Scope of work.3,1.0,0,20.0,300000.0,PROJ_REAL_22.0_scope_of_work.3
PROJ_REAL_23.0,scope_of_work.3,60,68.0,0,Scope of work.3,0.4730630110557824,0,8.0,0.0,PROJ_REAL_23.0_scope_of_work.3
PROJ_REAL_24.0,scope_of_work.3,60,72.0,1,Scope of work.3,0.5960257043234192,0,12.0,180000.0,PROJ_REAL_24.0_scope_of_work.3
PROJ_REAL_25.0,scope_of_work.3,60,80.0,1,Scope of work.3,1.0,0,20.0,300000.0,PROJ_REAL_25.0_scope_of_work.3
PROJ_REAL_26.0,scope_of_work.3,60,76.0,1,Scope of work.3,0.9238935365366776,0,16.0,240000.0,PROJ_REAL_26.0_scope_of_work.3
PROJ_REAL_27.0,scope_of_work.3,60,68.0,0,Scope of work.3,0.4219037225990978,0,8.0,0.0,PROJ_REAL_27.0_scope_of_work.3
PROJ_REAL_28.0,scope_of_work.3,60,72.0,1,Scope of work.3,0.4169404536492911,0,12.0,180000.0,PROJ_REAL_28.0_scope_of_work.3
PROJ_REAL_29.0,scope_of_work.3,60,68.0,0,Scope of work.3,0.3980831486894557,0,8.0,0.0,PROJ_REAL_29.0_scope_of_work.3
PROJ_REAL_30.0,scope_of_work.3,60,72.0,1,Scope of work.3,0.6246997310963691,0,12.0,180000.0,PROJ_REAL_30.0_scope_of_work.3
PROJ_REAL_31.0,scope_of_work.3,60,80.0,1,Scope of work.3,0.906284404955331,0,20.0,300000.0,PROJ_REAL_31.0_scope_of_work.3
PROJ_REAL_32.0,scope_of_work.3,60,68.0,0,Scope of work.3,0.3248782769379411,0,8.0,0.0,PROJ_REAL_32.0_scope_of_work.3
PROJ_REAL_33.0,scope_of_work.3,60,80.0,1,Scope of work.3,1.0,0,20.0,300000.0,PROJ_REAL_33.0_scope_of_work.3
PROJ_REAL_34.0,scope_of_work.3,60,68.0,0,Scope of work.3,0.2954566603003702,0,8.0,0.0,PROJ_REAL_34.0_scope_of_work.3
PROJ_REAL_35.0,scope_of_work.3,60,68.0,0,Scope of work.3,0.3878026035246026,0,8.0,0.0,PROJ_REAL_35.0_scope_of_work.3
PROJ_REAL_36.0,scope_of_work.3,60,80.0,1,Scope of work.3,0.900768076101864,0,20.0,300000.0,PROJ_REAL_36.0_scope_of_work.3
PROJ_REAL_37.0,scope_of_work.3,60,72.0,1,Scope of work.3,0.6281613160639814,0,12.0,180000.0,PROJ_REAL_37.0_scope_of_work.3
PROJ_REAL_38.0,scope_of_work.3,60,76.0,1,Scope of work.3,0.880242579188495,0,16.0,240000.0,PROJ_REAL_38.0_scope_of_work.3
PROJ_REAL_39.0,scope_of_work.3,60,72.0,1,Scope of work.3,0.6161795357831076,0,12.0,180000.0,PROJ_REAL_39.0_scope_of_work.3
PROJ_REAL_40.0,scope_of_work.3,60,72.0,1,Scope of work.3,0.5005027155428254,0,12.0,180000.0,PROJ_REAL_40.0_scope_of_work.3
PROJ_REAL_41.0,scope_of_work.3,60,76.0,1,Scope of work.3,0.6720929590149497,0,16.0,240000.0,PROJ_REAL_41.0_scope_of_work.3
PROJ_REAL_42.0,scope_of_work.3,60,72.0,1,Scope of work.3,0.6205351222771568,0,12.0,180000.0,PROJ_REAL_42.0_scope_of_work.3
PROJ_REAL_43.0,scope_of_work.3,60,76.0,1,Scope of work.3,0.9200747539293204,0,16.0,240000.0,PROJ_REAL_43.0_scope_of_work.3
PROJ_REAL_44.0,scope_of_work.3,60,72.0,1,Scope of work.3,0.6309877657300207,0,12.0,180000.0,PROJ_REAL_44.0_scope_of_work.3
PROJ_REAL_45.0,scope_of_work.3,60,76.0,1,Scope of work.3,0.753155741319585,0,16.0,240000.0,PROJ_REAL_45.0_scope_of_work.3
PROJ_REAL_46.0,scope_of_work.3,60,76.0,1,Scope of work.3,0.9008090861828014,0,16.0,240000.0,PROJ_REAL_46.0_scope_of_work.3
PROJ_REAL_47.0,scope_of_work.3,60,76.0,1,Scope of work.3,0.9021493613427504,0,16.0,240000.0,PROJ_REAL_47.0_scope_of_work.3
PROJ_REAL_48.0,scope_of_work.3,60,80.0,1,Scope of work.3,0.8557074009427846,0,20.0,300000.0,PROJ_REAL_48.0_scope_of_work.3
PROJ_REAL_49.0,scope_of_work.3,60,76.0,1,Scope of work.3,0.7896814689142049,0,16.0,240000.0,PROJ_REAL_49.0_scope_of_work.3
PROJ_REAL_50.0,scope_of_work.3,60,76.0,1,Scope of work.3,0.8681681235025012,0,16.0,240000.0,PROJ_REAL_50.0_scope_of_work.3
PROJ_REAL_51.0,scope_of_work.3,60,76.0,1,Scope of work.3,0.9349405305650784,0,16.0,240000.0,PROJ_REAL_51.0_scope_of_work.3
PROJ_REAL_52.0,scope_of_work.3,60,80.0,1,Scope of work.3,0.9313939682010954,0,20.0,300000.0,PROJ_REAL_52.0_scope_of_work.3
PROJ_REAL_53.0,scope_of_work.3,60,72.0,1,Scope of work.3,0.6148969821213597,0,12.0,180000.0,PROJ_REAL_53.0_scope_of_work.3
PROJ_REAL_54.0,scope_of_work.3,60,76.0,1,Scope of work.3,0.7201992577525289,0,16.0,240000.0,PROJ_REAL_54.0_scope_of_work.3
PROJ_REAL_55.0,scope_of_work.3,60,76.0,1,Scope of work.3,0.687823736059151,0,16.0,240000.0,PROJ_REAL_55.0_scope_of_work.3
PROJ_REAL_56.0,scope_of_work.3,60,80.0,1,Scope of work.3,0.7731533696632322,0,20.0,300000.0,PROJ_REAL_56.0_scope_of_work.3
PROJ_REAL_57.0,scope_of_work.3,60,72.0,1,Scope of work.3,0.6732099514569014,0,12.0,180000.0,PROJ_REAL_57.0_scope_of_work.3
PROJ_REAL_58.0,scope_of_work.3,60,72.0,1,Scope of work.3,0.6432725738141635,0,12.0,180000.0,PROJ_REAL_58.0_scope_of_work.3
PROJ_REAL_59.0,scope_of_work.3,60,72.0,1,Scope of work.3,0.7008830143393858,0,12.0,180000.0,PROJ_REAL_59.0_scope_of_work.3
PROJ_REAL_60.0,scope_of_work.3,60,76.0,1,Scope of work.3,0.9255176975026084,0,16.0,240000.0,PROJ_REAL_60.0_scope_of_work.3
PROJ_REAL_61.0,scope_of_work.3,60,76.0,1,Scope of work.3,0.670340078603161,0,16.0,240000.0,PROJ_REAL_61.0_scope_of_work.3
PROJ_REAL_62.0,scope_of_work.3,60,72.0,1,Scope of work.3,0.6732974841301567,0,12.0,180000.0,PROJ_REAL_62.0_scope_of_work.3
PROJ_REAL_63.0,scope_of_work.3,60,76.0,1,Scope of work.3,0.7395781209235767,0,16.0,240000.0,PROJ_REAL_63.0_scope_of_work.3
PROJ_REAL_64.0,scope_of_work.3,60,72.0,1,Scope of work.3,0.6462793644479997,0,12.0,180000.0,PROJ_REAL_64.0_scope_of_work.3
PROJ_REAL_65.0,scope_of_work.3,60,72.0,1,Scope of work.3,0.6363177383266049,0,12.0,180000.0,PROJ_REAL_65.0_scope_of_work.3
PROJ_REAL_66.0,scope_of_work.3,60,76.0,1,Scope of work.3,0.8106177442410132,0,16.0,240000.0,PROJ_REAL_66.0_scope_of_work.3
PROJ_REAL_67.0,scope_of_work.3,60,76.0,1,Scope of work.3,0.8298206166019072,0,16.0,240000.0,PROJ_REAL_67.0_scope_of_work.3
PROJ_REAL_68.0,scope_of_work.3,60,80.0,1,Scope of work.3,0.8608209592895533,0,20.0,300000.0,PROJ_REAL_68.0_scope_of_work.3
PROJ_REAL_69.0,scope_of_work.3,60,72.0,1,Scope of work.3,0.6316047364519417,0,12.0,180000.0,PROJ_REAL_69.0_scope_of_work.3
PROJ_REAL_70.0,scope_of_work.3,60,76.0,1,Scope of work.3,0.9528484593181216,0,16.0,240000.0,PROJ_REAL_70.0_scope_of_work.3
PROJ_REAL_71.0,scope_of_work.3,60,80.0,1,Scope of work.3,0.9563532480491816,0,20.0,300000.0,PROJ_REAL_71.0_scope_of_work.3
PROJ_REAL_72.0,scope_of_work.3,60,68.0,0,Scope of work.3,0.3410931738968936,0,8.0,0.0,PROJ_REAL_72.0_scope_of_work.3
PROJ_REAL_73.0,scope_of_work.3,60,80.0,1,Scope of work.3,1.0,0,20.0,300000.0,PROJ_REAL_73.0_scope_of_work.3
PROJ_REAL_74.0,scope_of_work.3,60,76.0,1,Scope of work.3,0.8068887458274245,0,16.0,240000.0,PROJ_REAL_74.0_scope_of_work.3
PROJ_REAL_75.0,scope_of_work.3,60,76.0,1,Scope of work.3,0.5647346187707445,0,16.0,240000.0,PROJ_REAL_75.0_scope_of_work.3
PROJ_REAL_76.0,scope_of_work.3,60,64.0,0,Scope of work.3,0.1563022870508209,0,4.0,0.0,PROJ_REAL_76.0_scope_of_work.3
PROJ_REAL_77.0,scope_of_work.3,60,80.0,1,Scope of work.3,1.0,0,20.0,300000.0,PROJ_REAL_77.0_scope_of_work.3
PROJ_REAL_78.0,scope_of_work.3,60,80.0,1,Scope of work.3,0.944145953598223,0,20.0,300000.0,PROJ_REAL_78.0_scope_of_work.3
PROJ_REAL_79.0,scope_of_work.3,60,76.0,1,Scope of work.3,0.7438050747255645,0,16.0,240000.0,PROJ_REAL_79.0_scope_of_work.3
PROJ_REAL_80.0,scope_of_work.3,60,72.0,1,Scope of work.3,0.5950209264356102,0,12.0,180000.0,PROJ_REAL_80.0_scope_of_work.3
PROJ_REAL_81.0,scope_of_work.3,60,76.0,1,Scope of work.3,0.7370038756650811,0,16.0,240000.0,PROJ_REAL_81.0_scope_of_work.3
PROJ_REAL_82.0,scope_of_work.3,60,68.0,0,Scope of work.3,0.3483550774506417,0,8.0,0.0,PROJ_REAL_82.0_scope_of_work.3
PROJ_REAL_83.0,scope_of_work.3,60,68.0,0,Scope of work.3,0.4040347525015162,0,8.0,0.0,PROJ_REAL_83.0_scope_of_work.3
PROJ_REAL_84.0,scope_of_work.3,60,72.0,1,Scope of work.3,0.5058764771378961,0,12.0,180000.0,PROJ_REAL_84.0_scope_of_work.3
PROJ_REAL_85.0,scope_of_work.3,60,76.0,1,Scope of work.3,0.9274890329736094,0,16.0,240000.0,PROJ_REAL_85.0_scope_of_work.3
PROJ_REAL_86.0,scope_of_work.3,60,76.0,1,Scope of work.3,0.7137251032729787,0,16.0,240000.0,PROJ_REAL_86.0_scope_of_work.3
PROJ_REAL_87.0,scope_of_work.3,60,76.0,1,Scope of work.3,0.8178654954849615,0,16.0,240000.0,PROJ_REAL_87.0_scope_of_work.3
PROJ_REAL_88.0,scope_of_work.3,60,72.0,1,Scope of work.3,0.5595263961833417,0,12.0,180000.0,PROJ_REAL_88.0_scope_of_work.3
PROJ_REAL_89.0,scope_of_work.3,60,64.0,0,Scope of work.3,0.3061629319631804,0,4.0,0.0,PROJ_REAL_89.0_scope_of_work.3
PROJ_REAL_90.0,scope_of_work.3,60,76.0,1,Scope of work.3,0.850402667029391,0,16.0,240000.0,PROJ_REAL_90.0_scope_of_work.3
PROJ_REAL_91.0,scope_of_work.3,60,80.0,1,Scope of work.3,1.0,0,20.0,300000.0,PROJ_REAL_91.0_scope_of_work.3
PROJ_REAL_92.0,scope_of_work.3,60,72.0,1,Scope of work.3,0.4049018274659465,0,12.0,180000.0,PROJ_REAL_92.0_scope_of_work.3
PROJ_REAL_93.0,scope_of_work.3,60,72.0,1,Scope of work.3,0.5226826976877966,0,12.0,180000.0,PROJ_REAL_93.0_scope_of_work.3
PROJ_REAL_94.0,scope_of_work.3,60,76.0,1,Scope of work.3,0.7394741421823159,0,16.0,240000.0,PROJ_REAL_94.0_scope_of_work.3
PROJ_REAL_95.0,scope_of_work.3,60,76.0,1,Scope of work.3,0.7682303096551003,0,16.0,240000.0,PROJ_REAL_95.0_scope_of_work.3
PROJ_REAL_96.0,scope_of_work.3,60,76.0,1,Scope of work.3,0.6285009577866945,0,16.0,240000.0,PROJ_REAL_96.0_scope_of_work.3
PROJ_REAL_97.0,scope_of_work.3,60,76.0,1,Scope of work.3,0.8381154850602057,0,16.0,240000.0,PROJ_REAL_97.0_scope_of_work.3
PROJ_REAL_98.0,scope_of_work.3,60,76.0,1,Scope of work.3,0.883983382398206,0,16.0,240000.0,PROJ_REAL_98.0_scope_of_work.3
PROJ_REAL_99.0,scope_of_work.3,60,76.0,1,Scope of work.3,0.9763208659316002,0,16.0,240000.0,PROJ_REAL_99.0_scope_of_work.3
PROJ_REAL_100.0,scope_of_work.3,60,80.0,1,Scope of work.3,0.9699631364112526,0,20.0,300000.0,PROJ_REAL_100.0_scope_of_work.3
PROJ_REAL_101.0,scope_of_work.3,60,72.0,1,Scope of work.3,0.6649064118116688,0,12.0,180000.0,PROJ_REAL_101.0_scope_of_work.3
PROJ_REAL_102.0,scope_of_work.3,60,76.0,1,Scope of work.3,0.6823185490719658,0,16.0,240000.0,PROJ_REAL_102.0_scope_of_work.3
PROJ_REAL_103.0,scope_of_work.3,60,76.0,1,Scope of work.3,0.7363191514672652,0,16.0,240000.0,PROJ_REAL_103.0_scope_of_work.3
PROJ_REAL_104.0,scope_of_work.3,60,72.0,1,Scope of work.3,0.4663034198868095,0,12.0,180000.0,PROJ_REAL_104.0_scope_of_work.3
PROJ_REAL_105.0,scope_of_work.3,60,76.0,1,Scope of work.3,0.7562536219835044,0,16.0,240000.0,PROJ_REAL_105.0_scope_of_work.3
PROJ_REAL_106.0,scope_of_work.3,60,80.0,1,Scope of work.3,1.0,0,20.0,300000.0,PROJ_REAL_106.0_scope_of_work.3
PROJ_REAL_107.0,scope_of_work.3,60,72.0,1,Scope of work.3,0.5746381579910176,0,12.0,180000.0,PROJ_REAL_107.0_scope_of_work.3
PROJ_REAL_108.0,scope_of_work.3,60,64.0,0,Scope of work.3,0.1673444315131431,0,4.0,0.0,PROJ_REAL_108.0_scope_of_work.3
PROJ_REAL_109.0,scope_of_work.3,60,76.0,1,Scope of work.3,0.7392836970235139,0,16.0,240000.0,PROJ_REAL_109.0_scope_of_work.3
PROJ_REAL_110.0,scope_of_work.3,60,76.0,1,Scope of work.3,0.7995597010477035,0,16.0,240000.0,PROJ_REAL_110.0_scope_of_work.3
PROJ_REAL_111.0,scope_of_work.3,60,76.0,1,Scope of work.3,0.8997948867074855,0,16.0,240000.0,PROJ_REAL_111.0_scope_of_work.3
PROJ_REAL_112.0,scope_of_work.3,60,72.0,1,Scope of work.3,0.6321817326200316,0,12.0,180000.0,PROJ_REAL_112.0_scope_of_work.3
PROJ_REAL_113.0,scope_of_work.3,60,80.0,1,Scope of work.3,1.0,0,20.0,300000.0,PROJ_REAL_113.0_scope_of_work.3
PROJ_REAL_114.0,scope_of_work.3,60,72.0,1,Scope of work.3,0.5361416400487593,0,12.0,180000.0,PROJ_REAL_114.0_scope_of_work.3
PROJ_REAL_115.0,scope_of_work.3,60,68.0,0,Scope of work.3,0.4876463123927884,0,8.0,0.0,PROJ_REAL_115.0_scope_of_work.3
PROJ_REAL_116.0,scope_of_work.3,60,72.0,1,Scope of work.3,0.7094389876075289,0,12.0,180000.0,PROJ_REAL_116.0_scope_of_work.3
PROJ_REAL_117.0,scope_of_work.3,60,80.0,1,Scope of work.3,1.0,0,20.0,300000.0,PROJ_REAL_117.0_scope_of_work.3
PROJ_REAL_118.0,scope_of_work.3,60,76.0,1,Scope of work.3,0.8373651612017788,0,16.0,240000.0,PROJ_REAL_118.0_scope_of_work.3
PROJ_REAL_119.0,scope_of_work.3,60,80.0,1,Scope of work.3,1.0,0,20.0,300000.0,PROJ_REAL_119.0_scope_of_work.3
PROJ_REAL_120.0,scope_of_work.3,60,76.0,1,Scope of work.3,0.78579335952015,0,16.0,240000.0,PROJ_REAL_120.0_scope_of_work.3
PROJ_REAL_121.0,scope_of_work.3,60,76.0,1,Scope of work.3,0.7005017584273526,0,16.0,240000.0,PROJ_REAL_121.0_scope_of_work.3
PROJ_REAL_122.0,scope_of_work.3,60,80.0,1,Scope of work.3,0.8966515747840815,0,20.0,300000.0,PROJ_REAL_122.0_scope_of_work.3
PROJ_REAL_123.0,scope_of_work.3,60,72.0,1,Scope of work.3,0.5883521224358493,0,12.0,180000.0,PROJ_REAL_123.0_scope_of_work.3
PROJ_REAL_124.0,scope_of_work.3,60,76.0,1,Scope of work.3,0.5482564678931834,0,16.0,240000.0,PROJ_REAL_124.0_scope_of_work.3
PROJ_REAL_125.0,scope_of_work.3,60,76.0,1,Scope of work.3,0.7388191355749381,0,16.0,240000.0,PROJ_REAL_125.0_scope_of_work.3
PROJ_REAL_126.0,scope_of_work.3,60,72.0,1,Scope of work.3,0.5909367415818654,0,12.0,180000.0,PROJ_REAL_126.0_scope_of_work.3
PROJ_REAL_127.0,scope_of_work.3,60,80.0,1,Scope of work.3,0.8577698733039019,0,20.0,300000.0,PROJ_REAL_127.0_scope_of_work.3
PROJ_REAL_128.0,scope_of_work.3,60,68.0,0,Scope of work.3,0.3553783227618111,0,8.0,0.0,PROJ_REAL_128.0_scope_of_work.3
PROJ_REAL_129.0,scope_of_work.3,60,80.0,1,Scope of work.3,0.9814442358365324,0,20.0,300000.0,PROJ_REAL_129.0_scope_of_work.3
PROJ_REAL_130.0,scope_of_work.3,60,72.0,1,Scope of work.3,0.7331294339217513,0,12.0,180000.0,PROJ_REAL_130.0_scope_of_work.3
PROJ_REAL_131.0,scope_of_work.3,60,72.0,1,Scope of work.3,0.5474979392202686,0,12.0,180000.0,PROJ_REAL_131.0_scope_of_work.3
PROJ_REAL_132.0,scope_of_work.3,60,76.0,1,Scope of work.3,0.9133936019517708,0,16.0,240000.0,PROJ_REAL_132.0_scope_of_work.3
PROJ_REAL_133.0,scope_of_work.3,60,64.0,0,Scope of work.3,0.332421588235453,0,4.0,0.0,PROJ_REAL_133.0_scope_of_work.3
PROJ_REAL_134.0,scope_of_work.3,60,76.0,1,Scope of work.3,0.8072773920595131,0,16.0,240000.0,PROJ_REAL_134.0_scope_of_work.3
PROJ_REAL_135.0,scope_of_work.3,60,68.0,0,Scope of work.3,0.4754620375479154,0,8.0,0.0,PROJ_REAL_135.0_scope_of_work.3
PROJ_REAL_136.0,scope_of_work.3,60,80.0,1,Scope of work.3,0.971250710075253,0,20.0,300000.0,PROJ_REAL_136.0_scope_of_work.3
PROJ_REAL_137.0,scope_of_work.3,60,76.0,1,Scope of work.3,0.8044389774091056,0,16.0,240000.0,PROJ_REAL_137.0_scope_of_work.3
PROJ_REAL_138.0,scope_of_work.3,60,72.0,1,Scope of work.3,0.4740721008911844,0,12.0,180000.0,PROJ_REAL_138.0_scope_of_work.3
PROJ_REAL_139.0,scope_of_work.3,60,76.0,1,Scope of work.3,0.945785674494296,0,16.0,240000.0,PROJ_REAL_139.0_scope_of_work.3
PROJ_REAL_140.0,scope_of_work.3,60,72.0,1,Scope of work.3,0.4725409172418519,0,12.0,180000.0,PROJ_REAL_140.0_scope_of_work.3
PROJ_REAL_141.0,scope_of_work.3,60,76.0,1,Scope of work.3,0.8356888832002374,0,16.0,240000.0,PROJ_REAL_141.0_scope_of_work.3
PROJ_REAL_142.0,scope_of_work.3,60,76.0,1,Scope of work.3,0.8242471933580943,0,16.0,240000.0,PROJ_REAL_142.0_scope_of_work.3
PROJ_REAL_143.0,scope_of_work.3,60,68.0,0,Scope of work.3,0.2625673086618268,0,8.0,0.0,PROJ_REAL_143.0_scope_of_work.3
PROJ_REAL_1.0,external_issues,60,68.0,0,External issues,0.3504558442888516,1,8.0,0.0,PROJ_REAL_1.0_external_issues
PROJ_REAL_2.0,external_issues,60,64.0,0,External issues,0.3185879292030327,1,4.0,0.0,PROJ_REAL_2.0_external_issues
PROJ_REAL_3.0,external_issues,60,64.0,0,External issues,0.3230353733508294,1,4.0,0.0,PROJ_REAL_3.0_external_issues
PROJ_REAL_4.0,external_issues,60,76.0,1,External issues,0.9651493391466688,1,16.0,240000.0,PROJ_REAL_4.0_external_issues
PROJ_REAL_5.0,external_issues,60,64.0,0,External issues,0.2223876444925557,1,4.0,0.0,PROJ_REAL_5.0_external_issues
PROJ_REAL_6.0,external_issues,60,68.0,0,External issues,0.3747802849162393,1,8.0,0.0,PROJ_REAL_6.0_external_issues
PROJ_REAL_7.0,external_issues,60,68.0,0,External issues,0.3978525562128729,1,8.0,0.0,PROJ_REAL_7.0_external_issues
PROJ_REAL_8.0,external_issues,60,68.0,0,External issues,0.3649443781175379,1,8.0,0.0,PROJ_REAL_8.0_external_issues
PROJ_REAL_9.0,external_issues,60,68.0,0,External issues,0.4465414845326252,1,8.0,0.0,PROJ_REAL_9.0_external_issues
PROJ_REAL_10.0,external_issues,60,68.0,0,External issues,0.3792353850724435,1,8.0,0.0,PROJ_REAL_10.0_external_issues
PROJ_REAL_11.0,external_issues,60,64.0,0,External issues,0.2397749554125406,1,4.0,0.0,PROJ_REAL_11.0_external_issues
PROJ_REAL_12.0,external_issues,60,68.0,0,External issues,0.4374631499014848,1,8.0,0.0,PROJ_REAL_12.0_external_issues
PROJ_REAL_13.0,external_issues,60,72.0,1,External issues,0.4394350374711831,1,12.0,180000.0,PROJ_REAL_13.0_external_issues
PROJ_REAL_14.0,external_issues,60,76.0,1,External issues,0.7033242685354838,1,16.0,240000.0,PROJ_REAL_14.0_external_issues
PROJ_REAL_15.0,external_issues,60,72.0,1,External issues,0.6948059531142071,1,12.0,180000.0,PROJ_REAL_15.0_external_issues
PROJ_REAL_16.0,external_issues,60,64.0,0,External issues,0.0423882118545838,1,4.0,0.0,PROJ_REAL_16.0_external_issues
PROJ_REAL_17.0,external_issues,60,80.0,1,External issues,0.962887119950729,1,20.0,300000.0,PROJ_REAL_17.0_external_issues
PROJ_REAL_18.0,external_issues,60,68.0,0,External issues,0.4515470356332648,1,8.0,0.0,PROJ_REAL_18.0_external_issues
PROJ_REAL_19.0,external_issues,60,68.0,0,External issues,0.3116092775526162,1,8.0,0.0,PROJ_REAL_19.0_external_issues
PROJ_REAL_20.0,external_issues,60,72.0,1,External issues,0.7826611436251667,1,12.0,180000.0,PROJ_REAL_20.0_external_issues
PROJ_REAL_21.0,external_issues,60,72.0,1,External issues,0.7779123195412894,1,12.0,180000.0,PROJ_REAL_21.0_external_issues
PROJ_REAL_22.0,external_issues,60,72.0,1,External issues,0.600118736503333,1,12.0,180000.0,PROJ_REAL_22.0_external_issues
PROJ_REAL_23.0,external_issues,60,64.0,0,External issues,0.0954553873097912,1,4.0,0.0,PROJ_REAL_23.0_external_issues
PROJ_REAL_24.0,external_issues,60,72.0,1,External issues,0.5014425116530855,1,12.0,180000.0,PROJ_REAL_24.0_external_issues
PROJ_REAL_25.0,external_issues,60,68.0,0,External issues,0.3302443849545124,1,8.0,0.0,PROJ_REAL_25.0_external_issues
PROJ_REAL_26.0,external_issues,60,68.0,0,External issues,0.4173400437920192,1,8.0,0.0,PROJ_REAL_26.0_external_issues
PROJ_REAL_27.0,external_issues,60,68.0,0,External issues,0.1871508815779463,1,8.0,0.0,PROJ_REAL_27.0_external_issues
PROJ_REAL_28.0,external_issues,60,80.0,1,External issues,0.960961027013469,1,20.0,300000.0,PROJ_REAL_28.0_external_issues
PROJ_REAL_29.0,external_issues,60,68.0,0,External issues,0.5415075546466488,1,8.0,0.0,PROJ_REAL_29.0_external_issues
PROJ_REAL_30.0,external_issues,60,68.0,0,External issues,0.2895149866059824,1,8.0,0.0,PROJ_REAL_30.0_external_issues
PROJ_REAL_31.0,external_issues,60,64.0,0,External issues,0.271863188058675,1,4.0,0.0,PROJ_REAL_31.0_external_issues
PROJ_REAL_32.0,external_issues,60,68.0,0,External issues,0.4206231800585868,1,8.0,0.0,PROJ_REAL_32.0_external_issues
PROJ_REAL_33.0,external_issues,60,64.0,0,External issues,0.0687782724773645,1,4.0,0.0,PROJ_REAL_33.0_external_issues
PROJ_REAL_34.0,external_issues,60,64.0,0,External issues,0.0922950347007379,1,4.0,0.0,PROJ_REAL_34.0_external_issues
PROJ_REAL_35.0,external_issues,60,72.0,1,External issues,0.6478324319014315,1,12.0,180000.0,PROJ_REAL_35.0_external_issues
PROJ_REAL_36.0,external_issues,60,68.0,0,External issues,0.4360301969537811,1,8.0,0.0,PROJ_REAL_36.0_external_issues
PROJ_REAL_37.0,external_issues,60,68.0,0,External issues,0.5605249933149141,1,8.0,0.0,PROJ_REAL_37.0_external_issues
PROJ_REAL_38.0,external_issues,60,72.0,1,External issues,0.53777116251714,1,12.0,180000.0,PROJ_REAL_38.0_external_issues
PROJ_REAL_39.0,external_issues,60,72.0,1,External issues,0.6489834090975402,1,12.0,180000.0,PROJ_REAL_39.0_external_issues
PROJ_REAL_40.0,external_issues,60,68.0,0,External issues,0.3479697027401861,1,8.0,0.0,PROJ_REAL_40.0_external_issues
PROJ_REAL_41.0,external_issues,60,72.0,1,External issues,0.7445121505541104,1,12.0,180000.0,PROJ_REAL_41.0_external_issues
PROJ_REAL_42.0,external_issues,60,68.0,0,External issues,0.5900069439933695,1,8.0,0.0,PROJ_REAL_42.0_external_issues
PROJ_REAL_43.0,external_issues,60,72.0,1,External issues,0.6677659644132117,1,12.0,180000.0,PROJ_REAL_43.0_external_issues
PROJ_REAL_44.0,external_issues,60,68.0,0,External issues,0.4048965345041548,1,8.0,0.0,PROJ_REAL_44.0_external_issues
PROJ_REAL_45.0,external_issues,60,72.0,1,External issues,0.6294000663301795,1,12.0,180000.0,PROJ_REAL_45.0_external_issues
PROJ_REAL_46.0,external_issues,60,72.0,1,External issues,0.5468479661859253,1,12.0,180000.0,PROJ_REAL_46.0_external_issues
PROJ_REAL_47.0,external_issues,60,72.0,1,External issues,0.4381242800044386,1,12.0,180000.0,PROJ_REAL_47.0_external_issues
PROJ_REAL_48.0,external_issues,60,72.0,1,External issues,0.5664062473020475,1,12.0,180000.0,PROJ_REAL_48.0_external_issues
PROJ_REAL_49.0,external_issues,60,72.0,1,External issues,0.6520910779710911,1,12.0,180000.0,PROJ_REAL_49.0_external_issues
PROJ_REAL_50.0,external_issues,60,76.0,1,External issues,0.6987695765648162,1,16.0,240000.0,PROJ_REAL_50.0_external_issues
PROJ_REAL_51.0,external_issues,60,72.0,1,External issues,0.7389035091169122,1,12.0,180000.0,PROJ_REAL_51.0_external_issues
PROJ_REAL_52.0,external_issues,60,76.0,1,External issues,0.9912103554435764,1,16.0,240000.0,PROJ_REAL_52.0_external_issues
PROJ_REAL_53.0,external_issues,60,68.0,0,External issues,0.417306221653437,1,8.0,0.0,PROJ_REAL_53.0_external_issues
PROJ_REAL_54.0,external_issues,60,72.0,1,External issues,0.7593998707920911,1,12.0,180000.0,PROJ_REAL_54.0_external_issues
PROJ_REAL_55.0,external_issues,60,72.0,1,External issues,0.5619002236734569,1,12.0,180000.0,PROJ_REAL_55.0_external_issues
PROJ_REAL_56.0,external_issues,60,68.0,0,External issues,0.2893165424578296,1,8.0,0.0,PROJ_REAL_56.0_external_issues
PROJ_REAL_57.0,external_issues,60,68.0,0,External issues,0.3892724665831543,1,8.0,0.0,PROJ_REAL_57.0_external_issues
PROJ_REAL_58.0,external_issues,60,68.0,0,External issues,0.6741910492159258,1,8.0,0.0,PROJ_REAL_58.0_external_issues
PROJ_REAL_59.0,external_issues,60,68.0,0,External issues,0.4652510893796757,1,8.0,0.0,PROJ_REAL_59.0_external_issues
PROJ_REAL_60.0,external_issues,60,72.0,1,External issues,0.4932173527585616,1,12.0,180000.0,PROJ_REAL_60.0_external_issues
PROJ_REAL_61.0,external_issues,60,72.0,1,External issues,0.6511288590489461,1,12.0,180000.0,PROJ_REAL_61.0_external_issues
PROJ_REAL_62.0,external_issues,60,68.0,0,External issues,0.3153695727939506,1,8.0,0.0,PROJ_REAL_62.0_external_issues
PROJ_REAL_63.0,external_issues,60,72.0,1,External issues,0.7556597308250879,1,12.0,180000.0,PROJ_REAL_63.0_external_issues
PROJ_REAL_64.0,external_issues,60,72.0,1,External issues,0.567970140784313,1,12.0,180000.0,PROJ_REAL_64.0_external_issues
PROJ_REAL_65.0,external_issues,60,72.0,1,External issues,0.7011265168021119,1,12.0,180000.0,PROJ_REAL_65.0_external_issues
PROJ_REAL_66.0,external_issues,60,76.0,1,External issues,0.6417681070397487,1,16.0,240000.0,PROJ_REAL_66.0_external_issues
PROJ_REAL_67.0,external_issues,60,76.0,1,External issues,0.7446386695815699,1,16.0,240000.0,PROJ_REAL_67.0_external_issues
PROJ_REAL_68.0,external_issues,60,72.0,1,External issues,0.3670656351461674,1,12.0,180000.0,PROJ_REAL_68.0_external_issues
PROJ_REAL_69.0,external_issues,60,64.0,0,External issues,0.0518488102800014,1,4.0,0.0,PROJ_REAL_69.0_external_issues
PROJ_REAL_70.0,external_issues,60,76.0,1,External issues,0.881174722261947,1,16.0,240000.0,PROJ_REAL_70.0_external_issues
PROJ_REAL_71.0,external_issues,60,76.0,1,External issues,0.7703222872199726,1,16.0,240000.0,PROJ_REAL_71.0_external_issues
PROJ_REAL_72.0,external_issues,60,68.0,0,External issues,0.5608391503893413,1,8.0,0.0,PROJ_REAL_72.0_external_issues
PROJ_REAL_73.0,external_issues,60,64.0,0,External issues,0.1912183843901102,1,4.0,0.0,PROJ_REAL_73.0_external_issues
PROJ_REAL_74.0,external_issues,60,72.0,1,External issues,0.6564094890491401,1,12.0,180000.0,PROJ_REAL_74.0_external_issues
PROJ_REAL_75.0,external_issues,60,72.0,1,External issues,0.4292102069554014,1,12.0,180000.0,PROJ_REAL_75.0_external_issues
PROJ_REAL_76.0,external_issues,60,68.0,0,External issues,0.3222984315422347,1,8.0,0.0,PROJ_REAL_76.0_external_issues
PROJ_REAL_77.0,external_issues,60,72.0,1,External issues,0.7195581116931691,1,12.0,180000.0,PROJ_REAL_77.0_external_issues
PROJ_REAL_78.0,external_issues,60,72.0,1,External issues,0.5499906670416789,1,12.0,180000.0,PROJ_REAL_78.0_external_issues
PROJ_REAL_79.0,external_issues,60,64.0,0,External issues,0.1687657699099964,1,4.0,0.0,PROJ_REAL_79.0_external_issues
PROJ_REAL_80.0,external_issues,60,68.0,0,External issues,0.3615008779603159,1,8.0,0.0,PROJ_REAL_80.0_external_issues
PROJ_REAL_81.0,external_issues,60,68.0,0,External issues,0.4579592445734866,1,8.0,0.0,PROJ_REAL_81.0_external_issues
PROJ_REAL_82.0,external_issues,60,64.0,0,External issues,0.1664136919343823,1,4.0,0.0,PROJ_REAL_82.0_external_issues
PROJ_REAL_83.0,external_issues,60,76.0,1,External issues,0.8432547875406984,1,16.0,240000.0,PROJ_REAL_83.0_external_issues
PROJ_REAL_84.0,external_issues,60,68.0,0,External issues,0.4278584301427009,1,8.0,0.0,PROJ_REAL_84.0_external_issues
PROJ_REAL_85.0,external_issues,60,64.0,0,External issues,0.2213510231321675,1,4.0,0.0,PROJ_REAL_85.0_external_issues
PROJ_REAL_86.0,external_issues,60,72.0,1,External issues,0.50669924172895,1,12.0,180000.0,PROJ_REAL_86.0_external_issues
PROJ_REAL_87.0,external_issues,60,76.0,1,External issues,0.7234527861965073,1,16.0,240000.0,PROJ_REAL_87.0_external_issues
PROJ_REAL_88.0,external_issues,60,72.0,1,External issues,0.5820096475028023,1,12.0,180000.0,PROJ_REAL_88.0_external_issues
PROJ_REAL_89.0,external_issues,60,64.0,0,External issues,0.2775064212556644,1,4.0,0.0,PROJ_REAL_89.0_external_issues
PROJ_REAL_90.0,external_issues,60,72.0,1,External issues,0.6541742774706133,1,12.0,180000.0,PROJ_REAL_90.0_external_issues
PROJ_REAL_91.0,external_issues,60,68.0,0,External issues,0.3509831821812347,1,8.0,0.0,PROJ_REAL_91.0_external_issues
PROJ_REAL_92.0,external_issues,60,68.0,0,External issues,0.4047457133892005,1,8.0,0.0,PROJ_REAL_92.0_external_issues
PROJ_REAL_93.0,external_issues,60,68.0,0,External issues,0.5195081849028076,1,8.0,0.0,PROJ_REAL_93.0_external_issues
PROJ_REAL_94.0,external_issues,60,76.0,1,External issues,0.8727758701935101,1,16.0,240000.0,PROJ_REAL_94.0_external_issues
PROJ_REAL_95.0,external_issues,60,72.0,1,External issues,0.8692665680773558,1,12.0,180000.0,PROJ_REAL_95.0_external_issues
PROJ_REAL_96.0,external_issues,60,64.0,0,External issues,0.3734971507675014,1,4.0,0.0,PROJ_REAL_96.0_external_issues
PROJ_REAL_97.0,external_issues,60,64.0,0,External issues,0.1443351772999521,1,4.0,0.0,PROJ_REAL_97.0_external_issues
PROJ_REAL_98.0,external_issues,60,80.0,1,External issues,0.9342076103348668,1,20.0,300000.0,PROJ_REAL_98.0_external_issues
PROJ_REAL_99.0,external_issues,60,68.0,0,External issues,0.4713974739092106,1,8.0,0.0,PROJ_REAL_99.0_external_issues
PROJ_REAL_100.0,external_issues,60,72.0,1,External issues,0.7236485559105398,1,12.0,180000.0,PROJ_REAL_100.0_external_issues
PROJ_REAL_101.0,external_issues,60,76.0,1,External issues,1.0,1,16.0,240000.0,PROJ_REAL_101.0_external_issues
PROJ_REAL_102.0,external_issues,60,64.0,0,External issues,0.2121276528602301,1,4.0,0.0,PROJ_REAL_102.0_external_issues
PROJ_REAL_103.0,external_issues,60,68.0,0,External issues,0.3609054415020927,1,8.0,0.0,PROJ_REAL_103.0_external_issues
PROJ_REAL_104.0,external_issues,60,72.0,1,External issues,0.6910010202667427,1,12.0,180000.0,PROJ_REAL_104.0_external_issues
PROJ_REAL_105.0,external_issues,60,64.0,0,External issues,0.2010592690391302,1,4.0,0.0,PROJ_REAL_105.0_external_issues
PROJ_REAL_106.0,external_issues,60,76.0,1,External issues,0.9327464077471312,1,16.0,240000.0,PROJ_REAL_106.0_external_issues
PROJ_REAL_107.0,external_issues,60,72.0,1,External issues,0.5414759357902695,1,12.0,180000.0,PROJ_REAL_107.0_external_issues
PROJ_REAL_108.0,external_issues,60,68.0,0,External issues,0.5199412221082675,1,8.0,0.0,PROJ_REAL_108.0_external_issues
PROJ_REAL_109.0,external_issues,60,68.0,0,External issues,0.3399866855111768,1,8.0,0.0,PROJ_REAL_109.0_external_issues
PROJ_REAL_110.0,external_issues,60,64.0,0,External issues,0.1689694619851941,1,4.0,0.0,PROJ_REAL_110.0_external_issues
PROJ_REAL_111.0,external_issues,60,72.0,1,External issues,0.6581823456751608,1,12.0,180000.0,PROJ_REAL_111.0_external_issues
PROJ_REAL_112.0,external_issues,60,72.0,1,External issues,0.5712912229516565,1,12.0,180000.0,PROJ_REAL_112.0_external_issues
PROJ_REAL_113.0,external_issues,60,64.0,0,External issues,0.1840960720242857,1,4.0,0.0,PROJ_REAL_113.0_external_issues
PROJ_REAL_114.0,external_issues,60,68.0,0,External issues,0.4020841293287024,1,8.0,0.0,PROJ_REAL_114.0_external_issues
PROJ_REAL_115.0,external_issues,60,68.0,0,External issues,0.0879198373451281,1,8.0,0.0,PROJ_REAL_115.0_external_issues
PROJ_REAL_116.0,external_issues,60,76.0,1,External issues,0.8283932296549251,1,16.0,240000.0,PROJ_REAL_116.0_external_issues
PROJ_REAL_117.0,external_issues,60,72.0,1,External issues,0.5906826074662819,1,12.0,180000.0,PROJ_REAL_117.0_external_issues
PROJ_REAL_118.0,external_issues,60,72.0,1,External issues,0.5268483052731122,1,12.0,180000.0,PROJ_REAL_118.0_external_issues
PROJ_REAL_119.0,external_issues,60,76.0,1,External issues,0.8687375801226173,1,16.0,240000.0,PROJ_REAL_119.0_external_issues
PROJ_REAL_120.0,external_issues,60,72.0,1,External issues,0.6280089911005945,1,12.0,180000.0,PROJ_REAL_120.0_external_issues
PROJ_REAL_121.0,external_issues,60,68.0,0,External issues,0.3463429647516429,1,8.0,0.0,PROJ_REAL_121.0_external_issues
PROJ_REAL_122.0,external_issues,60,64.0,0,External issues,0.1846982575385294,1,4.0,0.0,PROJ_REAL_122.0_external_issues
PROJ_REAL_123.0,external_issues,60,68.0,0,External issues,0.4534285757098875,1,8.0,0.0,PROJ_REAL_123.0_external_issues
PROJ_REAL_124.0,external_issues,60,80.0,1,External issues,1.0,1,20.0,300000.0,PROJ_REAL_124.0_external_issues
PROJ_REAL_125.0,external_issues,60,72.0,1,External issues,0.6596525894811746,1,12.0,180000.0,PROJ_REAL_125.0_external_issues
PROJ_REAL_126.0,external_issues,60,68.0,0,External issues,0.5181599145641983,1,8.0,0.0,PROJ_REAL_126.0_external_issues
PROJ_REAL_127.0,external_issues,60,64.0,0,External issues,0.1861220493163529,1,4.0,0.0,PROJ_REAL_127.0_external_issues
PROJ_REAL_128.0,external_issues,60,68.0,0,External issues,0.2191504914821005,1,8.0,0.0,PROJ_REAL_128.0_external_issues
PROJ_REAL_129.0,external_issues,60,76.0,1,External issues,0.8755811053470615,1,16.0,240000.0,PROJ_REAL_129.0_external_issues
PROJ_REAL_130.0,external_issues,60,64.0,0,External issues,0.1475384650001643,1,4.0,0.0,PROJ_REAL_130.0_external_issues
PROJ_REAL_131.0,external_issues,60,68.0,0,External issues,0.4010975152318103,1,8.0,0.0,PROJ_REAL_131.0_external_issues
PROJ_REAL_132.0,external_issues,60,64.0,0,External issues,0.1286590607823513,1,4.0,0.0,PROJ_REAL_132.0_external_issues
PROJ_REAL_133.0,external_issues,60,68.0,0,External issues,0.2284466186638972,1,8.0,0.0,PROJ_REAL_133.0_external_issues
PROJ_REAL_134.0,external_issues,60,72.0,1,External issues,0.7052460305906563,1,12.0,180000.0,PROJ_REAL_134.0_external_issues
PROJ_REAL_135.0,external_issues,60,68.0,0,External issues,0.4564993712806332,1,8.0,0.0,PROJ_REAL_135.0_external_issues
PROJ_REAL_136.0,external_issues,60,76.0,1,External issues,0.6885063791039059,1,16.0,240000.0,PROJ_REAL_136.0_external_issues
PROJ_REAL_137.0,external_issues,60,76.0,1,External issues,0.8117359277087296,1,16.0,240000.0,PROJ_REAL_137.0_external_issues
PROJ_REAL_138.0,external_issues,60,64.0,0,External issues,0.209057162434422,1,4.0,0.0,PROJ_REAL_138.0_external_issues
PROJ_REAL_139.0,external_issues,60,76.0,1,External issues,0.8050115434673891,1,16.0,240000.0,PROJ_REAL_139.0_external_issues
PROJ_REAL_140.0,external_issues,60,72.0,1,External issues,0.7824222260821417,1,12.0,180000.0,PROJ_REAL_140.0_external_issues
PROJ_REAL_141.0,external_issues,60,72.0,1,External issues,0.5747513364862815,1,12.0,180000.0,PROJ_REAL_141.0_external_issues
PROJ_REAL_142.0,external_issues,60,72.0,1,External issues,0.531453781711989,1,12.0,180000.0,PROJ_REAL_142.0_external_issues
PROJ_REAL_143.0,external_issues,60,68.0,0,External issues,0.5422224817995431,1,8.0,0.0,PROJ_REAL_143.0_external_issues
PROJ_REAL_1.0,external_issues_.1,60,68.0,0,External issues .1,0.4601231783861317,1,8.0,0.0,PROJ_REAL_1.0_external_issues_.1
PROJ_REAL_2.0,external_issues_.1,60,64.0,0,External issues .1,0.1647239113012644,1,4.0,0.0,PROJ_REAL_2.0_external_issues_.1
PROJ_REAL_3.0,external_issues_.1,60,64.0,0,External issues .1,0.304928159650415,1,4.0,0.0,PROJ_REAL_3.0_external_issues_.1
PROJ_REAL_4.0,external_issues_.1,60,72.0,1,External issues .1,0.6193578978905617,1,12.0,180000.0,PROJ_REAL_4.0_external_issues_.1
PROJ_REAL_5.0,external_issues_.1,60,64.0,0,External issues .1,0.191284209315216,1,4.0,0.0,PROJ_REAL_5.0_external_issues_.1
PROJ_REAL_6.0,external_issues_.1,60,68.0,0,External issues .1,0.4891649150358038,1,8.0,0.0,PROJ_REAL_6.0_external_issues_.1
PROJ_REAL_7.0,external_issues_.1,60,68.0,0,External issues .1,0.354203401016935,1,8.0,0.0,PROJ_REAL_7.0_external_issues_.1
PROJ_REAL_8.0,external_issues_.1,60,68.0,0,External issues .1,0.3359893690978115,1,8.0,0.0,PROJ_REAL_8.0_external_issues_.1
PROJ_REAL_9.0,external_issues_.1,60,68.0,0,External issues .1,0.2812974999656294,1,8.0,0.0,PROJ_REAL_9.0_external_issues_.1
PROJ_REAL_10.0,external_issues_.1,60,68.0,0,External issues .1,0.4048122369540252,1,8.0,0.0,PROJ_REAL_10.0_external_issues_.1
PROJ_REAL_11.0,external_issues_.1,60,64.0,0,External issues .1,0.2415242421215064,1,4.0,0.0,PROJ_REAL_11.0_external_issues_.1
PROJ_REAL_12.0,external_issues_.1,60,68.0,0,External issues .1,0.4452062019014883,1,8.0,0.0,PROJ_REAL_12.0_external_issues_.1
PROJ_REAL_13.0,external_issues_.1,60,80.0,1,External issues .1,1.0,1,20.0,300000.0,PROJ_REAL_13.0_external_issues_.1
PROJ_REAL_14.0,external_issues_.1,60,76.0,1,External issues .1,0.7703022591817251,1,16.0,240000.0,PROJ_REAL_14.0_external_issues_.1
PROJ_REAL_15.0,external_issues_.1,60,68.0,0,External issues .1,0.4314825115478491,1,8.0,0.0,PROJ_REAL_15.0_external_issues_.1
PROJ_REAL_16.0,external_issues_.1,60,64.0,0,External issues .1,0.2236780878908141,1,4.0,0.0,PROJ_REAL_16.0_external_issues_.1
PROJ_REAL_17.0,external_issues_.1,60,80.0,1,External issues .1,0.861153350917265,1,20.0,300000.0,PROJ_REAL_17.0_external_issues_.1
PROJ_REAL_18.0,external_issues_.1,60,80.0,1,External issues .1,1.0,1,20.0,300000.0,PROJ_REAL_18.0_external_issues_.1
PROJ_REAL_19.0,external_issues_.1,60,76.0,1,External issues .1,0.7572744143862739,1,16.0,240000.0,PROJ_REAL_19.0_external_issues_.1
PROJ_REAL_20.0,external_issues_.1,60,68.0,0,External issues .1,0.4816106528493951,1,8.0,0.0,PROJ_REAL_20.0_external_issues_.1
PROJ_REAL_21.0,external_issues_.1,60,76.0,1,External issues .1,0.7555603565487119,1,16.0,240000.0,PROJ_REAL_21.0_external_issues_.1
PROJ_REAL_22.0,external_issues_.1,60,68.0,0,External issues .1,0.4497374176945431,1,8.0,0.0,PROJ_REAL_22.0_external_issues_.1
PROJ_REAL_23.0,external_issues_.1,60,68.0,0,External issues .1,0.3187994972231801,1,8.0,0.0,PROJ_REAL_23.0_external_issues_.1
PROJ_REAL_24.0,external_issues_.1,60,68.0,0,External issues .1,0.3310421421924525,1,8.0,0.0,PROJ_REAL_24.0_external_issues_.1
PROJ_REAL_25.0,external_issues_.1,60,68.0,0,External issues .1,0.5789978145006845,1,8.0,0.0,PROJ_REAL_25.0_external_issues_.1
PROJ_REAL_26.0,external_issues_.1,60,76.0,1,External issues .1,1.0,1,16.0,240000.0,PROJ_REAL_26.0_external_issues_.1
PROJ_REAL_27.0,external_issues_.1,60,72.0,1,External issues .1,0.388348441766635,1,12.0,180000.0,PROJ_REAL_27.0_external_issues_.1
PROJ_REAL_28.0,external_issues_.1,60,80.0,1,External issues .1,1.0,1,20.0,300000.0,PROJ_REAL_28.0_external_issues_.1
PROJ_REAL_29.0,external_issues_.1,60,68.0,0,External issues .1,0.4188275071185816,1,8.0,0.0,PROJ_REAL_29.0_external_issues_.1
PROJ_REAL_30.0,external_issues_.1,60,68.0,0,External issues .1,0.3749605720057903,1,8.0,0.0,PROJ_REAL_30.0_external_issues_.1
PROJ_REAL_31.0,external_issues_.1,60,64.0,0,External issues .1,0.150149391030046,1,4.0,0.0,PROJ_REAL_31.0_external_issues_.1
PROJ_REAL_32.0,external_issues_.1,60,68.0,0,External issues .1,0.3630453567457488,1,8.0,0.0,PROJ_REAL_32.0_external_issues_.1
PROJ_REAL_33.0,external_issues_.1,60,64.0,0,External issues .1,0.2169152129430212,1,4.0,0.0,PROJ_REAL_33.0_external_issues_.1
PROJ_REAL_34.0,external_issues_.1,60,64.0,0,External issues .1,0.3599151555823709,1,4.0,0.0,PROJ_REAL_34.0_external_issues_.1
PROJ_REAL_35.0,external_issues_.1,60,68.0,0,External issues .1,0.4885623573157923,1,8.0,0.0,PROJ_REAL_35.0_external_issues_.1
PROJ_REAL_36.0,external_issues_.1,60,68.0,0,External issues .1,0.6074163656485336,1,8.0,0.0,PROJ_REAL_36.0_external_issues_.1
PROJ_REAL_37.0,external_issues_.1,60,68.0,0,External issues .1,0.5271529067309373,1,8.0,0.0,PROJ_REAL_37.0_external_issues_.1
PROJ_REAL_38.0,external_issues_.1,60,68.0,0,External issues .1,0.5183559136843829,1,8.0,0.0,PROJ_REAL_38.0_external_issues_.1
PROJ_REAL_39.0,external_issues_.1,60,72.0,1,External issues .1,0.5027275366161692,1,12.0,180000.0,PROJ_REAL_39.0_external_issues_.1
PROJ_REAL_40.0,external_issues_.1,60,68.0,0,External issues .1,0.4219566825105937,1,8.0,0.0,PROJ_REAL_40.0_external_issues_.1
PROJ_REAL_41.0,external_issues_.1,60,72.0,1,External issues .1,0.7183461784927112,1,12.0,180000.0,PROJ_REAL_41.0_external_issues_.1
PROJ_REAL_42.0,external_issues_.1,60,68.0,0,External issues .1,0.440832362685854,1,8.0,0.0,PROJ_REAL_42.0_external_issues_.1
PROJ_REAL_43.0,external_issues_.1,60,72.0,1,External issues .1,0.5226038507560918,1,12.0,180000.0,PROJ_REAL_43.0_external_issues_.1
PROJ_REAL_44.0,external_issues_.1,60,68.0,0,External issues .1,0.3000106655794429,1,8.0,0.0,PROJ_REAL_44.0_external_issues_.1
PROJ_REAL_45.0,external_issues_.1,60,72.0,1,External issues .1,0.6821793482256201,1,12.0,180000.0,PROJ_REAL_45.0_external_issues_.1
PROJ_REAL_46.0,external_issues_.1,60,72.0,1,External issues .1,0.5570432445896947,1,12.0,180000.0,PROJ_REAL_46.0_external_issues_.1
PROJ_REAL_47.0,external_issues_.1,60,68.0,0,External issues .1,0.2972422515542279,1,8.0,0.0,PROJ_REAL_47.0_external_issues_.1
PROJ_REAL_48.0,external_issues_.1,60,80.0,1,External issues .1,0.9717881486316092,1,20.0,300000.0,PROJ_REAL_48.0_external_issues_.1
PROJ_REAL_49.0,external_issues_.1,60,72.0,1,External issues .1,0.6699428563502877,1,12.0,180000.0,PROJ_REAL_49.0_external_issues_.1
PROJ_REAL_50.0,external_issues_.1,60,76.0,1,External issues .1,0.6973945471742674,1,16.0,240000.0,PROJ_REAL_50.0_external_issues_.1
PROJ_REAL_51.0,external_issues_.1,60,72.0,1,External issues .1,0.4948090517648996,1,12.0,180000.0,PROJ_REAL_51.0_external_issues_.1
PROJ_REAL_52.0,external_issues_.1,60,76.0,1,External issues .1,0.7539792923366104,1,16.0,240000.0,PROJ_REAL_52.0_external_issues_.1
PROJ_REAL_53.0,external_issues_.1,60,68.0,0,External issues .1,0.2598035576356239,1,8.0,0.0,PROJ_REAL_53.0_external_issues_.1
PROJ_REAL_54.0,external_issues_.1,60,72.0,1,External issues .1,0.6810350625384496,1,12.0,180000.0,PROJ_REAL_54.0_external_issues_.1
PROJ_REAL_55.0,external_issues_.1,60,72.0,1,External issues .1,0.6208408839327222,1,12.0,180000.0,PROJ_REAL_55.0_external_issues_.1
PROJ_REAL_56.0,external_issues_.1,60,64.0,0,External issues .1,0.1869532031645225,1,4.0,0.0,PROJ_REAL_56.0_external_issues_.1
PROJ_REAL_57.0,external_issues_.1,60,68.0,0,External issues .1,0.2194118183793509,1,8.0,0.0,PROJ_REAL_57.0_external_issues_.1
PROJ_REAL_58.0,external_issues_.1,60,68.0,0,External issues .1,0.4034561845200766,1,8.0,0.0,PROJ_REAL_58.0_external_issues_.1
PROJ_REAL_59.0,external_issues_.1,60,68.0,0,External issues .1,0.3683306935984704,1,8.0,0.0,PROJ_REAL_59.0_external_issues_.1
PROJ_REAL_60.0,external_issues_.1,60,72.0,1,External issues .1,0.5495645064498313,1,12.0,180000.0,PROJ_REAL_60.0_external_issues_.1
PROJ_REAL_61.0,external_issues_.1,60,72.0,1,External issues .1,0.5489387454451012,1,12.0,180000.0,PROJ_REAL_61.0_external_issues_.1
PROJ_REAL_62.0,external_issues_.1,60,68.0,0,External issues .1,0.4029814213952574,1,8.0,0.0,PROJ_REAL_62.0_external_issues_.1
PROJ_REAL_63.0,external_issues_.1,60,68.0,0,External issues .1,0.2834736370791844,1,8.0,0.0,PROJ_REAL_63.0_external_issues_.1
PROJ_REAL_64.0,external_issues_.1,60,68.0,0,External issues .1,0.4498918136768067,1,8.0,0.0,PROJ_REAL_64.0_external_issues_.1
PROJ_REAL_65.0,external_issues_.1,60,72.0,1,External issues .1,0.5883874301831066,1,12.0,180000.0,PROJ_REAL_65.0_external_issues_.1
PROJ_REAL_66.0,external_issues_.1,60,76.0,1,External issues .1,0.6853698966759009,1,16.0,240000.0,PROJ_REAL_66.0_external_issues_.1
PROJ_REAL_67.0,external_issues_.1,60,76.0,1,External issues .1,0.7548166744580844,1,16.0,240000.0,PROJ_REAL_67.0_external_issues_.1
PROJ_REAL_68.0,external_issues_.1,60,76.0,1,External issues .1,0.8648527587677437,1,16.0,240000.0,PROJ_REAL_68.0_external_issues_.1
PROJ_REAL_69.0,external_issues_.1,60,64.0,0,External issues .1,0.1236973679111276,1,4.0,0.0,PROJ_REAL_69.0_external_issues_.1
PROJ_REAL_70.0,external_issues_.1,60,72.0,1,External issues .1,0.7187170726629375,1,12.0,180000.0,PROJ_REAL_70.0_external_issues_.1
PROJ_REAL_71.0,external_issues_.1,60,76.0,1,External issues .1,0.9004437407154953,1,16.0,240000.0,PROJ_REAL_71.0_external_issues_.1
PROJ_REAL_72.0,external_issues_.1,60,68.0,0,External issues .1,0.4316367979456409,1,8.0,0.0,PROJ_REAL_72.0_external_issues_.1
PROJ_REAL_73.0,external_issues_.1,60,64.0,0,External issues .1,0.1206410788458589,1,4.0,0.0,PROJ_REAL_73.0_external_issues_.1
PROJ_REAL_74.0,external_issues_.1,60,72.0,1,External issues .1,0.7554250315708493,1,12.0,180000.0,PROJ_REAL_74.0_external_issues_.1
PROJ_REAL_75.0,external_issues_.1,60,72.0,1,External issues .1,0.4190103751907995,1,12.0,180000.0,PROJ_REAL_75.0_external_issues_.1
PROJ_REAL_76.0,external_issues_.1,60,68.0,0,External issues .1,0.5153257645350847,1,8.0,0.0,PROJ_REAL_76.0_external_issues_.1
PROJ_REAL_77.0,external_issues_.1,60,72.0,1,External issues .1,0.7627652180623536,1,12.0,180000.0,PROJ_REAL_77.0_external_issues_.1
PROJ_REAL_78.0,external_issues_.1,60,72.0,1,External issues .1,0.5508574527648507,1,12.0,180000.0,PROJ_REAL_78.0_external_issues_.1
PROJ_REAL_79.0,external_issues_.1,60,68.0,0,External issues .1,0.4332441206558688,1,8.0,0.0,PROJ_REAL_79.0_external_issues_.1
PROJ_REAL_80.0,external_issues_.1,60,72.0,1,External issues .1,0.6833651364053961,1,12.0,180000.0,PROJ_REAL_80.0_external_issues_.1
PROJ_REAL_81.0,external_issues_.1,60,68.0,0,External issues .1,0.1519879739157644,1,8.0,0.0,PROJ_REAL_81.0_external_issues_.1
PROJ_REAL_82.0,external_issues_.1,60,64.0,0,External issues .1,0.2998632857480751,1,4.0,0.0,PROJ_REAL_82.0_external_issues_.1
PROJ_REAL_83.0,external_issues_.1,60,72.0,1,External issues .1,0.5551099233827337,1,12.0,180000.0,PROJ_REAL_83.0_external_issues_.1
PROJ_REAL_84.0,external_issues_.1,60,68.0,0,External issues .1,0.4173103705794694,1,8.0,0.0,PROJ_REAL_84.0_external_issues_.1
PROJ_REAL_85.0,external_issues_.1,60,64.0,0,External issues .1,0.2373793137959135,1,4.0,0.0,PROJ_REAL_85.0_external_issues_.1
PROJ_REAL_86.0,external_issues_.1,60,68.0,0,External issues .1,0.5517128764120248,1,8.0,0.0,PROJ_REAL_86.0_external_issues_.1
PROJ_REAL_87.0,external_issues_.1,60,76.0,1,External issues .1,0.8337659514525179,1,16.0,240000.0,PROJ_REAL_87.0_external_issues_.1
PROJ_REAL_88.0,external_issues_.1,60,72.0,1,External issues .1,0.6436335513037027,1,12.0,180000.0,PROJ_REAL_88.0_external_issues_.1
PROJ_REAL_89.0,external_issues_.1,60,64.0,0,External issues .1,0.2203100534167272,1,4.0,0.0,PROJ_REAL_89.0_external_issues_.1
PROJ_REAL_90.0,external_issues_.1,60,72.0,1,External issues .1,0.6923408246576793,1,12.0,180000.0,PROJ_REAL_90.0_external_issues_.1
PROJ_REAL_91.0,external_issues_.1,60,72.0,1,External issues .1,0.6393350051277875,1,12.0,180000.0,PROJ_REAL_91.0_external_issues_.1
PROJ_REAL_92.0,external_issues_.1,60,68.0,0,External issues .1,0.5345566397883595,1,8.0,0.0,PROJ_REAL_92.0_external_issues_.1
PROJ_REAL_93.0,external_issues_.1,60,80.0,1,External issues .1,1.0,1,20.0,300000.0,PROJ_REAL_93.0_external_issues_.1
PROJ_REAL_94.0,external_issues_.1,60,80.0,1,External issues .1,1.0,1,20.0,300000.0,PROJ_REAL_94.0_external_issues_.1
PROJ_REAL_95.0,external_issues_.1,60,72.0,1,External issues .1,0.554767827208545,1,12.0,180000.0,PROJ_REAL_95.0_external_issues_.1
PROJ_REAL_96.0,external_issues_.1,60,68.0,0,External issues .1,0.4344569373566521,1,8.0,0.0,PROJ_REAL_96.0_external_issues_.1
PROJ_REAL_97.0,external_issues_.1,60,64.0,0,External issues .1,0.1123094141167575,1,4.0,0.0,PROJ_REAL_97.0_external_issues_.1
PROJ_REAL_98.0,external_issues_.1,60,80.0,1,External issues .1,1.0,1,20.0,300000.0,PROJ_REAL_98.0_external_issues_.1
PROJ_REAL_99.0,external_issues_.1,60,68.0,0,External issues .1,0.5579171967683274,1,8.0,0.0,PROJ_REAL_99.0_external_issues_.1
PROJ_REAL_100.0,external_issues_.1,60,76.0,1,External issues .1,0.7576234288532554,1,16.0,240000.0,PROJ_REAL_100.0_external_issues_.1
PROJ_REAL_101.0,external_issues_.1,60,76.0,1,External issues .1,0.8022605056841456,1,16.0,240000.0,PROJ_REAL_101.0_external_issues_.1
PROJ_REAL_102.0,external_issues_.1,60,68.0,0,External issues .1,0.3667323794269673,1,8.0,0.0,PROJ_REAL_102.0_external_issues_.1
PROJ_REAL_103.0,external_issues_.1,60,80.0,1,External issues .1,1.0,1,20.0,300000.0,PROJ_REAL_103.0_external_issues_.1
PROJ_REAL_104.0,external_issues_.1,60,72.0,1,External issues .1,0.6339200218950737,1,12.0,180000.0,PROJ_REAL_104.0_external_issues_.1
PROJ_REAL_105.0,external_issues_.1,60,68.0,0,External issues .1,0.4660091878266977,1,8.0,0.0,PROJ_REAL_105.0_external_issues_.1
PROJ_REAL_106.0,external_issues_.1,60,76.0,1,External issues .1,0.8014942012843171,1,16.0,240000.0,PROJ_REAL_106.0_external_issues_.1
PROJ_REAL_107.0,external_issues_.1,60,72.0,1,External issues .1,0.7723435350449075,1,12.0,180000.0,PROJ_REAL_107.0_external_issues_.1
PROJ_REAL_108.0,external_issues_.1,60,68.0,0,External issues .1,0.2316759316546703,1,8.0,0.0,PROJ_REAL_108.0_external_issues_.1
PROJ_REAL_109.0,external_issues_.1,60,68.0,0,External issues .1,0.4970876947897852,1,8.0,0.0,PROJ_REAL_109.0_external_issues_.1
PROJ_REAL_110.0,external_issues_.1,60,68.0,0,External issues .1,0.3403932136823384,1,8.0,0.0,PROJ_REAL_110.0_external_issues_.1
PROJ_REAL_111.0,external_issues_.1,60,72.0,1,External issues .1,0.6648875114642566,1,12.0,180000.0,PROJ_REAL_111.0_external_issues_.1
PROJ_REAL_112.0,external_issues_.1,60,72.0,1,External issues .1,0.6714560382811575,1,12.0,180000.0,PROJ_REAL_112.0_external_issues_.1
PROJ_REAL_113.0,external_issues_.1,60,68.0,0,External issues .1,0.2591475640452056,1,8.0,0.0,PROJ_REAL_113.0_external_issues_.1
PROJ_REAL_114.0,external_issues_.1,60,80.0,1,External issues .1,0.9210169630471916,1,20.0,300000.0,PROJ_REAL_114.0_external_issues_.1
PROJ_REAL_115.0,external_issues_.1,60,68.0,0,External issues .1,0.6206860666362771,1,8.0,0.0,PROJ_REAL_115.0_external_issues_.1
PROJ_REAL_116.0,external_issues_.1,60,76.0,1,External issues .1,0.7361132036449239,1,16.0,240000.0,PROJ_REAL_116.0_external_issues_.1
PROJ_REAL_117.0,external_issues_.1,60,76.0,1,External issues .1,0.9899252702675416,1,16.0,240000.0,PROJ_REAL_117.0_external_issues_.1
PROJ_REAL_118.0,external_issues_.1,60,72.0,1,External issues .1,0.6565291931306125,1,12.0,180000.0,PROJ_REAL_118.0_external_issues_.1
PROJ_REAL_119.0,external_issues_.1,60,76.0,1,External issues .1,0.8537923366077602,1,16.0,240000.0,PROJ_REAL_119.0_external_issues_.1
PROJ_REAL_120.0,external_issues_.1,60,72.0,1,External issues .1,0.6547457127754109,1,12.0,180000.0,PROJ_REAL_120.0_external_issues_.1
PROJ_REAL_121.0,external_issues_.1,60,68.0,0,External issues .1,0.3305856128490854,1,8.0,0.0,PROJ_REAL_121.0_external_issues_.1
PROJ_REAL_122.0,external_issues_.1,60,68.0,0,External issues .1,0.4394698297204366,1,8.0,0.0,PROJ_REAL_122.0_external_issues_.1
PROJ_REAL_123.0,external_issues_.1,60,80.0,1,External issues .1,0.8482359891044615,1,20.0,300000.0,PROJ_REAL_123.0_external_issues_.1
PROJ_REAL_124.0,external_issues_.1,60,80.0,1,External issues .1,1.0,1,20.0,300000.0,PROJ_REAL_124.0_external_issues_.1
PROJ_REAL_125.0,external_issues_.1,60,72.0,1,External issues .1,0.6956276942102996,1,12.0,180000.0,PROJ_REAL_125.0_external_issues_.1
PROJ_REAL_126.0,external_issues_.1,60,80.0,1,External issues .1,0.9668788317065838,1,20.0,300000.0,PROJ_REAL_126.0_external_issues_.1
PROJ_REAL_127.0,external_issues_.1,60,68.0,0,External issues .1,0.4260750391472503,1,8.0,0.0,PROJ_REAL_127.0_external_issues_.1
PROJ_REAL_128.0,external_issues_.1,60,68.0,0,External issues .1,0.4906846778073473,1,8.0,0.0,PROJ_REAL_128.0_external_issues_.1
PROJ_REAL_129.0,external_issues_.1,60,76.0,1,External issues .1,0.7989162391058638,1,16.0,240000.0,PROJ_REAL_129.0_external_issues_.1
PROJ_REAL_130.0,external_issues_.1,60,64.0,0,External issues .1,0.1286665703226513,1,4.0,0.0,PROJ_REAL_130.0_external_issues_.1
PROJ_REAL_131.0,external_issues_.1,60,72.0,1,External issues .1,0.5051374652257188,1,12.0,180000.0,PROJ_REAL_131.0_external_issues_.1
PROJ_REAL_132.0,external_issues_.1,60,68.0,0,External issues .1,0.3991613086654542,1,8.0,0.0,PROJ_REAL_132.0_external_issues_.1
PROJ_REAL_133.0,external_issues_.1,60,68.0,0,External issues .1,0.3699398236672853,1,8.0,0.0,PROJ_REAL_133.0_external_issues_.1
PROJ_REAL_134.0,external_issues_.1,60,72.0,1,External issues .1,0.5448618268976794,1,12.0,180000.0,PROJ_REAL_134.0_external_issues_.1
PROJ_REAL_135.0,external_issues_.1,60,68.0,0,External issues .1,0.451378954475416,1,8.0,0.0,PROJ_REAL_135.0_external_issues_.1
PROJ_REAL_136.0,external_issues_.1,60,76.0,1,External issues .1,0.7166889815626547,1,16.0,240000.0,PROJ_REAL_136.0_external_issues_.1
PROJ_REAL_137.0,external_issues_.1,60,72.0,1,External issues .1,0.7342839383440937,1,12.0,180000.0,PROJ_REAL_137.0_external_issues_.1
PROJ_REAL_138.0,external_issues_.1,60,64.0,0,External issues .1,0.2574852862379662,1,4.0,0.0,PROJ_REAL_138.0_external_issues_.1
PROJ_REAL_139.0,external_issues_.1,60,76.0,1,External issues .1,0.9583263244576212,1,16.0,240000.0,PROJ_REAL_139.0_external_issues_.1
PROJ_REAL_140.0,external_issues_.1,60,72.0,1,External issues .1,0.678440277718817,1,12.0,180000.0,PROJ_REAL_140.0_external_issues_.1
PROJ_REAL_141.0,external_issues_.1,60,72.0,1,External issues .1,0.4453108158821737,1,12.0,180000.0,PROJ_REAL_141.0_external_issues_.1
PROJ_REAL_142.0,external_issues_.1,60,72.0,1,External issues .1,0.5305138002055825,1,12.0,180000.0,PROJ_REAL_142.0_external_issues_.1
PROJ_REAL_143.0,external_issues_.1,60,68.0,0,External issues .1,0.2867458779316291,1,8.0,0.0,PROJ_REAL_143.0_external_issues_.1
PROJ_REAL_1.0,external_issues_.2,60,72.0,1,External issues .2,0.5691498493339215,1,12.0,180000.0,PROJ_REAL_1.0_external_issues_.2
PROJ_REAL_2.0,external_issues_.2,60,76.0,1,External issues .2,0.7719414045138743,1,16.0,240000.0,PROJ_REAL_2.0_external_issues_.2
PROJ_REAL_3.0,external_issues_.2,60,76.0,1,External issues .2,0.7839798755292099,1,16.0,240000.0,PROJ_REAL_3.0_external_issues_.2
PROJ_REAL_4.0,external_issues_.2,60,72.0,1,External issues .2,0.4641912589805931,1,12.0,180000.0,PROJ_REAL_4.0_external_issues_.2
PROJ_REAL_5.0,external_issues_.2,60,76.0,1,External issues .2,0.8733162338751705,1,16.0,240000.0,PROJ_REAL_5.0_external_issues_.2
PROJ_REAL_6.0,external_issues_.2,60,68.0,0,External issues .2,0.4618517482328824,1,8.0,0.0,PROJ_REAL_6.0_external_issues_.2
PROJ_REAL_7.0,external_issues_.2,60,68.0,0,External issues .2,0.3437627316568505,1,8.0,0.0,PROJ_REAL_7.0_external_issues_.2
PROJ_REAL_8.0,external_issues_.2,60,68.0,0,External issues .2,0.4875075636484937,1,8.0,0.0,PROJ_REAL_8.0_external_issues_.2
PROJ_REAL_9.0,external_issues_.2,60,68.0,0,External issues .2,0.4727122459656119,1,8.0,0.0,PROJ_REAL_9.0_external_issues_.2
PROJ_REAL_10.0,external_issues_.2,60,68.0,0,External issues .2,0.6228840154881602,1,8.0,0.0,PROJ_REAL_10.0_external_issues_.2
PROJ_REAL_11.0,external_issues_.2,60,64.0,0,External issues .2,0.2064778077420184,1,4.0,0.0,PROJ_REAL_11.0_external_issues_.2
PROJ_REAL_12.0,external_issues_.2,60,72.0,1,External issues .2,0.5673834228596406,1,12.0,180000.0,PROJ_REAL_12.0_external_issues_.2
PROJ_REAL_13.0,external_issues_.2,60,80.0,1,External issues .2,1.0,1,20.0,300000.0,PROJ_REAL_13.0_external_issues_.2
PROJ_REAL_14.0,external_issues_.2,60,76.0,1,External issues .2,0.7373802177695602,1,16.0,240000.0,PROJ_REAL_14.0_external_issues_.2
PROJ_REAL_15.0,external_issues_.2,60,72.0,1,External issues .2,0.5126484483112989,1,12.0,180000.0,PROJ_REAL_15.0_external_issues_.2
PROJ_REAL_16.0,external_issues_.2,60,68.0,0,External issues .2,0.4329231028596352,1,8.0,0.0,PROJ_REAL_16.0_external_issues_.2
PROJ_REAL_17.0,external_issues_.2,60,80.0,1,External issues .2,0.9644542660497104,1,20.0,300000.0,PROJ_REAL_17.0_external_issues_.2
PROJ_REAL_18.0,external_issues_.2,60,72.0,1,External issues .2,0.4712167740020438,1,12.0,180000.0,PROJ_REAL_18.0_external_issues_.2
PROJ_REAL_19.0,external_issues_.2,60,64.0,0,External issues .2,0.1763209952203314,1,4.0,0.0,PROJ_REAL_19.0_external_issues_.2
PROJ_REAL_20.0,external_issues_.2,60,80.0,1,External issues .2,0.8672434792989846,1,20.0,300000.0,PROJ_REAL_20.0_external_issues_.2
PROJ_REAL_21.0,external_issues_.2,60,72.0,1,External issues .2,0.6741040421569046,1,12.0,180000.0,PROJ_REAL_21.0_external_issues_.2
PROJ_REAL_22.0,external_issues_.2,60,76.0,1,External issues .2,0.6336002995945542,1,16.0,240000.0,PROJ_REAL_22.0_external_issues_.2
PROJ_REAL_23.0,external_issues_.2,60,80.0,1,External issues .2,0.9401354742922152,1,20.0,300000.0,PROJ_REAL_23.0_external_issues_.2
PROJ_REAL_24.0,external_issues_.2,60,76.0,1,External issues .2,0.9291691655501556,1,16.0,240000.0,PROJ_REAL_24.0_external_issues_.2
PROJ_REAL_25.0,external_issues_.2,60,76.0,1,External issues .2,0.7873154472064205,1,16.0,240000.0,PROJ_REAL_25.0_external_issues_.2
PROJ_REAL_26.0,external_issues_.2,60,64.0,0,External issues .2,0.0811088734743873,1,4.0,0.0,PROJ_REAL_26.0_external_issues_.2
PROJ_REAL_27.0,external_issues_.2,60,72.0,1,External issues .2,0.4437282941683733,1,12.0,180000.0,PROJ_REAL_27.0_external_issues_.2
PROJ_REAL_28.0,external_issues_.2,60,80.0,1,External issues .2,0.9386306844513828,1,20.0,300000.0,PROJ_REAL_28.0_external_issues_.2
PROJ_REAL_29.0,external_issues_.2,60,76.0,1,External issues .2,0.8652218362889339,1,16.0,240000.0,PROJ_REAL_29.0_external_issues_.2
PROJ_REAL_30.0,external_issues_.2,60,68.0,0,External issues .2,0.3392126589573689,1,8.0,0.0,PROJ_REAL_30.0_external_issues_.2
PROJ_REAL_31.0,external_issues_.2,60,64.0,0,External issues .2,0.0860476458221495,1,4.0,0.0,PROJ_REAL_31.0_external_issues_.2
PROJ_REAL_32.0,external_issues_.2,60,76.0,1,External issues .2,0.6136061298123496,1,16.0,240000.0,PROJ_REAL_32.0_external_issues_.2
PROJ_REAL_33.0,external_issues_.2,60,64.0,0,External issues .2,0.112293137580594,1,4.0,0.0,PROJ_REAL_33.0_external_issues_.2
PROJ_REAL_34.0,external_issues_.2,60,76.0,1,External issues .2,0.7282243384715243,1,16.0,240000.0,PROJ_REAL_34.0_external_issues_.2
PROJ_REAL_35.0,external_issues_.2,60,72.0,1,External issues .2,0.5647784022362512,1,12.0,180000.0,PROJ_REAL_35.0_external_issues_.2
PROJ_REAL_36.0,external_issues_.2,60,80.0,1,External issues .2,0.9848437952341312,1,20.0,300000.0,PROJ_REAL_36.0_external_issues_.2
PROJ_REAL_37.0,external_issues_.2,60,76.0,1,External issues .2,0.863490581221561,1,16.0,240000.0,PROJ_REAL_37.0_external_issues_.2
PROJ_REAL_38.0,external_issues_.2,60,76.0,1,External issues .2,0.6271864750493916,1,16.0,240000.0,PROJ_REAL_38.0_external_issues_.2
PROJ_REAL_39.0,external_issues_.2,60,80.0,1,External issues .2,1.0,1,20.0,300000.0,PROJ_REAL_39.0_external_issues_.2
PROJ_REAL_40.0,external_issues_.2,60,76.0,1,External issues .2,0.7487714896900998,1,16.0,240000.0,PROJ_REAL_40.0_external_issues_.2
PROJ_REAL_41.0,external_issues_.2,60,80.0,1,External issues .2,1.0,1,20.0,300000.0,PROJ_REAL_41.0_external_issues_.2
PROJ_REAL_42.0,external_issues_.2,60,76.0,1,External issues .2,0.8760475236851857,1,16.0,240000.0,PROJ_REAL_42.0_external_issues_.2
PROJ_REAL_43.0,external_issues_.2,60,80.0,1,External issues .2,1.0,1,20.0,300000.0,PROJ_REAL_43.0_external_issues_.2
PROJ_REAL_44.0,external_issues_.2,60,80.0,1,External issues .2,0.9007588232172142,1,20.0,300000.0,PROJ_REAL_44.0_external_issues_.2
PROJ_REAL_45.0,external_issues_.2,60,80.0,1,External issues .2,1.0,1,20.0,300000.0,PROJ_REAL_45.0_external_issues_.2
PROJ_REAL_46.0,external_issues_.2,60,80.0,1,External issues .2,1.0,1,20.0,300000.0,PROJ_REAL_46.0_external_issues_.2
PROJ_REAL_47.0,external_issues_.2,60,76.0,1,External issues .2,0.7444896679246904,1,16.0,240000.0,PROJ_REAL_47.0_external_issues_.2
PROJ_REAL_48.0,external_issues_.2,60,76.0,1,External issues .2,0.8493912181875922,1,16.0,240000.0,PROJ_REAL_48.0_external_issues_.2
PROJ_REAL_49.0,external_issues_.2,60,72.0,1,External issues .2,0.6227001370501047,1,12.0,180000.0,PROJ_REAL_49.0_external_issues_.2
PROJ_REAL_50.0,external_issues_.2,60,76.0,1,External issues .2,0.5649722574887268,1,16.0,240000.0,PROJ_REAL_50.0_external_issues_.2
PROJ_REAL_51.0,external_issues_.2,60,68.0,0,External issues .2,0.2268171505786915,1,8.0,0.0,PROJ_REAL_51.0_external_issues_.2
PROJ_REAL_52.0,external_issues_.2,60,76.0,1,External issues .2,0.7477776484163395,1,16.0,240000.0,PROJ_REAL_52.0_external_issues_.2
PROJ_REAL_53.0,external_issues_.2,60,76.0,1,External issues .2,0.820576946300114,1,16.0,240000.0,PROJ_REAL_53.0_external_issues_.2
PROJ_REAL_54.0,external_issues_.2,60,80.0,1,External issues .2,0.9625842282536816,1,20.0,300000.0,PROJ_REAL_54.0_external_issues_.2
PROJ_REAL_55.0,external_issues_.2,60,72.0,1,External issues .2,0.623658433681159,1,12.0,180000.0,PROJ_REAL_55.0_external_issues_.2
PROJ_REAL_56.0,external_issues_.2,60,80.0,1,External issues .2,0.998133398989607,1,20.0,300000.0,PROJ_REAL_56.0_external_issues_.2
PROJ_REAL_57.0,external_issues_.2,60,76.0,1,External issues .2,0.9156999778520412,1,16.0,240000.0,PROJ_REAL_57.0_external_issues_.2
PROJ_REAL_58.0,external_issues_.2,60,76.0,1,External issues .2,0.8838998601375252,1,16.0,240000.0,PROJ_REAL_58.0_external_issues_.2
PROJ_REAL_59.0,external_issues_.2,60,76.0,1,External issues .2,0.7553259632318357,1,16.0,240000.0,PROJ_REAL_59.0_external_issues_.2
PROJ_REAL_60.0,external_issues_.2,60,80.0,1,External issues .2,1.0,1,20.0,300000.0,PROJ_REAL_60.0_external_issues_.2
PROJ_REAL_61.0,external_issues_.2,60,80.0,1,External issues .2,1.0,1,20.0,300000.0,PROJ_REAL_61.0_external_issues_.2
PROJ_REAL_62.0,external_issues_.2,60,76.0,1,External issues .2,0.8830603883364607,1,16.0,240000.0,PROJ_REAL_62.0_external_issues_.2
PROJ_REAL_63.0,external_issues_.2,60,68.0,0,External issues .2,0.4607522341892546,1,8.0,0.0,PROJ_REAL_63.0_external_issues_.2
PROJ_REAL_64.0,external_issues_.2,60,72.0,1,External issues .2,0.5183686441470214,1,12.0,180000.0,PROJ_REAL_64.0_external_issues_.2
PROJ_REAL_65.0,external_issues_.2,60,72.0,1,External issues .2,0.657429913126736,1,12.0,180000.0,PROJ_REAL_65.0_external_issues_.2
PROJ_REAL_66.0,external_issues_.2,60,80.0,1,External issues .2,1.0,1,20.0,300000.0,PROJ_REAL_66.0_external_issues_.2
PROJ_REAL_67.0,external_issues_.2,60,80.0,1,External issues .2,1.0,1,20.0,300000.0,PROJ_REAL_67.0_external_issues_.2
PROJ_REAL_68.0,external_issues_.2,60,80.0,1,External issues .2,0.90779795026692,1,20.0,300000.0,PROJ_REAL_68.0_external_issues_.2
PROJ_REAL_69.0,external_issues_.2,60,68.0,0,External issues .2,0.415006649684068,1,8.0,0.0,PROJ_REAL_69.0_external_issues_.2
PROJ_REAL_70.0,external_issues_.2,60,76.0,1,External issues .2,0.6014525226930412,1,16.0,240000.0,PROJ_REAL_70.0_external_issues_.2
PROJ_REAL_71.0,external_issues_.2,60,80.0,1,External issues .2,1.0,1,20.0,300000.0,PROJ_REAL_71.0_external_issues_.2
PROJ_REAL_72.0,external_issues_.2,60,76.0,1,External issues .2,0.7442018665372274,1,16.0,240000.0,PROJ_REAL_72.0_external_issues_.2
PROJ_REAL_73.0,external_issues_.2,60,64.0,0,External issues .2,0.1947334494748401,1,4.0,0.0,PROJ_REAL_73.0_external_issues_.2
PROJ_REAL_74.0,external_issues_.2,60,76.0,1,External issues .2,0.7829987250922374,1,16.0,240000.0,PROJ_REAL_74.0_external_issues_.2
PROJ_REAL_75.0,external_issues_.2,60,76.0,1,External issues .2,0.8701768501873343,1,16.0,240000.0,PROJ_REAL_75.0_external_issues_.2
PROJ_REAL_76.0,external_issues_.2,60,80.0,1,External issues .2,0.94749062645116,1,20.0,300000.0,PROJ_REAL_76.0_external_issues_.2
PROJ_REAL_77.0,external_issues_.2,60,76.0,1,External issues .2,0.7443076575446236,1,16.0,240000.0,PROJ_REAL_77.0_external_issues_.2
PROJ_REAL_78.0,external_issues_.2,60,80.0,1,External issues .2,1.0,1,20.0,300000.0,PROJ_REAL_78.0_external_issues_.2
PROJ_REAL_79.0,external_issues_.2,60,72.0,1,External issues .2,0.4751552582743414,1,12.0,180000.0,PROJ_REAL_79.0_external_issues_.2
PROJ_REAL_80.0,external_issues_.2,60,76.0,1,External issues .2,0.8153301755398749,1,16.0,240000.0,PROJ_REAL_80.0_external_issues_.2
PROJ_REAL_81.0,external_issues_.2,60,72.0,1,External issues .2,0.472530190332981,1,12.0,180000.0,PROJ_REAL_81.0_external_issues_.2
PROJ_REAL_82.0,external_issues_.2,60,72.0,1,External issues .2,0.4727962470254272,1,12.0,180000.0,PROJ_REAL_82.0_external_issues_.2
PROJ_REAL_83.0,external_issues_.2,60,72.0,1,External issues .2,0.5453825458660804,1,12.0,180000.0,PROJ_REAL_83.0_external_issues_.2
PROJ_REAL_84.0,external_issues_.2,60,76.0,1,External issues .2,0.7404784996455989,1,16.0,240000.0,PROJ_REAL_84.0_external_issues_.2
PROJ_REAL_85.0,external_issues_.2,60,76.0,1,External issues .2,1.0,1,16.0,240000.0,PROJ_REAL_85.0_external_issues_.2
PROJ_REAL_86.0,external_issues_.2,60,68.0,0,External issues .2,0.4519551572355861,1,8.0,0.0,PROJ_REAL_86.0_external_issues_.2
PROJ_REAL_87.0,external_issues_.2,60,76.0,1,External issues .2,0.8275323395036699,1,16.0,240000.0,PROJ_REAL_87.0_external_issues_.2
PROJ_REAL_88.0,external_issues_.2,60,80.0,1,External issues .2,0.9848664907715732,1,20.0,300000.0,PROJ_REAL_88.0_external_issues_.2
PROJ_REAL_89.0,external_issues_.2,60,76.0,1,External issues .2,0.6260906268149025,1,16.0,240000.0,PROJ_REAL_89.0_external_issues_.2
PROJ_REAL_90.0,external_issues_.2,60,76.0,1,External issues .2,0.8534777703377513,1,16.0,240000.0,PROJ_REAL_90.0_external_issues_.2
PROJ_REAL_91.0,external_issues_.2,60,76.0,1,External issues .2,0.7954171633133332,1,16.0,240000.0,PROJ_REAL_91.0_external_issues_.2
PROJ_REAL_92.0,external_issues_.2,60,72.0,1,External issues .2,0.4894317352555464,1,12.0,180000.0,PROJ_REAL_92.0_external_issues_.2
PROJ_REAL_93.0,external_issues_.2,60,64.0,0,External issues .2,0.109828762441757,1,4.0,0.0,PROJ_REAL_93.0_external_issues_.2
PROJ_REAL_94.0,external_issues_.2,60,76.0,1,External issues .2,0.92534354922206,1,16.0,240000.0,PROJ_REAL_94.0_external_issues_.2
PROJ_REAL_95.0,external_issues_.2,60,76.0,1,External issues .2,0.9051406026744674,1,16.0,240000.0,PROJ_REAL_95.0_external_issues_.2
PROJ_REAL_96.0,external_issues_.2,60,72.0,1,External issues .2,0.731068262308402,1,12.0,180000.0,PROJ_REAL_96.0_external_issues_.2
PROJ_REAL_97.0,external_issues_.2,60,80.0,1,External issues .2,0.8117760547295635,1,20.0,300000.0,PROJ_REAL_97.0_external_issues_.2
PROJ_REAL_98.0,external_issues_.2,60,76.0,1,External issues .2,0.7265047268367765,1,16.0,240000.0,PROJ_REAL_98.0_external_issues_.2
PROJ_REAL_99.0,external_issues_.2,60,72.0,1,External issues .2,0.6522021411694112,1,12.0,180000.0,PROJ_REAL_99.0_external_issues_.2
PROJ_REAL_100.0,external_issues_.2,60,72.0,1,External issues .2,0.7225713585756897,1,12.0,180000.0,PROJ_REAL_100.0_external_issues_.2
PROJ_REAL_101.0,external_issues_.2,60,80.0,1,External issues .2,1.0,1,20.0,300000.0,PROJ_REAL_101.0_external_issues_.2
PROJ_REAL_102.0,external_issues_.2,60,72.0,1,External issues .2,0.4964050775282709,1,12.0,180000.0,PROJ_REAL_102.0_external_issues_.2
PROJ_REAL_103.0,external_issues_.2,60,76.0,1,External issues .2,0.5247724139981923,1,16.0,240000.0,PROJ_REAL_103.0_external_issues_.2
PROJ_REAL_104.0,external_issues_.2,60,76.0,1,External issues .2,1.0,1,16.0,240000.0,PROJ_REAL_104.0_external_issues_.2
PROJ_REAL_105.0,external_issues_.2,60,72.0,1,External issues .2,0.607799153753841,1,12.0,180000.0,PROJ_REAL_105.0_external_issues_.2
PROJ_REAL_106.0,external_issues_.2,60,76.0,1,External issues .2,0.7879876446364477,1,16.0,240000.0,PROJ_REAL_106.0_external_issues_.2
PROJ_REAL_107.0,external_issues_.2,60,76.0,1,External issues .2,0.9260676222227164,1,16.0,240000.0,PROJ_REAL_107.0_external_issues_.2
PROJ_REAL_108.0,external_issues_.2,60,80.0,1,External issues .2,0.8796007708098583,1,20.0,300000.0,PROJ_REAL_108.0_external_issues_.2
PROJ_REAL_109.0,external_issues_.2,60,72.0,1,External issues .2,0.5671877097748133,1,12.0,180000.0,PROJ_REAL_109.0_external_issues_.2
PROJ_REAL_110.0,external_issues_.2,60,72.0,1,External issues .2,0.699956134474636,1,12.0,180000.0,PROJ_REAL_110.0_external_issues_.2
PROJ_REAL_111.0,external_issues_.2,60,76.0,1,External issues .2,0.7420823725872525,1,16.0,240000.0,PROJ_REAL_111.0_external_issues_.2
PROJ_REAL_112.0,external_issues_.2,60,76.0,1,External issues .2,0.6959332842497847,1,16.0,240000.0,PROJ_REAL_112.0_external_issues_.2
PROJ_REAL_113.0,external_issues_.2,60,72.0,1,External issues .2,0.6198287777485945,1,12.0,180000.0,PROJ_REAL_113.0_external_issues_.2
PROJ_REAL_114.0,external_issues_.2,60,80.0,1,External issues .2,0.9722289609773505,1,20.0,300000.0,PROJ_REAL_114.0_external_issues_.2
PROJ_REAL_115.0,external_issues_.2,60,76.0,1,External issues .2,0.6423157891826354,1,16.0,240000.0,PROJ_REAL_115.0_external_issues_.2
PROJ_REAL_116.0,external_issues_.2,60,80.0,1,External issues .2,1.0,1,20.0,300000.0,PROJ_REAL_116.0_external_issues_.2
PROJ_REAL_117.0,external_issues_.2,60,72.0,1,External issues .2,0.7544648787797507,1,12.0,180000.0,PROJ_REAL_117.0_external_issues_.2
PROJ_REAL_118.0,external_issues_.2,60,76.0,1,External issues .2,0.7336987728486836,1,16.0,240000.0,PROJ_REAL_118.0_external_issues_.2
PROJ_REAL_119.0,external_issues_.2,60,76.0,1,External issues .2,0.8465827391286217,1,16.0,240000.0,PROJ_REAL_119.0_external_issues_.2
PROJ_REAL_120.0,external_issues_.2,60,76.0,1,External issues .2,0.6915800587661658,1,16.0,240000.0,PROJ_REAL_120.0_external_issues_.2
PROJ_REAL_121.0,external_issues_.2,60,72.0,1,External issues .2,0.7569051249805139,1,12.0,180000.0,PROJ_REAL_121.0_external_issues_.2
PROJ_REAL_122.0,external_issues_.2,60,72.0,1,External issues .2,0.7538340580998213,1,12.0,180000.0,PROJ_REAL_122.0_external_issues_.2
PROJ_REAL_123.0,external_issues_.2,60,80.0,1,External issues .2,0.928103109071854,1,20.0,300000.0,PROJ_REAL_123.0_external_issues_.2
PROJ_REAL_124.0,external_issues_.2,60,76.0,1,External issues .2,0.7967548590208503,1,16.0,240000.0,PROJ_REAL_124.0_external_issues_.2
PROJ_REAL_125.0,external_issues_.2,60,76.0,1,External issues .2,0.8494638469314318,1,16.0,240000.0,PROJ_REAL_125.0_external_issues_.2
PROJ_REAL_126.0,external_issues_.2,60,80.0,1,External issues .2,0.8828303333622233,1,20.0,300000.0,PROJ_REAL_126.0_external_issues_.2
PROJ_REAL_127.0,external_issues_.2,60,72.0,1,External issues .2,0.7314699536273258,1,12.0,180000.0,PROJ_REAL_127.0_external_issues_.2
PROJ_REAL_128.0,external_issues_.2,60,76.0,1,External issues .2,0.7446579165450512,1,16.0,240000.0,PROJ_REAL_128.0_external_issues_.2
PROJ_REAL_129.0,external_issues_.2,60,80.0,1,External issues .2,1.0,1,20.0,300000.0,PROJ_REAL_129.0_external_issues_.2
PROJ_REAL_130.0,external_issues_.2,60,68.0,0,External issues .2,0.4306998710065984,1,8.0,0.0,PROJ_REAL_130.0_external_issues_.2
PROJ_REAL_131.0,external_issues_.2,60,76.0,1,External issues .2,0.7215333614843504,1,16.0,240000.0,PROJ_REAL_131.0_external_issues_.2
PROJ_REAL_132.0,external_issues_.2,60,72.0,1,External issues .2,0.5326592860464731,1,12.0,180000.0,PROJ_REAL_132.0_external_issues_.2
PROJ_REAL_133.0,external_issues_.2,60,80.0,1,External issues .2,0.9365773995976406,1,20.0,300000.0,PROJ_REAL_133.0_external_issues_.2
PROJ_REAL_134.0,external_issues_.2,60,76.0,1,External issues .2,0.8744382652448678,1,16.0,240000.0,PROJ_REAL_134.0_external_issues_.2
PROJ_REAL_135.0,external_issues_.2,60,76.0,1,External issues .2,0.9698207300352432,1,16.0,240000.0,PROJ_REAL_135.0_external_issues_.2
PROJ_REAL_136.0,external_issues_.2,60,80.0,1,External issues .2,1.0,1,20.0,300000.0,PROJ_REAL_136.0_external_issues_.2
PROJ_REAL_137.0,external_issues_.2,60,76.0,1,External issues .2,0.7703385506656693,1,16.0,240000.0,PROJ_REAL_137.0_external_issues_.2
PROJ_REAL_138.0,external_issues_.2,60,68.0,0,External issues .2,0.3425544012917771,1,8.0,0.0,PROJ_REAL_138.0_external_issues_.2
PROJ_REAL_139.0,external_issues_.2,60,80.0,1,External issues .2,1.0,1,20.0,300000.0,PROJ_REAL_139.0_external_issues_.2
PROJ_REAL_140.0,external_issues_.2,60,72.0,1,External issues .2,0.6033550916144579,1,12.0,180000.0,PROJ_REAL_140.0_external_issues_.2
PROJ_REAL_141.0,external_issues_.2,60,68.0,0,External issues .2,0.3688541394379009,1,8.0,0.0,PROJ_REAL_141.0_external_issues_.2
PROJ_REAL_142.0,external_issues_.2,60,68.0,0,External issues .2,0.4191125169936682,1,8.0,0.0,PROJ_REAL_142.0_external_issues_.2
PROJ_REAL_143.0,external_issues_.2,60,76.0,1,External issues .2,0.8913076024379214,1,16.0,240000.0,PROJ_REAL_143.0_external_issues_.2
